h1,h2,h3,h4,h5,h6,h7,h8,h9,h10
1.416,1.374,1.351,1.434,1.808,1.979,1.897,1.717,1.612,1.34
1.374,1.351,1.434,1.808,1.979,1.897,1.717,1.612,1.34,2.513
1.351,1.434,1.808,1.979,1.897,1.717,1.612,1.34,2.513,2.746
1.434,1.808,1.979,1.897,1.717,1.612,1.34,2.513,2.746,2.203
1.808,1.979,1.897,1.717,1.612,1.34,2.513,2.746,2.203,4.254
1.979,1.897,1.717,1.612,1.34,2.513,2.746,2.203,4.254,3.881
1.897,1.717,1.612,1.34,2.513,2.746,2.203,4.254,3.881,2.253
1.717,1.612,1.34,2.513,2.746,2.203,4.254,3.881,2.253,2.328
1.612,1.34,2.513,2.746,2.203,4.254,3.881,2.253,2.328,1.613
1.34,2.513,2.746,2.203,4.254,3.881,2.253,2.328,1.613,1.518
2.513,2.746,2.203,4.254,3.881,2.253,2.328,1.613,1.518,1.626
2.746,2.203,4.254,3.881,2.253,2.328,1.613,1.518,1.626,1.688
2.203,4.254,3.881,2.253,2.328,1.613,1.518,1.626,1.688,1.597
4.254,3.881,2.253,2.328,1.613,1.518,1.626,1.688,1.597,1.347
3.881,2.253,2.328,1.613,1.518,1.626,1.688,1.597,1.347,1.332
2.253,2.328,1.613,1.518,1.626,1.688,1.597,1.347,1.332,1.289
2.328,1.613,1.518,1.626,1.688,1.597,1.347,1.332,1.289,1.254
1.613,1.518,1.626,1.688,1.597,1.347,1.332,1.289,1.254,1.988
1.518,1.626,1.688,1.597,1.347,1.332,1.289,1.254,1.988,6.665
1.626,1.688,1.597,1.347,1.332,1.289,1.254,1.988,6.665,11.677
1.688,1.597,1.347,1.332,1.289,1.254,1.988,6.665,11.677,7.107
1.597,1.347,1.332,1.289,1.254,1.988,6.665,11.677,7.107,8.207
1.347,1.332,1.289,1.254,1.988,6.665,11.677,7.107,8.207,6.34
1.332,1.289,1.254,1.988,6.665,11.677,7.107,8.207,6.34,5.049
1.289,1.254,1.988,6.665,11.677,7.107,8.207,6.34,5.049,4.239
1.254,1.988,6.665,11.677,7.107,8.207,6.34,5.049,4.239,3.221
1.988,6.665,11.677,7.107,8.207,6.34,5.049,4.239,3.221,2.985
6.665,11.677,7.107,8.207,6.34,5.049,4.239,3.221,2.985,2.51
11.677,7.107,8.207,6.34,5.049,4.239,3.221,2.985,2.51,2.424
7.107,8.207,6.34,5.049,4.239,3.221,2.985,2.51,2.424,2.163
8.207,6.34,5.049,4.239,3.221,2.985,2.51,2.424,2.163,2.169
6.34,5.049,4.239,3.221,2.985,2.51,2.424,2.163,2.169,2.17
5.049,4.239,3.221,2.985,2.51,2.424,2.163,2.169,2.17,2.086
4.239,3.221,2.985,2.51,2.424,2.163,2.169,2.17,2.086,1.95
3.221,2.985,2.51,2.424,2.163,2.169,2.17,2.086,1.95,1.86
2.985,2.51,2.424,2.163,2.169,2.17,2.086,1.95,1.86,1.59
2.51,2.424,2.163,2.169,2.17,2.086,1.95,1.86,1.59,1.791
2.424,2.163,2.169,2.17,2.086,1.95,1.86,1.59,1.791,1.809
2.163,2.169,2.17,2.086,1.95,1.86,1.59,1.791,1.809,1.704
2.169,2.17,2.086,1.95,1.86,1.59,1.791,1.809,1.704,1.54
2.17,2.086,1.95,1.86,1.59,1.791,1.809,1.704,1.54,1.36
2.086,1.95,1.86,1.59,1.791,1.809,1.704,1.54,1.36,1.52
1.95,1.86,1.59,1.791,1.809,1.704,1.54,1.36,1.52,1.372
1.86,1.59,1.791,1.809,1.704,1.54,1.36,1.52,1.372,1.472
1.59,1.791,1.809,1.704,1.54,1.36,1.52,1.372,1.472,5.37
1.791,1.809,1.704,1.54,1.36,1.52,1.372,1.472,5.37,13.09
1.809,1.704,1.54,1.36,1.52,1.372,1.472,5.37,13.09,9.064
1.704,1.54,1.36,1.52,1.372,1.472,5.37,13.09,9.064,40.4
1.54,1.36,1.52,1.372,1.472,5.37,13.09,9.064,40.4,41.89
1.36,1.52,1.372,1.472,5.37,13.09,9.064,40.4,41.89,19.039
1.52,1.372,1.472,5.37,13.09,9.064,40.4,41.89,19.039,20.396
1.372,1.472,5.37,13.09,9.064,40.4,41.89,19.039,20.396,24.263
1.472,5.37,13.09,9.064,40.4,41.89,19.039,20.396,24.263,17.541
5.37,13.09,9.064,40.4,41.89,19.039,20.396,24.263,17.541,12.846
13.09,9.064,40.4,41.89,19.039,20.396,24.263,17.541,12.846,10.652
9.064,40.4,41.89,19.039,20.396,24.263,17.541,12.846,10.652,8.386
40.4,41.89,19.039,20.396,24.263,17.541,12.846,10.652,8.386,6.918
41.89,19.039,20.396,24.263,17.541,12.846,10.652,8.386,6.918,7.413
19.039,20.396,24.263,17.541,12.846,10.652,8.386,6.918,7.413,6.897
20.396,24.263,17.541,12.846,10.652,8.386,6.918,7.413,6.897,8.056
24.263,17.541,12.846,10.652,8.386,6.918,7.413,6.897,8.056,7.789
17.541,12.846,10.652,8.386,6.918,7.413,6.897,8.056,7.789,7.74
12.846,10.652,8.386,6.918,7.413,6.897,8.056,7.789,7.74,6.08
10.652,8.386,6.918,7.413,6.897,8.056,7.789,7.74,6.08,5.402
8.386,6.918,7.413,6.897,8.056,7.789,7.74,6.08,5.402,5.468
6.918,7.413,6.897,8.056,7.789,7.74,6.08,5.402,5.468,5.094
7.413,6.897,8.056,7.789,7.74,6.08,5.402,5.468,5.094,4.83
6.897,8.056,7.789,7.74,6.08,5.402,5.468,5.094,4.83,4.83
8.056,7.789,7.74,6.08,5.402,5.468,5.094,4.83,4.83,6.265
7.789,7.74,6.08,5.402,5.468,5.094,4.83,4.83,6.265,6.75
7.74,6.08,5.402,5.468,5.094,4.83,4.83,6.265,6.75,5.881
6.08,5.402,5.468,5.094,4.83,4.83,6.265,6.75,5.881,4.95
5.402,5.468,5.094,4.83,4.83,6.265,6.75,5.881,4.95,5.222
5.468,5.094,4.83,4.83,6.265,6.75,5.881,4.95,5.222,6.615
5.094,4.83,4.83,6.265,6.75,5.881,4.95,5.222,6.615,5.919
4.83,4.83,6.265,6.75,5.881,4.95,5.222,6.615,5.919,5.096
4.83,6.265,6.75,5.881,4.95,5.222,6.615,5.919,5.096,4.472
6.265,6.75,5.881,4.95,5.222,6.615,5.919,5.096,4.472,4.463
6.75,5.881,4.95,5.222,6.615,5.919,5.096,4.472,4.463,4.786
5.881,4.95,5.222,6.615,5.919,5.096,4.472,4.463,4.786,4.382
4.95,5.222,6.615,5.919,5.096,4.472,4.463,4.786,4.382,3.964
5.222,6.615,5.919,5.096,4.472,4.463,4.786,4.382,3.964,5.711
6.615,5.919,5.096,4.472,4.463,4.786,4.382,3.964,5.711,6.306
5.919,5.096,4.472,4.463,4.786,4.382,3.964,5.711,6.306,5.112
5.096,4.472,4.463,4.786,4.382,3.964,5.711,6.306,5.112,4.577
4.472,4.463,4.786,4.382,3.964,5.711,6.306,5.112,4.577,4.27
4.463,4.786,4.382,3.964,5.711,6.306,5.112,4.577,4.27,4.056
4.786,4.382,3.964,5.711,6.306,5.112,4.577,4.27,4.056,3.858
4.382,3.964,5.711,6.306,5.112,4.577,4.27,4.056,3.858,3.425
3.964,5.711,6.306,5.112,4.577,4.27,4.056,3.858,3.425,3.447
5.711,6.306,5.112,4.577,4.27,4.056,3.858,3.425,3.447,3.335
6.306,5.112,4.577,4.27,4.056,3.858,3.425,3.447,3.335,3.147
5.112,4.577,4.27,4.056,3.858,3.425,3.447,3.335,3.147,2.99
4.577,4.27,4.056,3.858,3.425,3.447,3.335,3.147,2.99,2.802
4.27,4.056,3.858,3.425,3.447,3.335,3.147,2.99,2.802,3.292
4.056,3.858,3.425,3.447,3.335,3.147,2.99,2.802,3.292,3.428
3.858,3.425,3.447,3.335,3.147,2.99,2.802,3.292,3.428,3.234
3.425,3.447,3.335,3.147,2.99,2.802,3.292,3.428,3.234,3.084
3.447,3.335,3.147,2.99,2.802,3.292,3.428,3.234,3.084,4.355
3.335,3.147,2.99,2.802,3.292,3.428,3.234,3.084,4.355,5.584
3.147,2.99,2.802,3.292,3.428,3.234,3.084,4.355,5.584,5.657
2.99,2.802,3.292,3.428,3.234,3.084,4.355,5.584,5.657,4.602
2.802,3.292,3.428,3.234,3.084,4.355,5.584,5.657,4.602,4.328
3.292,3.428,3.234,3.084,4.355,5.584,5.657,4.602,4.328,4.667
3.428,3.234,3.084,4.355,5.584,5.657,4.602,4.328,4.667,5.406
3.234,3.084,4.355,5.584,5.657,4.602,4.328,4.667,5.406,5.258
3.084,4.355,5.584,5.657,4.602,4.328,4.667,5.406,5.258,5.889
4.355,5.584,5.657,4.602,4.328,4.667,5.406,5.258,5.889,9.071
5.584,5.657,4.602,4.328,4.667,5.406,5.258,5.889,9.071,7.603
5.657,4.602,4.328,4.667,5.406,5.258,5.889,9.071,7.603,6.2
4.602,4.328,4.667,5.406,5.258,5.889,9.071,7.603,6.2,5.254
4.328,4.667,5.406,5.258,5.889,9.071,7.603,6.2,5.254,4.859
4.667,5.406,5.258,5.889,9.071,7.603,6.2,5.254,4.859,5.747
5.406,5.258,5.889,9.071,7.603,6.2,5.254,4.859,5.747,18.228
5.258,5.889,9.071,7.603,6.2,5.254,4.859,5.747,18.228,13.084
5.889,9.071,7.603,6.2,5.254,4.859,5.747,18.228,13.084,9.883
9.071,7.603,6.2,5.254,4.859,5.747,18.228,13.084,9.883,8.049
7.603,6.2,5.254,4.859,5.747,18.228,13.084,9.883,8.049,7.326
6.2,5.254,4.859,5.747,18.228,13.084,9.883,8.049,7.326,6.698
5.254,4.859,5.747,18.228,13.084,9.883,8.049,7.326,6.698,6.244
4.859,5.747,18.228,13.084,9.883,8.049,7.326,6.698,6.244,5.83
5.747,18.228,13.084,9.883,8.049,7.326,6.698,6.244,5.83,4.482
18.228,13.084,9.883,8.049,7.326,6.698,6.244,5.83,4.482,3.363
13.084,9.883,8.049,7.326,6.698,6.244,5.83,4.482,3.363,4.95
9.883,8.049,7.326,6.698,6.244,5.83,4.482,3.363,4.95,4.95
8.049,7.326,6.698,6.244,5.83,4.482,3.363,4.95,4.95,4.05
7.326,6.698,6.244,5.83,4.482,3.363,4.95,4.95,4.05,4.62
6.698,6.244,5.83,4.482,3.363,4.95,4.95,4.05,4.62,6.4
6.244,5.83,4.482,3.363,4.95,4.95,4.05,4.62,6.4,5.29
5.83,4.482,3.363,4.95,4.95,4.05,4.62,6.4,5.29,10.97
4.482,3.363,4.95,4.95,4.05,4.62,6.4,5.29,10.97,8.28
3.363,4.95,4.95,4.05,4.62,6.4,5.29,10.97,8.28,8.778
4.95,4.95,4.05,4.62,6.4,5.29,10.97,8.28,8.778,7.316
4.95,4.05,4.62,6.4,5.29,10.97,8.28,8.778,7.316,6.29
4.05,4.62,6.4,5.29,10.97,8.28,8.778,7.316,6.29,5.29
4.62,6.4,5.29,10.97,8.28,8.778,7.316,6.29,5.29,3.683
6.4,5.29,10.97,8.28,8.778,7.316,6.29,5.29,3.683,2.237
5.29,10.97,8.28,8.778,7.316,6.29,5.29,3.683,2.237,3.199
10.97,8.28,8.778,7.316,6.29,5.29,3.683,2.237,3.199,3.194
8.28,8.778,7.316,6.29,5.29,3.683,2.237,3.199,3.194,3.384
8.778,7.316,6.29,5.29,3.683,2.237,3.199,3.194,3.384,2.886
7.316,6.29,5.29,3.683,2.237,3.199,3.194,3.384,2.886,2.45
6.29,5.29,3.683,2.237,3.199,3.194,3.384,2.886,2.45,2.994
5.29,3.683,2.237,3.199,3.194,3.384,2.886,2.45,2.994,2.6
3.683,2.237,3.199,3.194,3.384,2.886,2.45,2.994,2.6,2.228
2.237,3.199,3.194,3.384,2.886,2.45,2.994,2.6,2.228,1.997
3.199,3.194,3.384,2.886,2.45,2.994,2.6,2.228,1.997,1.751
3.194,3.384,2.886,2.45,2.994,2.6,2.228,1.997,1.751,1.654
3.384,2.886,2.45,2.994,2.6,2.228,1.997,1.751,1.654,1.55
2.886,2.45,2.994,2.6,2.228,1.997,1.751,1.654,1.55,1.555
2.45,2.994,2.6,2.228,1.997,1.751,1.654,1.55,1.555,1.599
2.994,2.6,2.228,1.997,1.751,1.654,1.55,1.555,1.599,1.767
2.6,2.228,1.997,1.751,1.654,1.55,1.555,1.599,1.767,1.555
2.228,1.997,1.751,1.654,1.55,1.555,1.599,1.767,1.555,1.412
1.997,1.751,1.654,1.55,1.555,1.599,1.767,1.555,1.412,1.93
1.751,1.654,1.55,1.555,1.599,1.767,1.555,1.412,1.93,2.67
1.654,1.55,1.555,1.599,1.767,1.555,1.412,1.93,2.67,1.806
1.55,1.555,1.599,1.767,1.555,1.412,1.93,2.67,1.806,1.568
1.555,1.599,1.767,1.555,1.412,1.93,2.67,1.806,1.568,2.078
1.599,1.767,1.555,1.412,1.93,2.67,1.806,1.568,2.078,2.236
1.767,1.555,1.412,1.93,2.67,1.806,1.568,2.078,2.236,2.155
1.555,1.412,1.93,2.67,1.806,1.568,2.078,2.236,2.155,1.836
1.412,1.93,2.67,1.806,1.568,2.078,2.236,2.155,1.836,1.28
1.93,2.67,1.806,1.568,2.078,2.236,2.155,1.836,1.28,1.135
2.67,1.806,1.568,2.078,2.236,2.155,1.836,1.28,1.135,1.051
1.806,1.568,2.078,2.236,2.155,1.836,1.28,1.135,1.051,1.032
1.568,2.078,2.236,2.155,1.836,1.28,1.135,1.051,1.032,0.958
2.078,2.236,2.155,1.836,1.28,1.135,1.051,1.032,0.958,0.839
2.236,2.155,1.836,1.28,1.135,1.051,1.032,0.958,0.839,0.784
2.155,1.836,1.28,1.135,1.051,1.032,0.958,0.839,0.784,0.75
1.836,1.28,1.135,1.051,1.032,0.958,0.839,0.784,0.75,0.992
1.28,1.135,1.051,1.032,0.958,0.839,0.784,0.75,0.992,0.726
1.135,1.051,1.032,0.958,0.839,0.784,0.75,0.992,0.726,0.805
1.051,1.032,0.958,0.839,0.784,0.75,0.992,0.726,0.805,0.76
1.032,0.958,0.839,0.784,0.75,0.992,0.726,0.805,0.76,3.794
0.958,0.839,0.784,0.75,0.992,0.726,0.805,0.76,3.794,2.532
0.839,0.784,0.75,0.992,0.726,0.805,0.76,3.794,2.532,1.74
0.784,0.75,0.992,0.726,0.805,0.76,3.794,2.532,1.74,1.364
0.75,0.992,0.726,0.805,0.76,3.794,2.532,1.74,1.364,2.641
0.992,0.726,0.805,0.76,3.794,2.532,1.74,1.364,2.641,2.036
0.726,0.805,0.76,3.794,2.532,1.74,1.364,2.641,2.036,1.617
0.805,0.76,3.794,2.532,1.74,1.364,2.641,2.036,1.617,1.639
0.76,3.794,2.532,1.74,1.364,2.641,2.036,1.617,1.639,1.87
3.794,2.532,1.74,1.364,2.641,2.036,1.617,1.639,1.87,1.46
2.532,1.74,1.364,2.641,2.036,1.617,1.639,1.87,1.46,2.24
1.74,1.364,2.641,2.036,1.617,1.639,1.87,1.46,2.24,2.447
1.364,2.641,2.036,1.617,1.639,1.87,1.46,2.24,2.447,1.984
2.641,2.036,1.617,1.639,1.87,1.46,2.24,2.447,1.984,2.168
2.036,1.617,1.639,1.87,1.46,2.24,2.447,1.984,2.168,2.043
1.617,1.639,1.87,1.46,2.24,2.447,1.984,2.168,2.043,2
1.639,1.87,1.46,2.24,2.447,1.984,2.168,2.043,2,2.695
1.87,1.46,2.24,2.447,1.984,2.168,2.043,2,2.695,3.199
1.46,2.24,2.447,1.984,2.168,2.043,2,2.695,3.199,1.821
2.24,2.447,1.984,2.168,2.043,2,2.695,3.199,1.821,1.923
2.447,1.984,2.168,2.043,2,2.695,3.199,1.821,1.923,1.717
1.984,2.168,2.043,2,2.695,3.199,1.821,1.923,1.717,1.442
2.168,2.043,2,2.695,3.199,1.821,1.923,1.717,1.442,1.204
2.043,2,2.695,3.199,1.821,1.923,1.717,1.442,1.204,1.158
2,2.695,3.199,1.821,1.923,1.717,1.442,1.204,1.158,1.112
2.695,3.199,1.821,1.923,1.717,1.442,1.204,1.158,1.112,0.929
3.199,1.821,1.923,1.717,1.442,1.204,1.158,1.112,0.929,0.802
1.821,1.923,1.717,1.442,1.204,1.158,1.112,0.929,0.802,0.729
1.923,1.717,1.442,1.204,1.158,1.112,0.929,0.802,0.729,0.632
1.717,1.442,1.204,1.158,1.112,0.929,0.802,0.729,0.632,0.59
1.442,1.204,1.158,1.112,0.929,0.802,0.729,0.632,0.59,0.535
1.204,1.158,1.112,0.929,0.802,0.729,0.632,0.59,0.535,0.53
1.158,1.112,0.929,0.802,0.729,0.632,0.59,0.535,0.53,0.604
1.112,0.929,0.802,0.729,0.632,0.59,0.535,0.53,0.604,0.646
0.929,0.802,0.729,0.632,0.59,0.535,0.53,0.604,0.646,0.558
0.802,0.729,0.632,0.59,0.535,0.53,0.604,0.646,0.558,0.498
0.729,0.632,0.59,0.535,0.53,0.604,0.646,0.558,0.498,0.441
0.632,0.59,0.535,0.53,0.604,0.646,0.558,0.498,0.441,0.43
0.59,0.535,0.53,0.604,0.646,0.558,0.498,0.441,0.43,0.406
0.535,0.53,0.604,0.646,0.558,0.498,0.441,0.43,0.406,0.375
0.53,0.604,0.646,0.558,0.498,0.441,0.43,0.406,0.375,0.321
0.604,0.646,0.558,0.498,0.441,0.43,0.406,0.375,0.321,0.451
0.646,0.558,0.498,0.441,0.43,0.406,0.375,0.321,0.451,0.436
0.558,0.498,0.441,0.43,0.406,0.375,0.321,0.451,0.436,0.675
0.498,0.441,0.43,0.406,0.375,0.321,0.451,0.436,0.675,0.568
0.441,0.43,0.406,0.375,0.321,0.451,0.436,0.675,0.568,0.54
0.43,0.406,0.375,0.321,0.451,0.436,0.675,0.568,0.54,0.463
0.406,0.375,0.321,0.451,0.436,0.675,0.568,0.54,0.463,0.442
0.375,0.321,0.451,0.436,0.675,0.568,0.54,0.463,0.442,0.44
0.321,0.451,0.436,0.675,0.568,0.54,0.463,0.442,0.44,0.356
0.451,0.436,0.675,0.568,0.54,0.463,0.442,0.44,0.356,0.347
0.436,0.675,0.568,0.54,0.463,0.442,0.44,0.356,0.347,1.182
0.675,0.568,0.54,0.463,0.442,0.44,0.356,0.347,1.182,0.656
0.568,0.54,0.463,0.442,0.44,0.356,0.347,1.182,0.656,0.472
0.54,0.463,0.442,0.44,0.356,0.347,1.182,0.656,0.472,0.376
0.463,0.442,0.44,0.356,0.347,1.182,0.656,0.472,0.376,0.337
0.442,0.44,0.356,0.347,1.182,0.656,0.472,0.376,0.337,1.841
0.44,0.356,0.347,1.182,0.656,0.472,0.376,0.337,1.841,2.34
0.356,0.347,1.182,0.656,0.472,0.376,0.337,1.841,2.34,1.2
0.347,1.182,0.656,0.472,0.376,0.337,1.841,2.34,1.2,0.673
1.182,0.656,0.472,0.376,0.337,1.841,2.34,1.2,0.673,0.549
0.656,0.472,0.376,0.337,1.841,2.34,1.2,0.673,0.549,0.46
0.472,0.376,0.337,1.841,2.34,1.2,0.673,0.549,0.46,0.401
0.376,0.337,1.841,2.34,1.2,0.673,0.549,0.46,0.401,0.359
0.337,1.841,2.34,1.2,0.673,0.549,0.46,0.401,0.359,0.338
1.841,2.34,1.2,0.673,0.549,0.46,0.401,0.359,0.338,0.307
2.34,1.2,0.673,0.549,0.46,0.401,0.359,0.338,0.307,0.303
1.2,0.673,0.549,0.46,0.401,0.359,0.338,0.307,0.303,0.336
0.673,0.549,0.46,0.401,0.359,0.338,0.307,0.303,0.336,0.329
0.549,0.46,0.401,0.359,0.338,0.307,0.303,0.336,0.329,0.289
0.46,0.401,0.359,0.338,0.307,0.303,0.336,0.329,0.289,0.303
0.401,0.359,0.338,0.307,0.303,0.336,0.329,0.289,0.303,0.282
0.359,0.338,0.307,0.303,0.336,0.329,0.289,0.303,0.282,0.276
0.338,0.307,0.303,0.336,0.329,0.289,0.303,0.282,0.276,0.284
0.307,0.303,0.336,0.329,0.289,0.303,0.282,0.276,0.284,0.468
0.303,0.336,0.329,0.289,0.303,0.282,0.276,0.284,0.468,0.33
0.336,0.329,0.289,0.303,0.282,0.276,0.284,0.468,0.33,0.346
0.329,0.289,0.303,0.282,0.276,0.284,0.468,0.33,0.346,0.339
0.289,0.303,0.282,0.276,0.284,0.468,0.33,0.346,0.339,0.299
0.303,0.282,0.276,0.284,0.468,0.33,0.346,0.339,0.299,0.287
0.282,0.276,0.284,0.468,0.33,0.346,0.339,0.299,0.287,0.311
0.276,0.284,0.468,0.33,0.346,0.339,0.299,0.287,0.311,0.363
0.284,0.468,0.33,0.346,0.339,0.299,0.287,0.311,0.363,0.289
0.468,0.33,0.346,0.339,0.299,0.287,0.311,0.363,0.289,0.293
0.33,0.346,0.339,0.299,0.287,0.311,0.363,0.289,0.293,0.28
0.346,0.339,0.299,0.287,0.311,0.363,0.289,0.293,0.28,0.3
0.339,0.299,0.287,0.311,0.363,0.289,0.293,0.28,0.3,0.49
0.299,0.287,0.311,0.363,0.289,0.293,0.28,0.3,0.49,1.12
0.287,0.311,0.363,0.289,0.293,0.28,0.3,0.49,1.12,2.03
0.311,0.363,0.289,0.293,0.28,0.3,0.49,1.12,2.03,3.19
0.363,0.289,0.293,0.28,0.3,0.49,1.12,2.03,3.19,2.182
0.289,0.293,0.28,0.3,0.49,1.12,2.03,3.19,2.182,11.181
0.293,0.28,0.3,0.49,1.12,2.03,3.19,2.182,11.181,10.8
0.28,0.3,0.49,1.12,2.03,3.19,2.182,11.181,10.8,4.06
0.3,0.49,1.12,2.03,3.19,2.182,11.181,10.8,4.06,2.868
0.49,1.12,2.03,3.19,2.182,11.181,10.8,4.06,2.868,2.148
1.12,2.03,3.19,2.182,11.181,10.8,4.06,2.868,2.148,1.76
2.03,3.19,2.182,11.181,10.8,4.06,2.868,2.148,1.76,1.527
3.19,2.182,11.181,10.8,4.06,2.868,2.148,1.76,1.527,1.23
2.182,11.181,10.8,4.06,2.868,2.148,1.76,1.527,1.23,1.088
11.181,10.8,4.06,2.868,2.148,1.76,1.527,1.23,1.088,0.994
10.8,4.06,2.868,2.148,1.76,1.527,1.23,1.088,0.994,0.916
4.06,2.868,2.148,1.76,1.527,1.23,1.088,0.994,0.916,0.867
2.868,2.148,1.76,1.527,1.23,1.088,0.994,0.916,0.867,0.826
2.148,1.76,1.527,1.23,1.088,0.994,0.916,0.867,0.826,0.821
1.76,1.527,1.23,1.088,0.994,0.916,0.867,0.826,0.821,0.803
1.527,1.23,1.088,0.994,0.916,0.867,0.826,0.821,0.803,0.792
1.23,1.088,0.994,0.916,0.867,0.826,0.821,0.803,0.792,0.756
1.088,0.994,0.916,0.867,0.826,0.821,0.803,0.792,0.756,0.705
0.994,0.916,0.867,0.826,0.821,0.803,0.792,0.756,0.705,0.659
0.916,0.867,0.826,0.821,0.803,0.792,0.756,0.705,0.659,0.671
0.867,0.826,0.821,0.803,0.792,0.756,0.705,0.659,0.671,1.588
0.826,0.821,0.803,0.792,0.756,0.705,0.659,0.671,1.588,1.396
0.821,0.803,0.792,0.756,0.705,0.659,0.671,1.588,1.396,1.111
0.803,0.792,0.756,0.705,0.659,0.671,1.588,1.396,1.111,0.948
0.792,0.756,0.705,0.659,0.671,1.588,1.396,1.111,0.948,0.884
0.756,0.705,0.659,0.671,1.588,1.396,1.111,0.948,0.884,0.824
0.705,0.659,0.671,1.588,1.396,1.111,0.948,0.884,0.824,1.24
0.659,0.671,1.588,1.396,1.111,0.948,0.884,0.824,1.24,3.295
0.671,1.588,1.396,1.111,0.948,0.884,0.824,1.24,3.295,1.888
1.588,1.396,1.111,0.948,0.884,0.824,1.24,3.295,1.888,1.894
1.396,1.111,0.948,0.884,0.824,1.24,3.295,1.888,1.894,3.134
1.111,0.948,0.884,0.824,1.24,3.295,1.888,1.894,3.134,2.537
0.948,0.884,0.824,1.24,3.295,1.888,1.894,3.134,2.537,2.13
0.884,0.824,1.24,3.295,1.888,1.894,3.134,2.537,2.13,1.93
0.824,1.24,3.295,1.888,1.894,3.134,2.537,2.13,1.93,1.682
1.24,3.295,1.888,1.894,3.134,2.537,2.13,1.93,1.682,1.48
3.295,1.888,1.894,3.134,2.537,2.13,1.93,1.682,1.48,1.299
1.888,1.894,3.134,2.537,2.13,1.93,1.682,1.48,1.299,1.203
1.894,3.134,2.537,2.13,1.93,1.682,1.48,1.299,1.203,1.058
3.134,2.537,2.13,1.93,1.682,1.48,1.299,1.203,1.058,1.115
2.537,2.13,1.93,1.682,1.48,1.299,1.203,1.058,1.115,0.931
2.13,1.93,1.682,1.48,1.299,1.203,1.058,1.115,0.931,0.891
1.93,1.682,1.48,1.299,1.203,1.058,1.115,0.931,0.891,0.837
1.682,1.48,1.299,1.203,1.058,1.115,0.931,0.891,0.837,0.846
1.48,1.299,1.203,1.058,1.115,0.931,0.891,0.837,0.846,0.865
1.299,1.203,1.058,1.115,0.931,0.891,0.837,0.846,0.865,0.834
1.203,1.058,1.115,0.931,0.891,0.837,0.846,0.865,0.834,0.819
1.058,1.115,0.931,0.891,0.837,0.846,0.865,0.834,0.819,0.855
1.115,0.931,0.891,0.837,0.846,0.865,0.834,0.819,0.855,0.96
0.931,0.891,0.837,0.846,0.865,0.834,0.819,0.855,0.96,0.89
0.891,0.837,0.846,0.865,0.834,0.819,0.855,0.96,0.89,0.75
0.837,0.846,0.865,0.834,0.819,0.855,0.96,0.89,0.75,0.82
0.846,0.865,0.834,0.819,0.855,0.96,0.89,0.75,0.82,0.75
0.865,0.834,0.819,0.855,0.96,0.89,0.75,0.82,0.75,0.738
0.834,0.819,0.855,0.96,0.89,0.75,0.82,0.75,0.738,0.779
0.819,0.855,0.96,0.89,0.75,0.82,0.75,0.738,0.779,0.744
0.855,0.96,0.89,0.75,0.82,0.75,0.738,0.779,0.744,0.712
0.96,0.89,0.75,0.82,0.75,0.738,0.779,0.744,0.712,0.748
0.89,0.75,0.82,0.75,0.738,0.779,0.744,0.712,0.748,0.885
0.75,0.82,0.75,0.738,0.779,0.744,0.712,0.748,0.885,1.37
0.82,0.75,0.738,0.779,0.744,0.712,0.748,0.885,1.37,1.2
0.75,0.738,0.779,0.744,0.712,0.748,0.885,1.37,1.2,1.12
0.738,0.779,0.744,0.712,0.748,0.885,1.37,1.2,1.12,1.495
0.779,0.744,0.712,0.748,0.885,1.37,1.2,1.12,1.495,4.505
0.744,0.712,0.748,0.885,1.37,1.2,1.12,1.495,4.505,4.906
0.712,0.748,0.885,1.37,1.2,1.12,1.495,4.505,4.906,3.541
0.748,0.885,1.37,1.2,1.12,1.495,4.505,4.906,3.541,2.737
0.885,1.37,1.2,1.12,1.495,4.505,4.906,3.541,2.737,2.269
1.37,1.2,1.12,1.495,4.505,4.906,3.541,2.737,2.269,2.13
1.2,1.12,1.495,4.505,4.906,3.541,2.737,2.269,2.13,2.13
1.12,1.495,4.505,4.906,3.541,2.737,2.269,2.13,2.13,3.69
1.495,4.505,4.906,3.541,2.737,2.269,2.13,2.13,3.69,3.34
4.505,4.906,3.541,2.737,2.269,2.13,2.13,3.69,3.34,2.78
4.906,3.541,2.737,2.269,2.13,2.13,3.69,3.34,2.78,2.34
3.541,2.737,2.269,2.13,2.13,3.69,3.34,2.78,2.34,2.336
2.737,2.269,2.13,2.13,3.69,3.34,2.78,2.34,2.336,2.35
2.269,2.13,2.13,3.69,3.34,2.78,2.34,2.336,2.35,2.403
2.13,2.13,3.69,3.34,2.78,2.34,2.336,2.35,2.403,3.887
2.13,3.69,3.34,2.78,2.34,2.336,2.35,2.403,3.887,4.462
3.69,3.34,2.78,2.34,2.336,2.35,2.403,3.887,4.462,3.431
3.34,2.78,2.34,2.336,2.35,2.403,3.887,4.462,3.431,2.99
2.78,2.34,2.336,2.35,2.403,3.887,4.462,3.431,2.99,2.175
2.34,2.336,2.35,2.403,3.887,4.462,3.431,2.99,2.175,1.838
2.336,2.35,2.403,3.887,4.462,3.431,2.99,2.175,1.838,2.03
2.35,2.403,3.887,4.462,3.431,2.99,2.175,1.838,2.03,1.515
2.403,3.887,4.462,3.431,2.99,2.175,1.838,2.03,1.515,2.67
3.887,4.462,3.431,2.99,2.175,1.838,2.03,1.515,2.67,1.173
4.462,3.431,2.99,2.175,1.838,2.03,1.515,2.67,1.173,2.24
3.431,2.99,2.175,1.838,2.03,1.515,2.67,1.173,2.24,2.014
2.99,2.175,1.838,2.03,1.515,2.67,1.173,2.24,2.014,1.788
2.175,1.838,2.03,1.515,2.67,1.173,2.24,2.014,1.788,1.675
1.838,2.03,1.515,2.67,1.173,2.24,2.014,1.788,1.675,1.6
2.03,1.515,2.67,1.173,2.24,2.014,1.788,1.675,1.6,1.433
1.515,2.67,1.173,2.24,2.014,1.788,1.675,1.6,1.433,1.375
2.67,1.173,2.24,2.014,1.788,1.675,1.6,1.433,1.375,1.36
1.173,2.24,2.014,1.788,1.675,1.6,1.433,1.375,1.36,1.218
2.24,2.014,1.788,1.675,1.6,1.433,1.375,1.36,1.218,1.17
2.014,1.788,1.675,1.6,1.433,1.375,1.36,1.218,1.17,1.24
1.788,1.675,1.6,1.433,1.375,1.36,1.218,1.17,1.24,1.251
1.675,1.6,1.433,1.375,1.36,1.218,1.17,1.24,1.251,1.187
1.6,1.433,1.375,1.36,1.218,1.17,1.24,1.251,1.187,1.089
1.433,1.375,1.36,1.218,1.17,1.24,1.251,1.187,1.089,1.105
1.375,1.36,1.218,1.17,1.24,1.251,1.187,1.089,1.105,1.184
1.36,1.218,1.17,1.24,1.251,1.187,1.089,1.105,1.184,1.1
1.218,1.17,1.24,1.251,1.187,1.089,1.105,1.184,1.1,0.901
1.17,1.24,1.251,1.187,1.089,1.105,1.184,1.1,0.901,1.012
1.24,1.251,1.187,1.089,1.105,1.184,1.1,0.901,1.012,1.037
1.251,1.187,1.089,1.105,1.184,1.1,0.901,1.012,1.037,0.993
1.187,1.089,1.105,1.184,1.1,0.901,1.012,1.037,0.993,1.032
1.089,1.105,1.184,1.1,0.901,1.012,1.037,0.993,1.032,1.11
1.105,1.184,1.1,0.901,1.012,1.037,0.993,1.032,1.11,1.088
1.184,1.1,0.901,1.012,1.037,0.993,1.032,1.11,1.088,0.875
1.1,0.901,1.012,1.037,0.993,1.032,1.11,1.088,0.875,1.274
0.901,1.012,1.037,0.993,1.032,1.11,1.088,0.875,1.274,7.782
1.012,1.037,0.993,1.032,1.11,1.088,0.875,1.274,7.782,24.638
1.037,0.993,1.032,1.11,1.088,0.875,1.274,7.782,24.638,15.182
0.993,1.032,1.11,1.088,0.875,1.274,7.782,24.638,15.182,9.917
1.032,1.11,1.088,0.875,1.274,7.782,24.638,15.182,9.917,6.79
1.11,1.088,0.875,1.274,7.782,24.638,15.182,9.917,6.79,3.83
1.088,0.875,1.274,7.782,24.638,15.182,9.917,6.79,3.83,3.028
0.875,1.274,7.782,24.638,15.182,9.917,6.79,3.83,3.028,3.036
1.274,7.782,24.638,15.182,9.917,6.79,3.83,3.028,3.036,3.628
7.782,24.638,15.182,9.917,6.79,3.83,3.028,3.036,3.628,2.072
24.638,15.182,9.917,6.79,3.83,3.028,3.036,3.628,2.072,2.072
15.182,9.917,6.79,3.83,3.028,3.036,3.628,2.072,2.072,2.072
9.917,6.79,3.83,3.028,3.036,3.628,2.072,2.072,2.072,2.072
6.79,3.83,3.028,3.036,3.628,2.072,2.072,2.072,2.072,2.072
3.83,3.028,3.036,3.628,2.072,2.072,2.072,2.072,2.072,2.072
3.028,3.036,3.628,2.072,2.072,2.072,2.072,2.072,2.072,2.072
3.036,3.628,2.072,2.072,2.072,2.072,2.072,2.072,2.072,2.072
3.628,2.072,2.072,2.072,2.072,2.072,2.072,2.072,2.072,2.072
2.072,2.072,2.072,2.072,2.072,2.072,2.072,2.072,2.072,2.078
2.072,2.072,2.072,2.072,2.072,2.072,2.072,2.072,2.078,1.972
2.072,2.072,2.072,2.072,2.072,2.072,2.072,2.078,1.972,1.872
2.072,2.072,2.072,2.072,2.072,2.072,2.078,1.972,1.872,1.872
2.072,2.072,2.072,2.072,2.072,2.078,1.972,1.872,1.872,1.772
2.072,2.072,2.072,2.072,2.078,1.972,1.872,1.872,1.772,1.597
2.072,2.072,2.072,2.078,1.972,1.872,1.872,1.772,1.597,1.497
2.072,2.072,2.078,1.972,1.872,1.872,1.772,1.597,1.497,1.397
2.072,2.078,1.972,1.872,1.872,1.772,1.597,1.497,1.397,1.297
2.078,1.972,1.872,1.872,1.772,1.597,1.497,1.397,1.297,1.197
1.972,1.872,1.872,1.772,1.597,1.497,1.397,1.297,1.197,1.099
1.872,1.872,1.772,1.597,1.497,1.397,1.297,1.197,1.099,1.034
1.872,1.772,1.597,1.497,1.397,1.297,1.197,1.099,1.034,1.034
1.772,1.597,1.497,1.397,1.297,1.197,1.099,1.034,1.034,0.825
1.597,1.497,1.397,1.297,1.197,1.099,1.034,1.034,0.825,0.716
1.497,1.397,1.297,1.197,1.099,1.034,1.034,0.825,0.716,0.762
1.397,1.297,1.197,1.099,1.034,1.034,0.825,0.716,0.762,0.716
1.297,1.197,1.099,1.034,1.034,0.825,0.716,0.762,0.716,0.786
1.197,1.099,1.034,1.034,0.825,0.716,0.762,0.716,0.786,0.855
1.099,1.034,1.034,0.825,0.716,0.762,0.716,0.786,0.855,0.994
1.034,1.034,0.825,0.716,0.762,0.716,0.786,0.855,0.994,0.924
1.034,0.825,0.716,0.762,0.716,0.786,0.855,0.994,0.924,0.855
0.825,0.716,0.762,0.716,0.786,0.855,0.994,0.924,0.855,0.82
0.716,0.762,0.716,0.786,0.855,0.994,0.924,0.855,0.82,0.728
0.762,0.716,0.786,0.855,0.994,0.924,0.855,0.82,0.728,0.647
0.716,0.786,0.855,0.994,0.924,0.855,0.82,0.728,0.647,0.762
0.786,0.855,0.994,0.924,0.855,0.82,0.728,0.647,0.762,0.82
0.855,0.994,0.924,0.855,0.82,0.728,0.647,0.762,0.82,0.751
0.994,0.924,0.855,0.82,0.728,0.647,0.762,0.82,0.751,0.751
0.924,0.855,0.82,0.728,0.647,0.762,0.82,0.751,0.751,0.594
0.855,0.82,0.728,0.647,0.762,0.82,0.751,0.751,0.594,0.559
0.82,0.728,0.647,0.762,0.82,0.751,0.751,0.594,0.559,0.501
0.728,0.647,0.762,0.82,0.751,0.751,0.594,0.559,0.501,0.466
0.647,0.762,0.82,0.751,0.751,0.594,0.559,0.501,0.466,0.513
0.762,0.82,0.751,0.751,0.594,0.559,0.501,0.466,0.513,0.524
0.82,0.751,0.751,0.594,0.559,0.501,0.466,0.513,0.524,0.67
0.751,0.751,0.594,0.559,0.501,0.466,0.513,0.524,0.67,0.612
0.751,0.594,0.559,0.501,0.466,0.513,0.524,0.67,0.612,0.647
0.594,0.559,0.501,0.466,0.513,0.524,0.67,0.612,0.647,0.624
0.559,0.501,0.466,0.513,0.524,0.67,0.612,0.647,0.624,0.635
0.501,0.466,0.513,0.524,0.67,0.612,0.647,0.624,0.635,0.739
0.466,0.513,0.524,0.67,0.612,0.647,0.624,0.635,0.739,0.762
0.513,0.524,0.67,0.612,0.647,0.624,0.635,0.739,0.762,0.739
0.524,0.67,0.612,0.647,0.624,0.635,0.739,0.762,0.739,0.762
0.67,0.612,0.647,0.624,0.635,0.739,0.762,0.739,0.762,0.547
0.612,0.647,0.624,0.635,0.739,0.762,0.739,0.762,0.547,0.571
0.647,0.624,0.635,0.739,0.762,0.739,0.762,0.547,0.571,0.501
0.624,0.635,0.739,0.762,0.739,0.762,0.547,0.571,0.501,0.582
0.635,0.739,0.762,0.739,0.762,0.547,0.571,0.501,0.582,0.559
0.739,0.762,0.739,0.762,0.547,0.571,0.501,0.582,0.559,0.547
0.762,0.739,0.762,0.547,0.571,0.501,0.582,0.559,0.547,0.547
0.739,0.762,0.547,0.571,0.501,0.582,0.559,0.547,0.547,0.49
0.762,0.547,0.571,0.501,0.582,0.559,0.547,0.547,0.49,0.571
0.547,0.571,0.501,0.582,0.559,0.547,0.547,0.49,0.571,0.547
0.571,0.501,0.582,0.559,0.547,0.547,0.49,0.571,0.547,0.547
0.501,0.582,0.559,0.547,0.547,0.49,0.571,0.547,0.547,0.362
0.582,0.559,0.547,0.547,0.49,0.571,0.547,0.547,0.362,0.616
0.559,0.547,0.547,0.49,0.571,0.547,0.547,0.362,0.616,0.826
0.547,0.547,0.49,0.571,0.547,0.547,0.362,0.616,0.826,0.815
0.547,0.49,0.571,0.547,0.547,0.362,0.616,0.826,0.815,0.769
0.49,0.571,0.547,0.547,0.362,0.616,0.826,0.815,0.769,0.757
0.571,0.547,0.547,0.362,0.616,0.826,0.815,0.769,0.757,0.734
0.547,0.547,0.362,0.616,0.826,0.815,0.769,0.757,0.734,0.607
0.547,0.362,0.616,0.826,0.815,0.769,0.757,0.734,0.607,0.825
0.362,0.616,0.826,0.815,0.769,0.757,0.734,0.607,0.825,0.825
0.616,0.826,0.815,0.769,0.757,0.734,0.607,0.825,0.825,0.825
0.826,0.815,0.769,0.757,0.734,0.607,0.825,0.825,0.825,0.825
0.815,0.769,0.757,0.734,0.607,0.825,0.825,0.825,0.825,0.825
0.769,0.757,0.734,0.607,0.825,0.825,0.825,0.825,0.825,0.825
0.757,0.734,0.607,0.825,0.825,0.825,0.825,0.825,0.825,0.825
0.734,0.607,0.825,0.825,0.825,0.825,0.825,0.825,0.825,0.825
0.607,0.825,0.825,0.825,0.825,0.825,0.825,0.825,0.825,1.247
0.825,0.825,0.825,0.825,0.825,0.825,0.825,0.825,1.247,2.193
0.825,0.825,0.825,0.825,0.825,0.825,0.825,1.247,2.193,2.966
0.825,0.825,0.825,0.825,0.825,0.825,1.247,2.193,2.966,7.101
0.825,0.825,0.825,0.825,0.825,1.247,2.193,2.966,7.101,12.441
0.825,0.825,0.825,0.825,1.247,2.193,2.966,7.101,12.441,5.739
0.825,0.825,0.825,1.247,2.193,2.966,7.101,12.441,5.739,5.392
0.825,0.825,1.247,2.193,2.966,7.101,12.441,5.739,5.392,4.297
0.825,1.247,2.193,2.966,7.101,12.441,5.739,5.392,4.297,3.802
1.247,2.193,2.966,7.101,12.441,5.739,5.392,4.297,3.802,3.264
2.193,2.966,7.101,12.441,5.739,5.392,4.297,3.802,3.264,2.87
2.966,7.101,12.441,5.739,5.392,4.297,3.802,3.264,2.87,2.574
7.101,12.441,5.739,5.392,4.297,3.802,3.264,2.87,2.574,2.428
12.441,5.739,5.392,4.297,3.802,3.264,2.87,2.574,2.428,2.262
5.739,5.392,4.297,3.802,3.264,2.87,2.574,2.428,2.262,2.105
5.392,4.297,3.802,3.264,2.87,2.574,2.428,2.262,2.105,2.084
4.297,3.802,3.264,2.87,2.574,2.428,2.262,2.105,2.084,3.684
3.802,3.264,2.87,2.574,2.428,2.262,2.105,2.084,3.684,5.994
3.264,2.87,2.574,2.428,2.262,2.105,2.084,3.684,5.994,6.376
2.87,2.574,2.428,2.262,2.105,2.084,3.684,5.994,6.376,6.461
2.574,2.428,2.262,2.105,2.084,3.684,5.994,6.376,6.461,6.858
2.428,2.262,2.105,2.084,3.684,5.994,6.376,6.461,6.858,6.597
2.262,2.105,2.084,3.684,5.994,6.376,6.461,6.858,6.597,6.811
2.105,2.084,3.684,5.994,6.376,6.461,6.858,6.597,6.811,5.265
2.084,3.684,5.994,6.376,6.461,6.858,6.597,6.811,5.265,4.276
3.684,5.994,6.376,6.461,6.858,6.597,6.811,5.265,4.276,3.93
5.994,6.376,6.461,6.858,6.597,6.811,5.265,4.276,3.93,3.892
6.376,6.461,6.858,6.597,6.811,5.265,4.276,3.93,3.892,3.832
6.461,6.858,6.597,6.811,5.265,4.276,3.93,3.892,3.832,3.901
6.858,6.597,6.811,5.265,4.276,3.93,3.892,3.832,3.901,4.061
6.597,6.811,5.265,4.276,3.93,3.892,3.832,3.901,4.061,4.206
6.811,5.265,4.276,3.93,3.892,3.832,3.901,4.061,4.206,3.83
5.265,4.276,3.93,3.892,3.832,3.901,4.061,4.206,3.83,3.669
4.276,3.93,3.892,3.832,3.901,4.061,4.206,3.83,3.669,3.38
3.93,3.892,3.832,3.901,4.061,4.206,3.83,3.669,3.38,3.268
3.892,3.832,3.901,4.061,4.206,3.83,3.669,3.38,3.268,3.159
3.832,3.901,4.061,4.206,3.83,3.669,3.38,3.268,3.159,3.05
3.901,4.061,4.206,3.83,3.669,3.38,3.268,3.159,3.05,2.942
4.061,4.206,3.83,3.669,3.38,3.268,3.159,3.05,2.942,2.833
4.206,3.83,3.669,3.38,3.268,3.159,3.05,2.942,2.833,2.724
3.83,3.669,3.38,3.268,3.159,3.05,2.942,2.833,2.724,2.615
3.669,3.38,3.268,3.159,3.05,2.942,2.833,2.724,2.615,2.383
3.38,3.268,3.159,3.05,2.942,2.833,2.724,2.615,2.383,2.322
3.268,3.159,3.05,2.942,2.833,2.724,2.615,2.383,2.322,2.192
3.159,3.05,2.942,2.833,2.724,2.615,2.383,2.322,2.192,2.122
3.05,2.942,2.833,2.724,2.615,2.383,2.322,2.192,2.122,1.974
2.942,2.833,2.724,2.615,2.383,2.322,2.192,2.122,1.974,1.814
2.833,2.724,2.615,2.383,2.322,2.192,2.122,1.974,1.814,1.705
2.724,2.615,2.383,2.322,2.192,2.122,1.974,1.814,1.705,1.626
2.615,2.383,2.322,2.192,2.122,1.974,1.814,1.705,1.626,1.646
2.383,2.322,2.192,2.122,1.974,1.814,1.705,1.626,1.646,1.85
2.322,2.192,2.122,1.974,1.814,1.705,1.626,1.646,1.85,1.794
2.192,2.122,1.974,1.814,1.705,1.626,1.646,1.85,1.794,1.677
2.122,1.974,1.814,1.705,1.626,1.646,1.85,1.794,1.677,1.598
1.974,1.814,1.705,1.626,1.646,1.85,1.794,1.677,1.598,1.569
1.814,1.705,1.626,1.646,1.85,1.794,1.677,1.598,1.569,1.593
1.705,1.626,1.646,1.85,1.794,1.677,1.598,1.569,1.593,1.513
1.626,1.646,1.85,1.794,1.677,1.598,1.569,1.593,1.513,1.549
1.646,1.85,1.794,1.677,1.598,1.569,1.593,1.513,1.549,1.529
1.85,1.794,1.677,1.598,1.569,1.593,1.513,1.549,1.529,1.72
1.794,1.677,1.598,1.569,1.593,1.513,1.549,1.529,1.72,2.059
1.677,1.598,1.569,1.593,1.513,1.549,1.529,1.72,2.059,1.939
1.598,1.569,1.593,1.513,1.549,1.529,1.72,2.059,1.939,2.034
1.569,1.593,1.513,1.549,1.529,1.72,2.059,1.939,2.034,1.962
1.593,1.513,1.549,1.529,1.72,2.059,1.939,2.034,1.962,1.894
1.513,1.549,1.529,1.72,2.059,1.939,2.034,1.962,1.894,2.82
1.549,1.529,1.72,2.059,1.939,2.034,1.962,1.894,2.82,3.261
1.529,1.72,2.059,1.939,2.034,1.962,1.894,2.82,3.261,2.76
1.72,2.059,1.939,2.034,1.962,1.894,2.82,3.261,2.76,3.472
2.059,1.939,2.034,1.962,1.894,2.82,3.261,2.76,3.472,2.802
1.939,2.034,1.962,1.894,2.82,3.261,2.76,3.472,2.802,2.17
2.034,1.962,1.894,2.82,3.261,2.76,3.472,2.802,2.17,1.863
1.962,1.894,2.82,3.261,2.76,3.472,2.802,2.17,1.863,1.579
1.894,2.82,3.261,2.76,3.472,2.802,2.17,1.863,1.579,1.535
2.82,3.261,2.76,3.472,2.802,2.17,1.863,1.579,1.535,1.755
3.261,2.76,3.472,2.802,2.17,1.863,1.579,1.535,1.755,1.516
2.76,3.472,2.802,2.17,1.863,1.579,1.535,1.755,1.516,1.176
3.472,2.802,2.17,1.863,1.579,1.535,1.755,1.516,1.176,1.238
2.802,2.17,1.863,1.579,1.535,1.755,1.516,1.176,1.238,1.191
2.17,1.863,1.579,1.535,1.755,1.516,1.176,1.238,1.191,0.844
1.863,1.579,1.535,1.755,1.516,1.176,1.238,1.191,0.844,0.543
1.579,1.535,1.755,1.516,1.176,1.238,1.191,0.844,0.543,1.276
1.535,1.755,1.516,1.176,1.238,1.191,0.844,0.543,1.276,0.778
1.755,1.516,1.176,1.238,1.191,0.844,0.543,1.276,0.778,2.028
1.516,1.176,1.238,1.191,0.844,0.543,1.276,0.778,2.028,1
1.176,1.238,1.191,0.844,0.543,1.276,0.778,2.028,1,0.745
1.238,1.191,0.844,0.543,1.276,0.778,2.028,1,0.745,0.635
1.191,0.844,0.543,1.276,0.778,2.028,1,0.745,0.635,0.635
0.844,0.543,1.276,0.778,2.028,1,0.745,0.635,0.635,0.673
0.543,1.276,0.778,2.028,1,0.745,0.635,0.635,0.673,0.627
1.276,0.778,2.028,1,0.745,0.635,0.635,0.673,0.627,0.698
0.778,2.028,1,0.745,0.635,0.635,0.673,0.627,0.698,0.843
2.028,1,0.745,0.635,0.635,0.673,0.627,0.698,0.843,0.969
1,0.745,0.635,0.635,0.673,0.627,0.698,0.843,0.969,1.235
0.745,0.635,0.635,0.673,0.627,0.698,0.843,0.969,1.235,1.96
0.635,0.635,0.673,0.627,0.698,0.843,0.969,1.235,1.96,2.192
0.635,0.673,0.627,0.698,0.843,0.969,1.235,1.96,2.192,1.377
0.673,0.627,0.698,0.843,0.969,1.235,1.96,2.192,1.377,1.377
0.627,0.698,0.843,0.969,1.235,1.96,2.192,1.377,1.377,1.337
0.698,0.843,0.969,1.235,1.96,2.192,1.377,1.377,1.337,1.337
0.843,0.969,1.235,1.96,2.192,1.377,1.377,1.337,1.337,2.007
0.969,1.235,1.96,2.192,1.377,1.377,1.337,1.337,2.007,1.625
1.235,1.96,2.192,1.377,1.377,1.337,1.337,2.007,1.625,1.736
1.96,2.192,1.377,1.377,1.337,1.337,2.007,1.625,1.736,2.082
2.192,1.377,1.377,1.337,1.337,2.007,1.625,1.736,2.082,1.252
1.377,1.377,1.337,1.337,2.007,1.625,1.736,2.082,1.252,1.854
1.377,1.337,1.337,2.007,1.625,1.736,2.082,1.252,1.854,0.863
1.337,1.337,2.007,1.625,1.736,2.082,1.252,1.854,0.863,2.309
1.337,2.007,1.625,1.736,2.082,1.252,1.854,0.863,2.309,2.381
2.007,1.625,1.736,2.082,1.252,1.854,0.863,2.309,2.381,2.192
1.625,1.736,2.082,1.252,1.854,0.863,2.309,2.381,2.192,6.684
1.736,2.082,1.252,1.854,0.863,2.309,2.381,2.192,6.684,4.213
2.082,1.252,1.854,0.863,2.309,2.381,2.192,6.684,4.213,2.858
1.252,1.854,0.863,2.309,2.381,2.192,6.684,4.213,2.858,4.41
1.854,0.863,2.309,2.381,2.192,6.684,4.213,2.858,4.41,3.769
0.863,2.309,2.381,2.192,6.684,4.213,2.858,4.41,3.769,2.424
2.309,2.381,2.192,6.684,4.213,2.858,4.41,3.769,2.424,1.873
2.381,2.192,6.684,4.213,2.858,4.41,3.769,2.424,1.873,1.565
2.192,6.684,4.213,2.858,4.41,3.769,2.424,1.873,1.565,1.278
6.684,4.213,2.858,4.41,3.769,2.424,1.873,1.565,1.278,1.074
4.213,2.858,4.41,3.769,2.424,1.873,1.565,1.278,1.074,0.9
2.858,4.41,3.769,2.424,1.873,1.565,1.278,1.074,0.9,0.767
4.41,3.769,2.424,1.873,1.565,1.278,1.074,0.9,0.767,0.661
3.769,2.424,1.873,1.565,1.278,1.074,0.9,0.767,0.661,0.621
2.424,1.873,1.565,1.278,1.074,0.9,0.767,0.661,0.621,0.572
1.873,1.565,1.278,1.074,0.9,0.767,0.661,0.621,0.572,0.765
1.565,1.278,1.074,0.9,0.767,0.661,0.621,0.572,0.765,0.746
1.278,1.074,0.9,0.767,0.661,0.621,0.572,0.765,0.746,0.977
1.074,0.9,0.767,0.661,0.621,0.572,0.765,0.746,0.977,0.857
0.9,0.767,0.661,0.621,0.572,0.765,0.746,0.977,0.857,0.767
0.767,0.661,0.621,0.572,0.765,0.746,0.977,0.857,0.767,0.803
0.661,0.621,0.572,0.765,0.746,0.977,0.857,0.767,0.803,1.198
0.621,0.572,0.765,0.746,0.977,0.857,0.767,0.803,1.198,0.992
0.572,0.765,0.746,0.977,0.857,0.767,0.803,1.198,0.992,0.776
0.765,0.746,0.977,0.857,0.767,0.803,1.198,0.992,0.776,0.714
0.746,0.977,0.857,0.767,0.803,1.198,0.992,0.776,0.714,0.802
0.977,0.857,0.767,0.803,1.198,0.992,0.776,0.714,0.802,0.715
0.857,0.767,0.803,1.198,0.992,0.776,0.714,0.802,0.715,0.676
0.767,0.803,1.198,0.992,0.776,0.714,0.802,0.715,0.676,0.652
0.803,1.198,0.992,0.776,0.714,0.802,0.715,0.676,0.652,0.61
1.198,0.992,0.776,0.714,0.802,0.715,0.676,0.652,0.61,0.577
0.992,0.776,0.714,0.802,0.715,0.676,0.652,0.61,0.577,0.548
0.776,0.714,0.802,0.715,0.676,0.652,0.61,0.577,0.548,0.518
0.714,0.802,0.715,0.676,0.652,0.61,0.577,0.548,0.518,0.514
0.802,0.715,0.676,0.652,0.61,0.577,0.548,0.518,0.514,0.699
0.715,0.676,0.652,0.61,0.577,0.548,0.518,0.514,0.699,1.138
0.676,0.652,0.61,0.577,0.548,0.518,0.514,0.699,1.138,1.118
0.652,0.61,0.577,0.548,0.518,0.514,0.699,1.138,1.118,1.16
0.61,0.577,0.548,0.518,0.514,0.699,1.138,1.118,1.16,1.149
0.577,0.548,0.518,0.514,0.699,1.138,1.118,1.16,1.149,1.132
0.548,0.518,0.514,0.699,1.138,1.118,1.16,1.149,1.132,0.954
0.518,0.514,0.699,1.138,1.118,1.16,1.149,1.132,0.954,0.808
0.514,0.699,1.138,1.118,1.16,1.149,1.132,0.954,0.808,0.702
0.699,1.138,1.118,1.16,1.149,1.132,0.954,0.808,0.702,0.634
1.138,1.118,1.16,1.149,1.132,0.954,0.808,0.702,0.634,0.626
1.118,1.16,1.149,1.132,0.954,0.808,0.702,0.634,0.626,0.641
1.16,1.149,1.132,0.954,0.808,0.702,0.634,0.626,0.641,0.605
1.149,1.132,0.954,0.808,0.702,0.634,0.626,0.641,0.605,0.702
1.132,0.954,0.808,0.702,0.634,0.626,0.641,0.605,0.702,0.784
0.954,0.808,0.702,0.634,0.626,0.641,0.605,0.702,0.784,0.908
0.808,0.702,0.634,0.626,0.641,0.605,0.702,0.784,0.908,1.426
0.702,0.634,0.626,0.641,0.605,0.702,0.784,0.908,1.426,1.829
0.634,0.626,0.641,0.605,0.702,0.784,0.908,1.426,1.829,1.127
0.626,0.641,0.605,0.702,0.784,0.908,1.426,1.829,1.127,1.1
0.641,0.605,0.702,0.784,0.908,1.426,1.829,1.127,1.1,1.044
0.605,0.702,0.784,0.908,1.426,1.829,1.127,1.1,1.044,0.95
0.702,0.784,0.908,1.426,1.829,1.127,1.1,1.044,0.95,0.845
0.784,0.908,1.426,1.829,1.127,1.1,1.044,0.95,0.845,0.504
0.908,1.426,1.829,1.127,1.1,1.044,0.95,0.845,0.504,0.713
1.426,1.829,1.127,1.1,1.044,0.95,0.845,0.504,0.713,0.763
1.829,1.127,1.1,1.044,0.95,0.845,0.504,0.713,0.763,0.887
1.127,1.1,1.044,0.95,0.845,0.504,0.713,0.763,0.887,0.759
1.1,1.044,0.95,0.845,0.504,0.713,0.763,0.887,0.759,0.728
1.044,0.95,0.845,0.504,0.713,0.763,0.887,0.759,0.728,0.703
0.95,0.845,0.504,0.713,0.763,0.887,0.759,0.728,0.703,0.714
0.845,0.504,0.713,0.763,0.887,0.759,0.728,0.703,0.714,0.873
0.504,0.713,0.763,0.887,0.759,0.728,0.703,0.714,0.873,1.261
0.713,0.763,0.887,0.759,0.728,0.703,0.714,0.873,1.261,4.513
0.763,0.887,0.759,0.728,0.703,0.714,0.873,1.261,4.513,1.185
0.887,0.759,0.728,0.703,0.714,0.873,1.261,4.513,1.185,2.056
0.759,0.728,0.703,0.714,0.873,1.261,4.513,1.185,2.056,1.185
0.728,0.703,0.714,0.873,1.261,4.513,1.185,2.056,1.185,2.001
0.703,0.714,0.873,1.261,4.513,1.185,2.056,1.185,2.001,0.713
0.714,0.873,1.261,4.513,1.185,2.056,1.185,2.001,0.713,1.258
0.873,1.261,4.513,1.185,2.056,1.185,2.001,0.713,1.258,1.269
1.261,4.513,1.185,2.056,1.185,2.001,0.713,1.258,1.269,1.637
4.513,1.185,2.056,1.185,2.001,0.713,1.258,1.269,1.637,1.737
1.185,2.056,1.185,2.001,0.713,1.258,1.269,1.637,1.737,2.144
2.056,1.185,2.001,0.713,1.258,1.269,1.637,1.737,2.144,1.738
1.185,2.001,0.713,1.258,1.269,1.637,1.737,2.144,1.738,1.595
2.001,0.713,1.258,1.269,1.637,1.737,2.144,1.738,1.595,1.508
0.713,1.258,1.269,1.637,1.737,2.144,1.738,1.595,1.508,1.441
1.258,1.269,1.637,1.737,2.144,1.738,1.595,1.508,1.441,1.497
1.269,1.637,1.737,2.144,1.738,1.595,1.508,1.441,1.497,1.519
1.637,1.737,2.144,1.738,1.595,1.508,1.441,1.497,1.519,1.443
1.737,2.144,1.738,1.595,1.508,1.441,1.497,1.519,1.443,1.619
2.144,1.738,1.595,1.508,1.441,1.497,1.519,1.443,1.619,1.037
1.738,1.595,1.508,1.441,1.497,1.519,1.443,1.619,1.037,1.327
1.595,1.508,1.441,1.497,1.519,1.443,1.619,1.037,1.327,1.091
1.508,1.441,1.497,1.519,1.443,1.619,1.037,1.327,1.091,1.15
1.441,1.497,1.519,1.443,1.619,1.037,1.327,1.091,1.15,1.153
1.497,1.519,1.443,1.619,1.037,1.327,1.091,1.15,1.153,1.192
1.519,1.443,1.619,1.037,1.327,1.091,1.15,1.153,1.192,1.436
1.443,1.619,1.037,1.327,1.091,1.15,1.153,1.192,1.436,1.073
1.619,1.037,1.327,1.091,1.15,1.153,1.192,1.436,1.073,1.15
1.037,1.327,1.091,1.15,1.153,1.192,1.436,1.073,1.15,1.106
1.327,1.091,1.15,1.153,1.192,1.436,1.073,1.15,1.106,1.074
1.091,1.15,1.153,1.192,1.436,1.073,1.15,1.106,1.074,1.091
1.15,1.153,1.192,1.436,1.073,1.15,1.106,1.074,1.091,1.254
1.153,1.192,1.436,1.073,1.15,1.106,1.074,1.091,1.254,1.543
1.192,1.436,1.073,1.15,1.106,1.074,1.091,1.254,1.543,1.323
1.436,1.073,1.15,1.106,1.074,1.091,1.254,1.543,1.323,1.778
1.073,1.15,1.106,1.074,1.091,1.254,1.543,1.323,1.778,1.866
1.15,1.106,1.074,1.091,1.254,1.543,1.323,1.778,1.866,1.558
1.106,1.074,1.091,1.254,1.543,1.323,1.778,1.866,1.558,9.081
1.074,1.091,1.254,1.543,1.323,1.778,1.866,1.558,9.081,9.138
1.091,1.254,1.543,1.323,1.778,1.866,1.558,9.081,9.138,4.939
1.254,1.543,1.323,1.778,1.866,1.558,9.081,9.138,4.939,4.015
1.543,1.323,1.778,1.866,1.558,9.081,9.138,4.939,4.015,2.989
1.323,1.778,1.866,1.558,9.081,9.138,4.939,4.015,2.989,2.589
1.778,1.866,1.558,9.081,9.138,4.939,4.015,2.989,2.589,2.496
1.866,1.558,9.081,9.138,4.939,4.015,2.989,2.589,2.496,2.715
1.558,9.081,9.138,4.939,4.015,2.989,2.589,2.496,2.715,3.905
9.081,9.138,4.939,4.015,2.989,2.589,2.496,2.715,3.905,2.697
9.138,4.939,4.015,2.989,2.589,2.496,2.715,3.905,2.697,3.417
4.939,4.015,2.989,2.589,2.496,2.715,3.905,2.697,3.417,2.025
4.015,2.989,2.589,2.496,2.715,3.905,2.697,3.417,2.025,3.877
2.989,2.589,2.496,2.715,3.905,2.697,3.417,2.025,3.877,3.76
2.589,2.496,2.715,3.905,2.697,3.417,2.025,3.877,3.76,3.1
2.496,2.715,3.905,2.697,3.417,2.025,3.877,3.76,3.1,2.9
2.715,3.905,2.697,3.417,2.025,3.877,3.76,3.1,2.9,2.633
3.905,2.697,3.417,2.025,3.877,3.76,3.1,2.9,2.633,2.876
2.697,3.417,2.025,3.877,3.76,3.1,2.9,2.633,2.876,4.592
3.417,2.025,3.877,3.76,3.1,2.9,2.633,2.876,4.592,5.126
2.025,3.877,3.76,3.1,2.9,2.633,2.876,4.592,5.126,3.985
3.877,3.76,3.1,2.9,2.633,2.876,4.592,5.126,3.985,3.401
3.76,3.1,2.9,2.633,2.876,4.592,5.126,3.985,3.401,3.082
3.1,2.9,2.633,2.876,4.592,5.126,3.985,3.401,3.082,2.899
2.9,2.633,2.876,4.592,5.126,3.985,3.401,3.082,2.899,3.123
2.633,2.876,4.592,5.126,3.985,3.401,3.082,2.899,3.123,3.123
2.876,4.592,5.126,3.985,3.401,3.082,2.899,3.123,3.123,3.123
4.592,5.126,3.985,3.401,3.082,2.899,3.123,3.123,3.123,3.123
5.126,3.985,3.401,3.082,2.899,3.123,3.123,3.123,3.123,3.273
3.985,3.401,3.082,2.899,3.123,3.123,3.123,3.123,3.273,3.246
3.401,3.082,2.899,3.123,3.123,3.123,3.123,3.273,3.246,2.854
3.082,2.899,3.123,3.123,3.123,3.123,3.273,3.246,2.854,2.854
2.899,3.123,3.123,3.123,3.123,3.273,3.246,2.854,2.854,2.854
3.123,3.123,3.123,3.123,3.273,3.246,2.854,2.854,2.854,2.757
3.123,3.123,3.123,3.273,3.246,2.854,2.854,2.854,2.757,2.467
3.123,3.123,3.273,3.246,2.854,2.854,2.854,2.757,2.467,2.404
3.123,3.273,3.246,2.854,2.854,2.854,2.757,2.467,2.404,2.061
3.273,3.246,2.854,2.854,2.854,2.757,2.467,2.404,2.061,1.589
3.246,2.854,2.854,2.854,2.757,2.467,2.404,2.061,1.589,1.526
2.854,2.854,2.854,2.757,2.467,2.404,2.061,1.589,1.526,1.479
2.854,2.854,2.757,2.467,2.404,2.061,1.589,1.526,1.479,1.689
2.854,2.757,2.467,2.404,2.061,1.589,1.526,1.479,1.689,1.846
2.757,2.467,2.404,2.061,1.589,1.526,1.479,1.689,1.846,2.1
2.467,2.404,2.061,1.589,1.526,1.479,1.689,1.846,2.1,1.846
2.404,2.061,1.589,1.526,1.479,1.689,1.846,2.1,1.846,1.7
2.061,1.589,1.526,1.479,1.689,1.846,2.1,1.846,1.7,1.56
1.589,1.526,1.479,1.689,1.846,2.1,1.846,1.7,1.56,1.43
1.526,1.479,1.689,1.846,2.1,1.846,1.7,1.56,1.43,1.362
1.479,1.689,1.846,2.1,1.846,1.7,1.56,1.43,1.362,1.293
1.689,1.846,2.1,1.846,1.7,1.56,1.43,1.362,1.293,1.257
1.846,2.1,1.846,1.7,1.56,1.43,1.362,1.293,1.257,1.243
2.1,1.846,1.7,1.56,1.43,1.362,1.293,1.257,1.243,1.225
1.846,1.7,1.56,1.43,1.362,1.293,1.257,1.243,1.225,1.21
1.7,1.56,1.43,1.362,1.293,1.257,1.243,1.225,1.21,1.193
1.56,1.43,1.362,1.293,1.257,1.243,1.225,1.21,1.193,1.285
1.43,1.362,1.293,1.257,1.243,1.225,1.21,1.193,1.285,1.045
1.362,1.293,1.257,1.243,1.225,1.21,1.193,1.285,1.045,1.293
1.293,1.257,1.243,1.225,1.21,1.193,1.285,1.045,1.293,1.164
1.257,1.243,1.225,1.21,1.193,1.285,1.045,1.293,1.164,1.22
1.243,1.225,1.21,1.193,1.285,1.045,1.293,1.164,1.22,2.212
1.225,1.21,1.193,1.285,1.045,1.293,1.164,1.22,2.212,5.719
1.21,1.193,1.285,1.045,1.293,1.164,1.22,2.212,5.719,4.457
1.193,1.285,1.045,1.293,1.164,1.22,2.212,5.719,4.457,2.201
1.285,1.045,1.293,1.164,1.22,2.212,5.719,4.457,2.201,2.48
1.045,1.293,1.164,1.22,2.212,5.719,4.457,2.201,2.48,2.042
1.293,1.164,1.22,2.212,5.719,4.457,2.201,2.48,2.042,1.646
1.164,1.22,2.212,5.719,4.457,2.201,2.48,2.042,1.646,1.484
1.22,2.212,5.719,4.457,2.201,2.48,2.042,1.646,1.484,1.496
2.212,5.719,4.457,2.201,2.48,2.042,1.646,1.484,1.496,1.149
5.719,4.457,2.201,2.48,2.042,1.646,1.484,1.496,1.149,1.215
4.457,2.201,2.48,2.042,1.646,1.484,1.496,1.149,1.215,1.344
2.201,2.48,2.042,1.646,1.484,1.496,1.149,1.215,1.344,1.637
2.48,2.042,1.646,1.484,1.496,1.149,1.215,1.344,1.637,1.6
2.042,1.646,1.484,1.496,1.149,1.215,1.344,1.637,1.6,1.607
1.646,1.484,1.496,1.149,1.215,1.344,1.637,1.6,1.607,1.682
1.484,1.496,1.149,1.215,1.344,1.637,1.6,1.607,1.682,1.738
1.496,1.149,1.215,1.344,1.637,1.6,1.607,1.682,1.738,1.745
1.149,1.215,1.344,1.637,1.6,1.607,1.682,1.738,1.745,1.797
1.215,1.344,1.637,1.6,1.607,1.682,1.738,1.745,1.797,1.591
1.344,1.637,1.6,1.607,1.682,1.738,1.745,1.797,1.591,1.544
1.637,1.6,1.607,1.682,1.738,1.745,1.797,1.591,1.544,1.544
1.6,1.607,1.682,1.738,1.745,1.797,1.591,1.544,1.544,1.555
1.607,1.682,1.738,1.745,1.797,1.591,1.544,1.544,1.555,1.509
1.682,1.738,1.745,1.797,1.591,1.544,1.544,1.555,1.509,1.767
1.738,1.745,1.797,1.591,1.544,1.544,1.555,1.509,1.767,1.462
1.745,1.797,1.591,1.544,1.544,1.555,1.509,1.767,1.462,1.314
1.797,1.591,1.544,1.544,1.555,1.509,1.767,1.462,1.314,1.545
1.591,1.544,1.544,1.555,1.509,1.767,1.462,1.314,1.545,1.325
1.544,1.544,1.555,1.509,1.767,1.462,1.314,1.545,1.325,1.279
1.544,1.555,1.509,1.767,1.462,1.314,1.545,1.325,1.279,1.301
1.555,1.509,1.767,1.462,1.314,1.545,1.325,1.279,1.301,1.278
1.509,1.767,1.462,1.314,1.545,1.325,1.279,1.301,1.278,1.393
1.767,1.462,1.314,1.545,1.325,1.279,1.301,1.278,1.393,1.167
1.462,1.314,1.545,1.325,1.279,1.301,1.278,1.393,1.167,1.302
1.314,1.545,1.325,1.279,1.301,1.278,1.393,1.167,1.302,1.306
1.545,1.325,1.279,1.301,1.278,1.393,1.167,1.302,1.306,1.375
1.325,1.279,1.301,1.278,1.393,1.167,1.302,1.306,1.375,1.605
1.279,1.301,1.278,1.393,1.167,1.302,1.306,1.375,1.605,1.497
1.301,1.278,1.393,1.167,1.302,1.306,1.375,1.605,1.497,1.368
1.278,1.393,1.167,1.302,1.306,1.375,1.605,1.497,1.368,1.506
1.393,1.167,1.302,1.306,1.375,1.605,1.497,1.368,1.506,1.274
1.167,1.302,1.306,1.375,1.605,1.497,1.368,1.506,1.274,1.195
1.302,1.306,1.375,1.605,1.497,1.368,1.506,1.274,1.195,1.331
1.306,1.375,1.605,1.497,1.368,1.506,1.274,1.195,1.331,1.313
1.375,1.605,1.497,1.368,1.506,1.274,1.195,1.331,1.313,1.278
1.605,1.497,1.368,1.506,1.274,1.195,1.331,1.313,1.278,0.903
1.497,1.368,1.506,1.274,1.195,1.331,1.313,1.278,0.903,1.022
1.368,1.506,1.274,1.195,1.331,1.313,1.278,0.903,1.022,1.338
1.506,1.274,1.195,1.331,1.313,1.278,0.903,1.022,1.338,1.076
1.274,1.195,1.331,1.313,1.278,0.903,1.022,1.338,1.076,0.887
1.195,1.331,1.313,1.278,0.903,1.022,1.338,1.076,0.887,0.879
1.331,1.313,1.278,0.903,1.022,1.338,1.076,0.887,0.879,1.017
1.313,1.278,0.903,1.022,1.338,1.076,0.887,0.879,1.017,1.268
1.278,0.903,1.022,1.338,1.076,0.887,0.879,1.017,1.268,1.948
0.903,1.022,1.338,1.076,0.887,0.879,1.017,1.268,1.948,4.521
1.022,1.338,1.076,0.887,0.879,1.017,1.268,1.948,4.521,10.1
1.338,1.076,0.887,0.879,1.017,1.268,1.948,4.521,10.1,19.215
1.076,0.887,0.879,1.017,1.268,1.948,4.521,10.1,19.215,9.695
0.887,0.879,1.017,1.268,1.948,4.521,10.1,19.215,9.695,7.258
0.879,1.017,1.268,1.948,4.521,10.1,19.215,9.695,7.258,4.127
1.017,1.268,1.948,4.521,10.1,19.215,9.695,7.258,4.127,3.65
1.268,1.948,4.521,10.1,19.215,9.695,7.258,4.127,3.65,4.332
1.948,4.521,10.1,19.215,9.695,7.258,4.127,3.65,4.332,3.88
4.521,10.1,19.215,9.695,7.258,4.127,3.65,4.332,3.88,3.807
10.1,19.215,9.695,7.258,4.127,3.65,4.332,3.88,3.807,11.768
19.215,9.695,7.258,4.127,3.65,4.332,3.88,3.807,11.768,10.518
9.695,7.258,4.127,3.65,4.332,3.88,3.807,11.768,10.518,9.255
7.258,4.127,3.65,4.332,3.88,3.807,11.768,10.518,9.255,11.789
4.127,3.65,4.332,3.88,3.807,11.768,10.518,9.255,11.789,19.405
3.65,4.332,3.88,3.807,11.768,10.518,9.255,11.789,19.405,18.586
4.332,3.88,3.807,11.768,10.518,9.255,11.789,19.405,18.586,12.424
3.88,3.807,11.768,10.518,9.255,11.789,19.405,18.586,12.424,9.669
3.807,11.768,10.518,9.255,11.789,19.405,18.586,12.424,9.669,7.918
11.768,10.518,9.255,11.789,19.405,18.586,12.424,9.669,7.918,7.251
10.518,9.255,11.789,19.405,18.586,12.424,9.669,7.918,7.251,6.574
9.255,11.789,19.405,18.586,12.424,9.669,7.918,7.251,6.574,5.798
11.789,19.405,18.586,12.424,9.669,7.918,7.251,6.574,5.798,5.27
19.405,18.586,12.424,9.669,7.918,7.251,6.574,5.798,5.27,4.747
18.586,12.424,9.669,7.918,7.251,6.574,5.798,5.27,4.747,4.106
12.424,9.669,7.918,7.251,6.574,5.798,5.27,4.747,4.106,3.653
9.669,7.918,7.251,6.574,5.798,5.27,4.747,4.106,3.653,3.42
7.918,7.251,6.574,5.798,5.27,4.747,4.106,3.653,3.42,3.183
7.251,6.574,5.798,5.27,4.747,4.106,3.653,3.42,3.183,2.99
6.574,5.798,5.27,4.747,4.106,3.653,3.42,3.183,2.99,2.856
5.798,5.27,4.747,4.106,3.653,3.42,3.183,2.99,2.856,2.77
5.27,4.747,4.106,3.653,3.42,3.183,2.99,2.856,2.77,2.668
4.747,4.106,3.653,3.42,3.183,2.99,2.856,2.77,2.668,4.931
4.106,3.653,3.42,3.183,2.99,2.856,2.77,2.668,4.931,13.877
3.653,3.42,3.183,2.99,2.856,2.77,2.668,4.931,13.877,9.447
3.42,3.183,2.99,2.856,2.77,2.668,4.931,13.877,9.447,7.97
3.183,2.99,2.856,2.77,2.668,4.931,13.877,9.447,7.97,6.745
2.99,2.856,2.77,2.668,4.931,13.877,9.447,7.97,6.745,5.599
2.856,2.77,2.668,4.931,13.877,9.447,7.97,6.745,5.599,5.131
2.77,2.668,4.931,13.877,9.447,7.97,6.745,5.599,5.131,4.472
2.668,4.931,13.877,9.447,7.97,6.745,5.599,5.131,4.472,4.35
4.931,13.877,9.447,7.97,6.745,5.599,5.131,4.472,4.35,4.582
13.877,9.447,7.97,6.745,5.599,5.131,4.472,4.35,4.582,5.654
9.447,7.97,6.745,5.599,5.131,4.472,4.35,4.582,5.654,6.565
7.97,6.745,5.599,5.131,4.472,4.35,4.582,5.654,6.565,6.54
6.745,5.599,5.131,4.472,4.35,4.582,5.654,6.565,6.54,6.036
5.599,5.131,4.472,4.35,4.582,5.654,6.565,6.54,6.036,5.994
5.131,4.472,4.35,4.582,5.654,6.565,6.54,6.036,5.994,5.278
4.472,4.35,4.582,5.654,6.565,6.54,6.036,5.994,5.278,4.522
4.35,4.582,5.654,6.565,6.54,6.036,5.994,5.278,4.522,3.622
4.582,5.654,6.565,6.54,6.036,5.994,5.278,4.522,3.622,4.055
5.654,6.565,6.54,6.036,5.994,5.278,4.522,3.622,4.055,3.211
6.565,6.54,6.036,5.994,5.278,4.522,3.622,4.055,3.211,3.481
6.54,6.036,5.994,5.278,4.522,3.622,4.055,3.211,3.481,8.757
6.036,5.994,5.278,4.522,3.622,4.055,3.211,3.481,8.757,6.192
5.994,5.278,4.522,3.622,4.055,3.211,3.481,8.757,6.192,5.051
5.278,4.522,3.622,4.055,3.211,3.481,8.757,6.192,5.051,4.882
4.522,3.622,4.055,3.211,3.481,8.757,6.192,5.051,4.882,4.48
3.622,4.055,3.211,3.481,8.757,6.192,5.051,4.882,4.48,4.627
4.055,3.211,3.481,8.757,6.192,5.051,4.882,4.48,4.627,5.139
3.211,3.481,8.757,6.192,5.051,4.882,4.48,4.627,5.139,4.5
3.481,8.757,6.192,5.051,4.882,4.48,4.627,5.139,4.5,4.2
8.757,6.192,5.051,4.882,4.48,4.627,5.139,4.5,4.2,4.095
6.192,5.051,4.882,4.48,4.627,5.139,4.5,4.2,4.095,3.817
5.051,4.882,4.48,4.627,5.139,4.5,4.2,4.095,3.817,3.662
4.882,4.48,4.627,5.139,4.5,4.2,4.095,3.817,3.662,3.4
4.48,4.627,5.139,4.5,4.2,4.095,3.817,3.662,3.4,3.17
4.627,5.139,4.5,4.2,4.095,3.817,3.662,3.4,3.17,3
5.139,4.5,4.2,4.095,3.817,3.662,3.4,3.17,3,2.88
4.5,4.2,4.095,3.817,3.662,3.4,3.17,3,2.88,2.725
4.2,4.095,3.817,3.662,3.4,3.17,3,2.88,2.725,2.867
4.095,3.817,3.662,3.4,3.17,3,2.88,2.725,2.867,2.717
3.817,3.662,3.4,3.17,3,2.88,2.725,2.867,2.717,2.452
3.662,3.4,3.17,3,2.88,2.725,2.867,2.717,2.452,2.675
3.4,3.17,3,2.88,2.725,2.867,2.717,2.452,2.675,2.847
3.17,3,2.88,2.725,2.867,2.717,2.452,2.675,2.847,3.158
3,2.88,2.725,2.867,2.717,2.452,2.675,2.847,3.158,3.347
2.88,2.725,2.867,2.717,2.452,2.675,2.847,3.158,3.347,4.081
2.725,2.867,2.717,2.452,2.675,2.847,3.158,3.347,4.081,3.615
2.867,2.717,2.452,2.675,2.847,3.158,3.347,4.081,3.615,2.982
2.717,2.452,2.675,2.847,3.158,3.347,4.081,3.615,2.982,2.628
2.452,2.675,2.847,3.158,3.347,4.081,3.615,2.982,2.628,2.454
2.675,2.847,3.158,3.347,4.081,3.615,2.982,2.628,2.454,2.351
2.847,3.158,3.347,4.081,3.615,2.982,2.628,2.454,2.351,3.1
3.158,3.347,4.081,3.615,2.982,2.628,2.454,2.351,3.1,2.652
3.347,4.081,3.615,2.982,2.628,2.454,2.351,3.1,2.652,2.359
4.081,3.615,2.982,2.628,2.454,2.351,3.1,2.652,2.359,2.117
3.615,2.982,2.628,2.454,2.351,3.1,2.652,2.359,2.117,1.961
2.982,2.628,2.454,2.351,3.1,2.652,2.359,2.117,1.961,1.745
2.628,2.454,2.351,3.1,2.652,2.359,2.117,1.961,1.745,1.7
2.454,2.351,3.1,2.652,2.359,2.117,1.961,1.745,1.7,1.921
2.351,3.1,2.652,2.359,2.117,1.961,1.745,1.7,1.921,1.905
3.1,2.652,2.359,2.117,1.961,1.745,1.7,1.921,1.905,1.596
2.652,2.359,2.117,1.961,1.745,1.7,1.921,1.905,1.596,1.336
2.359,2.117,1.961,1.745,1.7,1.921,1.905,1.596,1.336,1.238
2.117,1.961,1.745,1.7,1.921,1.905,1.596,1.336,1.238,1.166
1.961,1.745,1.7,1.921,1.905,1.596,1.336,1.238,1.166,1.103
1.745,1.7,1.921,1.905,1.596,1.336,1.238,1.166,1.103,1.132
1.7,1.921,1.905,1.596,1.336,1.238,1.166,1.103,1.132,1.179
1.921,1.905,1.596,1.336,1.238,1.166,1.103,1.132,1.179,1.191
1.905,1.596,1.336,1.238,1.166,1.103,1.132,1.179,1.191,1.152
1.596,1.336,1.238,1.166,1.103,1.132,1.179,1.191,1.152,1.062
1.336,1.238,1.166,1.103,1.132,1.179,1.191,1.152,1.062,0.96
1.238,1.166,1.103,1.132,1.179,1.191,1.152,1.062,0.96,0.885
1.166,1.103,1.132,1.179,1.191,1.152,1.062,0.96,0.885,0.849
1.103,1.132,1.179,1.191,1.152,1.062,0.96,0.885,0.849,0.837
1.132,1.179,1.191,1.152,1.062,0.96,0.885,0.849,0.837,0.828
1.179,1.191,1.152,1.062,0.96,0.885,0.849,0.837,0.828,0.771
1.191,1.152,1.062,0.96,0.885,0.849,0.837,0.828,0.771,0.757
1.152,1.062,0.96,0.885,0.849,0.837,0.828,0.771,0.757,0.732
1.062,0.96,0.885,0.849,0.837,0.828,0.771,0.757,0.732,0.718
0.96,0.885,0.849,0.837,0.828,0.771,0.757,0.732,0.718,0.694
0.885,0.849,0.837,0.828,0.771,0.757,0.732,0.718,0.694,0.672
0.849,0.837,0.828,0.771,0.757,0.732,0.718,0.694,0.672,0.647
0.837,0.828,0.771,0.757,0.732,0.718,0.694,0.672,0.647,0.61
0.828,0.771,0.757,0.732,0.718,0.694,0.672,0.647,0.61,0.59
0.771,0.757,0.732,0.718,0.694,0.672,0.647,0.61,0.59,0.549
0.757,0.732,0.718,0.694,0.672,0.647,0.61,0.59,0.549,0.536
0.732,0.718,0.694,0.672,0.647,0.61,0.59,0.549,0.536,0.507
0.718,0.694,0.672,0.647,0.61,0.59,0.549,0.536,0.507,0.468
0.694,0.672,0.647,0.61,0.59,0.549,0.536,0.507,0.468,0.436
0.672,0.647,0.61,0.59,0.549,0.536,0.507,0.468,0.436,0.423
0.647,0.61,0.59,0.549,0.536,0.507,0.468,0.436,0.423,0.424
0.61,0.59,0.549,0.536,0.507,0.468,0.436,0.423,0.424,0.452
0.59,0.549,0.536,0.507,0.468,0.436,0.423,0.424,0.452,0.442
0.549,0.536,0.507,0.468,0.436,0.423,0.424,0.452,0.442,0.423
0.536,0.507,0.468,0.436,0.423,0.424,0.452,0.442,0.423,0.48
0.507,0.468,0.436,0.423,0.424,0.452,0.442,0.423,0.48,0.498
0.468,0.436,0.423,0.424,0.452,0.442,0.423,0.48,0.498,0.49
0.436,0.423,0.424,0.452,0.442,0.423,0.48,0.498,0.49,0.486
0.423,0.424,0.452,0.442,0.423,0.48,0.498,0.49,0.486,0.564
0.424,0.452,0.442,0.423,0.48,0.498,0.49,0.486,0.564,0.609
0.452,0.442,0.423,0.48,0.498,0.49,0.486,0.564,0.609,0.565
0.442,0.423,0.48,0.498,0.49,0.486,0.564,0.609,0.565,0.524
0.423,0.48,0.498,0.49,0.486,0.564,0.609,0.565,0.524,0.487
0.48,0.498,0.49,0.486,0.564,0.609,0.565,0.524,0.487,0.464
0.498,0.49,0.486,0.564,0.609,0.565,0.524,0.487,0.464,0.452
0.49,0.486,0.564,0.609,0.565,0.524,0.487,0.464,0.452,0.445
0.486,0.564,0.609,0.565,0.524,0.487,0.464,0.452,0.445,0.389
0.564,0.609,0.565,0.524,0.487,0.464,0.452,0.445,0.389,0.365
0.609,0.565,0.524,0.487,0.464,0.452,0.445,0.389,0.365,0.339
0.565,0.524,0.487,0.464,0.452,0.445,0.389,0.365,0.339,0.379
0.524,0.487,0.464,0.452,0.445,0.389,0.365,0.339,0.379,0.397
0.487,0.464,0.452,0.445,0.389,0.365,0.339,0.379,0.397,0.409
0.464,0.452,0.445,0.389,0.365,0.339,0.379,0.397,0.409,0.426
0.452,0.445,0.389,0.365,0.339,0.379,0.397,0.409,0.426,0.427
0.445,0.389,0.365,0.339,0.379,0.397,0.409,0.426,0.427,0.435
0.389,0.365,0.339,0.379,0.397,0.409,0.426,0.427,0.435,0.434
0.365,0.339,0.379,0.397,0.409,0.426,0.427,0.435,0.434,0.435
0.339,0.379,0.397,0.409,0.426,0.427,0.435,0.434,0.435,0.437
0.379,0.397,0.409,0.426,0.427,0.435,0.434,0.435,0.437,0.438
0.397,0.409,0.426,0.427,0.435,0.434,0.435,0.437,0.438,0.438
0.409,0.426,0.427,0.435,0.434,0.435,0.437,0.438,0.438,0.435
0.426,0.427,0.435,0.434,0.435,0.437,0.438,0.438,0.435,0.437
0.427,0.435,0.434,0.435,0.437,0.438,0.438,0.435,0.437,0.442
0.435,0.434,0.435,0.437,0.438,0.438,0.435,0.437,0.442,0.442
0.434,0.435,0.437,0.438,0.438,0.435,0.437,0.442,0.442,0.445
0.435,0.437,0.438,0.438,0.435,0.437,0.442,0.442,0.445,0.649
0.437,0.438,0.438,0.435,0.437,0.442,0.442,0.445,0.649,0.96
0.438,0.438,0.435,0.437,0.442,0.442,0.445,0.649,0.96,0.897
0.438,0.435,0.437,0.442,0.442,0.445,0.649,0.96,0.897,1.068
0.435,0.437,0.442,0.442,0.445,0.649,0.96,0.897,1.068,1.383
0.437,0.442,0.442,0.445,0.649,0.96,0.897,1.068,1.383,1.242
0.442,0.442,0.445,0.649,0.96,0.897,1.068,1.383,1.242,0.786
0.442,0.445,0.649,0.96,0.897,1.068,1.383,1.242,0.786,0.897
0.445,0.649,0.96,0.897,1.068,1.383,1.242,0.786,0.897,0.768
0.649,0.96,0.897,1.068,1.383,1.242,0.786,0.897,0.768,0.677
0.96,0.897,1.068,1.383,1.242,0.786,0.897,0.768,0.677,0.613
0.897,1.068,1.383,1.242,0.786,0.897,0.768,0.677,0.613,0.561
1.068,1.383,1.242,0.786,0.897,0.768,0.677,0.613,0.561,0.526
1.383,1.242,0.786,0.897,0.768,0.677,0.613,0.561,0.526,0.521
1.242,0.786,0.897,0.768,0.677,0.613,0.561,0.526,0.521,0.541
0.786,0.897,0.768,0.677,0.613,0.561,0.526,0.521,0.541,0.532
0.897,0.768,0.677,0.613,0.561,0.526,0.521,0.541,0.532,0.515
0.768,0.677,0.613,0.561,0.526,0.521,0.541,0.532,0.515,0.489
0.677,0.613,0.561,0.526,0.521,0.541,0.532,0.515,0.489,0.473
0.613,0.561,0.526,0.521,0.541,0.532,0.515,0.489,0.473,0.476
0.561,0.526,0.521,0.541,0.532,0.515,0.489,0.473,0.476,0.475
0.526,0.521,0.541,0.532,0.515,0.489,0.473,0.476,0.475,0.473
0.521,0.541,0.532,0.515,0.489,0.473,0.476,0.475,0.473,0.475
0.541,0.532,0.515,0.489,0.473,0.476,0.475,0.473,0.475,0.476
0.532,0.515,0.489,0.473,0.476,0.475,0.473,0.475,0.476,0.475
0.515,0.489,0.473,0.476,0.475,0.473,0.475,0.476,0.475,0.472
0.489,0.473,0.476,0.475,0.473,0.475,0.476,0.475,0.472,0.47
0.473,0.476,0.475,0.473,0.475,0.476,0.475,0.472,0.47,0.472
0.476,0.475,0.473,0.475,0.476,0.475,0.472,0.47,0.472,0.479
0.475,0.473,0.475,0.476,0.475,0.472,0.47,0.472,0.479,0.477
0.473,0.475,0.476,0.475,0.472,0.47,0.472,0.479,0.477,0.473
0.475,0.476,0.475,0.472,0.47,0.472,0.479,0.477,0.473,0.887
0.476,0.475,0.472,0.47,0.472,0.479,0.477,0.473,0.887,0.791
0.475,0.472,0.47,0.472,0.479,0.477,0.473,0.887,0.791,0.641
0.472,0.47,0.472,0.479,0.477,0.473,0.887,0.791,0.641,0.635
0.47,0.472,0.479,0.477,0.473,0.887,0.791,0.641,0.635,0.612
0.472,0.479,0.477,0.473,0.887,0.791,0.641,0.635,0.612,0.62
0.479,0.477,0.473,0.887,0.791,0.641,0.635,0.612,0.62,0.651
0.477,0.473,0.887,0.791,0.641,0.635,0.612,0.62,0.651,0.592
0.473,0.887,0.791,0.641,0.635,0.612,0.62,0.651,0.592,0.62
0.887,0.791,0.641,0.635,0.612,0.62,0.651,0.592,0.62,0.669
0.791,0.641,0.635,0.612,0.62,0.651,0.592,0.62,0.669,0.662
0.641,0.635,0.612,0.62,0.651,0.592,0.62,0.669,0.662,0.722
0.635,0.612,0.62,0.651,0.592,0.62,0.669,0.662,0.722,0.653
0.612,0.62,0.651,0.592,0.62,0.669,0.662,0.722,0.653,0.613
0.62,0.651,0.592,0.62,0.669,0.662,0.722,0.653,0.613,0.573
0.651,0.592,0.62,0.669,0.662,0.722,0.653,0.613,0.573,0.55
0.592,0.62,0.669,0.662,0.722,0.653,0.613,0.573,0.55,0.52
0.62,0.669,0.662,0.722,0.653,0.613,0.573,0.55,0.52,0.511
0.669,0.662,0.722,0.653,0.613,0.573,0.55,0.52,0.511,0.51
0.662,0.722,0.653,0.613,0.573,0.55,0.52,0.511,0.51,0.51
0.722,0.653,0.613,0.573,0.55,0.52,0.511,0.51,0.51,0.501
0.653,0.613,0.573,0.55,0.52,0.511,0.51,0.51,0.501,0.504
0.613,0.573,0.55,0.52,0.511,0.51,0.51,0.501,0.504,0.501
0.573,0.55,0.52,0.511,0.51,0.51,0.501,0.504,0.501,0.498
0.55,0.52,0.511,0.51,0.51,0.501,0.504,0.501,0.498,0.495
0.52,0.511,0.51,0.51,0.501,0.504,0.501,0.498,0.495,0.495
0.511,0.51,0.51,0.501,0.504,0.501,0.498,0.495,0.495,0.495
0.51,0.51,0.501,0.504,0.501,0.498,0.495,0.495,0.495,0.487
0.51,0.501,0.504,0.501,0.498,0.495,0.495,0.495,0.487,0.482
0.501,0.504,0.501,0.498,0.495,0.495,0.495,0.487,0.482,0.485
0.504,0.501,0.498,0.495,0.495,0.495,0.487,0.482,0.485,0.482
0.501,0.498,0.495,0.495,0.495,0.487,0.482,0.485,0.482,0.483
0.498,0.495,0.495,0.495,0.487,0.482,0.485,0.482,0.483,0.478
0.495,0.495,0.495,0.487,0.482,0.485,0.482,0.483,0.478,0.473
0.495,0.495,0.487,0.482,0.485,0.482,0.483,0.478,0.473,0.472
0.495,0.487,0.482,0.485,0.482,0.483,0.478,0.473,0.472,0.466
0.487,0.482,0.485,0.482,0.483,0.478,0.473,0.472,0.466,0.467
0.482,0.485,0.482,0.483,0.478,0.473,0.472,0.466,0.467,0.459
0.485,0.482,0.483,0.478,0.473,0.472,0.466,0.467,0.459,0.457
0.482,0.483,0.478,0.473,0.472,0.466,0.467,0.459,0.457,0.457
0.483,0.478,0.473,0.472,0.466,0.467,0.459,0.457,0.457,0.452
0.478,0.473,0.472,0.466,0.467,0.459,0.457,0.457,0.452,0.45
0.473,0.472,0.466,0.467,0.459,0.457,0.457,0.452,0.45,0.45
0.472,0.466,0.467,0.459,0.457,0.457,0.452,0.45,0.45,0.453
0.466,0.467,0.459,0.457,0.457,0.452,0.45,0.45,0.453,0.455
0.467,0.459,0.457,0.457,0.452,0.45,0.45,0.453,0.455,0.455
0.459,0.457,0.457,0.452,0.45,0.45,0.453,0.455,0.455,0.455
0.457,0.457,0.452,0.45,0.45,0.453,0.455,0.455,0.455,0.452
0.457,0.452,0.45,0.45,0.453,0.455,0.455,0.455,0.452,0.451
0.452,0.45,0.45,0.453,0.455,0.455,0.455,0.452,0.451,0.447
0.45,0.45,0.453,0.455,0.455,0.455,0.452,0.451,0.447,0.451
0.45,0.453,0.455,0.455,0.455,0.452,0.451,0.447,0.451,0.454
0.453,0.455,0.455,0.455,0.452,0.451,0.447,0.451,0.454,0.462
0.455,0.455,0.455,0.452,0.451,0.447,0.451,0.454,0.462,0.649
0.455,0.455,0.452,0.451,0.447,0.451,0.454,0.462,0.649,0.892
0.455,0.452,0.451,0.447,0.451,0.454,0.462,0.649,0.892,0.889
0.452,0.451,0.447,0.451,0.454,0.462,0.649,0.892,0.889,0.84
0.451,0.447,0.451,0.454,0.462,0.649,0.892,0.889,0.84,0.949
0.447,0.451,0.454,0.462,0.649,0.892,0.889,0.84,0.949,1.003
0.451,0.454,0.462,0.649,0.892,0.889,0.84,0.949,1.003,1.013
0.454,0.462,0.649,0.892,0.889,0.84,0.949,1.003,1.013,0.803
0.462,0.649,0.892,0.889,0.84,0.949,1.003,1.013,0.803,0.732
0.649,0.892,0.889,0.84,0.949,1.003,1.013,0.803,0.732,0.696
0.892,0.889,0.84,0.949,1.003,1.013,0.803,0.732,0.696,0.655
0.889,0.84,0.949,1.003,1.013,0.803,0.732,0.696,0.655,0.627
0.84,0.949,1.003,1.013,0.803,0.732,0.696,0.655,0.627,0.608
0.949,1.003,1.013,0.803,0.732,0.696,0.655,0.627,0.608,0.6
1.003,1.013,0.803,0.732,0.696,0.655,0.627,0.608,0.6,0.593
1.013,0.803,0.732,0.696,0.655,0.627,0.608,0.6,0.593,0.6
0.803,0.732,0.696,0.655,0.627,0.608,0.6,0.593,0.6,0.584
0.732,0.696,0.655,0.627,0.608,0.6,0.593,0.6,0.584,0.386
0.696,0.655,0.627,0.608,0.6,0.593,0.6,0.584,0.386,0.498
0.655,0.627,0.608,0.6,0.593,0.6,0.584,0.386,0.498,0.55
0.627,0.608,0.6,0.593,0.6,0.584,0.386,0.498,0.55,0.65
0.608,0.6,0.593,0.6,0.584,0.386,0.498,0.55,0.65,0.75
0.6,0.593,0.6,0.584,0.386,0.498,0.55,0.65,0.75,0.749
0.593,0.6,0.584,0.386,0.498,0.55,0.65,0.75,0.749,0.682
0.6,0.584,0.386,0.498,0.55,0.65,0.75,0.749,0.682,0.473
0.584,0.386,0.498,0.55,0.65,0.75,0.749,0.682,0.473,0.466
0.386,0.498,0.55,0.65,0.75,0.749,0.682,0.473,0.466,0.466
0.498,0.55,0.65,0.75,0.749,0.682,0.473,0.466,0.466,0.426
0.55,0.65,0.75,0.749,0.682,0.473,0.466,0.466,0.426,0.366
0.65,0.75,0.749,0.682,0.473,0.466,0.466,0.426,0.366,0.396
0.75,0.749,0.682,0.473,0.466,0.466,0.426,0.366,0.396,0.477
0.749,0.682,0.473,0.466,0.466,0.426,0.366,0.396,0.477,0.666
0.682,0.473,0.466,0.466,0.426,0.366,0.396,0.477,0.666,0.605
0.473,0.466,0.466,0.426,0.366,0.396,0.477,0.666,0.605,0.745
0.466,0.466,0.426,0.366,0.396,0.477,0.666,0.605,0.745,0.496
0.466,0.426,0.366,0.396,0.477,0.666,0.605,0.745,0.496,0.523
0.426,0.366,0.396,0.477,0.666,0.605,0.745,0.496,0.523,0.93
0.366,0.396,0.477,0.666,0.605,0.745,0.496,0.523,0.93,0.917
0.396,0.477,0.666,0.605,0.745,0.496,0.523,0.93,0.917,0.964
0.477,0.666,0.605,0.745,0.496,0.523,0.93,0.917,0.964,0.789
0.666,0.605,0.745,0.496,0.523,0.93,0.917,0.964,0.789,0.453
0.605,0.745,0.496,0.523,0.93,0.917,0.964,0.789,0.453,0.345
0.745,0.496,0.523,0.93,0.917,0.964,0.789,0.453,0.345,0.588
0.496,0.523,0.93,0.917,0.964,0.789,0.453,0.345,0.588,0.565
0.523,0.93,0.917,0.964,0.789,0.453,0.345,0.588,0.565,0.45
0.93,0.917,0.964,0.789,0.453,0.345,0.588,0.565,0.45,0.45
0.917,0.964,0.789,0.453,0.345,0.588,0.565,0.45,0.45,0.59
0.964,0.789,0.453,0.345,0.588,0.565,0.45,0.45,0.59,0.417
0.789,0.453,0.345,0.588,0.565,0.45,0.45,0.59,0.417,0.442
0.453,0.345,0.588,0.565,0.45,0.45,0.59,0.417,0.442,0.345
0.345,0.588,0.565,0.45,0.45,0.59,0.417,0.442,0.345,0.52
0.588,0.565,0.45,0.45,0.59,0.417,0.442,0.345,0.52,0.544
0.565,0.45,0.45,0.59,0.417,0.442,0.345,0.52,0.544,0.53
0.45,0.45,0.59,0.417,0.442,0.345,0.52,0.544,0.53,0.529
0.45,0.59,0.417,0.442,0.345,0.52,0.544,0.53,0.529,0.5
0.59,0.417,0.442,0.345,0.52,0.544,0.53,0.529,0.5,0.478
0.417,0.442,0.345,0.52,0.544,0.53,0.529,0.5,0.478,0.439
0.442,0.345,0.52,0.544,0.53,0.529,0.5,0.478,0.439,0.489
0.345,0.52,0.544,0.53,0.529,0.5,0.478,0.439,0.489,0.431
0.52,0.544,0.53,0.529,0.5,0.478,0.439,0.489,0.431,0.485
0.544,0.53,0.529,0.5,0.478,0.439,0.489,0.431,0.485,0.597
0.53,0.529,0.5,0.478,0.439,0.489,0.431,0.485,0.597,0.513
0.529,0.5,0.478,0.439,0.489,0.431,0.485,0.597,0.513,1.947
0.5,0.478,0.439,0.489,0.431,0.485,0.597,0.513,1.947,2.387
0.478,0.439,0.489,0.431,0.485,0.597,0.513,1.947,2.387,1.555
0.439,0.489,0.431,0.485,0.597,0.513,1.947,2.387,1.555,1.104
0.489,0.431,0.485,0.597,0.513,1.947,2.387,1.555,1.104,0.78
0.431,0.485,0.597,0.513,1.947,2.387,1.555,1.104,0.78,0.45
0.485,0.597,0.513,1.947,2.387,1.555,1.104,0.78,0.45,0.908
0.597,0.513,1.947,2.387,1.555,1.104,0.78,0.45,0.908,0.382
0.513,1.947,2.387,1.555,1.104,0.78,0.45,0.908,0.382,0.417
1.947,2.387,1.555,1.104,0.78,0.45,0.908,0.382,0.417,0.521
2.387,1.555,1.104,0.78,0.45,0.908,0.382,0.417,0.521,0.54
1.555,1.104,0.78,0.45,0.908,0.382,0.417,0.521,0.54,0.525
1.104,0.78,0.45,0.908,0.382,0.417,0.521,0.54,0.525,0.513
0.78,0.45,0.908,0.382,0.417,0.521,0.54,0.525,0.513,1.436
0.45,0.908,0.382,0.417,0.521,0.54,0.525,0.513,1.436,1.161
0.908,0.382,0.417,0.521,0.54,0.525,0.513,1.436,1.161,1.1
0.382,0.417,0.521,0.54,0.525,0.513,1.436,1.161,1.1,1.913
0.417,0.521,0.54,0.525,0.513,1.436,1.161,1.1,1.913,1.436
0.521,0.54,0.525,0.513,1.436,1.161,1.1,1.913,1.436,1.161
0.54,0.525,0.513,1.436,1.161,1.1,1.913,1.436,1.161,1.1
0.525,0.513,1.436,1.161,1.1,1.913,1.436,1.161,1.1,0.818
0.513,1.436,1.161,1.1,1.913,1.436,1.161,1.1,0.818,0.818
1.436,1.161,1.1,1.913,1.436,1.161,1.1,0.818,0.818,1.575
1.161,1.1,1.913,1.436,1.161,1.1,0.818,0.818,1.575,1.736
1.1,1.913,1.436,1.161,1.1,0.818,0.818,1.575,1.736,1.55
1.913,1.436,1.161,1.1,0.818,0.818,1.575,1.736,1.55,1.559
1.436,1.161,1.1,0.818,0.818,1.575,1.736,1.55,1.559,1.51
1.161,1.1,0.818,0.818,1.575,1.736,1.55,1.559,1.51,2.03
1.1,0.818,0.818,1.575,1.736,1.55,1.559,1.51,2.03,1.55
0.818,0.818,1.575,1.736,1.55,1.559,1.51,2.03,1.55,1.284
0.818,1.575,1.736,1.55,1.559,1.51,2.03,1.55,1.284,1.171
1.575,1.736,1.55,1.559,1.51,2.03,1.55,1.284,1.171,0.731
1.736,1.55,1.559,1.51,2.03,1.55,1.284,1.171,0.731,0.818
1.55,1.559,1.51,2.03,1.55,1.284,1.171,0.731,0.818,0.533
1.559,1.51,2.03,1.55,1.284,1.171,0.731,0.818,0.533,0.772
1.51,2.03,1.55,1.284,1.171,0.731,0.818,0.533,0.772,0.962
2.03,1.55,1.284,1.171,0.731,0.818,0.533,0.772,0.962,1.2
1.55,1.284,1.171,0.731,0.818,0.533,0.772,0.962,1.2,1.487
1.284,1.171,0.731,0.818,0.533,0.772,0.962,1.2,1.487,1.284
1.171,0.731,0.818,0.533,0.772,0.962,1.2,1.487,1.284,1.284
0.731,0.818,0.533,0.772,0.962,1.2,1.487,1.284,1.284,1.324
0.818,0.533,0.772,0.962,1.2,1.487,1.284,1.284,1.324,0.962
0.533,0.772,0.962,1.2,1.487,1.284,1.284,1.324,0.962,0.962
0.772,0.962,1.2,1.487,1.284,1.284,1.324,0.962,0.962,0.962
0.962,1.2,1.487,1.284,1.284,1.324,0.962,0.962,0.962,0.962
1.2,1.487,1.284,1.284,1.324,0.962,0.962,0.962,0.962,0.962
1.487,1.284,1.284,1.324,0.962,0.962,0.962,0.962,0.962,0.962
1.284,1.284,1.324,0.962,0.962,0.962,0.962,0.962,0.962,0.69
1.284,1.324,0.962,0.962,0.962,0.962,0.962,0.962,0.69,0.677
1.324,0.962,0.962,0.962,0.962,0.962,0.962,0.69,0.677,0.837
0.962,0.962,0.962,0.962,0.962,0.962,0.69,0.677,0.837,0.69
0.962,0.962,0.962,0.962,0.962,0.69,0.677,0.837,0.69,0.871
0.962,0.962,0.962,0.962,0.69,0.677,0.837,0.69,0.871,0.634
0.962,0.962,0.962,0.69,0.677,0.837,0.69,0.871,0.634,0.636
0.962,0.962,0.69,0.677,0.837,0.69,0.871,0.634,0.636,0.708
0.962,0.69,0.677,0.837,0.69,0.871,0.634,0.636,0.708,0.741
0.69,0.677,0.837,0.69,0.871,0.634,0.636,0.708,0.741,0.95
0.677,0.837,0.69,0.871,0.634,0.636,0.708,0.741,0.95,0.742
0.837,0.69,0.871,0.634,0.636,0.708,0.741,0.95,0.742,0.756
0.69,0.871,0.634,0.636,0.708,0.741,0.95,0.742,0.756,0.806
0.871,0.634,0.636,0.708,0.741,0.95,0.742,0.756,0.806,0.795
0.634,0.636,0.708,0.741,0.95,0.742,0.756,0.806,0.795,0.806
0.636,0.708,0.741,0.95,0.742,0.756,0.806,0.795,0.806,0.859
0.708,0.741,0.95,0.742,0.756,0.806,0.795,0.806,0.859,2.03
0.741,0.95,0.742,0.756,0.806,0.795,0.806,0.859,2.03,2.345
0.95,0.742,0.756,0.806,0.795,0.806,0.859,2.03,2.345,1.736
0.742,0.756,0.806,0.795,0.806,0.859,2.03,2.345,1.736,1.55
0.756,0.806,0.795,0.806,0.859,2.03,2.345,1.736,1.55,1.55
0.806,0.795,0.806,0.859,2.03,2.345,1.736,1.55,1.55,1.917
0.795,0.806,0.859,2.03,2.345,1.736,1.55,1.55,1.917,1.552
0.806,0.859,2.03,2.345,1.736,1.55,1.55,1.917,1.552,1.325
0.859,2.03,2.345,1.736,1.55,1.55,1.917,1.552,1.325,1.2
2.03,2.345,1.736,1.55,1.55,1.917,1.552,1.325,1.2,1.04
2.345,1.736,1.55,1.55,1.917,1.552,1.325,1.2,1.04,1.04
1.736,1.55,1.55,1.917,1.552,1.325,1.2,1.04,1.04,1.049
1.55,1.55,1.917,1.552,1.325,1.2,1.04,1.04,1.049,0.985
1.55,1.917,1.552,1.325,1.2,1.04,1.04,1.049,0.985,0.926
1.917,1.552,1.325,1.2,1.04,1.04,1.049,0.985,0.926,0.962
1.552,1.325,1.2,1.04,1.04,1.049,0.985,0.926,0.962,0.878
1.325,1.2,1.04,1.04,1.049,0.985,0.926,0.962,0.878,0.962
1.2,1.04,1.04,1.049,0.985,0.926,0.962,0.878,0.962,0.962
1.04,1.04,1.049,0.985,0.926,0.962,0.878,0.962,0.962,1.187
1.04,1.049,0.985,0.926,0.962,0.878,0.962,0.962,1.187,1.263
1.049,0.985,0.926,0.962,0.878,0.962,0.962,1.187,1.263,1.284
0.985,0.926,0.962,0.878,0.962,0.962,1.187,1.263,1.284,1.55
0.926,0.962,0.878,0.962,0.962,1.187,1.263,1.284,1.55,6.048
0.962,0.878,0.962,0.962,1.187,1.263,1.284,1.55,6.048,5.364
0.878,0.962,0.962,1.187,1.263,1.284,1.55,6.048,5.364,4.17
0.962,0.962,1.187,1.263,1.284,1.55,6.048,5.364,4.17,3.454
0.962,1.187,1.263,1.284,1.55,6.048,5.364,4.17,3.454,2.885
1.187,1.263,1.284,1.55,6.048,5.364,4.17,3.454,2.885,2.493
1.263,1.284,1.55,6.048,5.364,4.17,3.454,2.885,2.493,2.558
1.284,1.55,6.048,5.364,4.17,3.454,2.885,2.493,2.558,2.236
1.55,6.048,5.364,4.17,3.454,2.885,2.493,2.558,2.236,2.641
6.048,5.364,4.17,3.454,2.885,2.493,2.558,2.236,2.641,3.238
5.364,4.17,3.454,2.885,2.493,2.558,2.236,2.641,3.238,3.454
4.17,3.454,2.885,2.493,2.558,2.236,2.641,3.238,3.454,4.616
3.454,2.885,2.493,2.558,2.236,2.641,3.238,3.454,4.616,3.552
2.885,2.493,2.558,2.236,2.641,3.238,3.454,4.616,3.552,3.039
2.493,2.558,2.236,2.641,3.238,3.454,4.616,3.552,3.039,2.666
2.558,2.236,2.641,3.238,3.454,4.616,3.552,3.039,2.666,2.342
2.236,2.641,3.238,3.454,4.616,3.552,3.039,2.666,2.342,2.236
2.641,3.238,3.454,4.616,3.552,3.039,2.666,2.342,2.236,1.935
3.238,3.454,4.616,3.552,3.039,2.666,2.342,2.236,1.935,1.74
3.454,4.616,3.552,3.039,2.666,2.342,2.236,1.935,1.74,1.55
4.616,3.552,3.039,2.666,2.342,2.236,1.935,1.74,1.55,1.55
3.552,3.039,2.666,2.342,2.236,1.935,1.74,1.55,1.55,1.55
3.039,2.666,2.342,2.236,1.935,1.74,1.55,1.55,1.55,1.736
2.666,2.342,2.236,1.935,1.74,1.55,1.55,1.55,1.736,1.593
2.342,2.236,1.935,1.74,1.55,1.55,1.55,1.736,1.593,1.48
2.236,1.935,1.74,1.55,1.55,1.55,1.736,1.593,1.48,1.376
1.935,1.74,1.55,1.55,1.55,1.736,1.593,1.48,1.376,1.284
1.74,1.55,1.55,1.55,1.736,1.593,1.48,1.376,1.284,1.284
1.55,1.55,1.55,1.736,1.593,1.48,1.376,1.284,1.284,1.46
1.55,1.55,1.736,1.593,1.48,1.376,1.284,1.284,1.46,1.319
1.55,1.736,1.593,1.48,1.376,1.284,1.284,1.46,1.319,1.2
1.736,1.593,1.48,1.376,1.284,1.284,1.46,1.319,1.2,1.2
1.593,1.48,1.376,1.284,1.284,1.46,1.319,1.2,1.2,1.2
1.48,1.376,1.284,1.284,1.46,1.319,1.2,1.2,1.2,1.082
1.376,1.284,1.284,1.46,1.319,1.2,1.2,1.2,1.082,1.04
1.284,1.284,1.46,1.319,1.2,1.2,1.2,1.082,1.04,0.962
1.284,1.46,1.319,1.2,1.2,1.2,1.082,1.04,0.962,1.285
1.46,1.319,1.2,1.2,1.2,1.082,1.04,0.962,1.285,1.955
1.319,1.2,1.2,1.2,1.082,1.04,0.962,1.285,1.955,1.481
1.2,1.2,1.2,1.082,1.04,0.962,1.285,1.955,1.481,1.2
1.2,1.2,1.082,1.04,0.962,1.285,1.955,1.481,1.2,1.098
1.2,1.082,1.04,0.962,1.285,1.955,1.481,1.2,1.098,0.916
1.082,1.04,0.962,1.285,1.955,1.481,1.2,1.098,0.916,0.818
1.04,0.962,1.285,1.955,1.481,1.2,1.098,0.916,0.818,0.818
0.962,1.285,1.955,1.481,1.2,1.098,0.916,0.818,0.818,0.815
1.285,1.955,1.481,1.2,1.098,0.916,0.818,0.818,0.815,0.69
1.955,1.481,1.2,1.098,0.916,0.818,0.818,0.815,0.69,0.69
1.481,1.2,1.098,0.916,0.818,0.818,0.815,0.69,0.69,0.635
1.2,1.098,0.916,0.818,0.818,0.815,0.69,0.69,0.635,0.635
1.098,0.916,0.818,0.818,0.815,0.69,0.69,0.635,0.635,0.635
0.916,0.818,0.818,0.815,0.69,0.69,0.635,0.635,0.635,0.533
0.818,0.818,0.815,0.69,0.69,0.635,0.635,0.635,0.533,0.635
0.818,0.815,0.69,0.69,0.635,0.635,0.635,0.533,0.635,0.635
0.815,0.69,0.69,0.635,0.635,0.635,0.533,0.635,0.635,0.635
0.69,0.69,0.635,0.635,0.635,0.533,0.635,0.635,0.635,0.635
0.69,0.635,0.635,0.635,0.533,0.635,0.635,0.635,0.635,0.533
0.635,0.635,0.635,0.533,0.635,0.635,0.635,0.635,0.533,0.533
0.635,0.635,0.533,0.635,0.635,0.635,0.635,0.533,0.533,0.69
0.635,0.533,0.635,0.635,0.635,0.635,0.533,0.533,0.69,1.284
0.533,0.635,0.635,0.635,0.635,0.533,0.533,0.69,1.284,0.818
0.635,0.635,0.635,0.635,0.533,0.533,0.69,1.284,0.818,0.921
0.635,0.635,0.635,0.533,0.533,0.69,1.284,0.818,0.921,0.718
0.635,0.635,0.533,0.533,0.69,1.284,0.818,0.921,0.718,0.633
0.635,0.533,0.533,0.69,1.284,0.818,0.921,0.718,0.633,0.533
0.533,0.533,0.69,1.284,0.818,0.921,0.718,0.633,0.533,0.524
0.533,0.69,1.284,0.818,0.921,0.718,0.633,0.533,0.524,0.5
0.69,1.284,0.818,0.921,0.718,0.633,0.533,0.524,0.5,0.405
1.284,0.818,0.921,0.718,0.633,0.533,0.524,0.5,0.405,0.449
0.818,0.921,0.718,0.633,0.533,0.524,0.5,0.405,0.449,0.441
0.921,0.718,0.633,0.533,0.524,0.5,0.405,0.449,0.441,0.482
0.718,0.633,0.533,0.524,0.5,0.405,0.449,0.441,0.482,0.411
0.633,0.533,0.524,0.5,0.405,0.449,0.441,0.482,0.411,0.408
0.533,0.524,0.5,0.405,0.449,0.441,0.482,0.411,0.408,0.408
0.524,0.5,0.405,0.449,0.441,0.482,0.411,0.408,0.408,0.408
0.5,0.405,0.449,0.441,0.482,0.411,0.408,0.408,0.408,0.408
0.405,0.449,0.441,0.482,0.411,0.408,0.408,0.408,0.408,0.405
0.449,0.441,0.482,0.411,0.408,0.408,0.408,0.408,0.405,0.407
0.441,0.482,0.411,0.408,0.408,0.408,0.408,0.405,0.407,0.407
0.482,0.411,0.408,0.408,0.408,0.408,0.405,0.407,0.407,0.405
0.411,0.408,0.408,0.408,0.408,0.405,0.407,0.407,0.405,0.407
0.408,0.408,0.408,0.408,0.405,0.407,0.407,0.405,0.407,0.435
0.408,0.408,0.408,0.405,0.407,0.407,0.405,0.407,0.435,0.412
0.408,0.408,0.405,0.407,0.407,0.405,0.407,0.435,0.412,0.405
0.408,0.405,0.407,0.407,0.405,0.407,0.435,0.412,0.405,0.405
0.405,0.407,0.407,0.405,0.407,0.435,0.412,0.405,0.405,0.515
0.407,0.407,0.405,0.407,0.435,0.412,0.405,0.405,0.515,0.474
0.407,0.405,0.407,0.435,0.412,0.405,0.405,0.515,0.474,0.48
0.405,0.407,0.435,0.412,0.405,0.405,0.515,0.474,0.48,0.486
0.407,0.435,0.412,0.405,0.405,0.515,0.474,0.48,0.486,0.486
0.435,0.412,0.405,0.405,0.515,0.474,0.48,0.486,0.486,0.478
0.412,0.405,0.405,0.515,0.474,0.48,0.486,0.486,0.478,0.303
0.405,0.405,0.515,0.474,0.48,0.486,0.486,0.478,0.303,0.303
0.405,0.515,0.474,0.48,0.486,0.486,0.478,0.303,0.303,0.325
0.515,0.474,0.48,0.486,0.486,0.478,0.303,0.303,0.325,0.303
0.474,0.48,0.486,0.486,0.478,0.303,0.303,0.325,0.303,0.634
0.48,0.486,0.486,0.478,0.303,0.303,0.325,0.303,0.634,0.303
0.486,0.486,0.478,0.303,0.303,0.325,0.303,0.634,0.303,0.332
0.486,0.478,0.303,0.303,0.325,0.303,0.634,0.303,0.332,1.313
0.478,0.303,0.303,0.325,0.303,0.634,0.303,0.332,1.313,2.342
0.303,0.303,0.325,0.303,0.634,0.303,0.332,1.313,2.342,1.2
0.303,0.325,0.303,0.634,0.303,0.332,1.313,2.342,1.2,0.636
0.325,0.303,0.634,0.303,0.332,1.313,2.342,1.2,0.636,0.634
0.303,0.634,0.303,0.332,1.313,2.342,1.2,0.636,0.634,0.503
0.634,0.303,0.332,1.313,2.342,1.2,0.636,0.634,0.503,0.879
0.303,0.332,1.313,2.342,1.2,0.636,0.634,0.503,0.879,1.16
0.332,1.313,2.342,1.2,0.636,0.634,0.503,0.879,1.16,1.144
1.313,2.342,1.2,0.636,0.634,0.503,0.879,1.16,1.144,0.97
2.342,1.2,0.636,0.634,0.503,0.879,1.16,1.144,0.97,0.748
1.2,0.636,0.634,0.503,0.879,1.16,1.144,0.97,0.748,0.671
0.636,0.634,0.503,0.879,1.16,1.144,0.97,0.748,0.671,0.664
0.634,0.503,0.879,1.16,1.144,0.97,0.748,0.671,0.664,0.667
0.503,0.879,1.16,1.144,0.97,0.748,0.671,0.664,0.667,0.379
0.879,1.16,1.144,0.97,0.748,0.671,0.664,0.667,0.379,0.393
1.16,1.144,0.97,0.748,0.671,0.664,0.667,0.379,0.393,0.601
1.144,0.97,0.748,0.671,0.664,0.667,0.379,0.393,0.601,0.542
0.97,0.748,0.671,0.664,0.667,0.379,0.393,0.601,0.542,0.405
0.748,0.671,0.664,0.667,0.379,0.393,0.601,0.542,0.405,0.435
0.671,0.664,0.667,0.379,0.393,0.601,0.542,0.405,0.435,0.438
0.664,0.667,0.379,0.393,0.601,0.542,0.405,0.435,0.438,0.274
0.667,0.379,0.393,0.601,0.542,0.405,0.435,0.438,0.274,0.274
0.379,0.393,0.601,0.542,0.405,0.435,0.438,0.274,0.274,0.303
0.393,0.601,0.542,0.405,0.435,0.438,0.274,0.274,0.303,0.727
0.601,0.542,0.405,0.435,0.438,0.274,0.274,0.303,0.727,0.888
0.542,0.405,0.435,0.438,0.274,0.274,0.303,0.727,0.888,1.095
0.405,0.435,0.438,0.274,0.274,0.303,0.727,0.888,1.095,1.309
0.435,0.438,0.274,0.274,0.303,0.727,0.888,1.095,1.309,1.2
0.438,0.274,0.274,0.303,0.727,0.888,1.095,1.309,1.2,1.758
0.274,0.274,0.303,0.727,0.888,1.095,1.309,1.2,1.758,1.979
0.274,0.303,0.727,0.888,1.095,1.309,1.2,1.758,1.979,2.56
0.303,0.727,0.888,1.095,1.309,1.2,1.758,1.979,2.56,1.783
0.727,0.888,1.095,1.309,1.2,1.758,1.979,2.56,1.783,1.281
0.888,1.095,1.309,1.2,1.758,1.979,2.56,1.783,1.281,0.532
1.095,1.309,1.2,1.758,1.979,2.56,1.783,1.281,0.532,0.509
1.309,1.2,1.758,1.979,2.56,1.783,1.281,0.532,0.509,0.405
1.2,1.758,1.979,2.56,1.783,1.281,0.532,0.509,0.405,0.486
1.758,1.979,2.56,1.783,1.281,0.532,0.509,0.405,0.486,0.41
1.979,2.56,1.783,1.281,0.532,0.509,0.405,0.486,0.41,0.342
2.56,1.783,1.281,0.532,0.509,0.405,0.486,0.41,0.342,0.353
1.783,1.281,0.532,0.509,0.405,0.486,0.41,0.342,0.353,0.634
1.281,0.532,0.509,0.405,0.486,0.41,0.342,0.353,0.634,0.536
0.532,0.509,0.405,0.486,0.41,0.342,0.353,0.634,0.536,0.402
0.509,0.405,0.486,0.41,0.342,0.353,0.634,0.536,0.402,0.332
0.405,0.486,0.41,0.342,0.353,0.634,0.536,0.402,0.332,0.313
0.486,0.41,0.342,0.353,0.634,0.536,0.402,0.332,0.313,0.303
0.41,0.342,0.353,0.634,0.536,0.402,0.332,0.313,0.303,0.532
0.342,0.353,0.634,0.536,0.402,0.332,0.313,0.303,0.532,0.558
0.353,0.634,0.536,0.402,0.332,0.313,0.303,0.532,0.558,0.532
0.634,0.536,0.402,0.332,0.313,0.303,0.532,0.558,0.532,0.41
0.536,0.402,0.332,0.313,0.303,0.532,0.558,0.532,0.41,0.369
0.402,0.332,0.313,0.303,0.532,0.558,0.532,0.41,0.369,0.321
0.332,0.313,0.303,0.532,0.558,0.532,0.41,0.369,0.321,0.299
0.313,0.303,0.532,0.558,0.532,0.41,0.369,0.321,0.299,0.289
0.303,0.532,0.558,0.532,0.41,0.369,0.321,0.299,0.289,0.284
0.532,0.558,0.532,0.41,0.369,0.321,0.299,0.289,0.284,0.285
0.558,0.532,0.41,0.369,0.321,0.299,0.289,0.284,0.285,0.247
0.532,0.41,0.369,0.321,0.299,0.289,0.284,0.285,0.247,0.247
0.41,0.369,0.321,0.299,0.289,0.284,0.285,0.247,0.247,0.25
0.369,0.321,0.299,0.289,0.284,0.285,0.247,0.247,0.25,0.247
0.321,0.299,0.289,0.284,0.285,0.247,0.247,0.25,0.247,0.289
0.299,0.289,0.284,0.285,0.247,0.247,0.25,0.247,0.289,0.247
0.289,0.284,0.285,0.247,0.247,0.25,0.247,0.289,0.247,0.335
0.284,0.285,0.247,0.247,0.25,0.247,0.289,0.247,0.335,0.291
0.285,0.247,0.247,0.25,0.247,0.289,0.247,0.335,0.291,0.293
0.247,0.247,0.25,0.247,0.289,0.247,0.335,0.291,0.293,0.566
0.247,0.25,0.247,0.289,0.247,0.335,0.291,0.293,0.566,0.689
0.25,0.247,0.289,0.247,0.335,0.291,0.293,0.566,0.689,0.534
0.247,0.289,0.247,0.335,0.291,0.293,0.566,0.689,0.534,0.176
0.289,0.247,0.335,0.291,0.293,0.566,0.689,0.534,0.176,0.164
0.247,0.335,0.291,0.293,0.566,0.689,0.534,0.176,0.164,0.361
0.335,0.291,0.293,0.566,0.689,0.534,0.176,0.164,0.361,0.351
0.291,0.293,0.566,0.689,0.534,0.176,0.164,0.361,0.351,0.301
0.293,0.566,0.689,0.534,0.176,0.164,0.361,0.351,0.301,0.301
0.566,0.689,0.534,0.176,0.164,0.361,0.351,0.301,0.301,0.303
0.689,0.534,0.176,0.164,0.361,0.351,0.301,0.301,0.303,0.319
0.534,0.176,0.164,0.361,0.351,0.301,0.301,0.303,0.319,0.369
0.176,0.164,0.361,0.351,0.301,0.301,0.303,0.319,0.369,0.303
0.164,0.361,0.351,0.301,0.301,0.303,0.319,0.369,0.303,0.309
0.361,0.351,0.301,0.301,0.303,0.319,0.369,0.303,0.309,0.303
0.351,0.301,0.301,0.303,0.319,0.369,0.303,0.309,0.303,0.303
0.301,0.301,0.303,0.319,0.369,0.303,0.309,0.303,0.303,0.303
0.301,0.303,0.319,0.369,0.303,0.309,0.303,0.303,0.303,0.303
0.303,0.319,0.369,0.303,0.309,0.303,0.303,0.303,0.303,0.609
0.319,0.369,0.303,0.309,0.303,0.303,0.303,0.303,0.609,0.65
0.369,0.303,0.309,0.303,0.303,0.303,0.303,0.609,0.65,2.342
0.303,0.309,0.303,0.303,0.303,0.303,0.609,0.65,2.342,2.236
0.309,0.303,0.303,0.303,0.303,0.609,0.65,2.342,2.236,1.203
0.303,0.303,0.303,0.303,0.609,0.65,2.342,2.236,1.203,1.118
0.303,0.303,0.303,0.609,0.65,2.342,2.236,1.203,1.118,0.818
0.303,0.303,0.609,0.65,2.342,2.236,1.203,1.118,0.818,0.962
0.303,0.609,0.65,2.342,2.236,1.203,1.118,0.818,0.962,1.026
0.609,0.65,2.342,2.236,1.203,1.118,0.818,0.962,1.026,3.194
0.65,2.342,2.236,1.203,1.118,0.818,0.962,1.026,3.194,2.132
2.342,2.236,1.203,1.118,0.818,0.962,1.026,3.194,2.132,2.03
2.236,1.203,1.118,0.818,0.962,1.026,3.194,2.132,2.03,21.278
1.203,1.118,0.818,0.962,1.026,3.194,2.132,2.03,21.278,11.747
1.118,0.818,0.962,1.026,3.194,2.132,2.03,21.278,11.747,9.006
0.818,0.962,1.026,3.194,2.132,2.03,21.278,11.747,9.006,6.204
0.962,1.026,3.194,2.132,2.03,21.278,11.747,9.006,6.204,4.252
1.026,3.194,2.132,2.03,21.278,11.747,9.006,6.204,4.252,3
3.194,2.132,2.03,21.278,11.747,9.006,6.204,4.252,3,2.591
2.132,2.03,21.278,11.747,9.006,6.204,4.252,3,2.591,2.445
2.03,21.278,11.747,9.006,6.204,4.252,3,2.591,2.445,2.227
21.278,11.747,9.006,6.204,4.252,3,2.591,2.445,2.227,2.02
11.747,9.006,6.204,4.252,3,2.591,2.445,2.227,2.02,1.777
9.006,6.204,4.252,3,2.591,2.445,2.227,2.02,1.777,1.516
6.204,4.252,3,2.591,2.445,2.227,2.02,1.777,1.516,1.284
4.252,3,2.591,2.445,2.227,2.02,1.777,1.516,1.284,1.192
3,2.591,2.445,2.227,2.02,1.777,1.516,1.284,1.192,1.2
2.591,2.445,2.227,2.02,1.777,1.516,1.284,1.192,1.2,1.04
2.445,2.227,2.02,1.777,1.516,1.284,1.192,1.2,1.04,2.9
2.227,2.02,1.777,1.516,1.284,1.192,1.2,1.04,2.9,3.297
2.02,1.777,1.516,1.284,1.192,1.2,1.04,2.9,3.297,2.558
1.777,1.516,1.284,1.192,1.2,1.04,2.9,3.297,2.558,2.255
1.516,1.284,1.192,1.2,1.04,2.9,3.297,2.558,2.255,2.03
1.284,1.192,1.2,1.04,2.9,3.297,2.558,2.255,2.03,2.03
1.192,1.2,1.04,2.9,3.297,2.558,2.255,2.03,2.03,6.016
1.2,1.04,2.9,3.297,2.558,2.255,2.03,2.03,6.016,4.312
1.04,2.9,3.297,2.558,2.255,2.03,2.03,6.016,4.312,3.675
2.9,3.297,2.558,2.255,2.03,2.03,6.016,4.312,3.675,3.226
3.297,2.558,2.255,2.03,2.03,6.016,4.312,3.675,3.226,3.061
2.558,2.255,2.03,2.03,6.016,4.312,3.675,3.226,3.061,8.93
2.255,2.03,2.03,6.016,4.312,3.675,3.226,3.061,8.93,5.646
2.03,2.03,6.016,4.312,3.675,3.226,3.061,8.93,5.646,6.566
2.03,6.016,4.312,3.675,3.226,3.061,8.93,5.646,6.566,5.646
6.016,4.312,3.675,3.226,3.061,8.93,5.646,6.566,5.646,5.646
4.312,3.675,3.226,3.061,8.93,5.646,6.566,5.646,5.646,4.453
3.675,3.226,3.061,8.93,5.646,6.566,5.646,5.646,4.453,4.17
3.226,3.061,8.93,5.646,6.566,5.646,5.646,4.453,4.17,3.926
3.061,8.93,5.646,6.566,5.646,5.646,4.453,4.17,3.926,3.587
8.93,5.646,6.566,5.646,5.646,4.453,4.17,3.926,3.587,2.766
5.646,6.566,5.646,5.646,4.453,4.17,3.926,3.587,2.766,2.563
6.566,5.646,5.646,4.453,4.17,3.926,3.587,2.766,2.563,2.542
5.646,5.646,4.453,4.17,3.926,3.587,2.766,2.563,2.542,5.646
5.646,4.453,4.17,3.926,3.587,2.766,2.563,2.542,5.646,7.372
4.453,4.17,3.926,3.587,2.766,2.563,2.542,5.646,7.372,6.353
4.17,3.926,3.587,2.766,2.563,2.542,5.646,7.372,6.353,6.574
3.926,3.587,2.766,2.563,2.542,5.646,7.372,6.353,6.574,24.88
3.587,2.766,2.563,2.542,5.646,7.372,6.353,6.574,24.88,17.19
2.766,2.563,2.542,5.646,7.372,6.353,6.574,24.88,17.19,20.376
2.563,2.542,5.646,7.372,6.353,6.574,24.88,17.19,20.376,16.552
2.542,5.646,7.372,6.353,6.574,24.88,17.19,20.376,16.552,24.88
5.646,7.372,6.353,6.574,24.88,17.19,20.376,16.552,24.88,15.539
7.372,6.353,6.574,24.88,17.19,20.376,16.552,24.88,15.539,12.511
6.353,6.574,24.88,17.19,20.376,16.552,24.88,15.539,12.511,11.5
6.574,24.88,17.19,20.376,16.552,24.88,15.539,12.511,11.5,8.97
24.88,17.19,20.376,16.552,24.88,15.539,12.511,11.5,8.97,7.461
17.19,20.376,16.552,24.88,15.539,12.511,11.5,8.97,7.461,6.204
20.376,16.552,24.88,15.539,12.511,11.5,8.97,7.461,6.204,5.83
16.552,24.88,15.539,12.511,11.5,8.97,7.461,6.204,5.83,7.77
24.88,15.539,12.511,11.5,8.97,7.461,6.204,5.83,7.77,9.645
15.539,12.511,11.5,8.97,7.461,6.204,5.83,7.77,9.645,10.56
12.511,11.5,8.97,7.461,6.204,5.83,7.77,9.645,10.56,7.643
11.5,8.97,7.461,6.204,5.83,7.77,9.645,10.56,7.643,6.491
8.97,7.461,6.204,5.83,7.77,9.645,10.56,7.643,6.491,5.963
7.461,6.204,5.83,7.77,9.645,10.56,7.643,6.491,5.963,5.308
6.204,5.83,7.77,9.645,10.56,7.643,6.491,5.963,5.308,4.95
5.83,7.77,9.645,10.56,7.643,6.491,5.963,5.308,4.95,4.251
7.77,9.645,10.56,7.643,6.491,5.963,5.308,4.95,4.251,3.923
9.645,10.56,7.643,6.491,5.963,5.308,4.95,4.251,3.923,3.57
10.56,7.643,6.491,5.963,5.308,4.95,4.251,3.923,3.57,3.454
7.643,6.491,5.963,5.308,4.95,4.251,3.923,3.57,3.454,3
6.491,5.963,5.308,4.95,4.251,3.923,3.57,3.454,3,2.745
5.963,5.308,4.95,4.251,3.923,3.57,3.454,3,2.745,3.09
5.308,4.95,4.251,3.923,3.57,3.454,3,2.745,3.09,2.907
4.95,4.251,3.923,3.57,3.454,3,2.745,3.09,2.907,2.842
4.251,3.923,3.57,3.454,3,2.745,3.09,2.907,2.842,2.712
3.923,3.57,3.454,3,2.745,3.09,2.907,2.842,2.712,2.623
3.57,3.454,3,2.745,3.09,2.907,2.842,2.712,2.623,2.584
3.454,3,2.745,3.09,2.907,2.842,2.712,2.623,2.584,2.542
3,2.745,3.09,2.907,2.842,2.712,2.623,2.584,2.542,2.394
2.745,3.09,2.907,2.842,2.712,2.623,2.584,2.542,2.394,1.93
3.09,2.907,2.842,2.712,2.623,2.584,2.542,2.394,1.93,2.03
2.907,2.842,2.712,2.623,2.584,2.542,2.394,1.93,2.03,2.02
2.842,2.712,2.623,2.584,2.542,2.394,1.93,2.03,2.02,1.961
2.712,2.623,2.584,2.542,2.394,1.93,2.03,2.02,1.961,1.93
2.623,2.584,2.542,2.394,1.93,2.03,2.02,1.961,1.93,1.82
2.584,2.542,2.394,1.93,2.03,2.02,1.961,1.93,1.82,1.642
2.542,2.394,1.93,2.03,2.02,1.961,1.93,1.82,1.642,1.347
2.394,1.93,2.03,2.02,1.961,1.93,1.82,1.642,1.347,2.752
1.93,2.03,2.02,1.961,1.93,1.82,1.642,1.347,2.752,1.51
2.03,2.02,1.961,1.93,1.82,1.642,1.347,2.752,1.51,1.772
2.02,1.961,1.93,1.82,1.642,1.347,2.752,1.51,1.772,2.377
1.961,1.93,1.82,1.642,1.347,2.752,1.51,1.772,2.377,6.172
1.93,1.82,1.642,1.347,2.752,1.51,1.772,2.377,6.172,10.972
1.82,1.642,1.347,2.752,1.51,1.772,2.377,6.172,10.972,11.862
1.642,1.347,2.752,1.51,1.772,2.377,6.172,10.972,11.862,10.661
1.347,2.752,1.51,1.772,2.377,6.172,10.972,11.862,10.661,7.199
2.752,1.51,1.772,2.377,6.172,10.972,11.862,10.661,7.199,5.83
1.51,1.772,2.377,6.172,10.972,11.862,10.661,7.199,5.83,5.83
1.772,2.377,6.172,10.972,11.862,10.661,7.199,5.83,5.83,4.759
2.377,6.172,10.972,11.862,10.661,7.199,5.83,5.83,4.759,3.806
6.172,10.972,11.862,10.661,7.199,5.83,5.83,4.759,3.806,3.57
10.972,11.862,10.661,7.199,5.83,5.83,4.759,3.806,3.57,3.226
11.862,10.661,7.199,5.83,5.83,4.759,3.806,3.57,3.226,3.046
10.661,7.199,5.83,5.83,4.759,3.806,3.57,3.226,3.046,2.888
7.199,5.83,5.83,4.759,3.806,3.57,3.226,3.046,2.888,3.526
5.83,5.83,4.759,3.806,3.57,3.226,3.046,2.888,3.526,4.17
5.83,4.759,3.806,3.57,3.226,3.046,2.888,3.526,4.17,3.686
4.759,3.806,3.57,3.226,3.046,2.888,3.526,4.17,3.686,3.34
3.806,3.57,3.226,3.046,2.888,3.526,4.17,3.686,3.34,2.992
3.57,3.226,3.046,2.888,3.526,4.17,3.686,3.34,2.992,2.67
3.226,3.046,2.888,3.526,4.17,3.686,3.34,2.992,2.67,2.678
3.046,2.888,3.526,4.17,3.686,3.34,2.992,2.67,2.678,2.885
2.888,3.526,4.17,3.686,3.34,2.992,2.67,2.678,2.885,2.686
3.526,4.17,3.686,3.34,2.992,2.67,2.678,2.885,2.686,4.276
4.17,3.686,3.34,2.992,2.67,2.678,2.885,2.686,4.276,4.942
3.686,3.34,2.992,2.67,2.678,2.885,2.686,4.276,4.942,3.969
3.34,2.992,2.67,2.678,2.885,2.686,4.276,4.942,3.969,5.31
2.992,2.67,2.678,2.885,2.686,4.276,4.942,3.969,5.31,5.414
2.67,2.678,2.885,2.686,4.276,4.942,3.969,5.31,5.414,4.299
2.678,2.885,2.686,4.276,4.942,3.969,5.31,5.414,4.299,4.374
2.885,2.686,4.276,4.942,3.969,5.31,5.414,4.299,4.374,3.835
2.686,4.276,4.942,3.969,5.31,5.414,4.299,4.374,3.835,3.124
4.276,4.942,3.969,5.31,5.414,4.299,4.374,3.835,3.124,3.479
4.942,3.969,5.31,5.414,4.299,4.374,3.835,3.124,3.479,3.488
3.969,5.31,5.414,4.299,4.374,3.835,3.124,3.479,3.488,3.41
5.31,5.414,4.299,4.374,3.835,3.124,3.479,3.488,3.41,3.558
5.414,4.299,4.374,3.835,3.124,3.479,3.488,3.41,3.558,3.583
4.299,4.374,3.835,3.124,3.479,3.488,3.41,3.558,3.583,3.491
4.374,3.835,3.124,3.479,3.488,3.41,3.558,3.583,3.491,3.212
3.835,3.124,3.479,3.488,3.41,3.558,3.583,3.491,3.212,2.089
3.124,3.479,3.488,3.41,3.558,3.583,3.491,3.212,2.089,2.469
3.479,3.488,3.41,3.558,3.583,3.491,3.212,2.089,2.469,2.789
3.488,3.41,3.558,3.583,3.491,3.212,2.089,2.469,2.789,2.778
3.41,3.558,3.583,3.491,3.212,2.089,2.469,2.789,2.778,2.567
3.558,3.583,3.491,3.212,2.089,2.469,2.789,2.778,2.567,9.337
3.583,3.491,3.212,2.089,2.469,2.789,2.778,2.567,9.337,9.12
3.491,3.212,2.089,2.469,2.789,2.778,2.567,9.337,9.12,6.804
3.212,2.089,2.469,2.789,2.778,2.567,9.337,9.12,6.804,5.757
2.089,2.469,2.789,2.778,2.567,9.337,9.12,6.804,5.757,4.224
2.469,2.789,2.778,2.567,9.337,9.12,6.804,5.757,4.224,4.374
2.789,2.778,2.567,9.337,9.12,6.804,5.757,4.224,4.374,2.824
2.778,2.567,9.337,9.12,6.804,5.757,4.224,4.374,2.824,4.433
2.567,9.337,9.12,6.804,5.757,4.224,4.374,2.824,4.433,4.11
9.337,9.12,6.804,5.757,4.224,4.374,2.824,4.433,4.11,3.815
9.12,6.804,5.757,4.224,4.374,2.824,4.433,4.11,3.815,11.238
6.804,5.757,4.224,4.374,2.824,4.433,4.11,3.815,11.238,9.094
5.757,4.224,4.374,2.824,4.433,4.11,3.815,11.238,9.094,6.742
4.224,4.374,2.824,4.433,4.11,3.815,11.238,9.094,6.742,7.574
4.374,2.824,4.433,4.11,3.815,11.238,9.094,6.742,7.574,5.641
2.824,4.433,4.11,3.815,11.238,9.094,6.742,7.574,5.641,4.451
4.433,4.11,3.815,11.238,9.094,6.742,7.574,5.641,4.451,4.518
4.11,3.815,11.238,9.094,6.742,7.574,5.641,4.451,4.518,3.45
3.815,11.238,9.094,6.742,7.574,5.641,4.451,4.518,3.45,3.536
11.238,9.094,6.742,7.574,5.641,4.451,4.518,3.45,3.536,4.322
9.094,6.742,7.574,5.641,4.451,4.518,3.45,3.536,4.322,3.539
6.742,7.574,5.641,4.451,4.518,3.45,3.536,4.322,3.539,3.028
7.574,5.641,4.451,4.518,3.45,3.536,4.322,3.539,3.028,3.692
5.641,4.451,4.518,3.45,3.536,4.322,3.539,3.028,3.692,3.262
4.451,4.518,3.45,3.536,4.322,3.539,3.028,3.692,3.262,3.322
4.518,3.45,3.536,4.322,3.539,3.028,3.692,3.262,3.322,6.591
3.45,3.536,4.322,3.539,3.028,3.692,3.262,3.322,6.591,14.907
3.536,4.322,3.539,3.028,3.692,3.262,3.322,6.591,14.907,10.353
4.322,3.539,3.028,3.692,3.262,3.322,6.591,14.907,10.353,8.171
3.539,3.028,3.692,3.262,3.322,6.591,14.907,10.353,8.171,6.469
3.028,3.692,3.262,3.322,6.591,14.907,10.353,8.171,6.469,6.186
3.692,3.262,3.322,6.591,14.907,10.353,8.171,6.469,6.186,4.839
3.262,3.322,6.591,14.907,10.353,8.171,6.469,6.186,4.839,5.07
3.322,6.591,14.907,10.353,8.171,6.469,6.186,4.839,5.07,5.057
6.591,14.907,10.353,8.171,6.469,6.186,4.839,5.07,5.057,6.33
14.907,10.353,8.171,6.469,6.186,4.839,5.07,5.057,6.33,7.757
10.353,8.171,6.469,6.186,4.839,5.07,5.057,6.33,7.757,35.005
8.171,6.469,6.186,4.839,5.07,5.057,6.33,7.757,35.005,42.931
6.469,6.186,4.839,5.07,5.057,6.33,7.757,35.005,42.931,26.615
6.186,4.839,5.07,5.057,6.33,7.757,35.005,42.931,26.615,18.941
4.839,5.07,5.057,6.33,7.757,35.005,42.931,26.615,18.941,14.201
5.07,5.057,6.33,7.757,35.005,42.931,26.615,18.941,14.201,11.272
5.057,6.33,7.757,35.005,42.931,26.615,18.941,14.201,11.272,9.047
6.33,7.757,35.005,42.931,26.615,18.941,14.201,11.272,9.047,8.553
7.757,35.005,42.931,26.615,18.941,14.201,11.272,9.047,8.553,11.262
35.005,42.931,26.615,18.941,14.201,11.272,9.047,8.553,11.262,11.794
42.931,26.615,18.941,14.201,11.272,9.047,8.553,11.262,11.794,8.98
26.615,18.941,14.201,11.272,9.047,8.553,11.262,11.794,8.98,7.397
18.941,14.201,11.272,9.047,8.553,11.262,11.794,8.98,7.397,6.997
14.201,11.272,9.047,8.553,11.262,11.794,8.98,7.397,6.997,7.888
11.272,9.047,8.553,11.262,11.794,8.98,7.397,6.997,7.888,5.994
9.047,8.553,11.262,11.794,8.98,7.397,6.997,7.888,5.994,5.807
8.553,11.262,11.794,8.98,7.397,6.997,7.888,5.994,5.807,5.53
11.262,11.794,8.98,7.397,6.997,7.888,5.994,5.807,5.53,5.346
11.794,8.98,7.397,6.997,7.888,5.994,5.807,5.53,5.346,5.439
8.98,7.397,6.997,7.888,5.994,5.807,5.53,5.346,5.439,5.211
7.397,6.997,7.888,5.994,5.807,5.53,5.346,5.439,5.211,5.277
6.997,7.888,5.994,5.807,5.53,5.346,5.439,5.211,5.277,5.02
7.888,5.994,5.807,5.53,5.346,5.439,5.211,5.277,5.02,5.869
5.994,5.807,5.53,5.346,5.439,5.211,5.277,5.02,5.869,4.968
5.807,5.53,5.346,5.439,5.211,5.277,5.02,5.869,4.968,5.042
5.53,5.346,5.439,5.211,5.277,5.02,5.869,4.968,5.042,4.993
5.346,5.439,5.211,5.277,5.02,5.869,4.968,5.042,4.993,5.414
5.439,5.211,5.277,5.02,5.869,4.968,5.042,4.993,5.414,4.059
5.211,5.277,5.02,5.869,4.968,5.042,4.993,5.414,4.059,4.271
5.277,5.02,5.869,4.968,5.042,4.993,5.414,4.059,4.271,3.502
5.02,5.869,4.968,5.042,4.993,5.414,4.059,4.271,3.502,3.125
5.869,4.968,5.042,4.993,5.414,4.059,4.271,3.502,3.125,3.336
4.968,5.042,4.993,5.414,4.059,4.271,3.502,3.125,3.336,2.914
5.042,4.993,5.414,4.059,4.271,3.502,3.125,3.336,2.914,3.87
4.993,5.414,4.059,4.271,3.502,3.125,3.336,2.914,3.87,3.257
5.414,4.059,4.271,3.502,3.125,3.336,2.914,3.87,3.257,2.82
4.059,4.271,3.502,3.125,3.336,2.914,3.87,3.257,2.82,2.871
4.271,3.502,3.125,3.336,2.914,3.87,3.257,2.82,2.871,2.885
3.502,3.125,3.336,2.914,3.87,3.257,2.82,2.871,2.885,2.511
3.125,3.336,2.914,3.87,3.257,2.82,2.871,2.885,2.511,2.246
3.336,2.914,3.87,3.257,2.82,2.871,2.885,2.511,2.246,2.62
2.914,3.87,3.257,2.82,2.871,2.885,2.511,2.246,2.62,2.165
3.87,3.257,2.82,2.871,2.885,2.511,2.246,2.62,2.165,2.434
3.257,2.82,2.871,2.885,2.511,2.246,2.62,2.165,2.434,2.317
2.82,2.871,2.885,2.511,2.246,2.62,2.165,2.434,2.317,2.202
2.871,2.885,2.511,2.246,2.62,2.165,2.434,2.317,2.202,2.828
2.885,2.511,2.246,2.62,2.165,2.434,2.317,2.202,2.828,2.99
2.511,2.246,2.62,2.165,2.434,2.317,2.202,2.828,2.99,2.534
2.246,2.62,2.165,2.434,2.317,2.202,2.828,2.99,2.534,2.633
2.62,2.165,2.434,2.317,2.202,2.828,2.99,2.534,2.633,1.989
2.165,2.434,2.317,2.202,2.828,2.99,2.534,2.633,1.989,2.067
2.434,2.317,2.202,2.828,2.99,2.534,2.633,1.989,2.067,2.164
2.317,2.202,2.828,2.99,2.534,2.633,1.989,2.067,2.164,1.78
2.202,2.828,2.99,2.534,2.633,1.989,2.067,2.164,1.78,2.199
2.828,2.99,2.534,2.633,1.989,2.067,2.164,1.78,2.199,1.804
2.99,2.534,2.633,1.989,2.067,2.164,1.78,2.199,1.804,2.108
2.534,2.633,1.989,2.067,2.164,1.78,2.199,1.804,2.108,1.4
2.633,1.989,2.067,2.164,1.78,2.199,1.804,2.108,1.4,1.038
1.989,2.067,2.164,1.78,2.199,1.804,2.108,1.4,1.038,1.387
2.067,2.164,1.78,2.199,1.804,2.108,1.4,1.038,1.387,1.445
2.164,1.78,2.199,1.804,2.108,1.4,1.038,1.387,1.445,0.982
1.78,2.199,1.804,2.108,1.4,1.038,1.387,1.445,0.982,1.642
2.199,1.804,2.108,1.4,1.038,1.387,1.445,0.982,1.642,1.911
1.804,2.108,1.4,1.038,1.387,1.445,0.982,1.642,1.911,1.144
2.108,1.4,1.038,1.387,1.445,0.982,1.642,1.911,1.144,1.74
1.4,1.038,1.387,1.445,0.982,1.642,1.911,1.144,1.74,1.364
1.038,1.387,1.445,0.982,1.642,1.911,1.144,1.74,1.364,1.168
1.387,1.445,0.982,1.642,1.911,1.144,1.74,1.364,1.168,1.33
1.445,0.982,1.642,1.911,1.144,1.74,1.364,1.168,1.33,2.105
0.982,1.642,1.911,1.144,1.74,1.364,1.168,1.33,2.105,1.168
1.642,1.911,1.144,1.74,1.364,1.168,1.33,2.105,1.168,0.81
1.911,1.144,1.74,1.364,1.168,1.33,2.105,1.168,0.81,1.211
1.144,1.74,1.364,1.168,1.33,2.105,1.168,0.81,1.211,1.01
1.74,1.364,1.168,1.33,2.105,1.168,0.81,1.211,1.01,1.283
1.364,1.168,1.33,2.105,1.168,0.81,1.211,1.01,1.283,1.386
1.168,1.33,2.105,1.168,0.81,1.211,1.01,1.283,1.386,1.282
1.33,2.105,1.168,0.81,1.211,1.01,1.283,1.386,1.282,1.482
2.105,1.168,0.81,1.211,1.01,1.283,1.386,1.282,1.482,1.02
1.168,0.81,1.211,1.01,1.283,1.386,1.282,1.482,1.02,0.982
0.81,1.211,1.01,1.283,1.386,1.282,1.482,1.02,0.982,1.03
1.211,1.01,1.283,1.386,1.282,1.482,1.02,0.982,1.03,1.141
1.01,1.283,1.386,1.282,1.482,1.02,0.982,1.03,1.141,1.06
1.283,1.386,1.282,1.482,1.02,0.982,1.03,1.141,1.06,1.344
1.386,1.282,1.482,1.02,0.982,1.03,1.141,1.06,1.344,1.125
1.282,1.482,1.02,0.982,1.03,1.141,1.06,1.344,1.125,0.994
1.482,1.02,0.982,1.03,1.141,1.06,1.344,1.125,0.994,0.889
1.02,0.982,1.03,1.141,1.06,1.344,1.125,0.994,0.889,0.831
0.982,1.03,1.141,1.06,1.344,1.125,0.994,0.889,0.831,0.563
1.03,1.141,1.06,1.344,1.125,0.994,0.889,0.831,0.563,0.977
1.141,1.06,1.344,1.125,0.994,0.889,0.831,0.563,0.977,0.814
1.06,1.344,1.125,0.994,0.889,0.831,0.563,0.977,0.814,0.968
1.344,1.125,0.994,0.889,0.831,0.563,0.977,0.814,0.968,0.831
1.125,0.994,0.889,0.831,0.563,0.977,0.814,0.968,0.831,1.191
0.994,0.889,0.831,0.563,0.977,0.814,0.968,0.831,1.191,2.195
0.889,0.831,0.563,0.977,0.814,0.968,0.831,1.191,2.195,2.313
0.831,0.563,0.977,0.814,0.968,0.831,1.191,2.195,2.313,1.583
0.563,0.977,0.814,0.968,0.831,1.191,2.195,2.313,1.583,1.85
0.977,0.814,0.968,0.831,1.191,2.195,2.313,1.583,1.85,1.52
0.814,0.968,0.831,1.191,2.195,2.313,1.583,1.85,1.52,1.542
0.968,0.831,1.191,2.195,2.313,1.583,1.85,1.52,1.542,1.67
0.831,1.191,2.195,2.313,1.583,1.85,1.52,1.542,1.67,1.051
1.191,2.195,2.313,1.583,1.85,1.52,1.542,1.67,1.051,1.062
2.195,2.313,1.583,1.85,1.52,1.542,1.67,1.051,1.062,0.828
2.313,1.583,1.85,1.52,1.542,1.67,1.051,1.062,0.828,0.926
1.583,1.85,1.52,1.542,1.67,1.051,1.062,0.828,0.926,0.848
1.85,1.52,1.542,1.67,1.051,1.062,0.828,0.926,0.848,0.787
1.52,1.542,1.67,1.051,1.062,0.828,0.926,0.848,0.787,0.662
1.542,1.67,1.051,1.062,0.828,0.926,0.848,0.787,0.662,0.793
1.67,1.051,1.062,0.828,0.926,0.848,0.787,0.662,0.793,0.915
1.051,1.062,0.828,0.926,0.848,0.787,0.662,0.793,0.915,0.867
1.062,0.828,0.926,0.848,0.787,0.662,0.793,0.915,0.867,1.335
0.828,0.926,0.848,0.787,0.662,0.793,0.915,0.867,1.335,1.492
0.926,0.848,0.787,0.662,0.793,0.915,0.867,1.335,1.492,0.481
0.848,0.787,0.662,0.793,0.915,0.867,1.335,1.492,0.481,0.685
0.787,0.662,0.793,0.915,0.867,1.335,1.492,0.481,0.685,0.431
0.662,0.793,0.915,0.867,1.335,1.492,0.481,0.685,0.431,0.37
0.793,0.915,0.867,1.335,1.492,0.481,0.685,0.431,0.37,0.802
0.915,0.867,1.335,1.492,0.481,0.685,0.431,0.37,0.802,0.442
0.867,1.335,1.492,0.481,0.685,0.431,0.37,0.802,0.442,0.578
1.335,1.492,0.481,0.685,0.431,0.37,0.802,0.442,0.578,0.497
1.492,0.481,0.685,0.431,0.37,0.802,0.442,0.578,0.497,0.583
0.481,0.685,0.431,0.37,0.802,0.442,0.578,0.497,0.583,0.633
0.685,0.431,0.37,0.802,0.442,0.578,0.497,0.583,0.633,0.568
0.431,0.37,0.802,0.442,0.578,0.497,0.583,0.633,0.568,0.517
0.37,0.802,0.442,0.578,0.497,0.583,0.633,0.568,0.517,0.52
0.802,0.442,0.578,0.497,0.583,0.633,0.568,0.517,0.52,1.156
0.442,0.578,0.497,0.583,0.633,0.568,0.517,0.52,1.156,1.332
0.578,0.497,0.583,0.633,0.568,0.517,0.52,1.156,1.332,0.698
0.497,0.583,0.633,0.568,0.517,0.52,1.156,1.332,0.698,1.469
0.583,0.633,0.568,0.517,0.52,1.156,1.332,0.698,1.469,0.45
0.633,0.568,0.517,0.52,1.156,1.332,0.698,1.469,0.45,0.774
0.568,0.517,0.52,1.156,1.332,0.698,1.469,0.45,0.774,0.416
0.517,0.52,1.156,1.332,0.698,1.469,0.45,0.774,0.416,0.794
0.52,1.156,1.332,0.698,1.469,0.45,0.774,0.416,0.794,1.075
1.156,1.332,0.698,1.469,0.45,0.774,0.416,0.794,1.075,0.45
1.332,0.698,1.469,0.45,0.774,0.416,0.794,1.075,0.45,1.12
0.698,1.469,0.45,0.774,0.416,0.794,1.075,0.45,1.12,0.814
1.469,0.45,0.774,0.416,0.794,1.075,0.45,1.12,0.814,0.808
0.45,0.774,0.416,0.794,1.075,0.45,1.12,0.814,0.808,0.763
0.774,0.416,0.794,1.075,0.45,1.12,0.814,0.808,0.763,0.44
0.416,0.794,1.075,0.45,1.12,0.814,0.808,0.763,0.44,0.392
0.794,1.075,0.45,1.12,0.814,0.808,0.763,0.44,0.392,0.485
1.075,0.45,1.12,0.814,0.808,0.763,0.44,0.392,0.485,0.554
0.45,1.12,0.814,0.808,0.763,0.44,0.392,0.485,0.554,0.485
1.12,0.814,0.808,0.763,0.44,0.392,0.485,0.554,0.485,0.384
0.814,0.808,0.763,0.44,0.392,0.485,0.554,0.485,0.384,0.508
0.808,0.763,0.44,0.392,0.485,0.554,0.485,0.384,0.508,0.453
0.763,0.44,0.392,0.485,0.554,0.485,0.384,0.508,0.453,0.589
0.44,0.392,0.485,0.554,0.485,0.384,0.508,0.453,0.589,0.381
0.392,0.485,0.554,0.485,0.384,0.508,0.453,0.589,0.381,0.419
0.485,0.554,0.485,0.384,0.508,0.453,0.589,0.381,0.419,0.28
0.554,0.485,0.384,0.508,0.453,0.589,0.381,0.419,0.28,0.43
0.485,0.384,0.508,0.453,0.589,0.381,0.419,0.28,0.43,0.407
0.384,0.508,0.453,0.589,0.381,0.419,0.28,0.43,0.407,0.384
0.508,0.453,0.589,0.381,0.419,0.28,0.43,0.407,0.384,0.419
0.453,0.589,0.381,0.419,0.28,0.43,0.407,0.384,0.419,0.417
0.589,0.381,0.419,0.28,0.43,0.407,0.384,0.419,0.417,0.404
0.381,0.419,0.28,0.43,0.407,0.384,0.419,0.417,0.404,0.419
0.419,0.28,0.43,0.407,0.384,0.419,0.417,0.404,0.419,0.325
0.28,0.43,0.407,0.384,0.419,0.417,0.404,0.419,0.325,0.46
0.43,0.407,0.384,0.419,0.417,0.404,0.419,0.325,0.46,0.363
0.407,0.384,0.419,0.417,0.404,0.419,0.325,0.46,0.363,0.437
0.384,0.419,0.417,0.404,0.419,0.325,0.46,0.363,0.437,0.531
0.419,0.417,0.404,0.419,0.325,0.46,0.363,0.437,0.531,0.485
0.417,0.404,0.419,0.325,0.46,0.363,0.437,0.531,0.485,0.304
0.404,0.419,0.325,0.46,0.363,0.437,0.531,0.485,0.304,0.419
0.419,0.325,0.46,0.363,0.437,0.531,0.485,0.304,0.419,0.382
0.325,0.46,0.363,0.437,0.531,0.485,0.304,0.419,0.382,0.349
0.46,0.363,0.437,0.531,0.485,0.304,0.419,0.382,0.349,0.382
0.363,0.437,0.531,0.485,0.304,0.419,0.382,0.349,0.382,0.52
0.437,0.531,0.485,0.304,0.419,0.382,0.349,0.382,0.52,0.503
0.531,0.485,0.304,0.419,0.382,0.349,0.382,0.52,0.503,0.323
0.485,0.304,0.419,0.382,0.349,0.382,0.52,0.503,0.323,0.485
0.304,0.419,0.382,0.349,0.382,0.52,0.503,0.323,0.485,0.433
0.419,0.382,0.349,0.382,0.52,0.503,0.323,0.485,0.433,0.46
0.382,0.349,0.382,0.52,0.503,0.323,0.485,0.433,0.46,0.42
0.349,0.382,0.52,0.503,0.323,0.485,0.433,0.46,0.42,0.418
0.382,0.52,0.503,0.323,0.485,0.433,0.46,0.42,0.418,0.422
0.52,0.503,0.323,0.485,0.433,0.46,0.42,0.418,0.422,0.45
0.503,0.323,0.485,0.433,0.46,0.42,0.418,0.422,0.45,0.554
0.323,0.485,0.433,0.46,0.42,0.418,0.422,0.45,0.554,0.537
0.485,0.433,0.46,0.42,0.418,0.422,0.45,0.554,0.537,0.47
0.433,0.46,0.42,0.418,0.422,0.45,0.554,0.537,0.47,0.427
0.46,0.42,0.418,0.422,0.45,0.554,0.537,0.47,0.427,0.485
0.42,0.418,0.422,0.45,0.554,0.537,0.47,0.427,0.485,0.464
0.418,0.422,0.45,0.554,0.537,0.47,0.427,0.485,0.464,0.485
0.422,0.45,0.554,0.537,0.47,0.427,0.485,0.464,0.485,0.474
0.45,0.554,0.537,0.47,0.427,0.485,0.464,0.485,0.474,0.491
0.554,0.537,0.47,0.427,0.485,0.464,0.485,0.474,0.491,0.295
0.537,0.47,0.427,0.485,0.464,0.485,0.474,0.491,0.295,0.333
0.47,0.427,0.485,0.464,0.485,0.474,0.491,0.295,0.333,0.287
0.427,0.485,0.464,0.485,0.474,0.491,0.295,0.333,0.287,0.306
0.485,0.464,0.485,0.474,0.491,0.295,0.333,0.287,0.306,0.368
0.464,0.485,0.474,0.491,0.295,0.333,0.287,0.306,0.368,0.18
0.485,0.474,0.491,0.295,0.333,0.287,0.306,0.368,0.18,0.25
0.474,0.491,0.295,0.333,0.287,0.306,0.368,0.18,0.25,0.253
0.491,0.295,0.333,0.287,0.306,0.368,0.18,0.25,0.253,0.239
0.295,0.333,0.287,0.306,0.368,0.18,0.25,0.253,0.239,0.182
0.333,0.287,0.306,0.368,0.18,0.25,0.253,0.239,0.182,0.21
0.287,0.306,0.368,0.18,0.25,0.253,0.239,0.182,0.21,0.333
0.306,0.368,0.18,0.25,0.253,0.239,0.182,0.21,0.333,0.57
0.368,0.18,0.25,0.253,0.239,0.182,0.21,0.333,0.57,0.476
0.18,0.25,0.253,0.239,0.182,0.21,0.333,0.57,0.476,0.44
0.25,0.253,0.239,0.182,0.21,0.333,0.57,0.476,0.44,0.388
0.253,0.239,0.182,0.21,0.333,0.57,0.476,0.44,0.388,0.429
0.239,0.182,0.21,0.333,0.57,0.476,0.44,0.388,0.429,0.409
0.182,0.21,0.333,0.57,0.476,0.44,0.388,0.429,0.409,0.41
0.21,0.333,0.57,0.476,0.44,0.388,0.429,0.409,0.41,0.562
0.333,0.57,0.476,0.44,0.388,0.429,0.409,0.41,0.562,0.511
0.57,0.476,0.44,0.388,0.429,0.409,0.41,0.562,0.511,0.336
0.476,0.44,0.388,0.429,0.409,0.41,0.562,0.511,0.336,0.413
0.44,0.388,0.429,0.409,0.41,0.562,0.511,0.336,0.413,0.511
0.388,0.429,0.409,0.41,0.562,0.511,0.336,0.413,0.511,0.652
0.429,0.409,0.41,0.562,0.511,0.336,0.413,0.511,0.652,0.736
0.409,0.41,0.562,0.511,0.336,0.413,0.511,0.652,0.736,0.476
0.41,0.562,0.511,0.336,0.413,0.511,0.652,0.736,0.476,0.433
0.562,0.511,0.336,0.413,0.511,0.652,0.736,0.476,0.433,0.468
0.511,0.336,0.413,0.511,0.652,0.736,0.476,0.433,0.468,0.378
0.336,0.413,0.511,0.652,0.736,0.476,0.433,0.468,0.378,0.459
0.413,0.511,0.652,0.736,0.476,0.433,0.468,0.378,0.459,0.534
0.511,0.652,0.736,0.476,0.433,0.468,0.378,0.459,0.534,0.475
0.652,0.736,0.476,0.433,0.468,0.378,0.459,0.534,0.475,0.626
0.736,0.476,0.433,0.468,0.378,0.459,0.534,0.475,0.626,1.315
0.476,0.433,0.468,0.378,0.459,0.534,0.475,0.626,1.315,1.02
0.433,0.468,0.378,0.459,0.534,0.475,0.626,1.315,1.02,0.835
0.468,0.378,0.459,0.534,0.475,0.626,1.315,1.02,0.835,0.771
0.378,0.459,0.534,0.475,0.626,1.315,1.02,0.835,0.771,0.613
0.459,0.534,0.475,0.626,1.315,1.02,0.835,0.771,0.613,0.62
0.534,0.475,0.626,1.315,1.02,0.835,0.771,0.613,0.62,0.511
0.475,0.626,1.315,1.02,0.835,0.771,0.613,0.62,0.511,0.478
0.626,1.315,1.02,0.835,0.771,0.613,0.62,0.511,0.478,0.458
1.315,1.02,0.835,0.771,0.613,0.62,0.511,0.478,0.458,0.414
1.02,0.835,0.771,0.613,0.62,0.511,0.478,0.458,0.414,0.472
0.835,0.771,0.613,0.62,0.511,0.478,0.458,0.414,0.472,0.532
0.771,0.613,0.62,0.511,0.478,0.458,0.414,0.472,0.532,0.542
0.613,0.62,0.511,0.478,0.458,0.414,0.472,0.532,0.542,0.654
0.62,0.511,0.478,0.458,0.414,0.472,0.532,0.542,0.654,0.522
0.511,0.478,0.458,0.414,0.472,0.532,0.542,0.654,0.522,0.555
0.478,0.458,0.414,0.472,0.532,0.542,0.654,0.522,0.555,0.771
0.458,0.414,0.472,0.532,0.542,0.654,0.522,0.555,0.771,0.556
0.414,0.472,0.532,0.542,0.654,0.522,0.555,0.771,0.556,0.559
0.472,0.532,0.542,0.654,0.522,0.555,0.771,0.556,0.559,0.591
0.532,0.542,0.654,0.522,0.555,0.771,0.556,0.559,0.591,0.604
0.542,0.654,0.522,0.555,0.771,0.556,0.559,0.591,0.604,0.503
0.654,0.522,0.555,0.771,0.556,0.559,0.591,0.604,0.503,0.76
0.522,0.555,0.771,0.556,0.559,0.591,0.604,0.503,0.76,0.301
0.555,0.771,0.556,0.559,0.591,0.604,0.503,0.76,0.301,0.579
0.771,0.556,0.559,0.591,0.604,0.503,0.76,0.301,0.579,0.324
0.556,0.559,0.591,0.604,0.503,0.76,0.301,0.579,0.324,0.475
0.559,0.591,0.604,0.503,0.76,0.301,0.579,0.324,0.475,0.51
0.591,0.604,0.503,0.76,0.301,0.579,0.324,0.475,0.51,0.344
0.604,0.503,0.76,0.301,0.579,0.324,0.475,0.51,0.344,0.51
0.503,0.76,0.301,0.579,0.324,0.475,0.51,0.344,0.51,1.384
0.76,0.301,0.579,0.324,0.475,0.51,0.344,0.51,1.384,1.923
0.301,0.579,0.324,0.475,0.51,0.344,0.51,1.384,1.923,2.659
0.579,0.324,0.475,0.51,0.344,0.51,1.384,1.923,2.659,1.216
0.324,0.475,0.51,0.344,0.51,1.384,1.923,2.659,1.216,0.978
0.475,0.51,0.344,0.51,1.384,1.923,2.659,1.216,0.978,1.126
0.51,0.344,0.51,1.384,1.923,2.659,1.216,0.978,1.126,0.975
0.344,0.51,1.384,1.923,2.659,1.216,0.978,1.126,0.975,0.729
0.51,1.384,1.923,2.659,1.216,0.978,1.126,0.975,0.729,0.37
1.384,1.923,2.659,1.216,0.978,1.126,0.975,0.729,0.37,0.562
1.923,2.659,1.216,0.978,1.126,0.975,0.729,0.37,0.562,0.493
2.659,1.216,0.978,1.126,0.975,0.729,0.37,0.562,0.493,0.493
1.216,0.978,1.126,0.975,0.729,0.37,0.562,0.493,0.493,0.377
0.978,1.126,0.975,0.729,0.37,0.562,0.493,0.493,0.377,0.458
1.126,0.975,0.729,0.37,0.562,0.493,0.493,0.377,0.458,0.435
0.975,0.729,0.37,0.562,0.493,0.493,0.377,0.458,0.435,0.551
0.729,0.37,0.562,0.493,0.493,0.377,0.458,0.435,0.551,0.301
0.37,0.562,0.493,0.493,0.377,0.458,0.435,0.551,0.301,0.718
0.562,0.493,0.493,0.377,0.458,0.435,0.551,0.301,0.718,0.764
0.493,0.493,0.377,0.458,0.435,0.551,0.301,0.718,0.764,0.652
0.493,0.377,0.458,0.435,0.551,0.301,0.718,0.764,0.652,0.721
0.377,0.458,0.435,0.551,0.301,0.718,0.764,0.652,0.721,0.493
0.458,0.435,0.551,0.301,0.718,0.764,0.652,0.721,0.493,0.764
0.435,0.551,0.301,0.718,0.764,0.652,0.721,0.493,0.764,0.81
0.551,0.301,0.718,0.764,0.652,0.721,0.493,0.764,0.81,0.81
0.301,0.718,0.764,0.652,0.721,0.493,0.764,0.81,0.81,0.926
0.718,0.764,0.652,0.721,0.493,0.764,0.81,0.81,0.926,0.845
0.764,0.652,0.721,0.493,0.764,0.81,0.81,0.926,0.845,0.479
0.652,0.721,0.493,0.764,0.81,0.81,0.926,0.845,0.479,0.764
0.721,0.493,0.764,0.81,0.81,0.926,0.845,0.479,0.764,0.815
0.493,0.764,0.81,0.81,0.926,0.845,0.479,0.764,0.815,1.068
0.764,0.81,0.81,0.926,0.845,0.479,0.764,0.815,1.068,0.937
0.81,0.81,0.926,0.845,0.479,0.764,0.815,1.068,0.937,0.879
0.81,0.926,0.845,0.479,0.764,0.815,1.068,0.937,0.879,1.161
0.926,0.845,0.479,0.764,0.815,1.068,0.937,0.879,1.161,0.824
0.845,0.479,0.764,0.815,1.068,0.937,0.879,1.161,0.824,1.308
0.479,0.764,0.815,1.068,0.937,0.879,1.161,0.824,1.308,1.413
0.764,0.815,1.068,0.937,0.879,1.161,0.824,1.308,1.413,0.926
0.815,1.068,0.937,0.879,1.161,0.824,1.308,1.413,0.926,0.731
1.068,0.937,0.879,1.161,0.824,1.308,1.413,0.926,0.731,0.774
0.937,0.879,1.161,0.824,1.308,1.413,0.926,0.731,0.774,0.879
0.879,1.161,0.824,1.308,1.413,0.926,0.731,0.774,0.879,0.678
1.161,0.824,1.308,1.413,0.926,0.731,0.774,0.879,0.678,0.562
0.824,1.308,1.413,0.926,0.731,0.774,0.879,0.678,0.562,0.296
1.308,1.413,0.926,0.731,0.774,0.879,0.678,0.562,0.296,0.308
1.413,0.926,0.731,0.774,0.879,0.678,0.562,0.296,0.308,0.643
0.926,0.731,0.774,0.879,0.678,0.562,0.296,0.308,0.643,0.782
0.731,0.774,0.879,0.678,0.562,0.296,0.308,0.643,0.782,1.494
0.774,0.879,0.678,0.562,0.296,0.308,0.643,0.782,1.494,1.181
0.879,0.678,0.562,0.296,0.308,0.643,0.782,1.494,1.181,0.845
0.678,0.562,0.296,0.308,0.643,0.782,1.494,1.181,0.845,0.891
0.562,0.296,0.308,0.643,0.782,1.494,1.181,0.845,0.891,0.845
0.296,0.308,0.643,0.782,1.494,1.181,0.845,0.891,0.845,0.874
0.308,0.643,0.782,1.494,1.181,0.845,0.891,0.845,0.874,0.896
0.643,0.782,1.494,1.181,0.845,0.891,0.845,0.874,0.896,0.892
0.782,1.494,1.181,0.845,0.891,0.845,0.874,0.896,0.892,0.821
1.494,1.181,0.845,0.891,0.845,0.874,0.896,0.892,0.821,0.623
1.181,0.845,0.891,0.845,0.874,0.896,0.892,0.821,0.623,1.127
0.845,0.891,0.845,0.874,0.896,0.892,0.821,0.623,1.127,1.49
0.891,0.845,0.874,0.896,0.892,0.821,0.623,1.127,1.49,1.23
0.845,0.874,0.896,0.892,0.821,0.623,1.127,1.49,1.23,1.267
0.874,0.896,0.892,0.821,0.623,1.127,1.49,1.23,1.267,1.724
0.896,0.892,0.821,0.623,1.127,1.49,1.23,1.267,1.724,1.01
0.892,0.821,0.623,1.127,1.49,1.23,1.267,1.724,1.01,0.99
0.821,0.623,1.127,1.49,1.23,1.267,1.724,1.01,0.99,1.629
0.623,1.127,1.49,1.23,1.267,1.724,1.01,0.99,1.629,1.334
1.127,1.49,1.23,1.267,1.724,1.01,0.99,1.629,1.334,1.34
1.49,1.23,1.267,1.724,1.01,0.99,1.629,1.334,1.34,1.276
1.23,1.267,1.724,1.01,0.99,1.629,1.334,1.34,1.276,0.82
1.267,1.724,1.01,0.99,1.629,1.334,1.34,1.276,0.82,2.66
1.724,1.01,0.99,1.629,1.334,1.34,1.276,0.82,2.66,5.19
1.01,0.99,1.629,1.334,1.34,1.276,0.82,2.66,5.19,2.92
0.99,1.629,1.334,1.34,1.276,0.82,2.66,5.19,2.92,2.69
1.629,1.334,1.34,1.276,0.82,2.66,5.19,2.92,2.69,2.8
1.334,1.34,1.276,0.82,2.66,5.19,2.92,2.69,2.8,2.14
1.34,1.276,0.82,2.66,5.19,2.92,2.69,2.8,2.14,0.8
1.276,0.82,2.66,5.19,2.92,2.69,2.8,2.14,0.8,2.4
0.82,2.66,5.19,2.92,2.69,2.8,2.14,0.8,2.4,0.42
2.66,5.19,2.92,2.69,2.8,2.14,0.8,2.4,0.42,1.15
5.19,2.92,2.69,2.8,2.14,0.8,2.4,0.42,1.15,1
2.92,2.69,2.8,2.14,0.8,2.4,0.42,1.15,1,1.26
2.69,2.8,2.14,0.8,2.4,0.42,1.15,1,1.26,1.57
2.8,2.14,0.8,2.4,0.42,1.15,1,1.26,1.57,9.83
2.14,0.8,2.4,0.42,1.15,1,1.26,1.57,9.83,9.83
0.8,2.4,0.42,1.15,1,1.26,1.57,9.83,9.83,15.2
2.4,0.42,1.15,1,1.26,1.57,9.83,9.83,15.2,16.946
0.42,1.15,1,1.26,1.57,9.83,9.83,15.2,16.946,15.3
1.15,1,1.26,1.57,9.83,9.83,15.2,16.946,15.3,15.6
1,1.26,1.57,9.83,9.83,15.2,16.946,15.3,15.6,8.96
1.26,1.57,9.83,9.83,15.2,16.946,15.3,15.6,8.96,8.512
1.57,9.83,9.83,15.2,16.946,15.3,15.6,8.96,8.512,8.19
9.83,9.83,15.2,16.946,15.3,15.6,8.96,8.512,8.19,8.246
9.83,15.2,16.946,15.3,15.6,8.96,8.512,8.19,8.246,8.871
15.2,16.946,15.3,15.6,8.96,8.512,8.19,8.246,8.871,6.629
16.946,15.3,15.6,8.96,8.512,8.19,8.246,8.871,6.629,4.957
15.3,15.6,8.96,8.512,8.19,8.246,8.871,6.629,4.957,4.139
15.6,8.96,8.512,8.19,8.246,8.871,6.629,4.957,4.139,3.663
8.96,8.512,8.19,8.246,8.871,6.629,4.957,4.139,3.663,3.281
8.512,8.19,8.246,8.871,6.629,4.957,4.139,3.663,3.281,4.105
8.19,8.246,8.871,6.629,4.957,4.139,3.663,3.281,4.105,6.124
8.246,8.871,6.629,4.957,4.139,3.663,3.281,4.105,6.124,5.178
8.871,6.629,4.957,4.139,3.663,3.281,4.105,6.124,5.178,4.31
6.629,4.957,4.139,3.663,3.281,4.105,6.124,5.178,4.31,4.151
4.957,4.139,3.663,3.281,4.105,6.124,5.178,4.31,4.151,3.861
4.139,3.663,3.281,4.105,6.124,5.178,4.31,4.151,3.861,3.222
3.663,3.281,4.105,6.124,5.178,4.31,4.151,3.861,3.222,3.155
3.281,4.105,6.124,5.178,4.31,4.151,3.861,3.222,3.155,2.859
4.105,6.124,5.178,4.31,4.151,3.861,3.222,3.155,2.859,3.098
6.124,5.178,4.31,4.151,3.861,3.222,3.155,2.859,3.098,11.605
5.178,4.31,4.151,3.861,3.222,3.155,2.859,3.098,11.605,9.571
4.31,4.151,3.861,3.222,3.155,2.859,3.098,11.605,9.571,6.868
4.151,3.861,3.222,3.155,2.859,3.098,11.605,9.571,6.868,5.584
3.861,3.222,3.155,2.859,3.098,11.605,9.571,6.868,5.584,6.122
3.222,3.155,2.859,3.098,11.605,9.571,6.868,5.584,6.122,10.856
3.155,2.859,3.098,11.605,9.571,6.868,5.584,6.122,10.856,8.245
2.859,3.098,11.605,9.571,6.868,5.584,6.122,10.856,8.245,7.219
3.098,11.605,9.571,6.868,5.584,6.122,10.856,8.245,7.219,7.722
11.605,9.571,6.868,5.584,6.122,10.856,8.245,7.219,7.722,6.15
9.571,6.868,5.584,6.122,10.856,8.245,7.219,7.722,6.15,5.558
6.868,5.584,6.122,10.856,8.245,7.219,7.722,6.15,5.558,5.995
5.584,6.122,10.856,8.245,7.219,7.722,6.15,5.558,5.995,15.052
6.122,10.856,8.245,7.219,7.722,6.15,5.558,5.995,15.052,22.875
10.856,8.245,7.219,7.722,6.15,5.558,5.995,15.052,22.875,23.63
8.245,7.219,7.722,6.15,5.558,5.995,15.052,22.875,23.63,25.266
7.219,7.722,6.15,5.558,5.995,15.052,22.875,23.63,25.266,19.423
7.722,6.15,5.558,5.995,15.052,22.875,23.63,25.266,19.423,13.803
6.15,5.558,5.995,15.052,22.875,23.63,25.266,19.423,13.803,17.131
5.558,5.995,15.052,22.875,23.63,25.266,19.423,13.803,17.131,20.157
5.995,15.052,22.875,23.63,25.266,19.423,13.803,17.131,20.157,14.647
15.052,22.875,23.63,25.266,19.423,13.803,17.131,20.157,14.647,17.444
22.875,23.63,25.266,19.423,13.803,17.131,20.157,14.647,17.444,14.618
23.63,25.266,19.423,13.803,17.131,20.157,14.647,17.444,14.618,11.464
25.266,19.423,13.803,17.131,20.157,14.647,17.444,14.618,11.464,9.756
19.423,13.803,17.131,20.157,14.647,17.444,14.618,11.464,9.756,9.01
13.803,17.131,20.157,14.647,17.444,14.618,11.464,9.756,9.01,8.418
17.131,20.157,14.647,17.444,14.618,11.464,9.756,9.01,8.418,7.499
20.157,14.647,17.444,14.618,11.464,9.756,9.01,8.418,7.499,7.608
14.647,17.444,14.618,11.464,9.756,9.01,8.418,7.499,7.608,8.142
17.444,14.618,11.464,9.756,9.01,8.418,7.499,7.608,8.142,6.737
14.618,11.464,9.756,9.01,8.418,7.499,7.608,8.142,6.737,7.493
11.464,9.756,9.01,8.418,7.499,7.608,8.142,6.737,7.493,6.295
9.756,9.01,8.418,7.499,7.608,8.142,6.737,7.493,6.295,5.801
9.01,8.418,7.499,7.608,8.142,6.737,7.493,6.295,5.801,22.899
8.418,7.499,7.608,8.142,6.737,7.493,6.295,5.801,22.899,18.077
7.499,7.608,8.142,6.737,7.493,6.295,5.801,22.899,18.077,12.595
7.608,8.142,6.737,7.493,6.295,5.801,22.899,18.077,12.595,9.467
8.142,6.737,7.493,6.295,5.801,22.899,18.077,12.595,9.467,7.799
6.737,7.493,6.295,5.801,22.899,18.077,12.595,9.467,7.799,7.086
7.493,6.295,5.801,22.899,18.077,12.595,9.467,7.799,7.086,6.265
6.295,5.801,22.899,18.077,12.595,9.467,7.799,7.086,6.265,5.383
5.801,22.899,18.077,12.595,9.467,7.799,7.086,6.265,5.383,4.609
22.899,18.077,12.595,9.467,7.799,7.086,6.265,5.383,4.609,4.284
18.077,12.595,9.467,7.799,7.086,6.265,5.383,4.609,4.284,3.912
12.595,9.467,7.799,7.086,6.265,5.383,4.609,4.284,3.912,3.589
9.467,7.799,7.086,6.265,5.383,4.609,4.284,3.912,3.589,3.725
7.799,7.086,6.265,5.383,4.609,4.284,3.912,3.589,3.725,4.22
7.086,6.265,5.383,4.609,4.284,3.912,3.589,3.725,4.22,4.015
6.265,5.383,4.609,4.284,3.912,3.589,3.725,4.22,4.015,3.899
5.383,4.609,4.284,3.912,3.589,3.725,4.22,4.015,3.899,3.405
4.609,4.284,3.912,3.589,3.725,4.22,4.015,3.899,3.405,3.006
4.284,3.912,3.589,3.725,4.22,4.015,3.899,3.405,3.006,2.655
3.912,3.589,3.725,4.22,4.015,3.899,3.405,3.006,2.655,2.476
3.589,3.725,4.22,4.015,3.899,3.405,3.006,2.655,2.476,2.37
3.725,4.22,4.015,3.899,3.405,3.006,2.655,2.476,2.37,2.213
4.22,4.015,3.899,3.405,3.006,2.655,2.476,2.37,2.213,1.935
4.015,3.899,3.405,3.006,2.655,2.476,2.37,2.213,1.935,1.77
3.899,3.405,3.006,2.655,2.476,2.37,2.213,1.935,1.77,1.726
3.405,3.006,2.655,2.476,2.37,2.213,1.935,1.77,1.726,1.545
3.006,2.655,2.476,2.37,2.213,1.935,1.77,1.726,1.545,1.537
2.655,2.476,2.37,2.213,1.935,1.77,1.726,1.545,1.537,1.498
2.476,2.37,2.213,1.935,1.77,1.726,1.545,1.537,1.498,1.346
2.37,2.213,1.935,1.77,1.726,1.545,1.537,1.498,1.346,1.301
2.213,1.935,1.77,1.726,1.545,1.537,1.498,1.346,1.301,1.326
1.935,1.77,1.726,1.545,1.537,1.498,1.346,1.301,1.326,1.304
1.77,1.726,1.545,1.537,1.498,1.346,1.301,1.326,1.304,1.679
1.726,1.545,1.537,1.498,1.346,1.301,1.326,1.304,1.679,1.945
1.545,1.537,1.498,1.346,1.301,1.326,1.304,1.679,1.945,1.428
1.537,1.498,1.346,1.301,1.326,1.304,1.679,1.945,1.428,1.39
1.498,1.346,1.301,1.326,1.304,1.679,1.945,1.428,1.39,1.222
1.346,1.301,1.326,1.304,1.679,1.945,1.428,1.39,1.222,1.139
1.301,1.326,1.304,1.679,1.945,1.428,1.39,1.222,1.139,1.028
1.326,1.304,1.679,1.945,1.428,1.39,1.222,1.139,1.028,0.958
1.304,1.679,1.945,1.428,1.39,1.222,1.139,1.028,0.958,0.963
1.679,1.945,1.428,1.39,1.222,1.139,1.028,0.958,0.963,0.934
1.945,1.428,1.39,1.222,1.139,1.028,0.958,0.963,0.934,0.893
1.428,1.39,1.222,1.139,1.028,0.958,0.963,0.934,0.893,0.794
1.39,1.222,1.139,1.028,0.958,0.963,0.934,0.893,0.794,0.694
1.222,1.139,1.028,0.958,0.963,0.934,0.893,0.794,0.694,0.632
1.139,1.028,0.958,0.963,0.934,0.893,0.794,0.694,0.632,0.565
1.028,0.958,0.963,0.934,0.893,0.794,0.694,0.632,0.565,0.504
0.958,0.963,0.934,0.893,0.794,0.694,0.632,0.565,0.504,0.579
0.963,0.934,0.893,0.794,0.694,0.632,0.565,0.504,0.579,0.722
0.934,0.893,0.794,0.694,0.632,0.565,0.504,0.579,0.722,0.815
0.893,0.794,0.694,0.632,0.565,0.504,0.579,0.722,0.815,0.85
0.794,0.694,0.632,0.565,0.504,0.579,0.722,0.815,0.85,0.89
0.694,0.632,0.565,0.504,0.579,0.722,0.815,0.85,0.89,0.908
0.632,0.565,0.504,0.579,0.722,0.815,0.85,0.89,0.908,0.825
0.565,0.504,0.579,0.722,0.815,0.85,0.89,0.908,0.825,0.694
0.504,0.579,0.722,0.815,0.85,0.89,0.908,0.825,0.694,0.671
0.579,0.722,0.815,0.85,0.89,0.908,0.825,0.694,0.671,0.601
0.722,0.815,0.85,0.89,0.908,0.825,0.694,0.671,0.601,0.762
0.815,0.85,0.89,0.908,0.825,0.694,0.671,0.601,0.762,0.634
0.85,0.89,0.908,0.825,0.694,0.671,0.601,0.762,0.634,0.617
0.89,0.908,0.825,0.694,0.671,0.601,0.762,0.634,0.617,0.97
0.908,0.825,0.694,0.671,0.601,0.762,0.634,0.617,0.97,0.69
0.825,0.694,0.671,0.601,0.762,0.634,0.617,0.97,0.69,0.574
0.694,0.671,0.601,0.762,0.634,0.617,0.97,0.69,0.574,0.566
0.671,0.601,0.762,0.634,0.617,0.97,0.69,0.574,0.566,0.487
0.601,0.762,0.634,0.617,0.97,0.69,0.574,0.566,0.487,0.533
0.762,0.634,0.617,0.97,0.69,0.574,0.566,0.487,0.533,0.892
0.634,0.617,0.97,0.69,0.574,0.566,0.487,0.533,0.892,1.144
0.617,0.97,0.69,0.574,0.566,0.487,0.533,0.892,1.144,0.868
0.97,0.69,0.574,0.566,0.487,0.533,0.892,1.144,0.868,0.804
0.69,0.574,0.566,0.487,0.533,0.892,1.144,0.868,0.804,0.731
0.574,0.566,0.487,0.533,0.892,1.144,0.868,0.804,0.731,0.429
0.566,0.487,0.533,0.892,1.144,0.868,0.804,0.731,0.429,1.045
0.487,0.533,0.892,1.144,0.868,0.804,0.731,0.429,1.045,0.892
0.533,0.892,1.144,0.868,0.804,0.731,0.429,1.045,0.892,0.591
0.892,1.144,0.868,0.804,0.731,0.429,1.045,0.892,0.591,1.641
1.144,0.868,0.804,0.731,0.429,1.045,0.892,0.591,1.641,1.372
0.868,0.804,0.731,0.429,1.045,0.892,0.591,1.641,1.372,0.906
0.804,0.731,0.429,1.045,0.892,0.591,1.641,1.372,0.906,0.716
0.731,0.429,1.045,0.892,0.591,1.641,1.372,0.906,0.716,0.566
0.429,1.045,0.892,0.591,1.641,1.372,0.906,0.716,0.566,0.571
1.045,0.892,0.591,1.641,1.372,0.906,0.716,0.566,0.571,0.49
0.892,0.591,1.641,1.372,0.906,0.716,0.566,0.571,0.49,0.46
0.591,1.641,1.372,0.906,0.716,0.566,0.571,0.49,0.46,0.451
1.641,1.372,0.906,0.716,0.566,0.571,0.49,0.46,0.451,0.481
1.372,0.906,0.716,0.566,0.571,0.49,0.46,0.451,0.481,0.533
0.906,0.716,0.566,0.571,0.49,0.46,0.451,0.481,0.533,0.573
0.716,0.566,0.571,0.49,0.46,0.451,0.481,0.533,0.573,0.441
0.566,0.571,0.49,0.46,0.451,0.481,0.533,0.573,0.441,0.487
0.571,0.49,0.46,0.451,0.481,0.533,0.573,0.441,0.487,0.454
0.49,0.46,0.451,0.481,0.533,0.573,0.441,0.487,0.454,0.426
0.46,0.451,0.481,0.533,0.573,0.441,0.487,0.454,0.426,0.354
0.451,0.481,0.533,0.573,0.441,0.487,0.454,0.426,0.354,0.376
0.481,0.533,0.573,0.441,0.487,0.454,0.426,0.354,0.376,0.42
0.533,0.573,0.441,0.487,0.454,0.426,0.354,0.376,0.42,0.438
0.573,0.441,0.487,0.454,0.426,0.354,0.376,0.42,0.438,0.441
0.441,0.487,0.454,0.426,0.354,0.376,0.42,0.438,0.441,0.455
0.487,0.454,0.426,0.354,0.376,0.42,0.438,0.441,0.455,0.399
0.454,0.426,0.354,0.376,0.42,0.438,0.441,0.455,0.399,0.413
0.426,0.354,0.376,0.42,0.438,0.441,0.455,0.399,0.413,0.899
0.354,0.376,0.42,0.438,0.441,0.455,0.399,0.413,0.899,0.735
0.376,0.42,0.438,0.441,0.455,0.399,0.413,0.899,0.735,0.764
0.42,0.438,0.441,0.455,0.399,0.413,0.899,0.735,0.764,0.669
0.438,0.441,0.455,0.399,0.413,0.899,0.735,0.764,0.669,0.618
0.441,0.455,0.399,0.413,0.899,0.735,0.764,0.669,0.618,0.564
0.455,0.399,0.413,0.899,0.735,0.764,0.669,0.618,0.564,0.608
0.399,0.413,0.899,0.735,0.764,0.669,0.618,0.564,0.608,0.826
0.413,0.899,0.735,0.764,0.669,0.618,0.564,0.608,0.826,0.654
0.899,0.735,0.764,0.669,0.618,0.564,0.608,0.826,0.654,0.595
0.735,0.764,0.669,0.618,0.564,0.608,0.826,0.654,0.595,0.519
0.764,0.669,0.618,0.564,0.608,0.826,0.654,0.595,0.519,0.527
0.669,0.618,0.564,0.608,0.826,0.654,0.595,0.519,0.527,0.467
0.618,0.564,0.608,0.826,0.654,0.595,0.519,0.527,0.467,0.493
0.564,0.608,0.826,0.654,0.595,0.519,0.527,0.467,0.493,0.466
0.608,0.826,0.654,0.595,0.519,0.527,0.467,0.493,0.466,0.425
0.826,0.654,0.595,0.519,0.527,0.467,0.493,0.466,0.425,0.638
0.654,0.595,0.519,0.527,0.467,0.493,0.466,0.425,0.638,0.714
0.595,0.519,0.527,0.467,0.493,0.466,0.425,0.638,0.714,0.686
0.519,0.527,0.467,0.493,0.466,0.425,0.638,0.714,0.686,0.63
0.527,0.467,0.493,0.466,0.425,0.638,0.714,0.686,0.63,0.9
0.467,0.493,0.466,0.425,0.638,0.714,0.686,0.63,0.9,1.06
0.493,0.466,0.425,0.638,0.714,0.686,0.63,0.9,1.06,1.351
0.466,0.425,0.638,0.714,0.686,0.63,0.9,1.06,1.351,1.147
0.425,0.638,0.714,0.686,0.63,0.9,1.06,1.351,1.147,0.825
0.638,0.714,0.686,0.63,0.9,1.06,1.351,1.147,0.825,0.687
0.714,0.686,0.63,0.9,1.06,1.351,1.147,0.825,0.687,0.625
0.686,0.63,0.9,1.06,1.351,1.147,0.825,0.687,0.625,0.564
0.63,0.9,1.06,1.351,1.147,0.825,0.687,0.625,0.564,0.537
0.9,1.06,1.351,1.147,0.825,0.687,0.625,0.564,0.537,0.663
1.06,1.351,1.147,0.825,0.687,0.625,0.564,0.537,0.663,0.968
1.351,1.147,0.825,0.687,0.625,0.564,0.537,0.663,0.968,0.767
1.147,0.825,0.687,0.625,0.564,0.537,0.663,0.968,0.767,0.71
0.825,0.687,0.625,0.564,0.537,0.663,0.968,0.767,0.71,0.61
0.687,0.625,0.564,0.537,0.663,0.968,0.767,0.71,0.61,0.553
0.625,0.564,0.537,0.663,0.968,0.767,0.71,0.61,0.553,0.488
0.564,0.537,0.663,0.968,0.767,0.71,0.61,0.553,0.488,0.395
0.537,0.663,0.968,0.767,0.71,0.61,0.553,0.488,0.395,0.389
0.663,0.968,0.767,0.71,0.61,0.553,0.488,0.395,0.389,0.388
0.968,0.767,0.71,0.61,0.553,0.488,0.395,0.389,0.388,0.398
0.767,0.71,0.61,0.553,0.488,0.395,0.389,0.388,0.398,0.362
0.71,0.61,0.553,0.488,0.395,0.389,0.388,0.398,0.362,0.376
0.61,0.553,0.488,0.395,0.389,0.388,0.398,0.362,0.376,0.366
0.553,0.488,0.395,0.389,0.388,0.398,0.362,0.376,0.366,0.406
0.488,0.395,0.389,0.388,0.398,0.362,0.376,0.366,0.406,0.492
0.395,0.389,0.388,0.398,0.362,0.376,0.366,0.406,0.492,0.87
0.389,0.388,0.398,0.362,0.376,0.366,0.406,0.492,0.87,0.474
0.388,0.398,0.362,0.376,0.366,0.406,0.492,0.87,0.474,0.42
0.398,0.362,0.376,0.366,0.406,0.492,0.87,0.474,0.42,0.363
0.362,0.376,0.366,0.406,0.492,0.87,0.474,0.42,0.363,0.373
0.376,0.366,0.406,0.492,0.87,0.474,0.42,0.363,0.373,0.377
0.366,0.406,0.492,0.87,0.474,0.42,0.363,0.373,0.377,0.683
0.406,0.492,0.87,0.474,0.42,0.363,0.373,0.377,0.683,0.598
0.492,0.87,0.474,0.42,0.363,0.373,0.377,0.683,0.598,0.438
0.87,0.474,0.42,0.363,0.373,0.377,0.683,0.598,0.438,0.511
0.474,0.42,0.363,0.373,0.377,0.683,0.598,0.438,0.511,0.716
0.42,0.363,0.373,0.377,0.683,0.598,0.438,0.511,0.716,0.919
0.363,0.373,0.377,0.683,0.598,0.438,0.511,0.716,0.919,1.143
0.373,0.377,0.683,0.598,0.438,0.511,0.716,0.919,1.143,1.14
0.377,0.683,0.598,0.438,0.511,0.716,0.919,1.143,1.14,0.834
0.683,0.598,0.438,0.511,0.716,0.919,1.143,1.14,0.834,0.705
0.598,0.438,0.511,0.716,0.919,1.143,1.14,0.834,0.705,1.109
0.438,0.511,0.716,0.919,1.143,1.14,0.834,0.705,1.109,1.307
0.511,0.716,0.919,1.143,1.14,0.834,0.705,1.109,1.307,0.874
0.716,0.919,1.143,1.14,0.834,0.705,1.109,1.307,0.874,0.682
0.919,1.143,1.14,0.834,0.705,1.109,1.307,0.874,0.682,0.615
1.143,1.14,0.834,0.705,1.109,1.307,0.874,0.682,0.615,0.617
1.14,0.834,0.705,1.109,1.307,0.874,0.682,0.615,0.617,0.539
0.834,0.705,1.109,1.307,0.874,0.682,0.615,0.617,0.539,0.496
0.705,1.109,1.307,0.874,0.682,0.615,0.617,0.539,0.496,0.498
1.109,1.307,0.874,0.682,0.615,0.617,0.539,0.496,0.498,0.586
1.307,0.874,0.682,0.615,0.617,0.539,0.496,0.498,0.586,0.69
0.874,0.682,0.615,0.617,0.539,0.496,0.498,0.586,0.69,0.67
0.682,0.615,0.617,0.539,0.496,0.498,0.586,0.69,0.67,0.613
0.615,0.617,0.539,0.496,0.498,0.586,0.69,0.67,0.613,0.545
0.617,0.539,0.496,0.498,0.586,0.69,0.67,0.613,0.545,0.847
0.539,0.496,0.498,0.586,0.69,0.67,0.613,0.545,0.847,0.984
0.496,0.498,0.586,0.69,0.67,0.613,0.545,0.847,0.984,0.811
0.498,0.586,0.69,0.67,0.613,0.545,0.847,0.984,0.811,0.693
0.586,0.69,0.67,0.613,0.545,0.847,0.984,0.811,0.693,0.694
0.69,0.67,0.613,0.545,0.847,0.984,0.811,0.693,0.694,0.682
0.67,0.613,0.545,0.847,0.984,0.811,0.693,0.694,0.682,0.687
0.613,0.545,0.847,0.984,0.811,0.693,0.694,0.682,0.687,0.665
0.545,0.847,0.984,0.811,0.693,0.694,0.682,0.687,0.665,0.652
0.847,0.984,0.811,0.693,0.694,0.682,0.687,0.665,0.652,0.646
0.984,0.811,0.693,0.694,0.682,0.687,0.665,0.652,0.646,0.859
0.811,0.693,0.694,0.682,0.687,0.665,0.652,0.646,0.859,2.625
0.693,0.694,0.682,0.687,0.665,0.652,0.646,0.859,2.625,1.642
0.694,0.682,0.687,0.665,0.652,0.646,0.859,2.625,1.642,1.563
0.682,0.687,0.665,0.652,0.646,0.859,2.625,1.642,1.563,2.058
0.687,0.665,0.652,0.646,0.859,2.625,1.642,1.563,2.058,1.795
0.665,0.652,0.646,0.859,2.625,1.642,1.563,2.058,1.795,2.588
0.652,0.646,0.859,2.625,1.642,1.563,2.058,1.795,2.588,2.861
0.646,0.859,2.625,1.642,1.563,2.058,1.795,2.588,2.861,2.861
0.859,2.625,1.642,1.563,2.058,1.795,2.588,2.861,2.861,1.596
2.625,1.642,1.563,2.058,1.795,2.588,2.861,2.861,1.596,1.28
1.642,1.563,2.058,1.795,2.588,2.861,2.861,1.596,1.28,1.041
1.563,2.058,1.795,2.588,2.861,2.861,1.596,1.28,1.041,0.946
2.058,1.795,2.588,2.861,2.861,1.596,1.28,1.041,0.946,0.914
1.795,2.588,2.861,2.861,1.596,1.28,1.041,0.946,0.914,0.864
2.588,2.861,2.861,1.596,1.28,1.041,0.946,0.914,0.864,0.815
2.861,2.861,1.596,1.28,1.041,0.946,0.914,0.864,0.815,0.776
2.861,1.596,1.28,1.041,0.946,0.914,0.864,0.815,0.776,0.876
1.596,1.28,1.041,0.946,0.914,0.864,0.815,0.776,0.876,0.936
1.28,1.041,0.946,0.914,0.864,0.815,0.776,0.876,0.936,0.986
1.041,0.946,0.914,0.864,0.815,0.776,0.876,0.936,0.986,0.849
0.946,0.914,0.864,0.815,0.776,0.876,0.936,0.986,0.849,0.797
0.914,0.864,0.815,0.776,0.876,0.936,0.986,0.849,0.797,0.863
0.864,0.815,0.776,0.876,0.936,0.986,0.849,0.797,0.863,0.879
0.815,0.776,0.876,0.936,0.986,0.849,0.797,0.863,0.879,0.815
0.776,0.876,0.936,0.986,0.849,0.797,0.863,0.879,0.815,0.904
0.876,0.936,0.986,0.849,0.797,0.863,0.879,0.815,0.904,0.948
0.936,0.986,0.849,0.797,0.863,0.879,0.815,0.904,0.948,0.909
0.986,0.849,0.797,0.863,0.879,0.815,0.904,0.948,0.909,0.797
0.849,0.797,0.863,0.879,0.815,0.904,0.948,0.909,0.797,0.833
0.797,0.863,0.879,0.815,0.904,0.948,0.909,0.797,0.833,0.625
0.863,0.879,0.815,0.904,0.948,0.909,0.797,0.833,0.625,0.776
0.879,0.815,0.904,0.948,0.909,0.797,0.833,0.625,0.776,0.792
0.815,0.904,0.948,0.909,0.797,0.833,0.625,0.776,0.792,0.749
0.904,0.948,0.909,0.797,0.833,0.625,0.776,0.792,0.749,0.747
0.948,0.909,0.797,0.833,0.625,0.776,0.792,0.749,0.747,0.682
0.909,0.797,0.833,0.625,0.776,0.792,0.749,0.747,0.682,0.745
0.797,0.833,0.625,0.776,0.792,0.749,0.747,0.682,0.745,0.79
0.833,0.625,0.776,0.792,0.749,0.747,0.682,0.745,0.79,0.997
0.625,0.776,0.792,0.749,0.747,0.682,0.745,0.79,0.997,1.061
0.776,0.792,0.749,0.747,0.682,0.745,0.79,0.997,1.061,0.856
0.792,0.749,0.747,0.682,0.745,0.79,0.997,1.061,0.856,0.808
0.749,0.747,0.682,0.745,0.79,0.997,1.061,0.856,0.808,0.756
0.747,0.682,0.745,0.79,0.997,1.061,0.856,0.808,0.756,0.79
0.682,0.745,0.79,0.997,1.061,0.856,0.808,0.756,0.79,0.714
0.745,0.79,0.997,1.061,0.856,0.808,0.756,0.79,0.714,0.755
0.79,0.997,1.061,0.856,0.808,0.756,0.79,0.714,0.755,0.764
0.997,1.061,0.856,0.808,0.756,0.79,0.714,0.755,0.764,0.783
1.061,0.856,0.808,0.756,0.79,0.714,0.755,0.764,0.783,0.857
0.856,0.808,0.756,0.79,0.714,0.755,0.764,0.783,0.857,0.776
0.808,0.756,0.79,0.714,0.755,0.764,0.783,0.857,0.776,0.815
0.756,0.79,0.714,0.755,0.764,0.783,0.857,0.776,0.815,0.792
0.79,0.714,0.755,0.764,0.783,0.857,0.776,0.815,0.792,0.89
0.714,0.755,0.764,0.783,0.857,0.776,0.815,0.792,0.89,0.929
0.755,0.764,0.783,0.857,0.776,0.815,0.792,0.89,0.929,0.855
0.764,0.783,0.857,0.776,0.815,0.792,0.89,0.929,0.855,1.221
0.783,0.857,0.776,0.815,0.792,0.89,0.929,0.855,1.221,1.394
0.857,0.776,0.815,0.792,0.89,0.929,0.855,1.221,1.394,1.891
0.776,0.815,0.792,0.89,0.929,0.855,1.221,1.394,1.891,1.796
0.815,0.792,0.89,0.929,0.855,1.221,1.394,1.891,1.796,1.847
0.792,0.89,0.929,0.855,1.221,1.394,1.891,1.796,1.847,1.509
0.89,0.929,0.855,1.221,1.394,1.891,1.796,1.847,1.509,1.367
0.929,0.855,1.221,1.394,1.891,1.796,1.847,1.509,1.367,1.283
0.855,1.221,1.394,1.891,1.796,1.847,1.509,1.367,1.283,1.202
1.221,1.394,1.891,1.796,1.847,1.509,1.367,1.283,1.202,1.133
1.394,1.891,1.796,1.847,1.509,1.367,1.283,1.202,1.133,1.057
1.891,1.796,1.847,1.509,1.367,1.283,1.202,1.133,1.057,1.058
1.796,1.847,1.509,1.367,1.283,1.202,1.133,1.057,1.058,0.977
1.847,1.509,1.367,1.283,1.202,1.133,1.057,1.058,0.977,0.994
1.509,1.367,1.283,1.202,1.133,1.057,1.058,0.977,0.994,1.013
1.367,1.283,1.202,1.133,1.057,1.058,0.977,0.994,1.013,0.955
1.283,1.202,1.133,1.057,1.058,0.977,0.994,1.013,0.955,1.325
1.202,1.133,1.057,1.058,0.977,0.994,1.013,0.955,1.325,1.452
1.133,1.057,1.058,0.977,0.994,1.013,0.955,1.325,1.452,1.381
1.057,1.058,0.977,0.994,1.013,0.955,1.325,1.452,1.381,1.471
1.058,0.977,0.994,1.013,0.955,1.325,1.452,1.381,1.471,2.384
0.977,0.994,1.013,0.955,1.325,1.452,1.381,1.471,2.384,2.264
0.994,1.013,0.955,1.325,1.452,1.381,1.471,2.384,2.264,1.809
1.013,0.955,1.325,1.452,1.381,1.471,2.384,2.264,1.809,1.493
0.955,1.325,1.452,1.381,1.471,2.384,2.264,1.809,1.493,1.409
1.325,1.452,1.381,1.471,2.384,2.264,1.809,1.493,1.409,1.167
1.452,1.381,1.471,2.384,2.264,1.809,1.493,1.409,1.167,0.803
1.381,1.471,2.384,2.264,1.809,1.493,1.409,1.167,0.803,0.809
1.471,2.384,2.264,1.809,1.493,1.409,1.167,0.803,0.809,0.521
2.384,2.264,1.809,1.493,1.409,1.167,0.803,0.809,0.521,0.783
2.264,1.809,1.493,1.409,1.167,0.803,0.809,0.521,0.783,1.096
1.809,1.493,1.409,1.167,0.803,0.809,0.521,0.783,1.096,1.118
1.493,1.409,1.167,0.803,0.809,0.521,0.783,1.096,1.118,1.096
1.409,1.167,0.803,0.809,0.521,0.783,1.096,1.118,1.096,1.032
1.167,0.803,0.809,0.521,0.783,1.096,1.118,1.096,1.032,0.967
0.803,0.809,0.521,0.783,1.096,1.118,1.096,1.032,0.967,0.999
0.809,0.521,0.783,1.096,1.118,1.096,1.032,0.967,0.999,0.846
0.521,0.783,1.096,1.118,1.096,1.032,0.967,0.999,0.846,0.682
0.783,1.096,1.118,1.096,1.032,0.967,0.999,0.846,0.682,1.052
1.096,1.118,1.096,1.032,0.967,0.999,0.846,0.682,1.052,0.995
1.118,1.096,1.032,0.967,0.999,0.846,0.682,1.052,0.995,0.999
1.096,1.032,0.967,0.999,0.846,0.682,1.052,0.995,0.999,1.251
1.032,0.967,0.999,0.846,0.682,1.052,0.995,0.999,1.251,5.13
0.967,0.999,0.846,0.682,1.052,0.995,0.999,1.251,5.13,3.608
0.999,0.846,0.682,1.052,0.995,0.999,1.251,5.13,3.608,3.381
0.846,0.682,1.052,0.995,0.999,1.251,5.13,3.608,3.381,2.759
0.682,1.052,0.995,0.999,1.251,5.13,3.608,3.381,2.759,2.293
1.052,0.995,0.999,1.251,5.13,3.608,3.381,2.759,2.293,2.051
0.995,0.999,1.251,5.13,3.608,3.381,2.759,2.293,2.051,1.621
0.999,1.251,5.13,3.608,3.381,2.759,2.293,2.051,1.621,1.217
1.251,5.13,3.608,3.381,2.759,2.293,2.051,1.621,1.217,0.903
5.13,3.608,3.381,2.759,2.293,2.051,1.621,1.217,0.903,0.821
3.608,3.381,2.759,2.293,2.051,1.621,1.217,0.903,0.821,0.99
3.381,2.759,2.293,2.051,1.621,1.217,0.903,0.821,0.99,1.152
2.759,2.293,2.051,1.621,1.217,0.903,0.821,0.99,1.152,1.114
2.293,2.051,1.621,1.217,0.903,0.821,0.99,1.152,1.114,1.295
2.051,1.621,1.217,0.903,0.821,0.99,1.152,1.114,1.295,1.161
1.621,1.217,0.903,0.821,0.99,1.152,1.114,1.295,1.161,1.27
1.217,0.903,0.821,0.99,1.152,1.114,1.295,1.161,1.27,1.236
0.903,0.821,0.99,1.152,1.114,1.295,1.161,1.27,1.236,1.289
0.821,0.99,1.152,1.114,1.295,1.161,1.27,1.236,1.289,1.333
0.99,1.152,1.114,1.295,1.161,1.27,1.236,1.289,1.333,1.512
1.152,1.114,1.295,1.161,1.27,1.236,1.289,1.333,1.512,1.609
1.114,1.295,1.161,1.27,1.236,1.289,1.333,1.512,1.609,1.684
1.295,1.161,1.27,1.236,1.289,1.333,1.512,1.609,1.684,1.472
1.161,1.27,1.236,1.289,1.333,1.512,1.609,1.684,1.472,1.458
1.27,1.236,1.289,1.333,1.512,1.609,1.684,1.472,1.458,0.957
1.236,1.289,1.333,1.512,1.609,1.684,1.472,1.458,0.957,1.184
1.289,1.333,1.512,1.609,1.684,1.472,1.458,0.957,1.184,1.174
1.333,1.512,1.609,1.684,1.472,1.458,0.957,1.184,1.174,1.01
1.512,1.609,1.684,1.472,1.458,0.957,1.184,1.174,1.01,1.101
1.609,1.684,1.472,1.458,0.957,1.184,1.174,1.01,1.101,1.27
1.684,1.472,1.458,0.957,1.184,1.174,1.01,1.101,1.27,5.619
1.472,1.458,0.957,1.184,1.174,1.01,1.101,1.27,5.619,16.294
1.458,0.957,1.184,1.174,1.01,1.101,1.27,5.619,16.294,12.002
0.957,1.184,1.174,1.01,1.101,1.27,5.619,16.294,12.002,8.393
1.184,1.174,1.01,1.101,1.27,5.619,16.294,12.002,8.393,6.311
1.174,1.01,1.101,1.27,5.619,16.294,12.002,8.393,6.311,5.025
1.01,1.101,1.27,5.619,16.294,12.002,8.393,6.311,5.025,3.994
1.101,1.27,5.619,16.294,12.002,8.393,6.311,5.025,3.994,4.342
1.27,5.619,16.294,12.002,8.393,6.311,5.025,3.994,4.342,4.555
5.619,16.294,12.002,8.393,6.311,5.025,3.994,4.342,4.555,4.094
16.294,12.002,8.393,6.311,5.025,3.994,4.342,4.555,4.094,3.473
12.002,8.393,6.311,5.025,3.994,4.342,4.555,4.094,3.473,3.008
8.393,6.311,5.025,3.994,4.342,4.555,4.094,3.473,3.008,2.727
6.311,5.025,3.994,4.342,4.555,4.094,3.473,3.008,2.727,2.475
5.025,3.994,4.342,4.555,4.094,3.473,3.008,2.727,2.475,2.366
3.994,4.342,4.555,4.094,3.473,3.008,2.727,2.475,2.366,2.293
4.342,4.555,4.094,3.473,3.008,2.727,2.475,2.366,2.293,2.236
4.555,4.094,3.473,3.008,2.727,2.475,2.366,2.293,2.236,2.269
4.094,3.473,3.008,2.727,2.475,2.366,2.293,2.236,2.269,2.242
3.473,3.008,2.727,2.475,2.366,2.293,2.236,2.269,2.242,1.82
3.008,2.727,2.475,2.366,2.293,2.236,2.269,2.242,1.82,1.838
2.727,2.475,2.366,2.293,2.236,2.269,2.242,1.82,1.838,1.637
2.475,2.366,2.293,2.236,2.269,2.242,1.82,1.838,1.637,1.719
2.366,2.293,2.236,2.269,2.242,1.82,1.838,1.637,1.719,1.637
2.293,2.236,2.269,2.242,1.82,1.838,1.637,1.719,1.637,1.628
2.236,2.269,2.242,1.82,1.838,1.637,1.719,1.637,1.628,1.016
2.269,2.242,1.82,1.838,1.637,1.719,1.637,1.628,1.016,1.538
2.242,1.82,1.838,1.637,1.719,1.637,1.628,1.016,1.538,1.582
1.82,1.838,1.637,1.719,1.637,1.628,1.016,1.538,1.582,1.895
1.838,1.637,1.719,1.637,1.628,1.016,1.538,1.582,1.895,1.905
1.637,1.719,1.637,1.628,1.016,1.538,1.582,1.895,1.905,1.815
1.719,1.637,1.628,1.016,1.538,1.582,1.895,1.905,1.815,2.79
1.637,1.628,1.016,1.538,1.582,1.895,1.905,1.815,2.79,6.579
1.628,1.016,1.538,1.582,1.895,1.905,1.815,2.79,6.579,7.371
1.016,1.538,1.582,1.895,1.905,1.815,2.79,6.579,7.371,8.969
1.538,1.582,1.895,1.905,1.815,2.79,6.579,7.371,8.969,11.783
1.582,1.895,1.905,1.815,2.79,6.579,7.371,8.969,11.783,16.321
1.895,1.905,1.815,2.79,6.579,7.371,8.969,11.783,16.321,11.779
1.905,1.815,2.79,6.579,7.371,8.969,11.783,16.321,11.779,10.416
1.815,2.79,6.579,7.371,8.969,11.783,16.321,11.779,10.416,9.815
2.79,6.579,7.371,8.969,11.783,16.321,11.779,10.416,9.815,9.114
6.579,7.371,8.969,11.783,16.321,11.779,10.416,9.815,9.114,10.097
7.371,8.969,11.783,16.321,11.779,10.416,9.815,9.114,10.097,9.548
8.969,11.783,16.321,11.779,10.416,9.815,9.114,10.097,9.548,7.549
11.783,16.321,11.779,10.416,9.815,9.114,10.097,9.548,7.549,6.613
16.321,11.779,10.416,9.815,9.114,10.097,9.548,7.549,6.613,12.46
11.779,10.416,9.815,9.114,10.097,9.548,7.549,6.613,12.46,20.153
10.416,9.815,9.114,10.097,9.548,7.549,6.613,12.46,20.153,19.612
9.815,9.114,10.097,9.548,7.549,6.613,12.46,20.153,19.612,28.07
9.114,10.097,9.548,7.549,6.613,12.46,20.153,19.612,28.07,23.603
10.097,9.548,7.549,6.613,12.46,20.153,19.612,28.07,23.603,14.18
9.548,7.549,6.613,12.46,20.153,19.612,28.07,23.603,14.18,10.754
7.549,6.613,12.46,20.153,19.612,28.07,23.603,14.18,10.754,9.006
6.613,12.46,20.153,19.612,28.07,23.603,14.18,10.754,9.006,7.582
12.46,20.153,19.612,28.07,23.603,14.18,10.754,9.006,7.582,6.508
20.153,19.612,28.07,23.603,14.18,10.754,9.006,7.582,6.508,6.349
19.612,28.07,23.603,14.18,10.754,9.006,7.582,6.508,6.349,5.936
28.07,23.603,14.18,10.754,9.006,7.582,6.508,6.349,5.936,5.276
23.603,14.18,10.754,9.006,7.582,6.508,6.349,5.936,5.276,5.069
14.18,10.754,9.006,7.582,6.508,6.349,5.936,5.276,5.069,5.2
10.754,9.006,7.582,6.508,6.349,5.936,5.276,5.069,5.2,4.39
9.006,7.582,6.508,6.349,5.936,5.276,5.069,5.2,4.39,5.145
7.582,6.508,6.349,5.936,5.276,5.069,5.2,4.39,5.145,6.104
6.508,6.349,5.936,5.276,5.069,5.2,4.39,5.145,6.104,5.058
6.349,5.936,5.276,5.069,5.2,4.39,5.145,6.104,5.058,4.425
5.936,5.276,5.069,5.2,4.39,5.145,6.104,5.058,4.425,4.221
5.276,5.069,5.2,4.39,5.145,6.104,5.058,4.425,4.221,3.737
5.069,5.2,4.39,5.145,6.104,5.058,4.425,4.221,3.737,3.255
5.2,4.39,5.145,6.104,5.058,4.425,4.221,3.737,3.255,2.857
4.39,5.145,6.104,5.058,4.425,4.221,3.737,3.255,2.857,3.176
5.145,6.104,5.058,4.425,4.221,3.737,3.255,2.857,3.176,4.292
6.104,5.058,4.425,4.221,3.737,3.255,2.857,3.176,4.292,5.008
5.058,4.425,4.221,3.737,3.255,2.857,3.176,4.292,5.008,4.79
4.425,4.221,3.737,3.255,2.857,3.176,4.292,5.008,4.79,4.458
4.221,3.737,3.255,2.857,3.176,4.292,5.008,4.79,4.458,4.767
3.737,3.255,2.857,3.176,4.292,5.008,4.79,4.458,4.767,5.493
3.255,2.857,3.176,4.292,5.008,4.79,4.458,4.767,5.493,4.899
2.857,3.176,4.292,5.008,4.79,4.458,4.767,5.493,4.899,4.344
3.176,4.292,5.008,4.79,4.458,4.767,5.493,4.899,4.344,3.844
4.292,5.008,4.79,4.458,4.767,5.493,4.899,4.344,3.844,3.418
5.008,4.79,4.458,4.767,5.493,4.899,4.344,3.844,3.418,3.191
4.79,4.458,4.767,5.493,4.899,4.344,3.844,3.418,3.191,2.624
4.458,4.767,5.493,4.899,4.344,3.844,3.418,3.191,2.624,3.167
4.767,5.493,4.899,4.344,3.844,3.418,3.191,2.624,3.167,3.106
5.493,4.899,4.344,3.844,3.418,3.191,2.624,3.167,3.106,2.697
4.899,4.344,3.844,3.418,3.191,2.624,3.167,3.106,2.697,2.259
4.344,3.844,3.418,3.191,2.624,3.167,3.106,2.697,2.259,2.059
3.844,3.418,3.191,2.624,3.167,3.106,2.697,2.259,2.059,1.831
3.418,3.191,2.624,3.167,3.106,2.697,2.259,2.059,1.831,2.282
3.191,2.624,3.167,3.106,2.697,2.259,2.059,1.831,2.282,2.536
2.624,3.167,3.106,2.697,2.259,2.059,1.831,2.282,2.536,2.195
3.167,3.106,2.697,2.259,2.059,1.831,2.282,2.536,2.195,2.585
3.106,2.697,2.259,2.059,1.831,2.282,2.536,2.195,2.585,1.699
2.697,2.259,2.059,1.831,2.282,2.536,2.195,2.585,1.699,2.093
2.259,2.059,1.831,2.282,2.536,2.195,2.585,1.699,2.093,1.815
2.059,1.831,2.282,2.536,2.195,2.585,1.699,2.093,1.815,1.546
1.831,2.282,2.536,2.195,2.585,1.699,2.093,1.815,1.546,1.526
2.282,2.536,2.195,2.585,1.699,2.093,1.815,1.546,1.526,1.267
2.536,2.195,2.585,1.699,2.093,1.815,1.546,1.526,1.267,1.193
2.195,2.585,1.699,2.093,1.815,1.546,1.526,1.267,1.193,1.219
2.585,1.699,2.093,1.815,1.546,1.526,1.267,1.193,1.219,1.345
1.699,2.093,1.815,1.546,1.526,1.267,1.193,1.219,1.345,1.3
2.093,1.815,1.546,1.526,1.267,1.193,1.219,1.345,1.3,2.155
1.815,1.546,1.526,1.267,1.193,1.219,1.345,1.3,2.155,2.297
1.546,1.526,1.267,1.193,1.219,1.345,1.3,2.155,2.297,1.909
1.526,1.267,1.193,1.219,1.345,1.3,2.155,2.297,1.909,1.486
1.267,1.193,1.219,1.345,1.3,2.155,2.297,1.909,1.486,1.348
1.193,1.219,1.345,1.3,2.155,2.297,1.909,1.486,1.348,1.145
1.219,1.345,1.3,2.155,2.297,1.909,1.486,1.348,1.145,1.069
1.345,1.3,2.155,2.297,1.909,1.486,1.348,1.145,1.069,0.977
1.3,2.155,2.297,1.909,1.486,1.348,1.145,1.069,0.977,0.863
2.155,2.297,1.909,1.486,1.348,1.145,1.069,0.977,0.863,0.84
2.297,1.909,1.486,1.348,1.145,1.069,0.977,0.863,0.84,0.892
1.909,1.486,1.348,1.145,1.069,0.977,0.863,0.84,0.892,0.783
1.486,1.348,1.145,1.069,0.977,0.863,0.84,0.892,0.783,0.752
1.348,1.145,1.069,0.977,0.863,0.84,0.892,0.783,0.752,0.714
1.145,1.069,0.977,0.863,0.84,0.892,0.783,0.752,0.714,0.716
1.069,0.977,0.863,0.84,0.892,0.783,0.752,0.714,0.716,0.865
0.977,0.863,0.84,0.892,0.783,0.752,0.714,0.716,0.865,1.192
0.863,0.84,0.892,0.783,0.752,0.714,0.716,0.865,1.192,1.144
0.84,0.892,0.783,0.752,0.714,0.716,0.865,1.192,1.144,1.065
0.892,0.783,0.752,0.714,0.716,0.865,1.192,1.144,1.065,0.899
0.783,0.752,0.714,0.716,0.865,1.192,1.144,1.065,0.899,0.847
0.752,0.714,0.716,0.865,1.192,1.144,1.065,0.899,0.847,0.833
0.714,0.716,0.865,1.192,1.144,1.065,0.899,0.847,0.833,0.865
0.716,0.865,1.192,1.144,1.065,0.899,0.847,0.833,0.865,0.966
0.865,1.192,1.144,1.065,0.899,0.847,0.833,0.865,0.966,1.281
1.192,1.144,1.065,0.899,0.847,0.833,0.865,0.966,1.281,1.176
1.144,1.065,0.899,0.847,0.833,0.865,0.966,1.281,1.176,1.044
1.065,0.899,0.847,0.833,0.865,0.966,1.281,1.176,1.044,0.921
0.899,0.847,0.833,0.865,0.966,1.281,1.176,1.044,0.921,0.856
0.847,0.833,0.865,0.966,1.281,1.176,1.044,0.921,0.856,0.746
0.833,0.865,0.966,1.281,1.176,1.044,0.921,0.856,0.746,0.849
0.865,0.966,1.281,1.176,1.044,0.921,0.856,0.746,0.849,1.017
0.966,1.281,1.176,1.044,0.921,0.856,0.746,0.849,1.017,0.853
1.281,1.176,1.044,0.921,0.856,0.746,0.849,1.017,0.853,0.784
1.176,1.044,0.921,0.856,0.746,0.849,1.017,0.853,0.784,0.76
1.044,0.921,0.856,0.746,0.849,1.017,0.853,0.784,0.76,0.788
0.921,0.856,0.746,0.849,1.017,0.853,0.784,0.76,0.788,0.812
0.856,0.746,0.849,1.017,0.853,0.784,0.76,0.788,0.812,0.688
0.746,0.849,1.017,0.853,0.784,0.76,0.788,0.812,0.688,0.591
0.849,1.017,0.853,0.784,0.76,0.788,0.812,0.688,0.591,0.526
1.017,0.853,0.784,0.76,0.788,0.812,0.688,0.591,0.526,0.51
0.853,0.784,0.76,0.788,0.812,0.688,0.591,0.526,0.51,0.589
0.784,0.76,0.788,0.812,0.688,0.591,0.526,0.51,0.589,0.615
0.76,0.788,0.812,0.688,0.591,0.526,0.51,0.589,0.615,0.417
0.788,0.812,0.688,0.591,0.526,0.51,0.589,0.615,0.417,0.561
0.812,0.688,0.591,0.526,0.51,0.589,0.615,0.417,0.561,0.499
0.688,0.591,0.526,0.51,0.589,0.615,0.417,0.561,0.499,0.496
0.591,0.526,0.51,0.589,0.615,0.417,0.561,0.499,0.496,0.363
0.526,0.51,0.589,0.615,0.417,0.561,0.499,0.496,0.363,0.412
0.51,0.589,0.615,0.417,0.561,0.499,0.496,0.363,0.412,0.461
0.589,0.615,0.417,0.561,0.499,0.496,0.363,0.412,0.461,5.311
0.615,0.417,0.561,0.499,0.496,0.363,0.412,0.461,5.311,3.166
0.417,0.561,0.499,0.496,0.363,0.412,0.461,5.311,3.166,1.568
0.561,0.499,0.496,0.363,0.412,0.461,5.311,3.166,1.568,1.189
0.499,0.496,0.363,0.412,0.461,5.311,3.166,1.568,1.189,0.952
0.496,0.363,0.412,0.461,5.311,3.166,1.568,1.189,0.952,1.288
0.363,0.412,0.461,5.311,3.166,1.568,1.189,0.952,1.288,0.697
0.412,0.461,5.311,3.166,1.568,1.189,0.952,1.288,0.697,0.75
0.461,5.311,3.166,1.568,1.189,0.952,1.288,0.697,0.75,2.034
5.311,3.166,1.568,1.189,0.952,1.288,0.697,0.75,2.034,4.838
3.166,1.568,1.189,0.952,1.288,0.697,0.75,2.034,4.838,2.924
1.568,1.189,0.952,1.288,0.697,0.75,2.034,4.838,2.924,2.354
1.189,0.952,1.288,0.697,0.75,2.034,4.838,2.924,2.354,1.929
0.952,1.288,0.697,0.75,2.034,4.838,2.924,2.354,1.929,1.564
1.288,0.697,0.75,2.034,4.838,2.924,2.354,1.929,1.564,1.341
0.697,0.75,2.034,4.838,2.924,2.354,1.929,1.564,1.341,1.101
0.75,2.034,4.838,2.924,2.354,1.929,1.564,1.341,1.101,0.965
2.034,4.838,2.924,2.354,1.929,1.564,1.341,1.101,0.965,0.872
4.838,2.924,2.354,1.929,1.564,1.341,1.101,0.965,0.872,0.75
2.924,2.354,1.929,1.564,1.341,1.101,0.965,0.872,0.75,0.737
2.354,1.929,1.564,1.341,1.101,0.965,0.872,0.75,0.737,0.645
1.929,1.564,1.341,1.101,0.965,0.872,0.75,0.737,0.645,0.583
1.564,1.341,1.101,0.965,0.872,0.75,0.737,0.645,0.583,0.593
1.341,1.101,0.965,0.872,0.75,0.737,0.645,0.583,0.593,0.565
1.101,0.965,0.872,0.75,0.737,0.645,0.583,0.593,0.565,0.526
0.965,0.872,0.75,0.737,0.645,0.583,0.593,0.565,0.526,0.491
0.872,0.75,0.737,0.645,0.583,0.593,0.565,0.526,0.491,0.485
0.75,0.737,0.645,0.583,0.593,0.565,0.526,0.491,0.485,0.449
0.737,0.645,0.583,0.593,0.565,0.526,0.491,0.485,0.449,0.69
0.645,0.583,0.593,0.565,0.526,0.491,0.485,0.449,0.69,0.702
0.583,0.593,0.565,0.526,0.491,0.485,0.449,0.69,0.702,0.599
0.593,0.565,0.526,0.491,0.485,0.449,0.69,0.702,0.599,0.577
0.565,0.526,0.491,0.485,0.449,0.69,0.702,0.599,0.577,0.567
0.526,0.491,0.485,0.449,0.69,0.702,0.599,0.577,0.567,0.577
0.491,0.485,0.449,0.69,0.702,0.599,0.577,0.567,0.577,0.666
0.485,0.449,0.69,0.702,0.599,0.577,0.567,0.577,0.666,0.614
0.449,0.69,0.702,0.599,0.577,0.567,0.577,0.666,0.614,0.532
0.69,0.702,0.599,0.577,0.567,0.577,0.666,0.614,0.532,0.533
0.702,0.599,0.577,0.567,0.577,0.666,0.614,0.532,0.533,0.471
0.599,0.577,0.567,0.577,0.666,0.614,0.532,0.533,0.471,0.45
0.577,0.567,0.577,0.666,0.614,0.532,0.533,0.471,0.45,0.466
0.567,0.577,0.666,0.614,0.532,0.533,0.471,0.45,0.466,1.615
0.577,0.666,0.614,0.532,0.533,0.471,0.45,0.466,1.615,2.17
0.666,0.614,0.532,0.533,0.471,0.45,0.466,1.615,2.17,1.122
0.614,0.532,0.533,0.471,0.45,0.466,1.615,2.17,1.122,1.361
0.532,0.533,0.471,0.45,0.466,1.615,2.17,1.122,1.361,1.39
0.533,0.471,0.45,0.466,1.615,2.17,1.122,1.361,1.39,1.359
0.471,0.45,0.466,1.615,2.17,1.122,1.361,1.39,1.359,1.007
0.45,0.466,1.615,2.17,1.122,1.361,1.39,1.359,1.007,0.781
0.466,1.615,2.17,1.122,1.361,1.39,1.359,1.007,0.781,0.643
1.615,2.17,1.122,1.361,1.39,1.359,1.007,0.781,0.643,0.614
2.17,1.122,1.361,1.39,1.359,1.007,0.781,0.643,0.614,0.611
1.122,1.361,1.39,1.359,1.007,0.781,0.643,0.614,0.611,0.707
1.361,1.39,1.359,1.007,0.781,0.643,0.614,0.611,0.707,0.482
1.39,1.359,1.007,0.781,0.643,0.614,0.611,0.707,0.482,0.508
1.359,1.007,0.781,0.643,0.614,0.611,0.707,0.482,0.508,0.579
1.007,0.781,0.643,0.614,0.611,0.707,0.482,0.508,0.579,0.811
0.781,0.643,0.614,0.611,0.707,0.482,0.508,0.579,0.811,0.91
0.643,0.614,0.611,0.707,0.482,0.508,0.579,0.811,0.91,0.681
0.614,0.611,0.707,0.482,0.508,0.579,0.811,0.91,0.681,0.43
0.611,0.707,0.482,0.508,0.579,0.811,0.91,0.681,0.43,0.687
0.707,0.482,0.508,0.579,0.811,0.91,0.681,0.43,0.687,0.4
0.482,0.508,0.579,0.811,0.91,0.681,0.43,0.687,0.4,0.778
0.508,0.579,0.811,0.91,0.681,0.43,0.687,0.4,0.778,1.511
0.579,0.811,0.91,0.681,0.43,0.687,0.4,0.778,1.511,1.49
0.811,0.91,0.681,0.43,0.687,0.4,0.778,1.511,1.49,2.901
0.91,0.681,0.43,0.687,0.4,0.778,1.511,1.49,2.901,4.124
0.681,0.43,0.687,0.4,0.778,1.511,1.49,2.901,4.124,4.094
0.43,0.687,0.4,0.778,1.511,1.49,2.901,4.124,4.094,4.08
0.687,0.4,0.778,1.511,1.49,2.901,4.124,4.094,4.08,4.583
0.4,0.778,1.511,1.49,2.901,4.124,4.094,4.08,4.583,3.705
0.778,1.511,1.49,2.901,4.124,4.094,4.08,4.583,3.705,3.218
1.511,1.49,2.901,4.124,4.094,4.08,4.583,3.705,3.218,2.92
1.49,2.901,4.124,4.094,4.08,4.583,3.705,3.218,2.92,2.53
2.901,4.124,4.094,4.08,4.583,3.705,3.218,2.92,2.53,2.429
4.124,4.094,4.08,4.583,3.705,3.218,2.92,2.53,2.429,7.394
4.094,4.08,4.583,3.705,3.218,2.92,2.53,2.429,7.394,5.815
4.08,4.583,3.705,3.218,2.92,2.53,2.429,7.394,5.815,4.706
4.583,3.705,3.218,2.92,2.53,2.429,7.394,5.815,4.706,3.456
3.705,3.218,2.92,2.53,2.429,7.394,5.815,4.706,3.456,2.899
3.218,2.92,2.53,2.429,7.394,5.815,4.706,3.456,2.899,2.543
2.92,2.53,2.429,7.394,5.815,4.706,3.456,2.899,2.543,2.009
2.53,2.429,7.394,5.815,4.706,3.456,2.899,2.543,2.009,2.537
2.429,7.394,5.815,4.706,3.456,2.899,2.543,2.009,2.537,2.397
7.394,5.815,4.706,3.456,2.899,2.543,2.009,2.537,2.397,2.044
5.815,4.706,3.456,2.899,2.543,2.009,2.537,2.397,2.044,2.065
4.706,3.456,2.899,2.543,2.009,2.537,2.397,2.044,2.065,2.232
3.456,2.899,2.543,2.009,2.537,2.397,2.044,2.065,2.232,2.34
2.899,2.543,2.009,2.537,2.397,2.044,2.065,2.232,2.34,2.008
2.543,2.009,2.537,2.397,2.044,2.065,2.232,2.34,2.008,1.957
2.009,2.537,2.397,2.044,2.065,2.232,2.34,2.008,1.957,1.957
2.537,2.397,2.044,2.065,2.232,2.34,2.008,1.957,1.957,1.858
2.397,2.044,2.065,2.232,2.34,2.008,1.957,1.957,1.858,1.683
2.044,2.065,2.232,2.34,2.008,1.957,1.957,1.858,1.683,1.488
2.065,2.232,2.34,2.008,1.957,1.957,1.858,1.683,1.488,1.538
2.232,2.34,2.008,1.957,1.957,1.858,1.683,1.488,1.538,1.452
2.34,2.008,1.957,1.957,1.858,1.683,1.488,1.538,1.452,1.331
2.008,1.957,1.957,1.858,1.683,1.488,1.538,1.452,1.331,1.219
1.957,1.957,1.858,1.683,1.488,1.538,1.452,1.331,1.219,1.186
1.957,1.858,1.683,1.488,1.538,1.452,1.331,1.219,1.186,1.062
1.858,1.683,1.488,1.538,1.452,1.331,1.219,1.186,1.062,1.056
1.683,1.488,1.538,1.452,1.331,1.219,1.186,1.062,1.056,1.033
1.488,1.538,1.452,1.331,1.219,1.186,1.062,1.056,1.033,1.089
1.538,1.452,1.331,1.219,1.186,1.062,1.056,1.033,1.089,1.025
1.452,1.331,1.219,1.186,1.062,1.056,1.033,1.089,1.025,0.949
1.331,1.219,1.186,1.062,1.056,1.033,1.089,1.025,0.949,0.929
1.219,1.186,1.062,1.056,1.033,1.089,1.025,0.949,0.929,1.073
1.186,1.062,1.056,1.033,1.089,1.025,0.949,0.929,1.073,1.152
1.062,1.056,1.033,1.089,1.025,0.949,0.929,1.073,1.152,1.153
1.056,1.033,1.089,1.025,0.949,0.929,1.073,1.152,1.153,1.231
1.033,1.089,1.025,0.949,0.929,1.073,1.152,1.153,1.231,1.309
1.089,1.025,0.949,0.929,1.073,1.152,1.153,1.231,1.309,0.95
1.025,0.949,0.929,1.073,1.152,1.153,1.231,1.309,0.95,1.264
0.949,0.929,1.073,1.152,1.153,1.231,1.309,0.95,1.264,1.394
0.929,1.073,1.152,1.153,1.231,1.309,0.95,1.264,1.394,1.69
1.073,1.152,1.153,1.231,1.309,0.95,1.264,1.394,1.69,1.511
1.152,1.153,1.231,1.309,0.95,1.264,1.394,1.69,1.511,1.517
1.153,1.231,1.309,0.95,1.264,1.394,1.69,1.511,1.517,1.701
1.231,1.309,0.95,1.264,1.394,1.69,1.511,1.517,1.701,1.793
1.309,0.95,1.264,1.394,1.69,1.511,1.517,1.701,1.793,1.771
0.95,1.264,1.394,1.69,1.511,1.517,1.701,1.793,1.771,1.646
1.264,1.394,1.69,1.511,1.517,1.701,1.793,1.771,1.646,1.513
1.394,1.69,1.511,1.517,1.701,1.793,1.771,1.646,1.513,1.569
1.69,1.511,1.517,1.701,1.793,1.771,1.646,1.513,1.569,1.973
1.511,1.517,1.701,1.793,1.771,1.646,1.513,1.569,1.973,6.974
1.517,1.701,1.793,1.771,1.646,1.513,1.569,1.973,6.974,5.183
1.701,1.793,1.771,1.646,1.513,1.569,1.973,6.974,5.183,3.558
1.793,1.771,1.646,1.513,1.569,1.973,6.974,5.183,3.558,2.762
1.771,1.646,1.513,1.569,1.973,6.974,5.183,3.558,2.762,2.456
1.646,1.513,1.569,1.973,6.974,5.183,3.558,2.762,2.456,2.527
1.513,1.569,1.973,6.974,5.183,3.558,2.762,2.456,2.527,2.182
1.569,1.973,6.974,5.183,3.558,2.762,2.456,2.527,2.182,1.94
1.973,6.974,5.183,3.558,2.762,2.456,2.527,2.182,1.94,1.811
6.974,5.183,3.558,2.762,2.456,2.527,2.182,1.94,1.811,1.703
5.183,3.558,2.762,2.456,2.527,2.182,1.94,1.811,1.703,1.63
3.558,2.762,2.456,2.527,2.182,1.94,1.811,1.703,1.63,1.618
2.762,2.456,2.527,2.182,1.94,1.811,1.703,1.63,1.618,1.658
2.456,2.527,2.182,1.94,1.811,1.703,1.63,1.618,1.658,1.562
2.527,2.182,1.94,1.811,1.703,1.63,1.618,1.658,1.562,2.372
2.182,1.94,1.811,1.703,1.63,1.618,1.658,1.562,2.372,2.512
1.94,1.811,1.703,1.63,1.618,1.658,1.562,2.372,2.512,2.277
1.811,1.703,1.63,1.618,1.658,1.562,2.372,2.512,2.277,2.13
1.703,1.63,1.618,1.658,1.562,2.372,2.512,2.277,2.13,3.14
1.63,1.618,1.658,1.562,2.372,2.512,2.277,2.13,3.14,7.121
1.618,1.658,1.562,2.372,2.512,2.277,2.13,3.14,7.121,8.825
1.658,1.562,2.372,2.512,2.277,2.13,3.14,7.121,8.825,6.521
1.562,2.372,2.512,2.277,2.13,3.14,7.121,8.825,6.521,6.683
2.372,2.512,2.277,2.13,3.14,7.121,8.825,6.521,6.683,5.737
2.512,2.277,2.13,3.14,7.121,8.825,6.521,6.683,5.737,4.715
2.277,2.13,3.14,7.121,8.825,6.521,6.683,5.737,4.715,3.94
2.13,3.14,7.121,8.825,6.521,6.683,5.737,4.715,3.94,3.725
3.14,7.121,8.825,6.521,6.683,5.737,4.715,3.94,3.725,5.326
7.121,8.825,6.521,6.683,5.737,4.715,3.94,3.725,5.326,14.097
8.825,6.521,6.683,5.737,4.715,3.94,3.725,5.326,14.097,9.677
6.521,6.683,5.737,4.715,3.94,3.725,5.326,14.097,9.677,6.62
6.683,5.737,4.715,3.94,3.725,5.326,14.097,9.677,6.62,4.838
5.737,4.715,3.94,3.725,5.326,14.097,9.677,6.62,4.838,4.066
4.715,3.94,3.725,5.326,14.097,9.677,6.62,4.838,4.066,3.774
3.94,3.725,5.326,14.097,9.677,6.62,4.838,4.066,3.774,3.612
3.725,5.326,14.097,9.677,6.62,4.838,4.066,3.774,3.612,2.71
5.326,14.097,9.677,6.62,4.838,4.066,3.774,3.612,2.71,2.027
14.097,9.677,6.62,4.838,4.066,3.774,3.612,2.71,2.027,2.326
9.677,6.62,4.838,4.066,3.774,3.612,2.71,2.027,2.326,2.523
6.62,4.838,4.066,3.774,3.612,2.71,2.027,2.326,2.523,2.689
4.838,4.066,3.774,3.612,2.71,2.027,2.326,2.523,2.689,2.496
4.066,3.774,3.612,2.71,2.027,2.326,2.523,2.689,2.496,2.417
3.774,3.612,2.71,2.027,2.326,2.523,2.689,2.496,2.417,2.031
3.612,2.71,2.027,2.326,2.523,2.689,2.496,2.417,2.031,1.968
2.71,2.027,2.326,2.523,2.689,2.496,2.417,2.031,1.968,2.263
2.027,2.326,2.523,2.689,2.496,2.417,2.031,1.968,2.263,1.75
2.326,2.523,2.689,2.496,2.417,2.031,1.968,2.263,1.75,1.515
2.523,2.689,2.496,2.417,2.031,1.968,2.263,1.75,1.515,2.154
2.689,2.496,2.417,2.031,1.968,2.263,1.75,1.515,2.154,2.331
2.496,2.417,2.031,1.968,2.263,1.75,1.515,2.154,2.331,2.032
2.417,2.031,1.968,2.263,1.75,1.515,2.154,2.331,2.032,2.309
2.031,1.968,2.263,1.75,1.515,2.154,2.331,2.032,2.309,2.624
1.968,2.263,1.75,1.515,2.154,2.331,2.032,2.309,2.624,2.359
2.263,1.75,1.515,2.154,2.331,2.032,2.309,2.624,2.359,1.913
1.75,1.515,2.154,2.331,2.032,2.309,2.624,2.359,1.913,1.915
1.515,2.154,2.331,2.032,2.309,2.624,2.359,1.913,1.915,1.771
2.154,2.331,2.032,2.309,2.624,2.359,1.913,1.915,1.771,1.123
2.331,2.032,2.309,2.624,2.359,1.913,1.915,1.771,1.123,0.989
2.032,2.309,2.624,2.359,1.913,1.915,1.771,1.123,0.989,1.339
2.309,2.624,2.359,1.913,1.915,1.771,1.123,0.989,1.339,1.672
2.624,2.359,1.913,1.915,1.771,1.123,0.989,1.339,1.672,1.929
2.359,1.913,1.915,1.771,1.123,0.989,1.339,1.672,1.929,1.84
1.913,1.915,1.771,1.123,0.989,1.339,1.672,1.929,1.84,1.705
1.915,1.771,1.123,0.989,1.339,1.672,1.929,1.84,1.705,1.579
1.771,1.123,0.989,1.339,1.672,1.929,1.84,1.705,1.579,1.449
1.123,0.989,1.339,1.672,1.929,1.84,1.705,1.579,1.449,1.503
0.989,1.339,1.672,1.929,1.84,1.705,1.579,1.449,1.503,1.529
1.339,1.672,1.929,1.84,1.705,1.579,1.449,1.503,1.529,1.467
1.672,1.929,1.84,1.705,1.579,1.449,1.503,1.529,1.467,1.443
1.929,1.84,1.705,1.579,1.449,1.503,1.529,1.467,1.443,1.223
1.84,1.705,1.579,1.449,1.503,1.529,1.467,1.443,1.223,1.213
1.705,1.579,1.449,1.503,1.529,1.467,1.443,1.223,1.213,1.038
1.579,1.449,1.503,1.529,1.467,1.443,1.223,1.213,1.038,1.046
1.449,1.503,1.529,1.467,1.443,1.223,1.213,1.038,1.046,2.367
1.503,1.529,1.467,1.443,1.223,1.213,1.038,1.046,2.367,5.345
1.529,1.467,1.443,1.223,1.213,1.038,1.046,2.367,5.345,11.434
1.467,1.443,1.223,1.213,1.038,1.046,2.367,5.345,11.434,10.535
1.443,1.223,1.213,1.038,1.046,2.367,5.345,11.434,10.535,13.422
1.223,1.213,1.038,1.046,2.367,5.345,11.434,10.535,13.422,18.393
1.213,1.038,1.046,2.367,5.345,11.434,10.535,13.422,18.393,18.92
1.038,1.046,2.367,5.345,11.434,10.535,13.422,18.393,18.92,28.776
1.046,2.367,5.345,11.434,10.535,13.422,18.393,18.92,28.776,39.385
2.367,5.345,11.434,10.535,13.422,18.393,18.92,28.776,39.385,21.211
5.345,11.434,10.535,13.422,18.393,18.92,28.776,39.385,21.211,11.758
11.434,10.535,13.422,18.393,18.92,28.776,39.385,21.211,11.758,11.666
10.535,13.422,18.393,18.92,28.776,39.385,21.211,11.758,11.666,9.186
13.422,18.393,18.92,28.776,39.385,21.211,11.758,11.666,9.186,7.269
18.393,18.92,28.776,39.385,21.211,11.758,11.666,9.186,7.269,6.081
18.92,28.776,39.385,21.211,11.758,11.666,9.186,7.269,6.081,5.804
28.776,39.385,21.211,11.758,11.666,9.186,7.269,6.081,5.804,5.521
39.385,21.211,11.758,11.666,9.186,7.269,6.081,5.804,5.521,4.914
21.211,11.758,11.666,9.186,7.269,6.081,5.804,5.521,4.914,5.064
11.758,11.666,9.186,7.269,6.081,5.804,5.521,4.914,5.064,4.543
11.666,9.186,7.269,6.081,5.804,5.521,4.914,5.064,4.543,5.328
9.186,7.269,6.081,5.804,5.521,4.914,5.064,4.543,5.328,13.744
7.269,6.081,5.804,5.521,4.914,5.064,4.543,5.328,13.744,10.575
6.081,5.804,5.521,4.914,5.064,4.543,5.328,13.744,10.575,11.583
5.804,5.521,4.914,5.064,4.543,5.328,13.744,10.575,11.583,32.701
5.521,4.914,5.064,4.543,5.328,13.744,10.575,11.583,32.701,17.7
4.914,5.064,4.543,5.328,13.744,10.575,11.583,32.701,17.7,10.043
5.064,4.543,5.328,13.744,10.575,11.583,32.701,17.7,10.043,9.129
4.543,5.328,13.744,10.575,11.583,32.701,17.7,10.043,9.129,7.549
5.328,13.744,10.575,11.583,32.701,17.7,10.043,9.129,7.549,6.535
13.744,10.575,11.583,32.701,17.7,10.043,9.129,7.549,6.535,5.904
10.575,11.583,32.701,17.7,10.043,9.129,7.549,6.535,5.904,7.702
11.583,32.701,17.7,10.043,9.129,7.549,6.535,5.904,7.702,7.452
32.701,17.7,10.043,9.129,7.549,6.535,5.904,7.702,7.452,5.855
17.7,10.043,9.129,7.549,6.535,5.904,7.702,7.452,5.855,7.027
10.043,9.129,7.549,6.535,5.904,7.702,7.452,5.855,7.027,6.157
9.129,7.549,6.535,5.904,7.702,7.452,5.855,7.027,6.157,6.952
7.549,6.535,5.904,7.702,7.452,5.855,7.027,6.157,6.952,25.749
6.535,5.904,7.702,7.452,5.855,7.027,6.157,6.952,25.749,27.08
5.904,7.702,7.452,5.855,7.027,6.157,6.952,25.749,27.08,17.437
7.702,7.452,5.855,7.027,6.157,6.952,25.749,27.08,17.437,12.699
7.452,5.855,7.027,6.157,6.952,25.749,27.08,17.437,12.699,9.768
5.855,7.027,6.157,6.952,25.749,27.08,17.437,12.699,9.768,7.79
7.027,6.157,6.952,25.749,27.08,17.437,12.699,9.768,7.79,6.74
6.157,6.952,25.749,27.08,17.437,12.699,9.768,7.79,6.74,6.022
6.952,25.749,27.08,17.437,12.699,9.768,7.79,6.74,6.022,5.564
25.749,27.08,17.437,12.699,9.768,7.79,6.74,6.022,5.564,7.302
27.08,17.437,12.699,9.768,7.79,6.74,6.022,5.564,7.302,6.479
17.437,12.699,9.768,7.79,6.74,6.022,5.564,7.302,6.479,5.186
12.699,9.768,7.79,6.74,6.022,5.564,7.302,6.479,5.186,4.487
9.768,7.79,6.74,6.022,5.564,7.302,6.479,5.186,4.487,4.04
7.79,6.74,6.022,5.564,7.302,6.479,5.186,4.487,4.04,3.528
6.74,6.022,5.564,7.302,6.479,5.186,4.487,4.04,3.528,3.208
6.022,5.564,7.302,6.479,5.186,4.487,4.04,3.528,3.208,3.005
5.564,7.302,6.479,5.186,4.487,4.04,3.528,3.208,3.005,2.942
7.302,6.479,5.186,4.487,4.04,3.528,3.208,3.005,2.942,2.748
6.479,5.186,4.487,4.04,3.528,3.208,3.005,2.942,2.748,2.751
5.186,4.487,4.04,3.528,3.208,3.005,2.942,2.748,2.751,2.525
4.487,4.04,3.528,3.208,3.005,2.942,2.748,2.751,2.525,3.943
4.04,3.528,3.208,3.005,2.942,2.748,2.751,2.525,3.943,8.451
3.528,3.208,3.005,2.942,2.748,2.751,2.525,3.943,8.451,16.166
3.208,3.005,2.942,2.748,2.751,2.525,3.943,8.451,16.166,14.513
3.005,2.942,2.748,2.751,2.525,3.943,8.451,16.166,14.513,10.242
2.942,2.748,2.751,2.525,3.943,8.451,16.166,14.513,10.242,8.22
2.748,2.751,2.525,3.943,8.451,16.166,14.513,10.242,8.22,6.853
2.751,2.525,3.943,8.451,16.166,14.513,10.242,8.22,6.853,5.971
2.525,3.943,8.451,16.166,14.513,10.242,8.22,6.853,5.971,5.361
3.943,8.451,16.166,14.513,10.242,8.22,6.853,5.971,5.361,4.873
8.451,16.166,14.513,10.242,8.22,6.853,5.971,5.361,4.873,4.616
16.166,14.513,10.242,8.22,6.853,5.971,5.361,4.873,4.616,4.144
14.513,10.242,8.22,6.853,5.971,5.361,4.873,4.616,4.144,3.778
10.242,8.22,6.853,5.971,5.361,4.873,4.616,4.144,3.778,3.473
8.22,6.853,5.971,5.361,4.873,4.616,4.144,3.778,3.473,3.197
6.853,5.971,5.361,4.873,4.616,4.144,3.778,3.473,3.197,3.024
5.971,5.361,4.873,4.616,4.144,3.778,3.473,3.197,3.024,2.689
5.361,4.873,4.616,4.144,3.778,3.473,3.197,3.024,2.689,2.45
4.873,4.616,4.144,3.778,3.473,3.197,3.024,2.689,2.45,2.297
4.616,4.144,3.778,3.473,3.197,3.024,2.689,2.45,2.297,2.176
4.144,3.778,3.473,3.197,3.024,2.689,2.45,2.297,2.176,2.071
3.778,3.473,3.197,3.024,2.689,2.45,2.297,2.176,2.071,1.973
3.473,3.197,3.024,2.689,2.45,2.297,2.176,2.071,1.973,1.911
3.197,3.024,2.689,2.45,2.297,2.176,2.071,1.973,1.911,1.753
3.024,2.689,2.45,2.297,2.176,2.071,1.973,1.911,1.753,1.812
2.689,2.45,2.297,2.176,2.071,1.973,1.911,1.753,1.812,1.771
2.45,2.297,2.176,2.071,1.973,1.911,1.753,1.812,1.771,2.018
2.297,2.176,2.071,1.973,1.911,1.753,1.812,1.771,2.018,1.906
2.176,2.071,1.973,1.911,1.753,1.812,1.771,2.018,1.906,1.746
2.071,1.973,1.911,1.753,1.812,1.771,2.018,1.906,1.746,1.706
1.973,1.911,1.753,1.812,1.771,2.018,1.906,1.746,1.706,1.673
1.911,1.753,1.812,1.771,2.018,1.906,1.746,1.706,1.673,1.518
1.753,1.812,1.771,2.018,1.906,1.746,1.706,1.673,1.518,3.621
1.812,1.771,2.018,1.906,1.746,1.706,1.673,1.518,3.621,3.079
1.771,2.018,1.906,1.746,1.706,1.673,1.518,3.621,3.079,2.44
2.018,1.906,1.746,1.706,1.673,1.518,3.621,3.079,2.44,2.038
1.906,1.746,1.706,1.673,1.518,3.621,3.079,2.44,2.038,1.929
1.746,1.706,1.673,1.518,3.621,3.079,2.44,2.038,1.929,1.672
1.706,1.673,1.518,3.621,3.079,2.44,2.038,1.929,1.672,1.79
1.673,1.518,3.621,3.079,2.44,2.038,1.929,1.672,1.79,2.111
1.518,3.621,3.079,2.44,2.038,1.929,1.672,1.79,2.111,2.155
3.621,3.079,2.44,2.038,1.929,1.672,1.79,2.111,2.155,1.759
3.079,2.44,2.038,1.929,1.672,1.79,2.111,2.155,1.759,1.611
2.44,2.038,1.929,1.672,1.79,2.111,2.155,1.759,1.611,1.496
2.038,1.929,1.672,1.79,2.111,2.155,1.759,1.611,1.496,1.376
1.929,1.672,1.79,2.111,2.155,1.759,1.611,1.496,1.376,1.273
1.672,1.79,2.111,2.155,1.759,1.611,1.496,1.376,1.273,1.316
1.79,2.111,2.155,1.759,1.611,1.496,1.376,1.273,1.316,1.434
2.111,2.155,1.759,1.611,1.496,1.376,1.273,1.316,1.434,1.318
2.155,1.759,1.611,1.496,1.376,1.273,1.316,1.434,1.318,1.215
1.759,1.611,1.496,1.376,1.273,1.316,1.434,1.318,1.215,1.108
1.611,1.496,1.376,1.273,1.316,1.434,1.318,1.215,1.108,0.976
1.496,1.376,1.273,1.316,1.434,1.318,1.215,1.108,0.976,1.4
1.376,1.273,1.316,1.434,1.318,1.215,1.108,0.976,1.4,1.61
1.273,1.316,1.434,1.318,1.215,1.108,0.976,1.4,1.61,2.125
1.316,1.434,1.318,1.215,1.108,0.976,1.4,1.61,2.125,1.625
1.434,1.318,1.215,1.108,0.976,1.4,1.61,2.125,1.625,1.297
1.318,1.215,1.108,0.976,1.4,1.61,2.125,1.625,1.297,1.118
1.215,1.108,0.976,1.4,1.61,2.125,1.625,1.297,1.118,1.042
1.108,0.976,1.4,1.61,2.125,1.625,1.297,1.118,1.042,0.972
0.976,1.4,1.61,2.125,1.625,1.297,1.118,1.042,0.972,0.903
1.4,1.61,2.125,1.625,1.297,1.118,1.042,0.972,0.903,1.892
1.61,2.125,1.625,1.297,1.118,1.042,0.972,0.903,1.892,1.435
2.125,1.625,1.297,1.118,1.042,0.972,0.903,1.892,1.435,1.164
1.625,1.297,1.118,1.042,0.972,0.903,1.892,1.435,1.164,1.008
1.297,1.118,1.042,0.972,0.903,1.892,1.435,1.164,1.008,2.498
1.118,1.042,0.972,0.903,1.892,1.435,1.164,1.008,2.498,2.645
1.042,0.972,0.903,1.892,1.435,1.164,1.008,2.498,2.645,2.025
0.972,0.903,1.892,1.435,1.164,1.008,2.498,2.645,2.025,3.742
0.903,1.892,1.435,1.164,1.008,2.498,2.645,2.025,3.742,2.576
1.892,1.435,1.164,1.008,2.498,2.645,2.025,3.742,2.576,2.247
1.435,1.164,1.008,2.498,2.645,2.025,3.742,2.576,2.247,1.769
1.164,1.008,2.498,2.645,2.025,3.742,2.576,2.247,1.769,1.405
1.008,2.498,2.645,2.025,3.742,2.576,2.247,1.769,1.405,1.23
2.498,2.645,2.025,3.742,2.576,2.247,1.769,1.405,1.23,1.07
2.645,2.025,3.742,2.576,2.247,1.769,1.405,1.23,1.07,0.87
2.025,3.742,2.576,2.247,1.769,1.405,1.23,1.07,0.87,0.83
3.742,2.576,2.247,1.769,1.405,1.23,1.07,0.87,0.83,0.93
2.576,2.247,1.769,1.405,1.23,1.07,0.87,0.83,0.93,0.74
2.247,1.769,1.405,1.23,1.07,0.87,0.83,0.93,0.74,2.15
1.769,1.405,1.23,1.07,0.87,0.83,0.93,0.74,2.15,4.91
1.405,1.23,1.07,0.87,0.83,0.93,0.74,2.15,4.91,11.36
1.23,1.07,0.87,0.83,0.93,0.74,2.15,4.91,11.36,4.93
1.07,0.87,0.83,0.93,0.74,2.15,4.91,11.36,4.93,3.06
0.87,0.83,0.93,0.74,2.15,4.91,11.36,4.93,3.06,2.26
0.83,0.93,0.74,2.15,4.91,11.36,4.93,3.06,2.26,1.68
0.93,0.74,2.15,4.91,11.36,4.93,3.06,2.26,1.68,1.54
0.74,2.15,4.91,11.36,4.93,3.06,2.26,1.68,1.54,1.29
2.15,4.91,11.36,4.93,3.06,2.26,1.68,1.54,1.29,1.63
4.91,11.36,4.93,3.06,2.26,1.68,1.54,1.29,1.63,1.65
11.36,4.93,3.06,2.26,1.68,1.54,1.29,1.63,1.65,1.31
4.93,3.06,2.26,1.68,1.54,1.29,1.63,1.65,1.31,1.16
3.06,2.26,1.68,1.54,1.29,1.63,1.65,1.31,1.16,1.46
2.26,1.68,1.54,1.29,1.63,1.65,1.31,1.16,1.46,1.27
1.68,1.54,1.29,1.63,1.65,1.31,1.16,1.46,1.27,1.12
1.54,1.29,1.63,1.65,1.31,1.16,1.46,1.27,1.12,1.131
1.29,1.63,1.65,1.31,1.16,1.46,1.27,1.12,1.131,0.969
1.63,1.65,1.31,1.16,1.46,1.27,1.12,1.131,0.969,0.969
1.65,1.31,1.16,1.46,1.27,1.12,1.131,0.969,0.969,1.03
1.31,1.16,1.46,1.27,1.12,1.131,0.969,0.969,1.03,0.78
1.16,1.46,1.27,1.12,1.131,0.969,0.969,1.03,0.78,0.66
1.46,1.27,1.12,1.131,0.969,0.969,1.03,0.78,0.66,0.64
1.27,1.12,1.131,0.969,0.969,1.03,0.78,0.66,0.64,0.56
1.12,1.131,0.969,0.969,1.03,0.78,0.66,0.64,0.56,0.632
1.131,0.969,0.969,1.03,0.78,0.66,0.64,0.56,0.632,0.634
0.969,0.969,1.03,0.78,0.66,0.64,0.56,0.632,0.634,0.725
0.969,1.03,0.78,0.66,0.64,0.56,0.632,0.634,0.725,0.772
1.03,0.78,0.66,0.64,0.56,0.632,0.634,0.725,0.772,0.624
0.78,0.66,0.64,0.56,0.632,0.634,0.725,0.772,0.624,0.615
0.66,0.64,0.56,0.632,0.634,0.725,0.772,0.624,0.615,0.614
0.64,0.56,0.632,0.634,0.725,0.772,0.624,0.615,0.614,0.62
0.56,0.632,0.634,0.725,0.772,0.624,0.615,0.614,0.62,0.539
0.632,0.634,0.725,0.772,0.624,0.615,0.614,0.62,0.539,0.447
0.634,0.725,0.772,0.624,0.615,0.614,0.62,0.539,0.447,0.414
0.725,0.772,0.624,0.615,0.614,0.62,0.539,0.447,0.414,0.585
0.772,0.624,0.615,0.614,0.62,0.539,0.447,0.414,0.585,0.444
0.624,0.615,0.614,0.62,0.539,0.447,0.414,0.585,0.444,0.44
0.615,0.614,0.62,0.539,0.447,0.414,0.585,0.444,0.44,0.616
0.614,0.62,0.539,0.447,0.414,0.585,0.444,0.44,0.616,0.512
0.62,0.539,0.447,0.414,0.585,0.444,0.44,0.616,0.512,0.472
0.539,0.447,0.414,0.585,0.444,0.44,0.616,0.512,0.472,0.487
0.447,0.414,0.585,0.444,0.44,0.616,0.512,0.472,0.487,0.555
0.414,0.585,0.444,0.44,0.616,0.512,0.472,0.487,0.555,0.49
0.585,0.444,0.44,0.616,0.512,0.472,0.487,0.555,0.49,0.448
0.444,0.44,0.616,0.512,0.472,0.487,0.555,0.49,0.448,0.369
0.44,0.616,0.512,0.472,0.487,0.555,0.49,0.448,0.369,0.394
0.616,0.512,0.472,0.487,0.555,0.49,0.448,0.369,0.394,0.348
0.512,0.472,0.487,0.555,0.49,0.448,0.369,0.394,0.348,0.432
0.472,0.487,0.555,0.49,0.448,0.369,0.394,0.348,0.432,0.478
0.487,0.555,0.49,0.448,0.369,0.394,0.348,0.432,0.478,0.478
0.555,0.49,0.448,0.369,0.394,0.348,0.432,0.478,0.478,0.471
0.49,0.448,0.369,0.394,0.348,0.432,0.478,0.478,0.471,0.467
0.448,0.369,0.394,0.348,0.432,0.478,0.478,0.471,0.467,0.33
0.369,0.394,0.348,0.432,0.478,0.478,0.471,0.467,0.33,0.27
0.394,0.348,0.432,0.478,0.478,0.471,0.467,0.33,0.27,0.417
0.348,0.432,0.478,0.478,0.471,0.467,0.33,0.27,0.417,0.33
0.432,0.478,0.478,0.471,0.467,0.33,0.27,0.417,0.33,0.335
0.478,0.478,0.471,0.467,0.33,0.27,0.417,0.33,0.335,0.297
0.478,0.471,0.467,0.33,0.27,0.417,0.33,0.335,0.297,0.823
0.471,0.467,0.33,0.27,0.417,0.33,0.335,0.297,0.823,0.739
0.467,0.33,0.27,0.417,0.33,0.335,0.297,0.823,0.739,0.599
0.33,0.27,0.417,0.33,0.335,0.297,0.823,0.739,0.599,3.121
0.27,0.417,0.33,0.335,0.297,0.823,0.739,0.599,3.121,6.201
0.417,0.33,0.335,0.297,0.823,0.739,0.599,3.121,6.201,4.132
0.33,0.335,0.297,0.823,0.739,0.599,3.121,6.201,4.132,2.508
0.335,0.297,0.823,0.739,0.599,3.121,6.201,4.132,2.508,3.986
0.297,0.823,0.739,0.599,3.121,6.201,4.132,2.508,3.986,43.719
0.823,0.739,0.599,3.121,6.201,4.132,2.508,3.986,43.719,34.884
0.739,0.599,3.121,6.201,4.132,2.508,3.986,43.719,34.884,15.576
0.599,3.121,6.201,4.132,2.508,3.986,43.719,34.884,15.576,7.906
3.121,6.201,4.132,2.508,3.986,43.719,34.884,15.576,7.906,5.851
6.201,4.132,2.508,3.986,43.719,34.884,15.576,7.906,5.851,4.861
4.132,2.508,3.986,43.719,34.884,15.576,7.906,5.851,4.861,3.899
2.508,3.986,43.719,34.884,15.576,7.906,5.851,4.861,3.899,2.986
3.986,43.719,34.884,15.576,7.906,5.851,4.861,3.899,2.986,2.488
43.719,34.884,15.576,7.906,5.851,4.861,3.899,2.986,2.488,5.374
34.884,15.576,7.906,5.851,4.861,3.899,2.986,2.488,5.374,4.932
15.576,7.906,5.851,4.861,3.899,2.986,2.488,5.374,4.932,4.553
7.906,5.851,4.861,3.899,2.986,2.488,5.374,4.932,4.553,3.168
5.851,4.861,3.899,2.986,2.488,5.374,4.932,4.553,3.168,2.669
4.861,3.899,2.986,2.488,5.374,4.932,4.553,3.168,2.669,2.431
3.899,2.986,2.488,5.374,4.932,4.553,3.168,2.669,2.431,2.275
2.986,2.488,5.374,4.932,4.553,3.168,2.669,2.431,2.275,2.55
2.488,5.374,4.932,4.553,3.168,2.669,2.431,2.275,2.55,2.424
5.374,4.932,4.553,3.168,2.669,2.431,2.275,2.55,2.424,3.02
4.932,4.553,3.168,2.669,2.431,2.275,2.55,2.424,3.02,2.582
4.553,3.168,2.669,2.431,2.275,2.55,2.424,3.02,2.582,2.671
3.168,2.669,2.431,2.275,2.55,2.424,3.02,2.582,2.671,2.246
2.669,2.431,2.275,2.55,2.424,3.02,2.582,2.671,2.246,1.866
2.431,2.275,2.55,2.424,3.02,2.582,2.671,2.246,1.866,1.669
2.275,2.55,2.424,3.02,2.582,2.671,2.246,1.866,1.669,10.077
2.55,2.424,3.02,2.582,2.671,2.246,1.866,1.669,10.077,6.715
2.424,3.02,2.582,2.671,2.246,1.866,1.669,10.077,6.715,4.455
3.02,2.582,2.671,2.246,1.866,1.669,10.077,6.715,4.455,3.339
2.582,2.671,2.246,1.866,1.669,10.077,6.715,4.455,3.339,2.868
2.671,2.246,1.866,1.669,10.077,6.715,4.455,3.339,2.868,3.997
2.246,1.866,1.669,10.077,6.715,4.455,3.339,2.868,3.997,6.029
1.866,1.669,10.077,6.715,4.455,3.339,2.868,3.997,6.029,4.057
1.669,10.077,6.715,4.455,3.339,2.868,3.997,6.029,4.057,3.09
10.077,6.715,4.455,3.339,2.868,3.997,6.029,4.057,3.09,2.785
6.715,4.455,3.339,2.868,3.997,6.029,4.057,3.09,2.785,2.622
4.455,3.339,2.868,3.997,6.029,4.057,3.09,2.785,2.622,2.445
3.339,2.868,3.997,6.029,4.057,3.09,2.785,2.622,2.445,2.426
2.868,3.997,6.029,4.057,3.09,2.785,2.622,2.445,2.426,3.02
3.997,6.029,4.057,3.09,2.785,2.622,2.445,2.426,3.02,2.648
6.029,4.057,3.09,2.785,2.622,2.445,2.426,3.02,2.648,2.023
4.057,3.09,2.785,2.622,2.445,2.426,3.02,2.648,2.023,2.153
3.09,2.785,2.622,2.445,2.426,3.02,2.648,2.023,2.153,2.304
2.785,2.622,2.445,2.426,3.02,2.648,2.023,2.153,2.304,2.037
2.622,2.445,2.426,3.02,2.648,2.023,2.153,2.304,2.037,2.355
2.445,2.426,3.02,2.648,2.023,2.153,2.304,2.037,2.355,3.973
2.426,3.02,2.648,2.023,2.153,2.304,2.037,2.355,3.973,3.272
3.02,2.648,2.023,2.153,2.304,2.037,2.355,3.973,3.272,3.23
2.648,2.023,2.153,2.304,2.037,2.355,3.973,3.272,3.23,2.542
2.023,2.153,2.304,2.037,2.355,3.973,3.272,3.23,2.542,2.13
2.153,2.304,2.037,2.355,3.973,3.272,3.23,2.542,2.13,1.963
2.304,2.037,2.355,3.973,3.272,3.23,2.542,2.13,1.963,1.783
2.037,2.355,3.973,3.272,3.23,2.542,2.13,1.963,1.783,1.698
2.355,3.973,3.272,3.23,2.542,2.13,1.963,1.783,1.698,1.697
3.973,3.272,3.23,2.542,2.13,1.963,1.783,1.698,1.697,1.737
3.272,3.23,2.542,2.13,1.963,1.783,1.698,1.697,1.737,1.905
3.23,2.542,2.13,1.963,1.783,1.698,1.697,1.737,1.905,3.307
2.542,2.13,1.963,1.783,1.698,1.697,1.737,1.905,3.307,3.252
2.13,1.963,1.783,1.698,1.697,1.737,1.905,3.307,3.252,3.289
1.963,1.783,1.698,1.697,1.737,1.905,3.307,3.252,3.289,2.466
1.783,1.698,1.697,1.737,1.905,3.307,3.252,3.289,2.466,2.143
1.698,1.697,1.737,1.905,3.307,3.252,3.289,2.466,2.143,1.903
1.697,1.737,1.905,3.307,3.252,3.289,2.466,2.143,1.903,1.851
1.737,1.905,3.307,3.252,3.289,2.466,2.143,1.903,1.851,1.769
1.905,3.307,3.252,3.289,2.466,2.143,1.903,1.851,1.769,1.614
3.307,3.252,3.289,2.466,2.143,1.903,1.851,1.769,1.614,1.653
3.252,3.289,2.466,2.143,1.903,1.851,1.769,1.614,1.653,1.95
3.289,2.466,2.143,1.903,1.851,1.769,1.614,1.653,1.95,3.247
2.466,2.143,1.903,1.851,1.769,1.614,1.653,1.95,3.247,2.548
2.143,1.903,1.851,1.769,1.614,1.653,1.95,3.247,2.548,2.516
1.903,1.851,1.769,1.614,1.653,1.95,3.247,2.548,2.516,2.556
1.851,1.769,1.614,1.653,1.95,3.247,2.548,2.516,2.556,2.794
1.769,1.614,1.653,1.95,3.247,2.548,2.516,2.556,2.794,3.687
1.614,1.653,1.95,3.247,2.548,2.516,2.556,2.794,3.687,3.531
1.653,1.95,3.247,2.548,2.516,2.556,2.794,3.687,3.531,3.178
1.95,3.247,2.548,2.516,2.556,2.794,3.687,3.531,3.178,4.081
3.247,2.548,2.516,2.556,2.794,3.687,3.531,3.178,4.081,15.408
2.548,2.516,2.556,2.794,3.687,3.531,3.178,4.081,15.408,13.54
2.516,2.556,2.794,3.687,3.531,3.178,4.081,15.408,13.54,14.512
2.556,2.794,3.687,3.531,3.178,4.081,15.408,13.54,14.512,10.031
2.794,3.687,3.531,3.178,4.081,15.408,13.54,14.512,10.031,8.921
3.687,3.531,3.178,4.081,15.408,13.54,14.512,10.031,8.921,7.292
3.531,3.178,4.081,15.408,13.54,14.512,10.031,8.921,7.292,6.288
3.178,4.081,15.408,13.54,14.512,10.031,8.921,7.292,6.288,12.348
4.081,15.408,13.54,14.512,10.031,8.921,7.292,6.288,12.348,13.37
15.408,13.54,14.512,10.031,8.921,7.292,6.288,12.348,13.37,13.496
13.54,14.512,10.031,8.921,7.292,6.288,12.348,13.37,13.496,9.913
14.512,10.031,8.921,7.292,6.288,12.348,13.37,13.496,9.913,7.647
10.031,8.921,7.292,6.288,12.348,13.37,13.496,9.913,7.647,6.736
8.921,7.292,6.288,12.348,13.37,13.496,9.913,7.647,6.736,6.133
7.292,6.288,12.348,13.37,13.496,9.913,7.647,6.736,6.133,10.77
6.288,12.348,13.37,13.496,9.913,7.647,6.736,6.133,10.77,10.323
12.348,13.37,13.496,9.913,7.647,6.736,6.133,10.77,10.323,19.02
13.37,13.496,9.913,7.647,6.736,6.133,10.77,10.323,19.02,15.968
13.496,9.913,7.647,6.736,6.133,10.77,10.323,19.02,15.968,12.198
9.913,7.647,6.736,6.133,10.77,10.323,19.02,15.968,12.198,9.69
7.647,6.736,6.133,10.77,10.323,19.02,15.968,12.198,9.69,8.387
6.736,6.133,10.77,10.323,19.02,15.968,12.198,9.69,8.387,7.208
6.133,10.77,10.323,19.02,15.968,12.198,9.69,8.387,7.208,6.221
10.77,10.323,19.02,15.968,12.198,9.69,8.387,7.208,6.221,5.903
10.323,19.02,15.968,12.198,9.69,8.387,7.208,6.221,5.903,16.191
19.02,15.968,12.198,9.69,8.387,7.208,6.221,5.903,16.191,14.143
15.968,12.198,9.69,8.387,7.208,6.221,5.903,16.191,14.143,10.184
12.198,9.69,8.387,7.208,6.221,5.903,16.191,14.143,10.184,9.304
9.69,8.387,7.208,6.221,5.903,16.191,14.143,10.184,9.304,14.816
8.387,7.208,6.221,5.903,16.191,14.143,10.184,9.304,14.816,10.276
7.208,6.221,5.903,16.191,14.143,10.184,9.304,14.816,10.276,8.584
6.221,5.903,16.191,14.143,10.184,9.304,14.816,10.276,8.584,8.121
5.903,16.191,14.143,10.184,9.304,14.816,10.276,8.584,8.121,11.548
16.191,14.143,10.184,9.304,14.816,10.276,8.584,8.121,11.548,10.084
14.143,10.184,9.304,14.816,10.276,8.584,8.121,11.548,10.084,9.562
10.184,9.304,14.816,10.276,8.584,8.121,11.548,10.084,9.562,12.351
9.304,14.816,10.276,8.584,8.121,11.548,10.084,9.562,12.351,10.809
14.816,10.276,8.584,8.121,11.548,10.084,9.562,12.351,10.809,8.984
10.276,8.584,8.121,11.548,10.084,9.562,12.351,10.809,8.984,8.725
8.584,8.121,11.548,10.084,9.562,12.351,10.809,8.984,8.725,8.441
8.121,11.548,10.084,9.562,12.351,10.809,8.984,8.725,8.441,7.68
11.548,10.084,9.562,12.351,10.809,8.984,8.725,8.441,7.68,6.14
10.084,9.562,12.351,10.809,8.984,8.725,8.441,7.68,6.14,5.368
9.562,12.351,10.809,8.984,8.725,8.441,7.68,6.14,5.368,4.469
12.351,10.809,8.984,8.725,8.441,7.68,6.14,5.368,4.469,3.325
10.809,8.984,8.725,8.441,7.68,6.14,5.368,4.469,3.325,2.883
8.984,8.725,8.441,7.68,6.14,5.368,4.469,3.325,2.883,2.422
8.725,8.441,7.68,6.14,5.368,4.469,3.325,2.883,2.422,2.521
8.441,7.68,6.14,5.368,4.469,3.325,2.883,2.422,2.521,2.817
7.68,6.14,5.368,4.469,3.325,2.883,2.422,2.521,2.817,2.745
6.14,5.368,4.469,3.325,2.883,2.422,2.521,2.817,2.745,2.617
5.368,4.469,3.325,2.883,2.422,2.521,2.817,2.745,2.617,2.719
4.469,3.325,2.883,2.422,2.521,2.817,2.745,2.617,2.719,2.861
3.325,2.883,2.422,2.521,2.817,2.745,2.617,2.719,2.861,2.638
2.883,2.422,2.521,2.817,2.745,2.617,2.719,2.861,2.638,2.418
2.422,2.521,2.817,2.745,2.617,2.719,2.861,2.638,2.418,2.243
2.521,2.817,2.745,2.617,2.719,2.861,2.638,2.418,2.243,2.288
2.817,2.745,2.617,2.719,2.861,2.638,2.418,2.243,2.288,3.748
2.745,2.617,2.719,2.861,2.638,2.418,2.243,2.288,3.748,9.867
2.617,2.719,2.861,2.638,2.418,2.243,2.288,3.748,9.867,5.431
2.719,2.861,2.638,2.418,2.243,2.288,3.748,9.867,5.431,3.969
2.861,2.638,2.418,2.243,2.288,3.748,9.867,5.431,3.969,3.212
2.638,2.418,2.243,2.288,3.748,9.867,5.431,3.969,3.212,2.927
2.418,2.243,2.288,3.748,9.867,5.431,3.969,3.212,2.927,2.802
2.243,2.288,3.748,9.867,5.431,3.969,3.212,2.927,2.802,7.921
2.288,3.748,9.867,5.431,3.969,3.212,2.927,2.802,7.921,43.411
3.748,9.867,5.431,3.969,3.212,2.927,2.802,7.921,43.411,22.862
9.867,5.431,3.969,3.212,2.927,2.802,7.921,43.411,22.862,14.136
5.431,3.969,3.212,2.927,2.802,7.921,43.411,22.862,14.136,35.381
3.969,3.212,2.927,2.802,7.921,43.411,22.862,14.136,35.381,41.431
3.212,2.927,2.802,7.921,43.411,22.862,14.136,35.381,41.431,24.217
2.927,2.802,7.921,43.411,22.862,14.136,35.381,41.431,24.217,14.948
2.802,7.921,43.411,22.862,14.136,35.381,41.431,24.217,14.948,11.002
7.921,43.411,22.862,14.136,35.381,41.431,24.217,14.948,11.002,8.224
43.411,22.862,14.136,35.381,41.431,24.217,14.948,11.002,8.224,5.782
22.862,14.136,35.381,41.431,24.217,14.948,11.002,8.224,5.782,4.199
14.136,35.381,41.431,24.217,14.948,11.002,8.224,5.782,4.199,4.128
35.381,41.431,24.217,14.948,11.002,8.224,5.782,4.199,4.128,3.522
41.431,24.217,14.948,11.002,8.224,5.782,4.199,4.128,3.522,3.181
24.217,14.948,11.002,8.224,5.782,4.199,4.128,3.522,3.181,3.384
14.948,11.002,8.224,5.782,4.199,4.128,3.522,3.181,3.384,3.944
11.002,8.224,5.782,4.199,4.128,3.522,3.181,3.384,3.944,3.941
8.224,5.782,4.199,4.128,3.522,3.181,3.384,3.944,3.941,3.562
5.782,4.199,4.128,3.522,3.181,3.384,3.944,3.941,3.562,3.057
4.199,4.128,3.522,3.181,3.384,3.944,3.941,3.562,3.057,2.926
4.128,3.522,3.181,3.384,3.944,3.941,3.562,3.057,2.926,2.771
3.522,3.181,3.384,3.944,3.941,3.562,3.057,2.926,2.771,2.677
3.181,3.384,3.944,3.941,3.562,3.057,2.926,2.771,2.677,2.478
3.384,3.944,3.941,3.562,3.057,2.926,2.771,2.677,2.478,2.351
3.944,3.941,3.562,3.057,2.926,2.771,2.677,2.478,2.351,2.384
3.941,3.562,3.057,2.926,2.771,2.677,2.478,2.351,2.384,2.33
3.562,3.057,2.926,2.771,2.677,2.478,2.351,2.384,2.33,2.19
3.057,2.926,2.771,2.677,2.478,2.351,2.384,2.33,2.19,2.136
2.926,2.771,2.677,2.478,2.351,2.384,2.33,2.19,2.136,2.483
2.771,2.677,2.478,2.351,2.384,2.33,2.19,2.136,2.483,6.949
2.677,2.478,2.351,2.384,2.33,2.19,2.136,2.483,6.949,4.819
2.478,2.351,2.384,2.33,2.19,2.136,2.483,6.949,4.819,3.737
2.351,2.384,2.33,2.19,2.136,2.483,6.949,4.819,3.737,2.828
2.384,2.33,2.19,2.136,2.483,6.949,4.819,3.737,2.828,2.354
2.33,2.19,2.136,2.483,6.949,4.819,3.737,2.828,2.354,2.315
2.19,2.136,2.483,6.949,4.819,3.737,2.828,2.354,2.315,2.688
2.136,2.483,6.949,4.819,3.737,2.828,2.354,2.315,2.688,2.349
2.483,6.949,4.819,3.737,2.828,2.354,2.315,2.688,2.349,2.314
6.949,4.819,3.737,2.828,2.354,2.315,2.688,2.349,2.314,2.06
4.819,3.737,2.828,2.354,2.315,2.688,2.349,2.314,2.06,2.026
3.737,2.828,2.354,2.315,2.688,2.349,2.314,2.06,2.026,1.897
2.828,2.354,2.315,2.688,2.349,2.314,2.06,2.026,1.897,1.669
2.354,2.315,2.688,2.349,2.314,2.06,2.026,1.897,1.669,1.772
2.315,2.688,2.349,2.314,2.06,2.026,1.897,1.669,1.772,1.59
2.688,2.349,2.314,2.06,2.026,1.897,1.669,1.772,1.59,1.44
2.349,2.314,2.06,2.026,1.897,1.669,1.772,1.59,1.44,0.889
2.314,2.06,2.026,1.897,1.669,1.772,1.59,1.44,0.889,1.223
2.06,2.026,1.897,1.669,1.772,1.59,1.44,0.889,1.223,1.322
2.026,1.897,1.669,1.772,1.59,1.44,0.889,1.223,1.322,1.576
1.897,1.669,1.772,1.59,1.44,0.889,1.223,1.322,1.576,1.449
1.669,1.772,1.59,1.44,0.889,1.223,1.322,1.576,1.449,1.207
1.772,1.59,1.44,0.889,1.223,1.322,1.576,1.449,1.207,1.329
1.59,1.44,0.889,1.223,1.322,1.576,1.449,1.207,1.329,1.48
1.44,0.889,1.223,1.322,1.576,1.449,1.207,1.329,1.48,1.513
0.889,1.223,1.322,1.576,1.449,1.207,1.329,1.48,1.513,1.42
1.223,1.322,1.576,1.449,1.207,1.329,1.48,1.513,1.42,1.42
1.322,1.576,1.449,1.207,1.329,1.48,1.513,1.42,1.42,1.245
1.576,1.449,1.207,1.329,1.48,1.513,1.42,1.42,1.245,1.286
1.449,1.207,1.329,1.48,1.513,1.42,1.42,1.245,1.286,1.325
1.207,1.329,1.48,1.513,1.42,1.42,1.245,1.286,1.325,1.324
1.329,1.48,1.513,1.42,1.42,1.245,1.286,1.325,1.324,1.544
1.48,1.513,1.42,1.42,1.245,1.286,1.325,1.324,1.544,1.916
1.513,1.42,1.42,1.245,1.286,1.325,1.324,1.544,1.916,2.876
1.42,1.42,1.245,1.286,1.325,1.324,1.544,1.916,2.876,5.842
1.42,1.245,1.286,1.325,1.324,1.544,1.916,2.876,5.842,6.664
1.245,1.286,1.325,1.324,1.544,1.916,2.876,5.842,6.664,6.702
1.286,1.325,1.324,1.544,1.916,2.876,5.842,6.664,6.702,5.393
1.325,1.324,1.544,1.916,2.876,5.842,6.664,6.702,5.393,4.231
1.324,1.544,1.916,2.876,5.842,6.664,6.702,5.393,4.231,3.918
1.544,1.916,2.876,5.842,6.664,6.702,5.393,4.231,3.918,4.19
1.916,2.876,5.842,6.664,6.702,5.393,4.231,3.918,4.19,5.093
2.876,5.842,6.664,6.702,5.393,4.231,3.918,4.19,5.093,5.992
5.842,6.664,6.702,5.393,4.231,3.918,4.19,5.093,5.992,8.682
6.664,6.702,5.393,4.231,3.918,4.19,5.093,5.992,8.682,5.989
6.702,5.393,4.231,3.918,4.19,5.093,5.992,8.682,5.989,4.197
5.393,4.231,3.918,4.19,5.093,5.992,8.682,5.989,4.197,3.35
4.231,3.918,4.19,5.093,5.992,8.682,5.989,4.197,3.35,2.864
3.918,4.19,5.093,5.992,8.682,5.989,4.197,3.35,2.864,2.716
4.19,5.093,5.992,8.682,5.989,4.197,3.35,2.864,2.716,2.524
5.093,5.992,8.682,5.989,4.197,3.35,2.864,2.716,2.524,2.482
5.992,8.682,5.989,4.197,3.35,2.864,2.716,2.524,2.482,2.351
8.682,5.989,4.197,3.35,2.864,2.716,2.524,2.482,2.351,2.159
5.989,4.197,3.35,2.864,2.716,2.524,2.482,2.351,2.159,1.999
4.197,3.35,2.864,2.716,2.524,2.482,2.351,2.159,1.999,1.98
3.35,2.864,2.716,2.524,2.482,2.351,2.159,1.999,1.98,1.87
2.864,2.716,2.524,2.482,2.351,2.159,1.999,1.98,1.87,1.914
2.716,2.524,2.482,2.351,2.159,1.999,1.98,1.87,1.914,2.056
2.524,2.482,2.351,2.159,1.999,1.98,1.87,1.914,2.056,2.166
2.482,2.351,2.159,1.999,1.98,1.87,1.914,2.056,2.166,2.079
2.351,2.159,1.999,1.98,1.87,1.914,2.056,2.166,2.079,2.017
2.159,1.999,1.98,1.87,1.914,2.056,2.166,2.079,2.017,2.422
1.999,1.98,1.87,1.914,2.056,2.166,2.079,2.017,2.422,2.377
1.98,1.87,1.914,2.056,2.166,2.079,2.017,2.422,2.377,2.298
1.87,1.914,2.056,2.166,2.079,2.017,2.422,2.377,2.298,3.539
1.914,2.056,2.166,2.079,2.017,2.422,2.377,2.298,3.539,3.46
2.056,2.166,2.079,2.017,2.422,2.377,2.298,3.539,3.46,3.187
2.166,2.079,2.017,2.422,2.377,2.298,3.539,3.46,3.187,2.728
2.079,2.017,2.422,2.377,2.298,3.539,3.46,3.187,2.728,2.415
2.017,2.422,2.377,2.298,3.539,3.46,3.187,2.728,2.415,2.194
2.422,2.377,2.298,3.539,3.46,3.187,2.728,2.415,2.194,1.837
2.377,2.298,3.539,3.46,3.187,2.728,2.415,2.194,1.837,1.73
2.298,3.539,3.46,3.187,2.728,2.415,2.194,1.837,1.73,1.658
3.539,3.46,3.187,2.728,2.415,2.194,1.837,1.73,1.658,1.589
3.46,3.187,2.728,2.415,2.194,1.837,1.73,1.658,1.589,1.599
3.187,2.728,2.415,2.194,1.837,1.73,1.658,1.589,1.599,1.448
2.728,2.415,2.194,1.837,1.73,1.658,1.589,1.599,1.448,1.392
2.415,2.194,1.837,1.73,1.658,1.589,1.599,1.448,1.392,1.354
2.194,1.837,1.73,1.658,1.589,1.599,1.448,1.392,1.354,1.338
1.837,1.73,1.658,1.589,1.599,1.448,1.392,1.354,1.338,1.259
1.73,1.658,1.589,1.599,1.448,1.392,1.354,1.338,1.259,1.21
1.658,1.589,1.599,1.448,1.392,1.354,1.338,1.259,1.21,1.714
1.589,1.599,1.448,1.392,1.354,1.338,1.259,1.21,1.714,2.313
1.599,1.448,1.392,1.354,1.338,1.259,1.21,1.714,2.313,1.748
1.448,1.392,1.354,1.338,1.259,1.21,1.714,2.313,1.748,1.492
1.392,1.354,1.338,1.259,1.21,1.714,2.313,1.748,1.492,1.308
1.354,1.338,1.259,1.21,1.714,2.313,1.748,1.492,1.308,1.311
1.338,1.259,1.21,1.714,2.313,1.748,1.492,1.308,1.311,1.274
1.259,1.21,1.714,2.313,1.748,1.492,1.308,1.311,1.274,1.283
1.21,1.714,2.313,1.748,1.492,1.308,1.311,1.274,1.283,1.454
1.714,2.313,1.748,1.492,1.308,1.311,1.274,1.283,1.454,1.463
2.313,1.748,1.492,1.308,1.311,1.274,1.283,1.454,1.463,1.22
1.748,1.492,1.308,1.311,1.274,1.283,1.454,1.463,1.22,1.113
1.492,1.308,1.311,1.274,1.283,1.454,1.463,1.22,1.113,1.085
1.308,1.311,1.274,1.283,1.454,1.463,1.22,1.113,1.085,0.887
1.311,1.274,1.283,1.454,1.463,1.22,1.113,1.085,0.887,0.912
1.274,1.283,1.454,1.463,1.22,1.113,1.085,0.887,0.912,0.849
1.283,1.454,1.463,1.22,1.113,1.085,0.887,0.912,0.849,0.874
1.454,1.463,1.22,1.113,1.085,0.887,0.912,0.849,0.874,0.783
1.463,1.22,1.113,1.085,0.887,0.912,0.849,0.874,0.783,0.72
1.22,1.113,1.085,0.887,0.912,0.849,0.874,0.783,0.72,0.709
1.113,1.085,0.887,0.912,0.849,0.874,0.783,0.72,0.709,0.709
1.085,0.887,0.912,0.849,0.874,0.783,0.72,0.709,0.709,0.704
0.887,0.912,0.849,0.874,0.783,0.72,0.709,0.709,0.704,0.695
0.912,0.849,0.874,0.783,0.72,0.709,0.709,0.704,0.695,0.834
0.849,0.874,0.783,0.72,0.709,0.709,0.704,0.695,0.834,0.705
0.874,0.783,0.72,0.709,0.709,0.704,0.695,0.834,0.705,0.795
0.783,0.72,0.709,0.709,0.704,0.695,0.834,0.705,0.795,0.774
0.72,0.709,0.709,0.704,0.695,0.834,0.705,0.795,0.774,0.735
0.709,0.709,0.704,0.695,0.834,0.705,0.795,0.774,0.735,0.742
0.709,0.704,0.695,0.834,0.705,0.795,0.774,0.735,0.742,0.758
0.704,0.695,0.834,0.705,0.795,0.774,0.735,0.742,0.758,0.915
0.695,0.834,0.705,0.795,0.774,0.735,0.742,0.758,0.915,1.308
0.834,0.705,0.795,0.774,0.735,0.742,0.758,0.915,1.308,1.077
0.705,0.795,0.774,0.735,0.742,0.758,0.915,1.308,1.077,1.011
0.795,0.774,0.735,0.742,0.758,0.915,1.308,1.077,1.011,0.701
0.774,0.735,0.742,0.758,0.915,1.308,1.077,1.011,0.701,0.736
0.735,0.742,0.758,0.915,1.308,1.077,1.011,0.701,0.736,0.678
0.742,0.758,0.915,1.308,1.077,1.011,0.701,0.736,0.678,1.277
0.758,0.915,1.308,1.077,1.011,0.701,0.736,0.678,1.277,1.008
0.915,1.308,1.077,1.011,0.701,0.736,0.678,1.277,1.008,0.85
1.308,1.077,1.011,0.701,0.736,0.678,1.277,1.008,0.85,0.618
1.077,1.011,0.701,0.736,0.678,1.277,1.008,0.85,0.618,0.419
1.011,0.701,0.736,0.678,1.277,1.008,0.85,0.618,0.419,0.509
0.701,0.736,0.678,1.277,1.008,0.85,0.618,0.419,0.509,0.381
0.736,0.678,1.277,1.008,0.85,0.618,0.419,0.509,0.381,0.537
0.678,1.277,1.008,0.85,0.618,0.419,0.509,0.381,0.537,0.472
1.277,1.008,0.85,0.618,0.419,0.509,0.381,0.537,0.472,0.417
1.008,0.85,0.618,0.419,0.509,0.381,0.537,0.472,0.417,0.458
0.85,0.618,0.419,0.509,0.381,0.537,0.472,0.417,0.458,0.519
0.618,0.419,0.509,0.381,0.537,0.472,0.417,0.458,0.519,0.416
0.419,0.509,0.381,0.537,0.472,0.417,0.458,0.519,0.416,0.392
0.509,0.381,0.537,0.472,0.417,0.458,0.519,0.416,0.392,0.379
0.381,0.537,0.472,0.417,0.458,0.519,0.416,0.392,0.379,0.398
0.537,0.472,0.417,0.458,0.519,0.416,0.392,0.379,0.398,0.376
0.472,0.417,0.458,0.519,0.416,0.392,0.379,0.398,0.376,0.586
0.417,0.458,0.519,0.416,0.392,0.379,0.398,0.376,0.586,0.706
0.458,0.519,0.416,0.392,0.379,0.398,0.376,0.586,0.706,0.514
0.519,0.416,0.392,0.379,0.398,0.376,0.586,0.706,0.514,0.42
0.416,0.392,0.379,0.398,0.376,0.586,0.706,0.514,0.42,0.39
0.392,0.379,0.398,0.376,0.586,0.706,0.514,0.42,0.39,0.359
0.379,0.398,0.376,0.586,0.706,0.514,0.42,0.39,0.359,0.665
0.398,0.376,0.586,0.706,0.514,0.42,0.39,0.359,0.665,0.814
0.376,0.586,0.706,0.514,0.42,0.39,0.359,0.665,0.814,0.814
0.586,0.706,0.514,0.42,0.39,0.359,0.665,0.814,0.814,0.662
0.706,0.514,0.42,0.39,0.359,0.665,0.814,0.814,0.662,0.531
0.514,0.42,0.39,0.359,0.665,0.814,0.814,0.662,0.531,0.391
0.42,0.39,0.359,0.665,0.814,0.814,0.662,0.531,0.391,0.373
0.39,0.359,0.665,0.814,0.814,0.662,0.531,0.391,0.373,0.324
0.359,0.665,0.814,0.814,0.662,0.531,0.391,0.373,0.324,0.327
0.665,0.814,0.814,0.662,0.531,0.391,0.373,0.324,0.327,0.293
0.814,0.814,0.662,0.531,0.391,0.373,0.324,0.327,0.293,0.34
0.814,0.662,0.531,0.391,0.373,0.324,0.327,0.293,0.34,0.387
0.662,0.531,0.391,0.373,0.324,0.327,0.293,0.34,0.387,0.352
0.531,0.391,0.373,0.324,0.327,0.293,0.34,0.387,0.352,0.712
0.391,0.373,0.324,0.327,0.293,0.34,0.387,0.352,0.712,0.649
0.373,0.324,0.327,0.293,0.34,0.387,0.352,0.712,0.649,0.553
0.324,0.327,0.293,0.34,0.387,0.352,0.712,0.649,0.553,0.694
0.327,0.293,0.34,0.387,0.352,0.712,0.649,0.553,0.694,0.665
0.293,0.34,0.387,0.352,0.712,0.649,0.553,0.694,0.665,0.628
0.34,0.387,0.352,0.712,0.649,0.553,0.694,0.665,0.628,0.514
0.387,0.352,0.712,0.649,0.553,0.694,0.665,0.628,0.514,0.458
0.352,0.712,0.649,0.553,0.694,0.665,0.628,0.514,0.458,0.365
0.712,0.649,0.553,0.694,0.665,0.628,0.514,0.458,0.365,0.405
0.649,0.553,0.694,0.665,0.628,0.514,0.458,0.365,0.405,0.398
0.553,0.694,0.665,0.628,0.514,0.458,0.365,0.405,0.398,0.327
0.694,0.665,0.628,0.514,0.458,0.365,0.405,0.398,0.327,0.393
0.665,0.628,0.514,0.458,0.365,0.405,0.398,0.327,0.393,0.341
0.628,0.514,0.458,0.365,0.405,0.398,0.327,0.393,0.341,0.251
0.514,0.458,0.365,0.405,0.398,0.327,0.393,0.341,0.251,0.25
0.458,0.365,0.405,0.398,0.327,0.393,0.341,0.251,0.25,0.296
0.365,0.405,0.398,0.327,0.393,0.341,0.251,0.25,0.296,0.299
0.405,0.398,0.327,0.393,0.341,0.251,0.25,0.296,0.299,0.301
0.398,0.327,0.393,0.341,0.251,0.25,0.296,0.299,0.301,0.248
0.327,0.393,0.341,0.251,0.25,0.296,0.299,0.301,0.248,0.25
0.393,0.341,0.251,0.25,0.296,0.299,0.301,0.248,0.25,0.263
0.341,0.251,0.25,0.296,0.299,0.301,0.248,0.25,0.263,0.495
0.251,0.25,0.296,0.299,0.301,0.248,0.25,0.263,0.495,0.64
0.25,0.296,0.299,0.301,0.248,0.25,0.263,0.495,0.64,0.382
0.296,0.299,0.301,0.248,0.25,0.263,0.495,0.64,0.382,0.445
0.299,0.301,0.248,0.25,0.263,0.495,0.64,0.382,0.445,0.367
0.301,0.248,0.25,0.263,0.495,0.64,0.382,0.445,0.367,0.539
0.248,0.25,0.263,0.495,0.64,0.382,0.445,0.367,0.539,0.484
0.25,0.263,0.495,0.64,0.382,0.445,0.367,0.539,0.484,0.494
0.263,0.495,0.64,0.382,0.445,0.367,0.539,0.484,0.494,0.376
0.495,0.64,0.382,0.445,0.367,0.539,0.484,0.494,0.376,0.35
0.64,0.382,0.445,0.367,0.539,0.484,0.494,0.376,0.35,0.495
0.382,0.445,0.367,0.539,0.484,0.494,0.376,0.35,0.495,0.442
0.445,0.367,0.539,0.484,0.494,0.376,0.35,0.495,0.442,0.372
0.367,0.539,0.484,0.494,0.376,0.35,0.495,0.442,0.372,0.352
0.539,0.484,0.494,0.376,0.35,0.495,0.442,0.372,0.352,0.261
0.484,0.494,0.376,0.35,0.495,0.442,0.372,0.352,0.261,0.256
0.494,0.376,0.35,0.495,0.442,0.372,0.352,0.261,0.256,0.222
0.376,0.35,0.495,0.442,0.372,0.352,0.261,0.256,0.222,0.224
0.35,0.495,0.442,0.372,0.352,0.261,0.256,0.222,0.224,0.221
0.495,0.442,0.372,0.352,0.261,0.256,0.222,0.224,0.221,0.229
0.442,0.372,0.352,0.261,0.256,0.222,0.224,0.221,0.229,0.204
0.372,0.352,0.261,0.256,0.222,0.224,0.221,0.229,0.204,0.229
0.352,0.261,0.256,0.222,0.224,0.221,0.229,0.204,0.229,0.224
0.261,0.256,0.222,0.224,0.221,0.229,0.204,0.229,0.224,0.194
0.256,0.222,0.224,0.221,0.229,0.204,0.229,0.224,0.194,0.242
0.222,0.224,0.221,0.229,0.204,0.229,0.224,0.194,0.242,0.231
0.224,0.221,0.229,0.204,0.229,0.224,0.194,0.242,0.231,0.227
0.221,0.229,0.204,0.229,0.224,0.194,0.242,0.231,0.227,0.222
0.229,0.204,0.229,0.224,0.194,0.242,0.231,0.227,0.222,0.281
0.204,0.229,0.224,0.194,0.242,0.231,0.227,0.222,0.281,0.263
0.229,0.224,0.194,0.242,0.231,0.227,0.222,0.281,0.263,0.193
0.224,0.194,0.242,0.231,0.227,0.222,0.281,0.263,0.193,0.24
0.194,0.242,0.231,0.227,0.222,0.281,0.263,0.193,0.24,0.211
0.242,0.231,0.227,0.222,0.281,0.263,0.193,0.24,0.211,0.253
0.231,0.227,0.222,0.281,0.263,0.193,0.24,0.211,0.253,0.215
0.227,0.222,0.281,0.263,0.193,0.24,0.211,0.253,0.215,0.253
0.222,0.281,0.263,0.193,0.24,0.211,0.253,0.215,0.253,0.208
0.281,0.263,0.193,0.24,0.211,0.253,0.215,0.253,0.208,0.207
0.263,0.193,0.24,0.211,0.253,0.215,0.253,0.208,0.207,0.287
0.193,0.24,0.211,0.253,0.215,0.253,0.208,0.207,0.287,0.274
0.24,0.211,0.253,0.215,0.253,0.208,0.207,0.287,0.274,0.276
0.211,0.253,0.215,0.253,0.208,0.207,0.287,0.274,0.276,0.316
0.253,0.215,0.253,0.208,0.207,0.287,0.274,0.276,0.316,0.32
0.215,0.253,0.208,0.207,0.287,0.274,0.276,0.316,0.32,0.318
0.253,0.208,0.207,0.287,0.274,0.276,0.316,0.32,0.318,0.315
0.208,0.207,0.287,0.274,0.276,0.316,0.32,0.318,0.315,0.315
0.207,0.287,0.274,0.276,0.316,0.32,0.318,0.315,0.315,0.315
0.287,0.274,0.276,0.316,0.32,0.318,0.315,0.315,0.315,0.282
0.274,0.276,0.316,0.32,0.318,0.315,0.315,0.315,0.282,0.275
0.276,0.316,0.32,0.318,0.315,0.315,0.315,0.282,0.275,0.283
0.316,0.32,0.318,0.315,0.315,0.315,0.282,0.275,0.283,0.42
0.32,0.318,0.315,0.315,0.315,0.282,0.275,0.283,0.42,0.57
0.318,0.315,0.315,0.315,0.282,0.275,0.283,0.42,0.57,0.502
0.315,0.315,0.315,0.282,0.275,0.283,0.42,0.57,0.502,0.49
0.315,0.315,0.282,0.275,0.283,0.42,0.57,0.502,0.49,0.462
0.315,0.282,0.275,0.283,0.42,0.57,0.502,0.49,0.462,0.431
0.282,0.275,0.283,0.42,0.57,0.502,0.49,0.462,0.431,0.399
0.275,0.283,0.42,0.57,0.502,0.49,0.462,0.431,0.399,0.372
0.283,0.42,0.57,0.502,0.49,0.462,0.431,0.399,0.372,0.404
0.42,0.57,0.502,0.49,0.462,0.431,0.399,0.372,0.404,0.371
0.57,0.502,0.49,0.462,0.431,0.399,0.372,0.404,0.371,0.374
0.502,0.49,0.462,0.431,0.399,0.372,0.404,0.371,0.374,0.371
0.49,0.462,0.431,0.399,0.372,0.404,0.371,0.374,0.371,0.321
0.462,0.431,0.399,0.372,0.404,0.371,0.374,0.371,0.321,0.407
0.431,0.399,0.372,0.404,0.371,0.374,0.371,0.321,0.407,0.373
0.399,0.372,0.404,0.371,0.374,0.371,0.321,0.407,0.373,0.419
0.372,0.404,0.371,0.374,0.371,0.321,0.407,0.373,0.419,0.389
0.404,0.371,0.374,0.371,0.321,0.407,0.373,0.419,0.389,0.457
0.371,0.374,0.371,0.321,0.407,0.373,0.419,0.389,0.457,0.404
0.374,0.371,0.321,0.407,0.373,0.419,0.389,0.457,0.404,0.467
0.371,0.321,0.407,0.373,0.419,0.389,0.457,0.404,0.467,0.475
0.321,0.407,0.373,0.419,0.389,0.457,0.404,0.467,0.475,0.434
0.407,0.373,0.419,0.389,0.457,0.404,0.467,0.475,0.434,0.423
0.373,0.419,0.389,0.457,0.404,0.467,0.475,0.434,0.423,0.725
0.419,0.389,0.457,0.404,0.467,0.475,0.434,0.423,0.725,0.624
0.389,0.457,0.404,0.467,0.475,0.434,0.423,0.725,0.624,0.584
0.457,0.404,0.467,0.475,0.434,0.423,0.725,0.624,0.584,0.701
0.404,0.467,0.475,0.434,0.423,0.725,0.624,0.584,0.701,1.265
0.467,0.475,0.434,0.423,0.725,0.624,0.584,0.701,1.265,2.041
0.475,0.434,0.423,0.725,0.624,0.584,0.701,1.265,2.041,1.44
0.434,0.423,0.725,0.624,0.584,0.701,1.265,2.041,1.44,0.975
0.423,0.725,0.624,0.584,0.701,1.265,2.041,1.44,0.975,0.798
0.725,0.624,0.584,0.701,1.265,2.041,1.44,0.975,0.798,0.621
0.624,0.584,0.701,1.265,2.041,1.44,0.975,0.798,0.621,0.603
0.584,0.701,1.265,2.041,1.44,0.975,0.798,0.621,0.603,0.563
0.701,1.265,2.041,1.44,0.975,0.798,0.621,0.603,0.563,0.493
1.265,2.041,1.44,0.975,0.798,0.621,0.603,0.563,0.493,0.492
2.041,1.44,0.975,0.798,0.621,0.603,0.563,0.493,0.492,0.534
1.44,0.975,0.798,0.621,0.603,0.563,0.493,0.492,0.534,0.597
0.975,0.798,0.621,0.603,0.563,0.493,0.492,0.534,0.597,0.528
0.798,0.621,0.603,0.563,0.493,0.492,0.534,0.597,0.528,0.529
0.621,0.603,0.563,0.493,0.492,0.534,0.597,0.528,0.529,0.576
0.603,0.563,0.493,0.492,0.534,0.597,0.528,0.529,0.576,0.562
0.563,0.493,0.492,0.534,0.597,0.528,0.529,0.576,0.562,0.553
0.493,0.492,0.534,0.597,0.528,0.529,0.576,0.562,0.553,0.595
0.492,0.534,0.597,0.528,0.529,0.576,0.562,0.553,0.595,0.521
0.534,0.597,0.528,0.529,0.576,0.562,0.553,0.595,0.521,0.523
0.597,0.528,0.529,0.576,0.562,0.553,0.595,0.521,0.523,0.613
0.528,0.529,0.576,0.562,0.553,0.595,0.521,0.523,0.613,0.546
0.529,0.576,0.562,0.553,0.595,0.521,0.523,0.613,0.546,0.541
0.576,0.562,0.553,0.595,0.521,0.523,0.613,0.546,0.541,0.51
0.562,0.553,0.595,0.521,0.523,0.613,0.546,0.541,0.51,0.637
0.553,0.595,0.521,0.523,0.613,0.546,0.541,0.51,0.637,0.523
0.595,0.521,0.523,0.613,0.546,0.541,0.51,0.637,0.523,0.486
0.521,0.523,0.613,0.546,0.541,0.51,0.637,0.523,0.486,0.357
0.523,0.613,0.546,0.541,0.51,0.637,0.523,0.486,0.357,0.522
0.613,0.546,0.541,0.51,0.637,0.523,0.486,0.357,0.522,0.374
0.546,0.541,0.51,0.637,0.523,0.486,0.357,0.522,0.374,0.374
0.541,0.51,0.637,0.523,0.486,0.357,0.522,0.374,0.374,0.374
0.51,0.637,0.523,0.486,0.357,0.522,0.374,0.374,0.374,0.36
0.637,0.523,0.486,0.357,0.522,0.374,0.374,0.374,0.36,0.39
0.523,0.486,0.357,0.522,0.374,0.374,0.374,0.36,0.39,0.411
0.486,0.357,0.522,0.374,0.374,0.374,0.36,0.39,0.411,0.454
0.357,0.522,0.374,0.374,0.374,0.36,0.39,0.411,0.454,0.478
0.522,0.374,0.374,0.374,0.36,0.39,0.411,0.454,0.478,0.44
0.374,0.374,0.374,0.36,0.39,0.411,0.454,0.478,0.44,0.444
0.374,0.374,0.36,0.39,0.411,0.454,0.478,0.44,0.444,0.476
0.374,0.36,0.39,0.411,0.454,0.478,0.44,0.444,0.476,0.476
0.36,0.39,0.411,0.454,0.478,0.44,0.444,0.476,0.476,0.557
0.39,0.411,0.454,0.478,0.44,0.444,0.476,0.476,0.557,0.587
0.411,0.454,0.478,0.44,0.444,0.476,0.476,0.557,0.587,0.551
0.454,0.478,0.44,0.444,0.476,0.476,0.557,0.587,0.551,0.539
0.478,0.44,0.444,0.476,0.476,0.557,0.587,0.551,0.539,0.482
0.44,0.444,0.476,0.476,0.557,0.587,0.551,0.539,0.482,0.574
0.444,0.476,0.476,0.557,0.587,0.551,0.539,0.482,0.574,0.455
0.476,0.476,0.557,0.587,0.551,0.539,0.482,0.574,0.455,0.537
0.476,0.557,0.587,0.551,0.539,0.482,0.574,0.455,0.537,0.524
0.557,0.587,0.551,0.539,0.482,0.574,0.455,0.537,0.524,0.506
0.587,0.551,0.539,0.482,0.574,0.455,0.537,0.524,0.506,0.564
0.551,0.539,0.482,0.574,0.455,0.537,0.524,0.506,0.564,0.595
0.539,0.482,0.574,0.455,0.537,0.524,0.506,0.564,0.595,0.733
0.482,0.574,0.455,0.537,0.524,0.506,0.564,0.595,0.733,0.579
0.574,0.455,0.537,0.524,0.506,0.564,0.595,0.733,0.579,0.614
0.455,0.537,0.524,0.506,0.564,0.595,0.733,0.579,0.614,0.552
0.537,0.524,0.506,0.564,0.595,0.733,0.579,0.614,0.552,0.4
0.524,0.506,0.564,0.595,0.733,0.579,0.614,0.552,0.4,0.574
0.506,0.564,0.595,0.733,0.579,0.614,0.552,0.4,0.574,0.545
0.564,0.595,0.733,0.579,0.614,0.552,0.4,0.574,0.545,0.508
0.595,0.733,0.579,0.614,0.552,0.4,0.574,0.545,0.508,0.317
0.733,0.579,0.614,0.552,0.4,0.574,0.545,0.508,0.317,0.31
0.579,0.614,0.552,0.4,0.574,0.545,0.508,0.317,0.31,0.429
0.614,0.552,0.4,0.574,0.545,0.508,0.317,0.31,0.429,0.362
0.552,0.4,0.574,0.545,0.508,0.317,0.31,0.429,0.362,0.443
0.4,0.574,0.545,0.508,0.317,0.31,0.429,0.362,0.443,0.733
0.574,0.545,0.508,0.317,0.31,0.429,0.362,0.443,0.733,2.258
0.545,0.508,0.317,0.31,0.429,0.362,0.443,0.733,2.258,1.506
0.508,0.317,0.31,0.429,0.362,0.443,0.733,2.258,1.506,1.094
0.317,0.31,0.429,0.362,0.443,0.733,2.258,1.506,1.094,1.037
0.31,0.429,0.362,0.443,0.733,2.258,1.506,1.094,1.037,0.821
0.429,0.362,0.443,0.733,2.258,1.506,1.094,1.037,0.821,0.612
0.362,0.443,0.733,2.258,1.506,1.094,1.037,0.821,0.612,0.972
0.443,0.733,2.258,1.506,1.094,1.037,0.821,0.612,0.972,1.917
0.733,2.258,1.506,1.094,1.037,0.821,0.612,0.972,1.917,1.733
2.258,1.506,1.094,1.037,0.821,0.612,0.972,1.917,1.733,0.633
1.506,1.094,1.037,0.821,0.612,0.972,1.917,1.733,0.633,0.384
1.094,1.037,0.821,0.612,0.972,1.917,1.733,0.633,0.384,0.718
1.037,0.821,0.612,0.972,1.917,1.733,0.633,0.384,0.718,0.765
0.821,0.612,0.972,1.917,1.733,0.633,0.384,0.718,0.765,0.654
0.612,0.972,1.917,1.733,0.633,0.384,0.718,0.765,0.654,0.45
0.972,1.917,1.733,0.633,0.384,0.718,0.765,0.654,0.45,0.729
1.917,1.733,0.633,0.384,0.718,0.765,0.654,0.45,0.729,0.688
1.733,0.633,0.384,0.718,0.765,0.654,0.45,0.729,0.688,0.667
0.633,0.384,0.718,0.765,0.654,0.45,0.729,0.688,0.667,0.682
0.384,0.718,0.765,0.654,0.45,0.729,0.688,0.667,0.682,0.52
0.718,0.765,0.654,0.45,0.729,0.688,0.667,0.682,0.52,0.374
0.765,0.654,0.45,0.729,0.688,0.667,0.682,0.52,0.374,0.493
0.654,0.45,0.729,0.688,0.667,0.682,0.52,0.374,0.493,0.425
0.45,0.729,0.688,0.667,0.682,0.52,0.374,0.493,0.425,0.359
0.729,0.688,0.667,0.682,0.52,0.374,0.493,0.425,0.359,0.432
0.688,0.667,0.682,0.52,0.374,0.493,0.425,0.359,0.432,0.556
0.667,0.682,0.52,0.374,0.493,0.425,0.359,0.432,0.556,0.497
0.682,0.52,0.374,0.493,0.425,0.359,0.432,0.556,0.497,0.571
0.52,0.374,0.493,0.425,0.359,0.432,0.556,0.497,0.571,0.574
0.374,0.493,0.425,0.359,0.432,0.556,0.497,0.571,0.574,1.132
0.493,0.425,0.359,0.432,0.556,0.497,0.571,0.574,1.132,1.81
0.425,0.359,0.432,0.556,0.497,0.571,0.574,1.132,1.81,4.533
0.359,0.432,0.556,0.497,0.571,0.574,1.132,1.81,4.533,2.686
0.432,0.556,0.497,0.571,0.574,1.132,1.81,4.533,2.686,1.97
0.556,0.497,0.571,0.574,1.132,1.81,4.533,2.686,1.97,1.688
0.497,0.571,0.574,1.132,1.81,4.533,2.686,1.97,1.688,1.306
0.571,0.574,1.132,1.81,4.533,2.686,1.97,1.688,1.306,0.941
0.574,1.132,1.81,4.533,2.686,1.97,1.688,1.306,0.941,1.108
1.132,1.81,4.533,2.686,1.97,1.688,1.306,0.941,1.108,0.922
1.81,4.533,2.686,1.97,1.688,1.306,0.941,1.108,0.922,0.754
4.533,2.686,1.97,1.688,1.306,0.941,1.108,0.922,0.754,0.463
2.686,1.97,1.688,1.306,0.941,1.108,0.922,0.754,0.463,0.454
1.97,1.688,1.306,0.941,1.108,0.922,0.754,0.463,0.454,1.02
1.688,1.306,0.941,1.108,0.922,0.754,0.463,0.454,1.02,1.026
1.306,0.941,1.108,0.922,0.754,0.463,0.454,1.02,1.026,0.897
0.941,1.108,0.922,0.754,0.463,0.454,1.02,1.026,0.897,0.917
1.108,0.922,0.754,0.463,0.454,1.02,1.026,0.897,0.917,0.837
0.922,0.754,0.463,0.454,1.02,1.026,0.897,0.917,0.837,0.827
0.754,0.463,0.454,1.02,1.026,0.897,0.917,0.837,0.827,0.798
0.463,0.454,1.02,1.026,0.897,0.917,0.837,0.827,0.798,1.488
0.454,1.02,1.026,0.897,0.917,0.837,0.827,0.798,1.488,11.46
1.02,1.026,0.897,0.917,0.837,0.827,0.798,1.488,11.46,24.091
1.026,0.897,0.917,0.837,0.827,0.798,1.488,11.46,24.091,19.746
0.897,0.917,0.837,0.827,0.798,1.488,11.46,24.091,19.746,15.563
0.917,0.837,0.827,0.798,1.488,11.46,24.091,19.746,15.563,12.007
0.837,0.827,0.798,1.488,11.46,24.091,19.746,15.563,12.007,8.896
0.827,0.798,1.488,11.46,24.091,19.746,15.563,12.007,8.896,6.569
0.798,1.488,11.46,24.091,19.746,15.563,12.007,8.896,6.569,5.023
1.488,11.46,24.091,19.746,15.563,12.007,8.896,6.569,5.023,4.261
11.46,24.091,19.746,15.563,12.007,8.896,6.569,5.023,4.261,3.616
24.091,19.746,15.563,12.007,8.896,6.569,5.023,4.261,3.616,3.36
19.746,15.563,12.007,8.896,6.569,5.023,4.261,3.616,3.36,2.916
15.563,12.007,8.896,6.569,5.023,4.261,3.616,3.36,2.916,3.237
12.007,8.896,6.569,5.023,4.261,3.616,3.36,2.916,3.237,3.914
8.896,6.569,5.023,4.261,3.616,3.36,2.916,3.237,3.914,3.545
6.569,5.023,4.261,3.616,3.36,2.916,3.237,3.914,3.545,3.03
5.023,4.261,3.616,3.36,2.916,3.237,3.914,3.545,3.03,2.873
4.261,3.616,3.36,2.916,3.237,3.914,3.545,3.03,2.873,2.54
3.616,3.36,2.916,3.237,3.914,3.545,3.03,2.873,2.54,2.188
3.36,2.916,3.237,3.914,3.545,3.03,2.873,2.54,2.188,2.05
2.916,3.237,3.914,3.545,3.03,2.873,2.54,2.188,2.05,2.009
3.237,3.914,3.545,3.03,2.873,2.54,2.188,2.05,2.009,1.898
3.914,3.545,3.03,2.873,2.54,2.188,2.05,2.009,1.898,1.673
3.545,3.03,2.873,2.54,2.188,2.05,2.009,1.898,1.673,1.67
3.03,2.873,2.54,2.188,2.05,2.009,1.898,1.673,1.67,1.693
2.873,2.54,2.188,2.05,2.009,1.898,1.673,1.67,1.693,1.533
2.54,2.188,2.05,2.009,1.898,1.673,1.67,1.693,1.533,1.469
2.188,2.05,2.009,1.898,1.673,1.67,1.693,1.533,1.469,1.392
2.05,2.009,1.898,1.673,1.67,1.693,1.533,1.469,1.392,1.32
2.009,1.898,1.673,1.67,1.693,1.533,1.469,1.392,1.32,1.224
1.898,1.673,1.67,1.693,1.533,1.469,1.392,1.32,1.224,1.297
1.673,1.67,1.693,1.533,1.469,1.392,1.32,1.224,1.297,1.273
1.67,1.693,1.533,1.469,1.392,1.32,1.224,1.297,1.273,1.1
1.693,1.533,1.469,1.392,1.32,1.224,1.297,1.273,1.1,1.079
1.533,1.469,1.392,1.32,1.224,1.297,1.273,1.1,1.079,1.165
1.469,1.392,1.32,1.224,1.297,1.273,1.1,1.079,1.165,1.06
1.392,1.32,1.224,1.297,1.273,1.1,1.079,1.165,1.06,1.059
1.32,1.224,1.297,1.273,1.1,1.079,1.165,1.06,1.059,0.989
1.224,1.297,1.273,1.1,1.079,1.165,1.06,1.059,0.989,1.057
1.297,1.273,1.1,1.079,1.165,1.06,1.059,0.989,1.057,1.022
1.273,1.1,1.079,1.165,1.06,1.059,0.989,1.057,1.022,1.093
1.1,1.079,1.165,1.06,1.059,0.989,1.057,1.022,1.093,1.489
1.079,1.165,1.06,1.059,0.989,1.057,1.022,1.093,1.489,2.412
1.165,1.06,1.059,0.989,1.057,1.022,1.093,1.489,2.412,3.82
1.06,1.059,0.989,1.057,1.022,1.093,1.489,2.412,3.82,4.001
1.059,0.989,1.057,1.022,1.093,1.489,2.412,3.82,4.001,3.76
0.989,1.057,1.022,1.093,1.489,2.412,3.82,4.001,3.76,3.724
1.057,1.022,1.093,1.489,2.412,3.82,4.001,3.76,3.724,4.706
1.022,1.093,1.489,2.412,3.82,4.001,3.76,3.724,4.706,3.828
1.093,1.489,2.412,3.82,4.001,3.76,3.724,4.706,3.828,3.91
1.489,2.412,3.82,4.001,3.76,3.724,4.706,3.828,3.91,3.243
2.412,3.82,4.001,3.76,3.724,4.706,3.828,3.91,3.243,3.325
3.82,4.001,3.76,3.724,4.706,3.828,3.91,3.243,3.325,3.085
4.001,3.76,3.724,4.706,3.828,3.91,3.243,3.325,3.085,2.711
3.76,3.724,4.706,3.828,3.91,3.243,3.325,3.085,2.711,2.371
3.724,4.706,3.828,3.91,3.243,3.325,3.085,2.711,2.371,2.146
4.706,3.828,3.91,3.243,3.325,3.085,2.711,2.371,2.146,2.139
3.828,3.91,3.243,3.325,3.085,2.711,2.371,2.146,2.139,2.015
3.91,3.243,3.325,3.085,2.711,2.371,2.146,2.139,2.015,1.872
3.243,3.325,3.085,2.711,2.371,2.146,2.139,2.015,1.872,1.857
3.325,3.085,2.711,2.371,2.146,2.139,2.015,1.872,1.857,1.652
3.085,2.711,2.371,2.146,2.139,2.015,1.872,1.857,1.652,1.602
2.711,2.371,2.146,2.139,2.015,1.872,1.857,1.652,1.602,1.519
2.371,2.146,2.139,2.015,1.872,1.857,1.652,1.602,1.519,1.551
2.146,2.139,2.015,1.872,1.857,1.652,1.602,1.519,1.551,1.879
2.139,2.015,1.872,1.857,1.652,1.602,1.519,1.551,1.879,1.926
2.015,1.872,1.857,1.652,1.602,1.519,1.551,1.879,1.926,2.01
1.872,1.857,1.652,1.602,1.519,1.551,1.879,1.926,2.01,2.022
1.857,1.652,1.602,1.519,1.551,1.879,1.926,2.01,2.022,1.839
1.652,1.602,1.519,1.551,1.879,1.926,2.01,2.022,1.839,1.591
1.602,1.519,1.551,1.879,1.926,2.01,2.022,1.839,1.591,1.407
1.519,1.551,1.879,1.926,2.01,2.022,1.839,1.591,1.407,1.257
1.551,1.879,1.926,2.01,2.022,1.839,1.591,1.407,1.257,1.233
1.879,1.926,2.01,2.022,1.839,1.591,1.407,1.257,1.233,1.198
1.926,2.01,2.022,1.839,1.591,1.407,1.257,1.233,1.198,1.343
2.01,2.022,1.839,1.591,1.407,1.257,1.233,1.198,1.343,1.178
2.022,1.839,1.591,1.407,1.257,1.233,1.198,1.343,1.178,0.664
1.839,1.591,1.407,1.257,1.233,1.198,1.343,1.178,0.664,1.221
1.591,1.407,1.257,1.233,1.198,1.343,1.178,0.664,1.221,1.113
1.407,1.257,1.233,1.198,1.343,1.178,0.664,1.221,1.113,1.077
1.257,1.233,1.198,1.343,1.178,0.664,1.221,1.113,1.077,0.967
1.233,1.198,1.343,1.178,0.664,1.221,1.113,1.077,0.967,1.335
1.198,1.343,1.178,0.664,1.221,1.113,1.077,0.967,1.335,1.466
1.343,1.178,0.664,1.221,1.113,1.077,0.967,1.335,1.466,1.389
1.178,0.664,1.221,1.113,1.077,0.967,1.335,1.466,1.389,1.328
0.664,1.221,1.113,1.077,0.967,1.335,1.466,1.389,1.328,1.235
1.221,1.113,1.077,0.967,1.335,1.466,1.389,1.328,1.235,1.12
1.113,1.077,0.967,1.335,1.466,1.389,1.328,1.235,1.12,1.075
1.077,0.967,1.335,1.466,1.389,1.328,1.235,1.12,1.075,0.971
0.967,1.335,1.466,1.389,1.328,1.235,1.12,1.075,0.971,1.002
1.335,1.466,1.389,1.328,1.235,1.12,1.075,0.971,1.002,1.045
1.466,1.389,1.328,1.235,1.12,1.075,0.971,1.002,1.045,0.999
1.389,1.328,1.235,1.12,1.075,0.971,1.002,1.045,0.999,1.017
1.328,1.235,1.12,1.075,0.971,1.002,1.045,0.999,1.017,1.002
1.235,1.12,1.075,0.971,1.002,1.045,0.999,1.017,1.002,1.328
1.12,1.075,0.971,1.002,1.045,0.999,1.017,1.002,1.328,2.979
1.075,0.971,1.002,1.045,0.999,1.017,1.002,1.328,2.979,2.101
0.971,1.002,1.045,0.999,1.017,1.002,1.328,2.979,2.101,1.669
1.002,1.045,0.999,1.017,1.002,1.328,2.979,2.101,1.669,1.559
1.045,0.999,1.017,1.002,1.328,2.979,2.101,1.669,1.559,2.229
0.999,1.017,1.002,1.328,2.979,2.101,1.669,1.559,2.229,1.794
1.017,1.002,1.328,2.979,2.101,1.669,1.559,2.229,1.794,1.443
1.002,1.328,2.979,2.101,1.669,1.559,2.229,1.794,1.443,1.312
1.328,2.979,2.101,1.669,1.559,2.229,1.794,1.443,1.312,1.149
2.979,2.101,1.669,1.559,2.229,1.794,1.443,1.312,1.149,1.413
2.101,1.669,1.559,2.229,1.794,1.443,1.312,1.149,1.413,1.146
1.669,1.559,2.229,1.794,1.443,1.312,1.149,1.413,1.146,1.105
1.559,2.229,1.794,1.443,1.312,1.149,1.413,1.146,1.105,1
2.229,1.794,1.443,1.312,1.149,1.413,1.146,1.105,1,0.943
1.794,1.443,1.312,1.149,1.413,1.146,1.105,1,0.943,0.988
1.443,1.312,1.149,1.413,1.146,1.105,1,0.943,0.988,0.975
1.312,1.149,1.413,1.146,1.105,1,0.943,0.988,0.975,1.064
1.149,1.413,1.146,1.105,1,0.943,0.988,0.975,1.064,1.124
1.413,1.146,1.105,1,0.943,0.988,0.975,1.064,1.124,1.048
1.146,1.105,1,0.943,0.988,0.975,1.064,1.124,1.048,0.887
1.105,1,0.943,0.988,0.975,1.064,1.124,1.048,0.887,0.842
1,0.943,0.988,0.975,1.064,1.124,1.048,0.887,0.842,0.702
0.943,0.988,0.975,1.064,1.124,1.048,0.887,0.842,0.702,0.676
0.988,0.975,1.064,1.124,1.048,0.887,0.842,0.702,0.676,0.671
0.975,1.064,1.124,1.048,0.887,0.842,0.702,0.676,0.671,0.692
1.064,1.124,1.048,0.887,0.842,0.702,0.676,0.671,0.692,0.822
1.124,1.048,0.887,0.842,0.702,0.676,0.671,0.692,0.822,0.855
1.048,0.887,0.842,0.702,0.676,0.671,0.692,0.822,0.855,1.759
0.887,0.842,0.702,0.676,0.671,0.692,0.822,0.855,1.759,1.624
0.842,0.702,0.676,0.671,0.692,0.822,0.855,1.759,1.624,2.192
0.702,0.676,0.671,0.692,0.822,0.855,1.759,1.624,2.192,2.242
0.676,0.671,0.692,0.822,0.855,1.759,1.624,2.192,2.242,1.602
0.671,0.692,0.822,0.855,1.759,1.624,2.192,2.242,1.602,1.041
0.692,0.822,0.855,1.759,1.624,2.192,2.242,1.602,1.041,0.848
0.822,0.855,1.759,1.624,2.192,2.242,1.602,1.041,0.848,0.788
0.855,1.759,1.624,2.192,2.242,1.602,1.041,0.848,0.788,0.899
1.759,1.624,2.192,2.242,1.602,1.041,0.848,0.788,0.899,0.856
1.624,2.192,2.242,1.602,1.041,0.848,0.788,0.899,0.856,0.901
2.192,2.242,1.602,1.041,0.848,0.788,0.899,0.856,0.901,0.746
2.242,1.602,1.041,0.848,0.788,0.899,0.856,0.901,0.746,0.709
1.602,1.041,0.848,0.788,0.899,0.856,0.901,0.746,0.709,0.782
1.041,0.848,0.788,0.899,0.856,0.901,0.746,0.709,0.782,0.928
0.848,0.788,0.899,0.856,0.901,0.746,0.709,0.782,0.928,1.309
0.788,0.899,0.856,0.901,0.746,0.709,0.782,0.928,1.309,1.095
0.899,0.856,0.901,0.746,0.709,0.782,0.928,1.309,1.095,1.01
0.856,0.901,0.746,0.709,0.782,0.928,1.309,1.095,1.01,0.91
0.901,0.746,0.709,0.782,0.928,1.309,1.095,1.01,0.91,0.751
0.746,0.709,0.782,0.928,1.309,1.095,1.01,0.91,0.751,0.736
0.709,0.782,0.928,1.309,1.095,1.01,0.91,0.751,0.736,0.679
0.782,0.928,1.309,1.095,1.01,0.91,0.751,0.736,0.679,0.654
0.928,1.309,1.095,1.01,0.91,0.751,0.736,0.679,0.654,0.604
1.309,1.095,1.01,0.91,0.751,0.736,0.679,0.654,0.604,0.631
1.095,1.01,0.91,0.751,0.736,0.679,0.654,0.604,0.631,0.656
1.01,0.91,0.751,0.736,0.679,0.654,0.604,0.631,0.656,0.628
0.91,0.751,0.736,0.679,0.654,0.604,0.631,0.656,0.628,0.527
0.751,0.736,0.679,0.654,0.604,0.631,0.656,0.628,0.527,0.583
0.736,0.679,0.654,0.604,0.631,0.656,0.628,0.527,0.583,0.591
0.679,0.654,0.604,0.631,0.656,0.628,0.527,0.583,0.591,0.658
0.654,0.604,0.631,0.656,0.628,0.527,0.583,0.591,0.658,0.613
0.604,0.631,0.656,0.628,0.527,0.583,0.591,0.658,0.613,0.608
0.631,0.656,0.628,0.527,0.583,0.591,0.658,0.613,0.608,0.616
0.656,0.628,0.527,0.583,0.591,0.658,0.613,0.608,0.616,0.627
0.628,0.527,0.583,0.591,0.658,0.613,0.608,0.616,0.627,0.842
0.527,0.583,0.591,0.658,0.613,0.608,0.616,0.627,0.842,1.675
0.583,0.591,0.658,0.613,0.608,0.616,0.627,0.842,1.675,1.064
0.591,0.658,0.613,0.608,0.616,0.627,0.842,1.675,1.064,1.002
0.658,0.613,0.608,0.616,0.627,0.842,1.675,1.064,1.002,0.838
0.613,0.608,0.616,0.627,0.842,1.675,1.064,1.002,0.838,0.797
0.608,0.616,0.627,0.842,1.675,1.064,1.002,0.838,0.797,0.757
0.616,0.627,0.842,1.675,1.064,1.002,0.838,0.797,0.757,0.829
0.627,0.842,1.675,1.064,1.002,0.838,0.797,0.757,0.829,0.96
0.842,1.675,1.064,1.002,0.838,0.797,0.757,0.829,0.96,0.868
1.675,1.064,1.002,0.838,0.797,0.757,0.829,0.96,0.868,0.76
1.064,1.002,0.838,0.797,0.757,0.829,0.96,0.868,0.76,0.768
1.002,0.838,0.797,0.757,0.829,0.96,0.868,0.76,0.768,0.801
0.838,0.797,0.757,0.829,0.96,0.868,0.76,0.768,0.801,1.214
0.797,0.757,0.829,0.96,0.868,0.76,0.768,0.801,1.214,0.971
0.757,0.829,0.96,0.868,0.76,0.768,0.801,1.214,0.971,0.831
0.829,0.96,0.868,0.76,0.768,0.801,1.214,0.971,0.831,0.975
0.96,0.868,0.76,0.768,0.801,1.214,0.971,0.831,0.975,1.007
0.868,0.76,0.768,0.801,1.214,0.971,0.831,0.975,1.007,0.797
0.76,0.768,0.801,1.214,0.971,0.831,0.975,1.007,0.797,0.746
0.768,0.801,1.214,0.971,0.831,0.975,1.007,0.797,0.746,0.676
0.801,1.214,0.971,0.831,0.975,1.007,0.797,0.746,0.676,0.592
1.214,0.971,0.831,0.975,1.007,0.797,0.746,0.676,0.592,0.587
0.971,0.831,0.975,1.007,0.797,0.746,0.676,0.592,0.587,0.56
0.831,0.975,1.007,0.797,0.746,0.676,0.592,0.587,0.56,0.598
0.975,1.007,0.797,0.746,0.676,0.592,0.587,0.56,0.598,0.55
1.007,0.797,0.746,0.676,0.592,0.587,0.56,0.598,0.55,0.532
0.797,0.746,0.676,0.592,0.587,0.56,0.598,0.55,0.532,0.486
0.746,0.676,0.592,0.587,0.56,0.598,0.55,0.532,0.486,0.476
0.676,0.592,0.587,0.56,0.598,0.55,0.532,0.486,0.476,0.388
0.592,0.587,0.56,0.598,0.55,0.532,0.486,0.476,0.388,0.4
0.587,0.56,0.598,0.55,0.532,0.486,0.476,0.388,0.4,0.355
0.56,0.598,0.55,0.532,0.486,0.476,0.388,0.4,0.355,0.352
0.598,0.55,0.532,0.486,0.476,0.388,0.4,0.355,0.352,0.366
0.55,0.532,0.486,0.476,0.388,0.4,0.355,0.352,0.366,0.342
0.532,0.486,0.476,0.388,0.4,0.355,0.352,0.366,0.342,0.474
0.486,0.476,0.388,0.4,0.355,0.352,0.366,0.342,0.474,0.535
0.476,0.388,0.4,0.355,0.352,0.366,0.342,0.474,0.535,0.513
0.388,0.4,0.355,0.352,0.366,0.342,0.474,0.535,0.513,0.515
0.4,0.355,0.352,0.366,0.342,0.474,0.535,0.513,0.515,0.401
0.355,0.352,0.366,0.342,0.474,0.535,0.513,0.515,0.401,0.4
0.352,0.366,0.342,0.474,0.535,0.513,0.515,0.401,0.4,0.377
0.366,0.342,0.474,0.535,0.513,0.515,0.401,0.4,0.377,0.366
0.342,0.474,0.535,0.513,0.515,0.401,0.4,0.377,0.366,0.401
0.474,0.535,0.513,0.515,0.401,0.4,0.377,0.366,0.401,0.444
0.535,0.513,0.515,0.401,0.4,0.377,0.366,0.401,0.444,0.461
0.513,0.515,0.401,0.4,0.377,0.366,0.401,0.444,0.461,0.418
0.515,0.401,0.4,0.377,0.366,0.401,0.444,0.461,0.418,0.574
0.401,0.4,0.377,0.366,0.401,0.444,0.461,0.418,0.574,0.824
0.4,0.377,0.366,0.401,0.444,0.461,0.418,0.574,0.824,0.599
0.377,0.366,0.401,0.444,0.461,0.418,0.574,0.824,0.599,0.561
0.366,0.401,0.444,0.461,0.418,0.574,0.824,0.599,0.561,0.532
0.401,0.444,0.461,0.418,0.574,0.824,0.599,0.561,0.532,0.515
0.444,0.461,0.418,0.574,0.824,0.599,0.561,0.532,0.515,0.525
0.461,0.418,0.574,0.824,0.599,0.561,0.532,0.515,0.525,0.773
0.418,0.574,0.824,0.599,0.561,0.532,0.515,0.525,0.773,0.644
0.574,0.824,0.599,0.561,0.532,0.515,0.525,0.773,0.644,0.562
0.824,0.599,0.561,0.532,0.515,0.525,0.773,0.644,0.562,0.499
0.599,0.561,0.532,0.515,0.525,0.773,0.644,0.562,0.499,0.546
0.561,0.532,0.515,0.525,0.773,0.644,0.562,0.499,0.546,0.433
0.532,0.515,0.525,0.773,0.644,0.562,0.499,0.546,0.433,0.397
0.515,0.525,0.773,0.644,0.562,0.499,0.546,0.433,0.397,0.355
0.525,0.773,0.644,0.562,0.499,0.546,0.433,0.397,0.355,0.344
0.773,0.644,0.562,0.499,0.546,0.433,0.397,0.355,0.344,0.342
0.644,0.562,0.499,0.546,0.433,0.397,0.355,0.344,0.342,0.347
0.562,0.499,0.546,0.433,0.397,0.355,0.344,0.342,0.347,0.308
0.499,0.546,0.433,0.397,0.355,0.344,0.342,0.347,0.308,0.379
0.546,0.433,0.397,0.355,0.344,0.342,0.347,0.308,0.379,0.339
0.433,0.397,0.355,0.344,0.342,0.347,0.308,0.379,0.339,0.35
0.397,0.355,0.344,0.342,0.347,0.308,0.379,0.339,0.35,0.337
0.355,0.344,0.342,0.347,0.308,0.379,0.339,0.35,0.337,0.344
0.344,0.342,0.347,0.308,0.379,0.339,0.35,0.337,0.344,0.303
0.342,0.347,0.308,0.379,0.339,0.35,0.337,0.344,0.303,0.388
0.347,0.308,0.379,0.339,0.35,0.337,0.344,0.303,0.388,0.323
0.308,0.379,0.339,0.35,0.337,0.344,0.303,0.388,0.323,0.33
0.379,0.339,0.35,0.337,0.344,0.303,0.388,0.323,0.33,0.322
0.339,0.35,0.337,0.344,0.303,0.388,0.323,0.33,0.322,0.551
0.35,0.337,0.344,0.303,0.388,0.323,0.33,0.322,0.551,6.1
0.337,0.344,0.303,0.388,0.323,0.33,0.322,0.551,6.1,4.583
0.344,0.303,0.388,0.323,0.33,0.322,0.551,6.1,4.583,2.838
0.303,0.388,0.323,0.33,0.322,0.551,6.1,4.583,2.838,2.087
0.388,0.323,0.33,0.322,0.551,6.1,4.583,2.838,2.087,1.487
0.323,0.33,0.322,0.551,6.1,4.583,2.838,2.087,1.487,1.361
0.33,0.322,0.551,6.1,4.583,2.838,2.087,1.487,1.361,1.246
0.322,0.551,6.1,4.583,2.838,2.087,1.487,1.361,1.246,1.319
0.551,6.1,4.583,2.838,2.087,1.487,1.361,1.246,1.319,1.125
6.1,4.583,2.838,2.087,1.487,1.361,1.246,1.319,1.125,1.174
4.583,2.838,2.087,1.487,1.361,1.246,1.319,1.125,1.174,0.983
2.838,2.087,1.487,1.361,1.246,1.319,1.125,1.174,0.983,1.002
2.087,1.487,1.361,1.246,1.319,1.125,1.174,0.983,1.002,0.893
1.487,1.361,1.246,1.319,1.125,1.174,0.983,1.002,0.893,0.849
1.361,1.246,1.319,1.125,1.174,0.983,1.002,0.893,0.849,0.859
1.246,1.319,1.125,1.174,0.983,1.002,0.893,0.849,0.859,0.856
1.319,1.125,1.174,0.983,1.002,0.893,0.849,0.859,0.856,1.073
1.125,1.174,0.983,1.002,0.893,0.849,0.859,0.856,1.073,0.912
1.174,0.983,1.002,0.893,0.849,0.859,0.856,1.073,0.912,0.822
0.983,1.002,0.893,0.849,0.859,0.856,1.073,0.912,0.822,0.753
1.002,0.893,0.849,0.859,0.856,1.073,0.912,0.822,0.753,0.812
0.893,0.849,0.859,0.856,1.073,0.912,0.822,0.753,0.812,0.799
0.849,0.859,0.856,1.073,0.912,0.822,0.753,0.812,0.799,0.981
0.859,0.856,1.073,0.912,0.822,0.753,0.812,0.799,0.981,1.31
0.856,1.073,0.912,0.822,0.753,0.812,0.799,0.981,1.31,1.34
1.073,0.912,0.822,0.753,0.812,0.799,0.981,1.31,1.34,1.461
0.912,0.822,0.753,0.812,0.799,0.981,1.31,1.34,1.461,1.493
0.822,0.753,0.812,0.799,0.981,1.31,1.34,1.461,1.493,1.282
0.753,0.812,0.799,0.981,1.31,1.34,1.461,1.493,1.282,1.509
0.812,0.799,0.981,1.31,1.34,1.461,1.493,1.282,1.509,1.735
0.799,0.981,1.31,1.34,1.461,1.493,1.282,1.509,1.735,1.243
0.981,1.31,1.34,1.461,1.493,1.282,1.509,1.735,1.243,1.054
1.31,1.34,1.461,1.493,1.282,1.509,1.735,1.243,1.054,0.989
1.34,1.461,1.493,1.282,1.509,1.735,1.243,1.054,0.989,1.243
1.461,1.493,1.282,1.509,1.735,1.243,1.054,0.989,1.243,1.349
1.493,1.282,1.509,1.735,1.243,1.054,0.989,1.243,1.349,1.302
1.282,1.509,1.735,1.243,1.054,0.989,1.243,1.349,1.302,1.055
1.509,1.735,1.243,1.054,0.989,1.243,1.349,1.302,1.055,1.007
1.735,1.243,1.054,0.989,1.243,1.349,1.302,1.055,1.007,0.866
1.243,1.054,0.989,1.243,1.349,1.302,1.055,1.007,0.866,0.895
1.054,0.989,1.243,1.349,1.302,1.055,1.007,0.866,0.895,0.935
0.989,1.243,1.349,1.302,1.055,1.007,0.866,0.895,0.935,0.952
1.243,1.349,1.302,1.055,1.007,0.866,0.895,0.935,0.952,0.998
1.349,1.302,1.055,1.007,0.866,0.895,0.935,0.952,0.998,1.154
1.302,1.055,1.007,0.866,0.895,0.935,0.952,0.998,1.154,1.385
1.055,1.007,0.866,0.895,0.935,0.952,0.998,1.154,1.385,1.336
1.007,0.866,0.895,0.935,0.952,0.998,1.154,1.385,1.336,1.4
0.866,0.895,0.935,0.952,0.998,1.154,1.385,1.336,1.4,1.473
0.895,0.935,0.952,0.998,1.154,1.385,1.336,1.4,1.473,1.652
0.935,0.952,0.998,1.154,1.385,1.336,1.4,1.473,1.652,2.919
0.952,0.998,1.154,1.385,1.336,1.4,1.473,1.652,2.919,2.79
0.998,1.154,1.385,1.336,1.4,1.473,1.652,2.919,2.79,2.198
1.154,1.385,1.336,1.4,1.473,1.652,2.919,2.79,2.198,1.747
1.385,1.336,1.4,1.473,1.652,2.919,2.79,2.198,1.747,1.648
1.336,1.4,1.473,1.652,2.919,2.79,2.198,1.747,1.648,5.406
1.4,1.473,1.652,2.919,2.79,2.198,1.747,1.648,5.406,6.873
1.473,1.652,2.919,2.79,2.198,1.747,1.648,5.406,6.873,11.257
1.652,2.919,2.79,2.198,1.747,1.648,5.406,6.873,11.257,6.323
2.919,2.79,2.198,1.747,1.648,5.406,6.873,11.257,6.323,5.264
2.79,2.198,1.747,1.648,5.406,6.873,11.257,6.323,5.264,12.016
2.198,1.747,1.648,5.406,6.873,11.257,6.323,5.264,12.016,31.924
1.747,1.648,5.406,6.873,11.257,6.323,5.264,12.016,31.924,16.235
1.648,5.406,6.873,11.257,6.323,5.264,12.016,31.924,16.235,9.438
5.406,6.873,11.257,6.323,5.264,12.016,31.924,16.235,9.438,6.707
6.873,11.257,6.323,5.264,12.016,31.924,16.235,9.438,6.707,6.126
11.257,6.323,5.264,12.016,31.924,16.235,9.438,6.707,6.126,5.824
6.323,5.264,12.016,31.924,16.235,9.438,6.707,6.126,5.824,5.236
5.264,12.016,31.924,16.235,9.438,6.707,6.126,5.824,5.236,4.611
12.016,31.924,16.235,9.438,6.707,6.126,5.824,5.236,4.611,4.569
31.924,16.235,9.438,6.707,6.126,5.824,5.236,4.611,4.569,4.551
16.235,9.438,6.707,6.126,5.824,5.236,4.611,4.569,4.551,4.092
9.438,6.707,6.126,5.824,5.236,4.611,4.569,4.551,4.092,3.582
6.707,6.126,5.824,5.236,4.611,4.569,4.551,4.092,3.582,3.253
6.126,5.824,5.236,4.611,4.569,4.551,4.092,3.582,3.253,2.968
5.824,5.236,4.611,4.569,4.551,4.092,3.582,3.253,2.968,2.742
5.236,4.611,4.569,4.551,4.092,3.582,3.253,2.968,2.742,2.572
4.611,4.569,4.551,4.092,3.582,3.253,2.968,2.742,2.572,2.405
4.569,4.551,4.092,3.582,3.253,2.968,2.742,2.572,2.405,2.132
4.551,4.092,3.582,3.253,2.968,2.742,2.572,2.405,2.132,1.837
4.092,3.582,3.253,2.968,2.742,2.572,2.405,2.132,1.837,1.875
3.582,3.253,2.968,2.742,2.572,2.405,2.132,1.837,1.875,1.73
3.253,2.968,2.742,2.572,2.405,2.132,1.837,1.875,1.73,1.503
2.968,2.742,2.572,2.405,2.132,1.837,1.875,1.73,1.503,1.105
2.742,2.572,2.405,2.132,1.837,1.875,1.73,1.503,1.105,1.015
2.572,2.405,2.132,1.837,1.875,1.73,1.503,1.105,1.015,1.759
2.405,2.132,1.837,1.875,1.73,1.503,1.105,1.015,1.759,1.706
2.132,1.837,1.875,1.73,1.503,1.105,1.015,1.759,1.706,1.47
1.837,1.875,1.73,1.503,1.105,1.015,1.759,1.706,1.47,0.777
1.875,1.73,1.503,1.105,1.015,1.759,1.706,1.47,0.777,0.797
1.73,1.503,1.105,1.015,1.759,1.706,1.47,0.777,0.797,1.345
1.503,1.105,1.015,1.759,1.706,1.47,0.777,0.797,1.345,1.83
1.105,1.015,1.759,1.706,1.47,0.777,0.797,1.345,1.83,4.832
1.015,1.759,1.706,1.47,0.777,0.797,1.345,1.83,4.832,5.111
1.759,1.706,1.47,0.777,0.797,1.345,1.83,4.832,5.111,4.528
1.706,1.47,0.777,0.797,1.345,1.83,4.832,5.111,4.528,3.943
1.47,0.777,0.797,1.345,1.83,4.832,5.111,4.528,3.943,3.362
0.777,0.797,1.345,1.83,4.832,5.111,4.528,3.943,3.362,2.863
0.797,1.345,1.83,4.832,5.111,4.528,3.943,3.362,2.863,2.497
1.345,1.83,4.832,5.111,4.528,3.943,3.362,2.863,2.497,2.37
1.83,4.832,5.111,4.528,3.943,3.362,2.863,2.497,2.37,3.106
4.832,5.111,4.528,3.943,3.362,2.863,2.497,2.37,3.106,5.104
5.111,4.528,3.943,3.362,2.863,2.497,2.37,3.106,5.104,4.334
4.528,3.943,3.362,2.863,2.497,2.37,3.106,5.104,4.334,4.732
3.943,3.362,2.863,2.497,2.37,3.106,5.104,4.334,4.732,4.429
3.362,2.863,2.497,2.37,3.106,5.104,4.334,4.732,4.429,6.411
2.863,2.497,2.37,3.106,5.104,4.334,4.732,4.429,6.411,6.288
2.497,2.37,3.106,5.104,4.334,4.732,4.429,6.411,6.288,6.15
2.37,3.106,5.104,4.334,4.732,4.429,6.411,6.288,6.15,5.408
3.106,5.104,4.334,4.732,4.429,6.411,6.288,6.15,5.408,4.79
5.104,4.334,4.732,4.429,6.411,6.288,6.15,5.408,4.79,4.331
4.334,4.732,4.429,6.411,6.288,6.15,5.408,4.79,4.331,4.133
4.732,4.429,6.411,6.288,6.15,5.408,4.79,4.331,4.133,4.124
4.429,6.411,6.288,6.15,5.408,4.79,4.331,4.133,4.124,3.513
6.411,6.288,6.15,5.408,4.79,4.331,4.133,4.124,3.513,3.145
6.288,6.15,5.408,4.79,4.331,4.133,4.124,3.513,3.145,2.555
6.15,5.408,4.79,4.331,4.133,4.124,3.513,3.145,2.555,2.262
5.408,4.79,4.331,4.133,4.124,3.513,3.145,2.555,2.262,2.649
4.79,4.331,4.133,4.124,3.513,3.145,2.555,2.262,2.649,2.458
4.331,4.133,4.124,3.513,3.145,2.555,2.262,2.649,2.458,9.052
4.133,4.124,3.513,3.145,2.555,2.262,2.649,2.458,9.052,17.705
4.124,3.513,3.145,2.555,2.262,2.649,2.458,9.052,17.705,10.603
3.513,3.145,2.555,2.262,2.649,2.458,9.052,17.705,10.603,8.107
3.145,2.555,2.262,2.649,2.458,9.052,17.705,10.603,8.107,6.726
2.555,2.262,2.649,2.458,9.052,17.705,10.603,8.107,6.726,5.59
2.262,2.649,2.458,9.052,17.705,10.603,8.107,6.726,5.59,4.639
2.649,2.458,9.052,17.705,10.603,8.107,6.726,5.59,4.639,4.144
2.458,9.052,17.705,10.603,8.107,6.726,5.59,4.639,4.144,3.836
9.052,17.705,10.603,8.107,6.726,5.59,4.639,4.144,3.836,3.536
17.705,10.603,8.107,6.726,5.59,4.639,4.144,3.836,3.536,3.173
10.603,8.107,6.726,5.59,4.639,4.144,3.836,3.536,3.173,3.189
8.107,6.726,5.59,4.639,4.144,3.836,3.536,3.173,3.189,3.285
6.726,5.59,4.639,4.144,3.836,3.536,3.173,3.189,3.285,2.972
5.59,4.639,4.144,3.836,3.536,3.173,3.189,3.285,2.972,2.854
4.639,4.144,3.836,3.536,3.173,3.189,3.285,2.972,2.854,2.497
4.144,3.836,3.536,3.173,3.189,3.285,2.972,2.854,2.497,2.208
3.836,3.536,3.173,3.189,3.285,2.972,2.854,2.497,2.208,1.756
3.536,3.173,3.189,3.285,2.972,2.854,2.497,2.208,1.756,1.471
3.173,3.189,3.285,2.972,2.854,2.497,2.208,1.756,1.471,1.627
3.189,3.285,2.972,2.854,2.497,2.208,1.756,1.471,1.627,1.656
3.285,2.972,2.854,2.497,2.208,1.756,1.471,1.627,1.656,2.371
2.972,2.854,2.497,2.208,1.756,1.471,1.627,1.656,2.371,5.103
2.854,2.497,2.208,1.756,1.471,1.627,1.656,2.371,5.103,25.372
2.497,2.208,1.756,1.471,1.627,1.656,2.371,5.103,25.372,33.296
2.208,1.756,1.471,1.627,1.656,2.371,5.103,25.372,33.296,18.682
1.756,1.471,1.627,1.656,2.371,5.103,25.372,33.296,18.682,12.69
1.471,1.627,1.656,2.371,5.103,25.372,33.296,18.682,12.69,9.633
1.627,1.656,2.371,5.103,25.372,33.296,18.682,12.69,9.633,7.947
1.656,2.371,5.103,25.372,33.296,18.682,12.69,9.633,7.947,6.703
2.371,5.103,25.372,33.296,18.682,12.69,9.633,7.947,6.703,5.968
5.103,25.372,33.296,18.682,12.69,9.633,7.947,6.703,5.968,5.348
25.372,33.296,18.682,12.69,9.633,7.947,6.703,5.968,5.348,4.753
33.296,18.682,12.69,9.633,7.947,6.703,5.968,5.348,4.753,4.512
18.682,12.69,9.633,7.947,6.703,5.968,5.348,4.753,4.512,3.883
12.69,9.633,7.947,6.703,5.968,5.348,4.753,4.512,3.883,3.446
9.633,7.947,6.703,5.968,5.348,4.753,4.512,3.883,3.446,3.611
7.947,6.703,5.968,5.348,4.753,4.512,3.883,3.446,3.611,3.308
6.703,5.968,5.348,4.753,4.512,3.883,3.446,3.611,3.308,2.855
5.968,5.348,4.753,4.512,3.883,3.446,3.611,3.308,2.855,2.204
5.348,4.753,4.512,3.883,3.446,3.611,3.308,2.855,2.204,2.087
4.753,4.512,3.883,3.446,3.611,3.308,2.855,2.204,2.087,1.962
4.512,3.883,3.446,3.611,3.308,2.855,2.204,2.087,1.962,2.089
3.883,3.446,3.611,3.308,2.855,2.204,2.087,1.962,2.089,1.838
3.446,3.611,3.308,2.855,2.204,2.087,1.962,2.089,1.838,2.153
3.611,3.308,2.855,2.204,2.087,1.962,2.089,1.838,2.153,1.922
3.308,2.855,2.204,2.087,1.962,2.089,1.838,2.153,1.922,2.109
2.855,2.204,2.087,1.962,2.089,1.838,2.153,1.922,2.109,2.221
2.204,2.087,1.962,2.089,1.838,2.153,1.922,2.109,2.221,2.12
2.087,1.962,2.089,1.838,2.153,1.922,2.109,2.221,2.12,1.786
1.962,2.089,1.838,2.153,1.922,2.109,2.221,2.12,1.786,2.085
2.089,1.838,2.153,1.922,2.109,2.221,2.12,1.786,2.085,2.041
1.838,2.153,1.922,2.109,2.221,2.12,1.786,2.085,2.041,2.084
2.153,1.922,2.109,2.221,2.12,1.786,2.085,2.041,2.084,2.432
1.922,2.109,2.221,2.12,1.786,2.085,2.041,2.084,2.432,2.699
2.109,2.221,2.12,1.786,2.085,2.041,2.084,2.432,2.699,3.786
2.221,2.12,1.786,2.085,2.041,2.084,2.432,2.699,3.786,17.456
2.12,1.786,2.085,2.041,2.084,2.432,2.699,3.786,17.456,44.001
1.786,2.085,2.041,2.084,2.432,2.699,3.786,17.456,44.001,39.052
2.085,2.041,2.084,2.432,2.699,3.786,17.456,44.001,39.052,21.678
2.041,2.084,2.432,2.699,3.786,17.456,44.001,39.052,21.678,14.325
2.084,2.432,2.699,3.786,17.456,44.001,39.052,21.678,14.325,10.985
2.432,2.699,3.786,17.456,44.001,39.052,21.678,14.325,10.985,9.596
2.699,3.786,17.456,44.001,39.052,21.678,14.325,10.985,9.596,10.295
3.786,17.456,44.001,39.052,21.678,14.325,10.985,9.596,10.295,10.461
17.456,44.001,39.052,21.678,14.325,10.985,9.596,10.295,10.461,11.018
44.001,39.052,21.678,14.325,10.985,9.596,10.295,10.461,11.018,9.745
39.052,21.678,14.325,10.985,9.596,10.295,10.461,11.018,9.745,9.276
21.678,14.325,10.985,9.596,10.295,10.461,11.018,9.745,9.276,8.828
14.325,10.985,9.596,10.295,10.461,11.018,9.745,9.276,8.828,7.848
10.985,9.596,10.295,10.461,11.018,9.745,9.276,8.828,7.848,6.44
9.596,10.295,10.461,11.018,9.745,9.276,8.828,7.848,6.44,5.404
10.295,10.461,11.018,9.745,9.276,8.828,7.848,6.44,5.404,4.871
10.461,11.018,9.745,9.276,8.828,7.848,6.44,5.404,4.871,5.084
11.018,9.745,9.276,8.828,7.848,6.44,5.404,4.871,5.084,4.764
9.745,9.276,8.828,7.848,6.44,5.404,4.871,5.084,4.764,4.509
9.276,8.828,7.848,6.44,5.404,4.871,5.084,4.764,4.509,4.395
8.828,7.848,6.44,5.404,4.871,5.084,4.764,4.509,4.395,4.741
7.848,6.44,5.404,4.871,5.084,4.764,4.509,4.395,4.741,5.282
6.44,5.404,4.871,5.084,4.764,4.509,4.395,4.741,5.282,4.747
5.404,4.871,5.084,4.764,4.509,4.395,4.741,5.282,4.747,4.273
4.871,5.084,4.764,4.509,4.395,4.741,5.282,4.747,4.273,3.229
5.084,4.764,4.509,4.395,4.741,5.282,4.747,4.273,3.229,2.727
4.764,4.509,4.395,4.741,5.282,4.747,4.273,3.229,2.727,2.586
4.509,4.395,4.741,5.282,4.747,4.273,3.229,2.727,2.586,2.32
4.395,4.741,5.282,4.747,4.273,3.229,2.727,2.586,2.32,2.056
4.741,5.282,4.747,4.273,3.229,2.727,2.586,2.32,2.056,1.898
5.282,4.747,4.273,3.229,2.727,2.586,2.32,2.056,1.898,1.849
4.747,4.273,3.229,2.727,2.586,2.32,2.056,1.898,1.849,2.041
4.273,3.229,2.727,2.586,2.32,2.056,1.898,1.849,2.041,2.137
3.229,2.727,2.586,2.32,2.056,1.898,1.849,2.041,2.137,1.761
2.727,2.586,2.32,2.056,1.898,1.849,2.041,2.137,1.761,1.639
2.586,2.32,2.056,1.898,1.849,2.041,2.137,1.761,1.639,1.552
2.32,2.056,1.898,1.849,2.041,2.137,1.761,1.639,1.552,1.48
2.056,1.898,1.849,2.041,2.137,1.761,1.639,1.552,1.48,1.503
1.898,1.849,2.041,2.137,1.761,1.639,1.552,1.48,1.503,1.88
1.849,2.041,2.137,1.761,1.639,1.552,1.48,1.503,1.88,2.055
2.041,2.137,1.761,1.639,1.552,1.48,1.503,1.88,2.055,2.206
2.137,1.761,1.639,1.552,1.48,1.503,1.88,2.055,2.206,2.186
1.761,1.639,1.552,1.48,1.503,1.88,2.055,2.206,2.186,1.759
1.639,1.552,1.48,1.503,1.88,2.055,2.206,2.186,1.759,1.592
1.552,1.48,1.503,1.88,2.055,2.206,2.186,1.759,1.592,1.43
1.48,1.503,1.88,2.055,2.206,2.186,1.759,1.592,1.43,1.25
1.503,1.88,2.055,2.206,2.186,1.759,1.592,1.43,1.25,1.254
1.88,2.055,2.206,2.186,1.759,1.592,1.43,1.25,1.254,1.506
2.055,2.206,2.186,1.759,1.592,1.43,1.25,1.254,1.506,1.602
2.206,2.186,1.759,1.592,1.43,1.25,1.254,1.506,1.602,1.639
2.186,1.759,1.592,1.43,1.25,1.254,1.506,1.602,1.639,1.768
1.759,1.592,1.43,1.25,1.254,1.506,1.602,1.639,1.768,2.019
1.592,1.43,1.25,1.254,1.506,1.602,1.639,1.768,2.019,1.873
1.43,1.25,1.254,1.506,1.602,1.639,1.768,2.019,1.873,1.59
1.25,1.254,1.506,1.602,1.639,1.768,2.019,1.873,1.59,1.426
1.254,1.506,1.602,1.639,1.768,2.019,1.873,1.59,1.426,1.385
1.506,1.602,1.639,1.768,2.019,1.873,1.59,1.426,1.385,1.221
1.602,1.639,1.768,2.019,1.873,1.59,1.426,1.385,1.221,1.227
1.639,1.768,2.019,1.873,1.59,1.426,1.385,1.221,1.227,1.265
1.768,2.019,1.873,1.59,1.426,1.385,1.221,1.227,1.265,1.268
2.019,1.873,1.59,1.426,1.385,1.221,1.227,1.265,1.268,1.643
1.873,1.59,1.426,1.385,1.221,1.227,1.265,1.268,1.643,1.59
1.59,1.426,1.385,1.221,1.227,1.265,1.268,1.643,1.59,1.422
1.426,1.385,1.221,1.227,1.265,1.268,1.643,1.59,1.422,1.276
1.385,1.221,1.227,1.265,1.268,1.643,1.59,1.422,1.276,1.251
1.221,1.227,1.265,1.268,1.643,1.59,1.422,1.276,1.251,1.488
1.227,1.265,1.268,1.643,1.59,1.422,1.276,1.251,1.488,1.856
1.265,1.268,1.643,1.59,1.422,1.276,1.251,1.488,1.856,1.583
1.268,1.643,1.59,1.422,1.276,1.251,1.488,1.856,1.583,1.499
1.643,1.59,1.422,1.276,1.251,1.488,1.856,1.583,1.499,1.31
1.59,1.422,1.276,1.251,1.488,1.856,1.583,1.499,1.31,1.171
1.422,1.276,1.251,1.488,1.856,1.583,1.499,1.31,1.171,1.123
1.276,1.251,1.488,1.856,1.583,1.499,1.31,1.171,1.123,1.07
1.251,1.488,1.856,1.583,1.499,1.31,1.171,1.123,1.07,1.041
1.488,1.856,1.583,1.499,1.31,1.171,1.123,1.07,1.041,0.954
1.856,1.583,1.499,1.31,1.171,1.123,1.07,1.041,0.954,0.809
1.583,1.499,1.31,1.171,1.123,1.07,1.041,0.954,0.809,0.828
1.499,1.31,1.171,1.123,1.07,1.041,0.954,0.809,0.828,0.819
1.31,1.171,1.123,1.07,1.041,0.954,0.809,0.828,0.819,0.754
1.171,1.123,1.07,1.041,0.954,0.809,0.828,0.819,0.754,0.76
1.123,1.07,1.041,0.954,0.809,0.828,0.819,0.754,0.76,0.735
1.07,1.041,0.954,0.809,0.828,0.819,0.754,0.76,0.735,0.832
1.041,0.954,0.809,0.828,0.819,0.754,0.76,0.735,0.832,0.922
0.954,0.809,0.828,0.819,0.754,0.76,0.735,0.832,0.922,0.733
0.809,0.828,0.819,0.754,0.76,0.735,0.832,0.922,0.733,0.717
0.828,0.819,0.754,0.76,0.735,0.832,0.922,0.733,0.717,0.731
0.819,0.754,0.76,0.735,0.832,0.922,0.733,0.717,0.731,0.756
0.754,0.76,0.735,0.832,0.922,0.733,0.717,0.731,0.756,0.629
0.76,0.735,0.832,0.922,0.733,0.717,0.731,0.756,0.629,0.674
0.735,0.832,0.922,0.733,0.717,0.731,0.756,0.629,0.674,0.727
0.832,0.922,0.733,0.717,0.731,0.756,0.629,0.674,0.727,0.653
0.922,0.733,0.717,0.731,0.756,0.629,0.674,0.727,0.653,0.448
0.733,0.717,0.731,0.756,0.629,0.674,0.727,0.653,0.448,0.967
0.717,0.731,0.756,0.629,0.674,0.727,0.653,0.448,0.967,0.958
0.731,0.756,0.629,0.674,0.727,0.653,0.448,0.967,0.958,1.306
0.756,0.629,0.674,0.727,0.653,0.448,0.967,0.958,1.306,1.292
0.629,0.674,0.727,0.653,0.448,0.967,0.958,1.306,1.292,1.346
0.674,0.727,0.653,0.448,0.967,0.958,1.306,1.292,1.346,0.952
0.727,0.653,0.448,0.967,0.958,1.306,1.292,1.346,0.952,0.662
0.653,0.448,0.967,0.958,1.306,1.292,1.346,0.952,0.662,0.6
0.448,0.967,0.958,1.306,1.292,1.346,0.952,0.662,0.6,0.722
0.967,0.958,1.306,1.292,1.346,0.952,0.662,0.6,0.722,0.66
0.958,1.306,1.292,1.346,0.952,0.662,0.6,0.722,0.66,0.585
1.306,1.292,1.346,0.952,0.662,0.6,0.722,0.66,0.585,0.617
1.292,1.346,0.952,0.662,0.6,0.722,0.66,0.585,0.617,1.794
1.346,0.952,0.662,0.6,0.722,0.66,0.585,0.617,1.794,1.42
0.952,0.662,0.6,0.722,0.66,0.585,0.617,1.794,1.42,1.132
0.662,0.6,0.722,0.66,0.585,0.617,1.794,1.42,1.132,0.811
0.6,0.722,0.66,0.585,0.617,1.794,1.42,1.132,0.811,0.738
0.722,0.66,0.585,0.617,1.794,1.42,1.132,0.811,0.738,1.524
0.66,0.585,0.617,1.794,1.42,1.132,0.811,0.738,1.524,1.378
0.585,0.617,1.794,1.42,1.132,0.811,0.738,1.524,1.378,0.979
0.617,1.794,1.42,1.132,0.811,0.738,1.524,1.378,0.979,1.039
1.794,1.42,1.132,0.811,0.738,1.524,1.378,0.979,1.039,0.963
1.42,1.132,0.811,0.738,1.524,1.378,0.979,1.039,0.963,0.922
1.132,0.811,0.738,1.524,1.378,0.979,1.039,0.963,0.922,0.848
0.811,0.738,1.524,1.378,0.979,1.039,0.963,0.922,0.848,0.745
0.738,1.524,1.378,0.979,1.039,0.963,0.922,0.848,0.745,0.655
1.524,1.378,0.979,1.039,0.963,0.922,0.848,0.745,0.655,0.61
1.378,0.979,1.039,0.963,0.922,0.848,0.745,0.655,0.61,0.585
0.979,1.039,0.963,0.922,0.848,0.745,0.655,0.61,0.585,0.633
1.039,0.963,0.922,0.848,0.745,0.655,0.61,0.585,0.633,0.498
0.963,0.922,0.848,0.745,0.655,0.61,0.585,0.633,0.498,0.613
0.922,0.848,0.745,0.655,0.61,0.585,0.633,0.498,0.613,0.568
0.848,0.745,0.655,0.61,0.585,0.633,0.498,0.613,0.568,0.622
0.745,0.655,0.61,0.585,0.633,0.498,0.613,0.568,0.622,0.665
0.655,0.61,0.585,0.633,0.498,0.613,0.568,0.622,0.665,1.127
0.61,0.585,0.633,0.498,0.613,0.568,0.622,0.665,1.127,1.265
0.585,0.633,0.498,0.613,0.568,0.622,0.665,1.127,1.265,0.971
0.633,0.498,0.613,0.568,0.622,0.665,1.127,1.265,0.971,0.846
0.498,0.613,0.568,0.622,0.665,1.127,1.265,0.971,0.846,0.76
0.613,0.568,0.622,0.665,1.127,1.265,0.971,0.846,0.76,0.676
0.568,0.622,0.665,1.127,1.265,0.971,0.846,0.76,0.676,0.549
0.622,0.665,1.127,1.265,0.971,0.846,0.76,0.676,0.549,0.738
0.665,1.127,1.265,0.971,0.846,0.76,0.676,0.549,0.738,1.288
1.127,1.265,0.971,0.846,0.76,0.676,0.549,0.738,1.288,1.192
1.265,0.971,0.846,0.76,0.676,0.549,0.738,1.288,1.192,0.802
0.971,0.846,0.76,0.676,0.549,0.738,1.288,1.192,0.802,0.75
0.846,0.76,0.676,0.549,0.738,1.288,1.192,0.802,0.75,1.192
0.76,0.676,0.549,0.738,1.288,1.192,0.802,0.75,1.192,1.229
0.676,0.549,0.738,1.288,1.192,0.802,0.75,1.192,1.229,0.979
0.549,0.738,1.288,1.192,0.802,0.75,1.192,1.229,0.979,0.797
0.738,1.288,1.192,0.802,0.75,1.192,1.229,0.979,0.797,0.853
1.288,1.192,0.802,0.75,1.192,1.229,0.979,0.797,0.853,0.795
1.192,0.802,0.75,1.192,1.229,0.979,0.797,0.853,0.795,0.874
0.802,0.75,1.192,1.229,0.979,0.797,0.853,0.795,0.874,0.883
0.75,1.192,1.229,0.979,0.797,0.853,0.795,0.874,0.883,0.687
1.192,1.229,0.979,0.797,0.853,0.795,0.874,0.883,0.687,0.729
1.229,0.979,0.797,0.853,0.795,0.874,0.883,0.687,0.729,0.788
0.979,0.797,0.853,0.795,0.874,0.883,0.687,0.729,0.788,0.805
0.797,0.853,0.795,0.874,0.883,0.687,0.729,0.788,0.805,1.193
0.853,0.795,0.874,0.883,0.687,0.729,0.788,0.805,1.193,2.105
0.795,0.874,0.883,0.687,0.729,0.788,0.805,1.193,2.105,1.446
0.874,0.883,0.687,0.729,0.788,0.805,1.193,2.105,1.446,0.998
0.883,0.687,0.729,0.788,0.805,1.193,2.105,1.446,0.998,0.824
0.687,0.729,0.788,0.805,1.193,2.105,1.446,0.998,0.824,0.732
0.729,0.788,0.805,1.193,2.105,1.446,0.998,0.824,0.732,1.327
0.788,0.805,1.193,2.105,1.446,0.998,0.824,0.732,1.327,1.354
0.805,1.193,2.105,1.446,0.998,0.824,0.732,1.327,1.354,8.773
1.193,2.105,1.446,0.998,0.824,0.732,1.327,1.354,8.773,4.603
2.105,1.446,0.998,0.824,0.732,1.327,1.354,8.773,4.603,2.603
1.446,0.998,0.824,0.732,1.327,1.354,8.773,4.603,2.603,2.009
0.998,0.824,0.732,1.327,1.354,8.773,4.603,2.603,2.009,1.74
0.824,0.732,1.327,1.354,8.773,4.603,2.603,2.009,1.74,1.098
0.732,1.327,1.354,8.773,4.603,2.603,2.009,1.74,1.098,1.095
1.327,1.354,8.773,4.603,2.603,2.009,1.74,1.098,1.095,0.947
1.354,8.773,4.603,2.603,2.009,1.74,1.098,1.095,0.947,0.857
8.773,4.603,2.603,2.009,1.74,1.098,1.095,0.947,0.857,0.82
4.603,2.603,2.009,1.74,1.098,1.095,0.947,0.857,0.82,0.825
2.603,2.009,1.74,1.098,1.095,0.947,0.857,0.82,0.825,0.733
2.009,1.74,1.098,1.095,0.947,0.857,0.82,0.825,0.733,0.743
1.74,1.098,1.095,0.947,0.857,0.82,0.825,0.733,0.743,0.718
1.098,1.095,0.947,0.857,0.82,0.825,0.733,0.743,0.718,0.683
1.095,0.947,0.857,0.82,0.825,0.733,0.743,0.718,0.683,0.568
0.947,0.857,0.82,0.825,0.733,0.743,0.718,0.683,0.568,0.657
0.857,0.82,0.825,0.733,0.743,0.718,0.683,0.568,0.657,0.599
0.82,0.825,0.733,0.743,0.718,0.683,0.568,0.657,0.599,1.679
0.825,0.733,0.743,0.718,0.683,0.568,0.657,0.599,1.679,5.357
0.733,0.743,0.718,0.683,0.568,0.657,0.599,1.679,5.357,2.369
0.743,0.718,0.683,0.568,0.657,0.599,1.679,5.357,2.369,1.769
0.718,0.683,0.568,0.657,0.599,1.679,5.357,2.369,1.769,1.466
0.683,0.568,0.657,0.599,1.679,5.357,2.369,1.769,1.466,1.346
0.568,0.657,0.599,1.679,5.357,2.369,1.769,1.466,1.346,2.359
0.657,0.599,1.679,5.357,2.369,1.769,1.466,1.346,2.359,3.103
0.599,1.679,5.357,2.369,1.769,1.466,1.346,2.359,3.103,1.815
1.679,5.357,2.369,1.769,1.466,1.346,2.359,3.103,1.815,1.415
5.357,2.369,1.769,1.466,1.346,2.359,3.103,1.815,1.415,1.251
2.369,1.769,1.466,1.346,2.359,3.103,1.815,1.415,1.251,1.061
1.769,1.466,1.346,2.359,3.103,1.815,1.415,1.251,1.061,1.027
1.466,1.346,2.359,3.103,1.815,1.415,1.251,1.061,1.027,0.908
1.346,2.359,3.103,1.815,1.415,1.251,1.061,1.027,0.908,0.922
2.359,3.103,1.815,1.415,1.251,1.061,1.027,0.908,0.922,0.955
3.103,1.815,1.415,1.251,1.061,1.027,0.908,0.922,0.955,1.037
1.815,1.415,1.251,1.061,1.027,0.908,0.922,0.955,1.037,0.828
1.415,1.251,1.061,1.027,0.908,0.922,0.955,1.037,0.828,0.824
1.251,1.061,1.027,0.908,0.922,0.955,1.037,0.828,0.824,0.839
1.061,1.027,0.908,0.922,0.955,1.037,0.828,0.824,0.839,0.919
1.027,0.908,0.922,0.955,1.037,0.828,0.824,0.839,0.919,0.843
0.908,0.922,0.955,1.037,0.828,0.824,0.839,0.919,0.843,1.581
0.922,0.955,1.037,0.828,0.824,0.839,0.919,0.843,1.581,1.397
0.955,1.037,0.828,0.824,0.839,0.919,0.843,1.581,1.397,1.108
1.037,0.828,0.824,0.839,0.919,0.843,1.581,1.397,1.108,1.028
0.828,0.824,0.839,0.919,0.843,1.581,1.397,1.108,1.028,0.983
0.824,0.839,0.919,0.843,1.581,1.397,1.108,1.028,0.983,0.782
0.839,0.919,0.843,1.581,1.397,1.108,1.028,0.983,0.782,0.69
0.919,0.843,1.581,1.397,1.108,1.028,0.983,0.782,0.69,1.259
0.843,1.581,1.397,1.108,1.028,0.983,0.782,0.69,1.259,0.651
1.581,1.397,1.108,1.028,0.983,0.782,0.69,1.259,0.651,0.615
1.397,1.108,1.028,0.983,0.782,0.69,1.259,0.651,0.615,0.516
1.108,1.028,0.983,0.782,0.69,1.259,0.651,0.615,0.516,0.765
1.028,0.983,0.782,0.69,1.259,0.651,0.615,0.516,0.765,0.629
0.983,0.782,0.69,1.259,0.651,0.615,0.516,0.765,0.629,0.768
0.782,0.69,1.259,0.651,0.615,0.516,0.765,0.629,0.768,0.639
0.69,1.259,0.651,0.615,0.516,0.765,0.629,0.768,0.639,0.573
1.259,0.651,0.615,0.516,0.765,0.629,0.768,0.639,0.573,0.792
0.651,0.615,0.516,0.765,0.629,0.768,0.639,0.573,0.792,0.85
0.615,0.516,0.765,0.629,0.768,0.639,0.573,0.792,0.85,0.727
0.516,0.765,0.629,0.768,0.639,0.573,0.792,0.85,0.727,0.714
0.765,0.629,0.768,0.639,0.573,0.792,0.85,0.727,0.714,0.818
0.629,0.768,0.639,0.573,0.792,0.85,0.727,0.714,0.818,0.852
0.768,0.639,0.573,0.792,0.85,0.727,0.714,0.818,0.852,0.943
0.639,0.573,0.792,0.85,0.727,0.714,0.818,0.852,0.943,1.171
0.573,0.792,0.85,0.727,0.714,0.818,0.852,0.943,1.171,0.961
0.792,0.85,0.727,0.714,0.818,0.852,0.943,1.171,0.961,0.855
0.85,0.727,0.714,0.818,0.852,0.943,1.171,0.961,0.855,0.964
0.727,0.714,0.818,0.852,0.943,1.171,0.961,0.855,0.964,0.522
0.714,0.818,0.852,0.943,1.171,0.961,0.855,0.964,0.522,0.541
0.818,0.852,0.943,1.171,0.961,0.855,0.964,0.522,0.541,0.664
0.852,0.943,1.171,0.961,0.855,0.964,0.522,0.541,0.664,0.609
0.943,1.171,0.961,0.855,0.964,0.522,0.541,0.664,0.609,0.607
1.171,0.961,0.855,0.964,0.522,0.541,0.664,0.609,0.607,0.658
0.961,0.855,0.964,0.522,0.541,0.664,0.609,0.607,0.658,0.7
0.855,0.964,0.522,0.541,0.664,0.609,0.607,0.658,0.7,0.713
0.964,0.522,0.541,0.664,0.609,0.607,0.658,0.7,0.713,0.764
0.522,0.541,0.664,0.609,0.607,0.658,0.7,0.713,0.764,0.712
0.541,0.664,0.609,0.607,0.658,0.7,0.713,0.764,0.712,0.678
0.664,0.609,0.607,0.658,0.7,0.713,0.764,0.712,0.678,0.63
0.609,0.607,0.658,0.7,0.713,0.764,0.712,0.678,0.63,0.606
0.607,0.658,0.7,0.713,0.764,0.712,0.678,0.63,0.606,0.696
0.658,0.7,0.713,0.764,0.712,0.678,0.63,0.606,0.696,0.81
0.7,0.713,0.764,0.712,0.678,0.63,0.606,0.696,0.81,0.792
0.713,0.764,0.712,0.678,0.63,0.606,0.696,0.81,0.792,0.757
0.764,0.712,0.678,0.63,0.606,0.696,0.81,0.792,0.757,0.979
0.712,0.678,0.63,0.606,0.696,0.81,0.792,0.757,0.979,0.883
0.678,0.63,0.606,0.696,0.81,0.792,0.757,0.979,0.883,0.888
0.63,0.606,0.696,0.81,0.792,0.757,0.979,0.883,0.888,0.788
0.606,0.696,0.81,0.792,0.757,0.979,0.883,0.888,0.788,0.696
0.696,0.81,0.792,0.757,0.979,0.883,0.888,0.788,0.696,0.699
0.81,0.792,0.757,0.979,0.883,0.888,0.788,0.696,0.699,0.808
0.792,0.757,0.979,0.883,0.888,0.788,0.696,0.699,0.808,0.778
0.757,0.979,0.883,0.888,0.788,0.696,0.699,0.808,0.778,0.677
0.979,0.883,0.888,0.788,0.696,0.699,0.808,0.778,0.677,0.686
0.883,0.888,0.788,0.696,0.699,0.808,0.778,0.677,0.686,0.577
0.888,0.788,0.696,0.699,0.808,0.778,0.677,0.686,0.577,0.503
0.788,0.696,0.699,0.808,0.778,0.677,0.686,0.577,0.503,0.565
0.696,0.699,0.808,0.778,0.677,0.686,0.577,0.503,0.565,0.676
0.699,0.808,0.778,0.677,0.686,0.577,0.503,0.565,0.676,0.771
0.808,0.778,0.677,0.686,0.577,0.503,0.565,0.676,0.771,0.715
0.778,0.677,0.686,0.577,0.503,0.565,0.676,0.771,0.715,0.39
0.677,0.686,0.577,0.503,0.565,0.676,0.771,0.715,0.39,0.615
0.686,0.577,0.503,0.565,0.676,0.771,0.715,0.39,0.615,0.661
0.577,0.503,0.565,0.676,0.771,0.715,0.39,0.615,0.661,0.828
0.503,0.565,0.676,0.771,0.715,0.39,0.615,0.661,0.828,1.078
0.565,0.676,0.771,0.715,0.39,0.615,0.661,0.828,1.078,1.16
0.676,0.771,0.715,0.39,0.615,0.661,0.828,1.078,1.16,1.021
0.771,0.715,0.39,0.615,0.661,0.828,1.078,1.16,1.021,0.935
0.715,0.39,0.615,0.661,0.828,1.078,1.16,1.021,0.935,0.884
0.39,0.615,0.661,0.828,1.078,1.16,1.021,0.935,0.884,0.624
0.615,0.661,0.828,1.078,1.16,1.021,0.935,0.884,0.624,0.691
0.661,0.828,1.078,1.16,1.021,0.935,0.884,0.624,0.691,0.829
0.828,1.078,1.16,1.021,0.935,0.884,0.624,0.691,0.829,0.767
1.078,1.16,1.021,0.935,0.884,0.624,0.691,0.829,0.767,0.72
1.16,1.021,0.935,0.884,0.624,0.691,0.829,0.767,0.72,0.862
1.021,0.935,0.884,0.624,0.691,0.829,0.767,0.72,0.862,1.697
0.935,0.884,0.624,0.691,0.829,0.767,0.72,0.862,1.697,1.3
0.884,0.624,0.691,0.829,0.767,0.72,0.862,1.697,1.3,1.135
0.624,0.691,0.829,0.767,0.72,0.862,1.697,1.3,1.135,1.077
0.691,0.829,0.767,0.72,0.862,1.697,1.3,1.135,1.077,1
0.829,0.767,0.72,0.862,1.697,1.3,1.135,1.077,1,1.012
0.767,0.72,0.862,1.697,1.3,1.135,1.077,1,1.012,1.001
0.72,0.862,1.697,1.3,1.135,1.077,1,1.012,1.001,0.986
0.862,1.697,1.3,1.135,1.077,1,1.012,1.001,0.986,1.147
1.697,1.3,1.135,1.077,1,1.012,1.001,0.986,1.147,1.297
1.3,1.135,1.077,1,1.012,1.001,0.986,1.147,1.297,1.188
1.135,1.077,1,1.012,1.001,0.986,1.147,1.297,1.188,1.125
1.077,1,1.012,1.001,0.986,1.147,1.297,1.188,1.125,1.006
1,1.012,1.001,0.986,1.147,1.297,1.188,1.125,1.006,0.807
1.012,1.001,0.986,1.147,1.297,1.188,1.125,1.006,0.807,0.85
1.001,0.986,1.147,1.297,1.188,1.125,1.006,0.807,0.85,0.919
0.986,1.147,1.297,1.188,1.125,1.006,0.807,0.85,0.919,1.228
1.147,1.297,1.188,1.125,1.006,0.807,0.85,0.919,1.228,1.196
1.297,1.188,1.125,1.006,0.807,0.85,0.919,1.228,1.196,1.112
1.188,1.125,1.006,0.807,0.85,0.919,1.228,1.196,1.112,1.037
1.125,1.006,0.807,0.85,0.919,1.228,1.196,1.112,1.037,1.381
1.006,0.807,0.85,0.919,1.228,1.196,1.112,1.037,1.381,1.497
0.807,0.85,0.919,1.228,1.196,1.112,1.037,1.381,1.497,0.97
0.85,0.919,1.228,1.196,1.112,1.037,1.381,1.497,0.97,0.894
0.919,1.228,1.196,1.112,1.037,1.381,1.497,0.97,0.894,0.364
1.228,1.196,1.112,1.037,1.381,1.497,0.97,0.894,0.364,0.319
1.196,1.112,1.037,1.381,1.497,0.97,0.894,0.364,0.319,0.593
1.112,1.037,1.381,1.497,0.97,0.894,0.364,0.319,0.593,0.784
1.037,1.381,1.497,0.97,0.894,0.364,0.319,0.593,0.784,1.033
1.381,1.497,0.97,0.894,0.364,0.319,0.593,0.784,1.033,0.934
1.497,0.97,0.894,0.364,0.319,0.593,0.784,1.033,0.934,0.865
0.97,0.894,0.364,0.319,0.593,0.784,1.033,0.934,0.865,0.831
0.894,0.364,0.319,0.593,0.784,1.033,0.934,0.865,0.831,0.828
0.364,0.319,0.593,0.784,1.033,0.934,0.865,0.831,0.828,0.904
0.319,0.593,0.784,1.033,0.934,0.865,0.831,0.828,0.904,0.897
0.593,0.784,1.033,0.934,0.865,0.831,0.828,0.904,0.897,0.949
0.784,1.033,0.934,0.865,0.831,0.828,0.904,0.897,0.949,1.157
1.033,0.934,0.865,0.831,0.828,0.904,0.897,0.949,1.157,0.934
0.934,0.865,0.831,0.828,0.904,0.897,0.949,1.157,0.934,0.585
0.865,0.831,0.828,0.904,0.897,0.949,1.157,0.934,0.585,0.663
0.831,0.828,0.904,0.897,0.949,1.157,0.934,0.585,0.663,0.832
0.828,0.904,0.897,0.949,1.157,0.934,0.585,0.663,0.832,0.939
0.904,0.897,0.949,1.157,0.934,0.585,0.663,0.832,0.939,0.776
0.897,0.949,1.157,0.934,0.585,0.663,0.832,0.939,0.776,0.654
0.949,1.157,0.934,0.585,0.663,0.832,0.939,0.776,0.654,0.673
1.157,0.934,0.585,0.663,0.832,0.939,0.776,0.654,0.673,0.645
0.934,0.585,0.663,0.832,0.939,0.776,0.654,0.673,0.645,0.631
0.585,0.663,0.832,0.939,0.776,0.654,0.673,0.645,0.631,0.653
0.663,0.832,0.939,0.776,0.654,0.673,0.645,0.631,0.653,0.647
0.832,0.939,0.776,0.654,0.673,0.645,0.631,0.653,0.647,0.537
0.939,0.776,0.654,0.673,0.645,0.631,0.653,0.647,0.537,0.617
0.776,0.654,0.673,0.645,0.631,0.653,0.647,0.537,0.617,0.654
0.654,0.673,0.645,0.631,0.653,0.647,0.537,0.617,0.654,0.659
0.673,0.645,0.631,0.653,0.647,0.537,0.617,0.654,0.659,0.707
0.645,0.631,0.653,0.647,0.537,0.617,0.654,0.659,0.707,0.733
0.631,0.653,0.647,0.537,0.617,0.654,0.659,0.707,0.733,0.742
0.653,0.647,0.537,0.617,0.654,0.659,0.707,0.733,0.742,0.751
0.647,0.537,0.617,0.654,0.659,0.707,0.733,0.742,0.751,0.699
0.537,0.617,0.654,0.659,0.707,0.733,0.742,0.751,0.699,0.7
0.617,0.654,0.659,0.707,0.733,0.742,0.751,0.699,0.7,0.661
0.654,0.659,0.707,0.733,0.742,0.751,0.699,0.7,0.661,0.666
0.659,0.707,0.733,0.742,0.751,0.699,0.7,0.661,0.666,0.667
0.707,0.733,0.742,0.751,0.699,0.7,0.661,0.666,0.667,0.758
0.733,0.742,0.751,0.699,0.7,0.661,0.666,0.667,0.758,0.928
0.742,0.751,0.699,0.7,0.661,0.666,0.667,0.758,0.928,1.081
0.751,0.699,0.7,0.661,0.666,0.667,0.758,0.928,1.081,0.966
0.699,0.7,0.661,0.666,0.667,0.758,0.928,1.081,0.966,1.227
0.7,0.661,0.666,0.667,0.758,0.928,1.081,0.966,1.227,1.224
0.661,0.666,0.667,0.758,0.928,1.081,0.966,1.227,1.224,1.201
0.666,0.667,0.758,0.928,1.081,0.966,1.227,1.224,1.201,1.127
0.667,0.758,0.928,1.081,0.966,1.227,1.224,1.201,1.127,1.135
0.758,0.928,1.081,0.966,1.227,1.224,1.201,1.127,1.135,1.039
0.928,1.081,0.966,1.227,1.224,1.201,1.127,1.135,1.039,1.068
1.081,0.966,1.227,1.224,1.201,1.127,1.135,1.039,1.068,0.973
0.966,1.227,1.224,1.201,1.127,1.135,1.039,1.068,0.973,0.91
1.227,1.224,1.201,1.127,1.135,1.039,1.068,0.973,0.91,0.909
1.224,1.201,1.127,1.135,1.039,1.068,0.973,0.91,0.909,0.821
1.201,1.127,1.135,1.039,1.068,0.973,0.91,0.909,0.821,0.923
1.127,1.135,1.039,1.068,0.973,0.91,0.909,0.821,0.923,0.834
1.135,1.039,1.068,0.973,0.91,0.909,0.821,0.923,0.834,0.868
1.039,1.068,0.973,0.91,0.909,0.821,0.923,0.834,0.868,0.87
1.068,0.973,0.91,0.909,0.821,0.923,0.834,0.868,0.87,0.831
0.973,0.91,0.909,0.821,0.923,0.834,0.868,0.87,0.831,0.811
0.91,0.909,0.821,0.923,0.834,0.868,0.87,0.831,0.811,0.971
0.909,0.821,0.923,0.834,0.868,0.87,0.831,0.811,0.971,4.309
0.821,0.923,0.834,0.868,0.87,0.831,0.811,0.971,4.309,4.892
0.923,0.834,0.868,0.87,0.831,0.811,0.971,4.309,4.892,3.095
0.834,0.868,0.87,0.831,0.811,0.971,4.309,4.892,3.095,2.651
0.868,0.87,0.831,0.811,0.971,4.309,4.892,3.095,2.651,2.541
0.87,0.831,0.811,0.971,4.309,4.892,3.095,2.651,2.541,2.153
0.831,0.811,0.971,4.309,4.892,3.095,2.651,2.541,2.153,2.104
0.811,0.971,4.309,4.892,3.095,2.651,2.541,2.153,2.104,1.834
0.971,4.309,4.892,3.095,2.651,2.541,2.153,2.104,1.834,1.846
4.309,4.892,3.095,2.651,2.541,2.153,2.104,1.834,1.846,1.804
4.892,3.095,2.651,2.541,2.153,2.104,1.834,1.846,1.804,2.335
3.095,2.651,2.541,2.153,2.104,1.834,1.846,1.804,2.335,2.206
2.651,2.541,2.153,2.104,1.834,1.846,1.804,2.335,2.206,2.188
2.541,2.153,2.104,1.834,1.846,1.804,2.335,2.206,2.188,2.044
2.153,2.104,1.834,1.846,1.804,2.335,2.206,2.188,2.044,2.12
2.104,1.834,1.846,1.804,2.335,2.206,2.188,2.044,2.12,3.129
1.834,1.846,1.804,2.335,2.206,2.188,2.044,2.12,3.129,15.135
1.846,1.804,2.335,2.206,2.188,2.044,2.12,3.129,15.135,37.213
1.804,2.335,2.206,2.188,2.044,2.12,3.129,15.135,37.213,42.938
2.335,2.206,2.188,2.044,2.12,3.129,15.135,37.213,42.938,40.814
2.206,2.188,2.044,2.12,3.129,15.135,37.213,42.938,40.814,36.243
2.188,2.044,2.12,3.129,15.135,37.213,42.938,40.814,36.243,56.437
2.044,2.12,3.129,15.135,37.213,42.938,40.814,36.243,56.437,45.223
2.12,3.129,15.135,37.213,42.938,40.814,36.243,56.437,45.223,31.878
3.129,15.135,37.213,42.938,40.814,36.243,56.437,45.223,31.878,25.158
15.135,37.213,42.938,40.814,36.243,56.437,45.223,31.878,25.158,20.301
37.213,42.938,40.814,36.243,56.437,45.223,31.878,25.158,20.301,15.943
42.938,40.814,36.243,56.437,45.223,31.878,25.158,20.301,15.943,12.446
40.814,36.243,56.437,45.223,31.878,25.158,20.301,15.943,12.446,10.254
36.243,56.437,45.223,31.878,25.158,20.301,15.943,12.446,10.254,9.152
56.437,45.223,31.878,25.158,20.301,15.943,12.446,10.254,9.152,8.302
45.223,31.878,25.158,20.301,15.943,12.446,10.254,9.152,8.302,9.336
31.878,25.158,20.301,15.943,12.446,10.254,9.152,8.302,9.336,9.405
25.158,20.301,15.943,12.446,10.254,9.152,8.302,9.336,9.405,8.623
20.301,15.943,12.446,10.254,9.152,8.302,9.336,9.405,8.623,8.448
15.943,12.446,10.254,9.152,8.302,9.336,9.405,8.623,8.448,17.503
12.446,10.254,9.152,8.302,9.336,9.405,8.623,8.448,17.503,14.13
10.254,9.152,8.302,9.336,9.405,8.623,8.448,17.503,14.13,13.971
9.152,8.302,9.336,9.405,8.623,8.448,17.503,14.13,13.971,15.169
8.302,9.336,9.405,8.623,8.448,17.503,14.13,13.971,15.169,12.79
9.336,9.405,8.623,8.448,17.503,14.13,13.971,15.169,12.79,10.076
9.405,8.623,8.448,17.503,14.13,13.971,15.169,12.79,10.076,8.629
8.623,8.448,17.503,14.13,13.971,15.169,12.79,10.076,8.629,7.415
8.448,17.503,14.13,13.971,15.169,12.79,10.076,8.629,7.415,6.987
17.503,14.13,13.971,15.169,12.79,10.076,8.629,7.415,6.987,6.561
14.13,13.971,15.169,12.79,10.076,8.629,7.415,6.987,6.561,6.079
13.971,15.169,12.79,10.076,8.629,7.415,6.987,6.561,6.079,5.349
15.169,12.79,10.076,8.629,7.415,6.987,6.561,6.079,5.349,4.985
12.79,10.076,8.629,7.415,6.987,6.561,6.079,5.349,4.985,5.053
10.076,8.629,7.415,6.987,6.561,6.079,5.349,4.985,5.053,8.669
8.629,7.415,6.987,6.561,6.079,5.349,4.985,5.053,8.669,9.619
7.415,6.987,6.561,6.079,5.349,4.985,5.053,8.669,9.619,7.814
6.987,6.561,6.079,5.349,4.985,5.053,8.669,9.619,7.814,6.073
6.561,6.079,5.349,4.985,5.053,8.669,9.619,7.814,6.073,5.06
6.079,5.349,4.985,5.053,8.669,9.619,7.814,6.073,5.06,4.501
5.349,4.985,5.053,8.669,9.619,7.814,6.073,5.06,4.501,3.993
4.985,5.053,8.669,9.619,7.814,6.073,5.06,4.501,3.993,3.642
5.053,8.669,9.619,7.814,6.073,5.06,4.501,3.993,3.642,3.319
8.669,9.619,7.814,6.073,5.06,4.501,3.993,3.642,3.319,3.203
9.619,7.814,6.073,5.06,4.501,3.993,3.642,3.319,3.203,3.06
7.814,6.073,5.06,4.501,3.993,3.642,3.319,3.203,3.06,2.871
6.073,5.06,4.501,3.993,3.642,3.319,3.203,3.06,2.871,1.744
5.06,4.501,3.993,3.642,3.319,3.203,3.06,2.871,1.744,1.565
4.501,3.993,3.642,3.319,3.203,3.06,2.871,1.744,1.565,1.516
3.993,3.642,3.319,3.203,3.06,2.871,1.744,1.565,1.516,1.468
3.642,3.319,3.203,3.06,2.871,1.744,1.565,1.516,1.468,1.406
3.319,3.203,3.06,2.871,1.744,1.565,1.516,1.468,1.406,1.363
3.203,3.06,2.871,1.744,1.565,1.516,1.468,1.406,1.363,1.506
3.06,2.871,1.744,1.565,1.516,1.468,1.406,1.363,1.506,2.257
2.871,1.744,1.565,1.516,1.468,1.406,1.363,1.506,2.257,2.31
1.744,1.565,1.516,1.468,1.406,1.363,1.506,2.257,2.31,3.434
1.565,1.516,1.468,1.406,1.363,1.506,2.257,2.31,3.434,2.425
1.516,1.468,1.406,1.363,1.506,2.257,2.31,3.434,2.425,2.469
1.468,1.406,1.363,1.506,2.257,2.31,3.434,2.425,2.469,2.049
1.406,1.363,1.506,2.257,2.31,3.434,2.425,2.469,2.049,1.87
1.363,1.506,2.257,2.31,3.434,2.425,2.469,2.049,1.87,1.574
1.506,2.257,2.31,3.434,2.425,2.469,2.049,1.87,1.574,0.735
2.257,2.31,3.434,2.425,2.469,2.049,1.87,1.574,0.735,4.012
2.31,3.434,2.425,2.469,2.049,1.87,1.574,0.735,4.012,14.672
3.434,2.425,2.469,2.049,1.87,1.574,0.735,4.012,14.672,39.008
2.425,2.469,2.049,1.87,1.574,0.735,4.012,14.672,39.008,19.143
2.469,2.049,1.87,1.574,0.735,4.012,14.672,39.008,19.143,13.1
2.049,1.87,1.574,0.735,4.012,14.672,39.008,19.143,13.1,8.951
1.87,1.574,0.735,4.012,14.672,39.008,19.143,13.1,8.951,8.804
1.574,0.735,4.012,14.672,39.008,19.143,13.1,8.951,8.804,6.528
0.735,4.012,14.672,39.008,19.143,13.1,8.951,8.804,6.528,5.191
4.012,14.672,39.008,19.143,13.1,8.951,8.804,6.528,5.191,4.696
14.672,39.008,19.143,13.1,8.951,8.804,6.528,5.191,4.696,4.037
39.008,19.143,13.1,8.951,8.804,6.528,5.191,4.696,4.037,3.565
19.143,13.1,8.951,8.804,6.528,5.191,4.696,4.037,3.565,3.178
13.1,8.951,8.804,6.528,5.191,4.696,4.037,3.565,3.178,2.909
8.951,8.804,6.528,5.191,4.696,4.037,3.565,3.178,2.909,2.637
8.804,6.528,5.191,4.696,4.037,3.565,3.178,2.909,2.637,2.251
6.528,5.191,4.696,4.037,3.565,3.178,2.909,2.637,2.251,2.177
5.191,4.696,4.037,3.565,3.178,2.909,2.637,2.251,2.177,1.944
4.696,4.037,3.565,3.178,2.909,2.637,2.251,2.177,1.944,1.953
4.037,3.565,3.178,2.909,2.637,2.251,2.177,1.944,1.953,2.443
3.565,3.178,2.909,2.637,2.251,2.177,1.944,1.953,2.443,2.489
3.178,2.909,2.637,2.251,2.177,1.944,1.953,2.443,2.489,2.098
2.909,2.637,2.251,2.177,1.944,1.953,2.443,2.489,2.098,1.884
2.637,2.251,2.177,1.944,1.953,2.443,2.489,2.098,1.884,1.516
2.251,2.177,1.944,1.953,2.443,2.489,2.098,1.884,1.516,1.767
2.177,1.944,1.953,2.443,2.489,2.098,1.884,1.516,1.767,1.824
1.944,1.953,2.443,2.489,2.098,1.884,1.516,1.767,1.824,1.452
1.953,2.443,2.489,2.098,1.884,1.516,1.767,1.824,1.452,1.289
2.443,2.489,2.098,1.884,1.516,1.767,1.824,1.452,1.289,1.168
2.489,2.098,1.884,1.516,1.767,1.824,1.452,1.289,1.168,1.142
2.098,1.884,1.516,1.767,1.824,1.452,1.289,1.168,1.142,0.957
1.884,1.516,1.767,1.824,1.452,1.289,1.168,1.142,0.957,0.947
1.516,1.767,1.824,1.452,1.289,1.168,1.142,0.957,0.947,1.173
1.767,1.824,1.452,1.289,1.168,1.142,0.957,0.947,1.173,1.375
1.824,1.452,1.289,1.168,1.142,0.957,0.947,1.173,1.375,1.661
1.452,1.289,1.168,1.142,0.957,0.947,1.173,1.375,1.661,2.442
1.289,1.168,1.142,0.957,0.947,1.173,1.375,1.661,2.442,1.573
1.168,1.142,0.957,0.947,1.173,1.375,1.661,2.442,1.573,1.223
1.142,0.957,0.947,1.173,1.375,1.661,2.442,1.573,1.223,1.058
0.957,0.947,1.173,1.375,1.661,2.442,1.573,1.223,1.058,0.893
0.947,1.173,1.375,1.661,2.442,1.573,1.223,1.058,0.893,0.876
1.173,1.375,1.661,2.442,1.573,1.223,1.058,0.893,0.876,0.85
1.375,1.661,2.442,1.573,1.223,1.058,0.893,0.876,0.85,1.099
1.661,2.442,1.573,1.223,1.058,0.893,0.876,0.85,1.099,1.173
2.442,1.573,1.223,1.058,0.893,0.876,0.85,1.099,1.173,1.05
1.573,1.223,1.058,0.893,0.876,0.85,1.099,1.173,1.05,0.926
1.223,1.058,0.893,0.876,0.85,1.099,1.173,1.05,0.926,0.77
1.058,0.893,0.876,0.85,1.099,1.173,1.05,0.926,0.77,0.823
0.893,0.876,0.85,1.099,1.173,1.05,0.926,0.77,0.823,0.73
0.876,0.85,1.099,1.173,1.05,0.926,0.77,0.823,0.73,0.694
0.85,1.099,1.173,1.05,0.926,0.77,0.823,0.73,0.694,0.653
1.099,1.173,1.05,0.926,0.77,0.823,0.73,0.694,0.653,0.635
1.173,1.05,0.926,0.77,0.823,0.73,0.694,0.653,0.635,0.623
1.05,0.926,0.77,0.823,0.73,0.694,0.653,0.635,0.623,0.543
0.926,0.77,0.823,0.73,0.694,0.653,0.635,0.623,0.543,0.537
0.77,0.823,0.73,0.694,0.653,0.635,0.623,0.543,0.537,0.565
0.823,0.73,0.694,0.653,0.635,0.623,0.543,0.537,0.565,0.5
0.73,0.694,0.653,0.635,0.623,0.543,0.537,0.565,0.5,0.514
0.694,0.653,0.635,0.623,0.543,0.537,0.565,0.5,0.514,0.51
0.653,0.635,0.623,0.543,0.537,0.565,0.5,0.514,0.51,0.584
0.635,0.623,0.543,0.537,0.565,0.5,0.514,0.51,0.584,0.552
0.623,0.543,0.537,0.565,0.5,0.514,0.51,0.584,0.552,0.684
0.543,0.537,0.565,0.5,0.514,0.51,0.584,0.552,0.684,0.57
0.537,0.565,0.5,0.514,0.51,0.584,0.552,0.684,0.57,0.758
0.565,0.5,0.514,0.51,0.584,0.552,0.684,0.57,0.758,0.872
0.5,0.514,0.51,0.584,0.552,0.684,0.57,0.758,0.872,0.628
0.514,0.51,0.584,0.552,0.684,0.57,0.758,0.872,0.628,0.697
0.51,0.584,0.552,0.684,0.57,0.758,0.872,0.628,0.697,0.966
0.584,0.552,0.684,0.57,0.758,0.872,0.628,0.697,0.966,0.778
0.552,0.684,0.57,0.758,0.872,0.628,0.697,0.966,0.778,0.716
0.684,0.57,0.758,0.872,0.628,0.697,0.966,0.778,0.716,0.635
0.57,0.758,0.872,0.628,0.697,0.966,0.778,0.716,0.635,0.743
0.758,0.872,0.628,0.697,0.966,0.778,0.716,0.635,0.743,3.386
0.872,0.628,0.697,0.966,0.778,0.716,0.635,0.743,3.386,3.452
0.628,0.697,0.966,0.778,0.716,0.635,0.743,3.386,3.452,1.658
0.697,0.966,0.778,0.716,0.635,0.743,3.386,3.452,1.658,1.286
0.966,0.778,0.716,0.635,0.743,3.386,3.452,1.658,1.286,1.043
0.778,0.716,0.635,0.743,3.386,3.452,1.658,1.286,1.043,1.049
0.716,0.635,0.743,3.386,3.452,1.658,1.286,1.043,1.049,0.965
0.635,0.743,3.386,3.452,1.658,1.286,1.043,1.049,0.965,0.847
0.743,3.386,3.452,1.658,1.286,1.043,1.049,0.965,0.847,0.868
3.386,3.452,1.658,1.286,1.043,1.049,0.965,0.847,0.868,1.048
3.452,1.658,1.286,1.043,1.049,0.965,0.847,0.868,1.048,1.094
1.658,1.286,1.043,1.049,0.965,0.847,0.868,1.048,1.094,0.924
1.286,1.043,1.049,0.965,0.847,0.868,1.048,1.094,0.924,0.798
1.043,1.049,0.965,0.847,0.868,1.048,1.094,0.924,0.798,0.737
1.049,0.965,0.847,0.868,1.048,1.094,0.924,0.798,0.737,0.812
0.965,0.847,0.868,1.048,1.094,0.924,0.798,0.737,0.812,0.948
0.847,0.868,1.048,1.094,0.924,0.798,0.737,0.812,0.948,1.207
0.868,1.048,1.094,0.924,0.798,0.737,0.812,0.948,1.207,1.091
1.048,1.094,0.924,0.798,0.737,0.812,0.948,1.207,1.091,1.006
1.094,0.924,0.798,0.737,0.812,0.948,1.207,1.091,1.006,0.9
0.924,0.798,0.737,0.812,0.948,1.207,1.091,1.006,0.9,0.821
0.798,0.737,0.812,0.948,1.207,1.091,1.006,0.9,0.821,0.755
0.737,0.812,0.948,1.207,1.091,1.006,0.9,0.821,0.755,0.93
0.812,0.948,1.207,1.091,1.006,0.9,0.821,0.755,0.93,1.713
0.948,1.207,1.091,1.006,0.9,0.821,0.755,0.93,1.713,1.596
1.207,1.091,1.006,0.9,0.821,0.755,0.93,1.713,1.596,1.619
1.091,1.006,0.9,0.821,0.755,0.93,1.713,1.596,1.619,1.285
1.006,0.9,0.821,0.755,0.93,1.713,1.596,1.619,1.285,1.119
0.9,0.821,0.755,0.93,1.713,1.596,1.619,1.285,1.119,1.006
0.821,0.755,0.93,1.713,1.596,1.619,1.285,1.119,1.006,0.943
0.755,0.93,1.713,1.596,1.619,1.285,1.119,1.006,0.943,1.073
0.93,1.713,1.596,1.619,1.285,1.119,1.006,0.943,1.073,1.025
1.713,1.596,1.619,1.285,1.119,1.006,0.943,1.073,1.025,0.922
1.596,1.619,1.285,1.119,1.006,0.943,1.073,1.025,0.922,0.938
1.619,1.285,1.119,1.006,0.943,1.073,1.025,0.922,0.938,0.897
1.285,1.119,1.006,0.943,1.073,1.025,0.922,0.938,0.897,0.874
1.119,1.006,0.943,1.073,1.025,0.922,0.938,0.897,0.874,0.829
1.006,0.943,1.073,1.025,0.922,0.938,0.897,0.874,0.829,0.847
0.943,1.073,1.025,0.922,0.938,0.897,0.874,0.829,0.847,0.748
1.073,1.025,0.922,0.938,0.897,0.874,0.829,0.847,0.748,0.739
1.025,0.922,0.938,0.897,0.874,0.829,0.847,0.748,0.739,0.72
0.922,0.938,0.897,0.874,0.829,0.847,0.748,0.739,0.72,0.851
0.938,0.897,0.874,0.829,0.847,0.748,0.739,0.72,0.851,0.589
0.897,0.874,0.829,0.847,0.748,0.739,0.72,0.851,0.589,0.651
0.874,0.829,0.847,0.748,0.739,0.72,0.851,0.589,0.651,1.455
0.829,0.847,0.748,0.739,0.72,0.851,0.589,0.651,1.455,1.122
0.847,0.748,0.739,0.72,0.851,0.589,0.651,1.455,1.122,0.876
0.748,0.739,0.72,0.851,0.589,0.651,1.455,1.122,0.876,0.716
0.739,0.72,0.851,0.589,0.651,1.455,1.122,0.876,0.716,0.744
0.72,0.851,0.589,0.651,1.455,1.122,0.876,0.716,0.744,0.748
0.851,0.589,0.651,1.455,1.122,0.876,0.716,0.744,0.748,0.816
0.589,0.651,1.455,1.122,0.876,0.716,0.744,0.748,0.816,0.673
0.651,1.455,1.122,0.876,0.716,0.744,0.748,0.816,0.673,1.327
1.455,1.122,0.876,0.716,0.744,0.748,0.816,0.673,1.327,1.136
1.122,0.876,0.716,0.744,0.748,0.816,0.673,1.327,1.136,0.984
0.876,0.716,0.744,0.748,0.816,0.673,1.327,1.136,0.984,0.842
0.716,0.744,0.748,0.816,0.673,1.327,1.136,0.984,0.842,1.174
0.744,0.748,0.816,0.673,1.327,1.136,0.984,0.842,1.174,1.16
0.748,0.816,0.673,1.327,1.136,0.984,0.842,1.174,1.16,1.398
0.816,0.673,1.327,1.136,0.984,0.842,1.174,1.16,1.398,2.594
0.673,1.327,1.136,0.984,0.842,1.174,1.16,1.398,2.594,1.861
1.327,1.136,0.984,0.842,1.174,1.16,1.398,2.594,1.861,1.568
1.136,0.984,0.842,1.174,1.16,1.398,2.594,1.861,1.568,1.239
0.984,0.842,1.174,1.16,1.398,2.594,1.861,1.568,1.239,1.217
0.842,1.174,1.16,1.398,2.594,1.861,1.568,1.239,1.217,1.194
1.174,1.16,1.398,2.594,1.861,1.568,1.239,1.217,1.194,1.022
1.16,1.398,2.594,1.861,1.568,1.239,1.217,1.194,1.022,0.909
1.398,2.594,1.861,1.568,1.239,1.217,1.194,1.022,0.909,0.901
2.594,1.861,1.568,1.239,1.217,1.194,1.022,0.909,0.901,0.956
1.861,1.568,1.239,1.217,1.194,1.022,0.909,0.901,0.956,0.946
1.568,1.239,1.217,1.194,1.022,0.909,0.901,0.956,0.946,0.777
1.239,1.217,1.194,1.022,0.909,0.901,0.956,0.946,0.777,0.845
1.217,1.194,1.022,0.909,0.901,0.956,0.946,0.777,0.845,0.805
1.194,1.022,0.909,0.901,0.956,0.946,0.777,0.845,0.805,0.724
1.022,0.909,0.901,0.956,0.946,0.777,0.845,0.805,0.724,0.966
0.909,0.901,0.956,0.946,0.777,0.845,0.805,0.724,0.966,0.787
0.901,0.956,0.946,0.777,0.845,0.805,0.724,0.966,0.787,0.753
0.956,0.946,0.777,0.845,0.805,0.724,0.966,0.787,0.753,0.743
0.946,0.777,0.845,0.805,0.724,0.966,0.787,0.753,0.743,0.732
0.777,0.845,0.805,0.724,0.966,0.787,0.753,0.743,0.732,0.759
0.845,0.805,0.724,0.966,0.787,0.753,0.743,0.732,0.759,0.739
0.805,0.724,0.966,0.787,0.753,0.743,0.732,0.759,0.739,0.788
0.724,0.966,0.787,0.753,0.743,0.732,0.759,0.739,0.788,0.726
0.966,0.787,0.753,0.743,0.732,0.759,0.739,0.788,0.726,0.771
0.787,0.753,0.743,0.732,0.759,0.739,0.788,0.726,0.771,0.934
0.753,0.743,0.732,0.759,0.739,0.788,0.726,0.771,0.934,1.104
0.743,0.732,0.759,0.739,0.788,0.726,0.771,0.934,1.104,0.952
0.732,0.759,0.739,0.788,0.726,0.771,0.934,1.104,0.952,0.867
0.759,0.739,0.788,0.726,0.771,0.934,1.104,0.952,0.867,0.927
0.739,0.788,0.726,0.771,0.934,1.104,0.952,0.867,0.927,0.856
0.788,0.726,0.771,0.934,1.104,0.952,0.867,0.927,0.856,0.906
0.726,0.771,0.934,1.104,0.952,0.867,0.927,0.856,0.906,2.035
0.771,0.934,1.104,0.952,0.867,0.927,0.856,0.906,2.035,2.18
0.934,1.104,0.952,0.867,0.927,0.856,0.906,2.035,2.18,1.545
1.104,0.952,0.867,0.927,0.856,0.906,2.035,2.18,1.545,1.351
0.952,0.867,0.927,0.856,0.906,2.035,2.18,1.545,1.351,1.435
0.867,0.927,0.856,0.906,2.035,2.18,1.545,1.351,1.435,1.47
0.927,0.856,0.906,2.035,2.18,1.545,1.351,1.435,1.47,1.378
0.856,0.906,2.035,2.18,1.545,1.351,1.435,1.47,1.378,2.305
0.906,2.035,2.18,1.545,1.351,1.435,1.47,1.378,2.305,2.857
2.035,2.18,1.545,1.351,1.435,1.47,1.378,2.305,2.857,3.657
2.18,1.545,1.351,1.435,1.47,1.378,2.305,2.857,3.657,2.551
1.545,1.351,1.435,1.47,1.378,2.305,2.857,3.657,2.551,2.08
1.351,1.435,1.47,1.378,2.305,2.857,3.657,2.551,2.08,1.643
1.435,1.47,1.378,2.305,2.857,3.657,2.551,2.08,1.643,1.637
1.47,1.378,2.305,2.857,3.657,2.551,2.08,1.643,1.637,1.532
1.378,2.305,2.857,3.657,2.551,2.08,1.643,1.637,1.532,1.52
2.305,2.857,3.657,2.551,2.08,1.643,1.637,1.532,1.52,1.468
2.857,3.657,2.551,2.08,1.643,1.637,1.532,1.52,1.468,1.523
3.657,2.551,2.08,1.643,1.637,1.532,1.52,1.468,1.523,1.483
2.551,2.08,1.643,1.637,1.532,1.52,1.468,1.523,1.483,1.334
2.08,1.643,1.637,1.532,1.52,1.468,1.523,1.483,1.334,1.317
1.643,1.637,1.532,1.52,1.468,1.523,1.483,1.334,1.317,1.209
1.637,1.532,1.52,1.468,1.523,1.483,1.334,1.317,1.209,1.132
1.532,1.52,1.468,1.523,1.483,1.334,1.317,1.209,1.132,1.136
1.52,1.468,1.523,1.483,1.334,1.317,1.209,1.132,1.136,1.045
1.468,1.523,1.483,1.334,1.317,1.209,1.132,1.136,1.045,1.056
1.523,1.483,1.334,1.317,1.209,1.132,1.136,1.045,1.056,0.965
1.483,1.334,1.317,1.209,1.132,1.136,1.045,1.056,0.965,1.081
1.334,1.317,1.209,1.132,1.136,1.045,1.056,0.965,1.081,1.005
1.317,1.209,1.132,1.136,1.045,1.056,0.965,1.081,1.005,1.043
1.209,1.132,1.136,1.045,1.056,0.965,1.081,1.005,1.043,1.051
1.132,1.136,1.045,1.056,0.965,1.081,1.005,1.043,1.051,1.074
1.136,1.045,1.056,0.965,1.081,1.005,1.043,1.051,1.074,1.018
1.045,1.056,0.965,1.081,1.005,1.043,1.051,1.074,1.018,0.983
1.056,0.965,1.081,1.005,1.043,1.051,1.074,1.018,0.983,1.036
0.965,1.081,1.005,1.043,1.051,1.074,1.018,0.983,1.036,0.807
1.081,1.005,1.043,1.051,1.074,1.018,0.983,1.036,0.807,1.118
1.005,1.043,1.051,1.074,1.018,0.983,1.036,0.807,1.118,1.251
1.043,1.051,1.074,1.018,0.983,1.036,0.807,1.118,1.251,1.326
1.051,1.074,1.018,0.983,1.036,0.807,1.118,1.251,1.326,1.548
1.074,1.018,0.983,1.036,0.807,1.118,1.251,1.326,1.548,1.391
1.018,0.983,1.036,0.807,1.118,1.251,1.326,1.548,1.391,1.116
0.983,1.036,0.807,1.118,1.251,1.326,1.548,1.391,1.116,1.247
1.036,0.807,1.118,1.251,1.326,1.548,1.391,1.116,1.247,1.113
0.807,1.118,1.251,1.326,1.548,1.391,1.116,1.247,1.113,1.047
1.118,1.251,1.326,1.548,1.391,1.116,1.247,1.113,1.047,0.984
1.251,1.326,1.548,1.391,1.116,1.247,1.113,1.047,0.984,0.962
1.326,1.548,1.391,1.116,1.247,1.113,1.047,0.984,0.962,0.907
1.548,1.391,1.116,1.247,1.113,1.047,0.984,0.962,0.907,0.93
1.391,1.116,1.247,1.113,1.047,0.984,0.962,0.907,0.93,0.758
1.116,1.247,1.113,1.047,0.984,0.962,0.907,0.93,0.758,0.863
1.247,1.113,1.047,0.984,0.962,0.907,0.93,0.758,0.863,0.793
1.113,1.047,0.984,0.962,0.907,0.93,0.758,0.863,0.793,0.505
1.047,0.984,0.962,0.907,0.93,0.758,0.863,0.793,0.505,0.775
0.984,0.962,0.907,0.93,0.758,0.863,0.793,0.505,0.775,0.788
0.962,0.907,0.93,0.758,0.863,0.793,0.505,0.775,0.788,0.87
0.907,0.93,0.758,0.863,0.793,0.505,0.775,0.788,0.87,0.954
0.93,0.758,0.863,0.793,0.505,0.775,0.788,0.87,0.954,1.896
0.758,0.863,0.793,0.505,0.775,0.788,0.87,0.954,1.896,1.929
0.863,0.793,0.505,0.775,0.788,0.87,0.954,1.896,1.929,1.469
0.793,0.505,0.775,0.788,0.87,0.954,1.896,1.929,1.469,1.473
0.505,0.775,0.788,0.87,0.954,1.896,1.929,1.469,1.473,1.783
0.775,0.788,0.87,0.954,1.896,1.929,1.469,1.473,1.783,3.092
0.788,0.87,0.954,1.896,1.929,1.469,1.473,1.783,3.092,4.713
0.87,0.954,1.896,1.929,1.469,1.473,1.783,3.092,4.713,3.161
0.954,1.896,1.929,1.469,1.473,1.783,3.092,4.713,3.161,2.946
1.896,1.929,1.469,1.473,1.783,3.092,4.713,3.161,2.946,2.806
1.929,1.469,1.473,1.783,3.092,4.713,3.161,2.946,2.806,2.907
1.469,1.473,1.783,3.092,4.713,3.161,2.946,2.806,2.907,4.093
1.473,1.783,3.092,4.713,3.161,2.946,2.806,2.907,4.093,3.675
1.783,3.092,4.713,3.161,2.946,2.806,2.907,4.093,3.675,2.993
3.092,4.713,3.161,2.946,2.806,2.907,4.093,3.675,2.993,2.605
4.713,3.161,2.946,2.806,2.907,4.093,3.675,2.993,2.605,2.576
3.161,2.946,2.806,2.907,4.093,3.675,2.993,2.605,2.576,2.416
2.946,2.806,2.907,4.093,3.675,2.993,2.605,2.576,2.416,4.182
2.806,2.907,4.093,3.675,2.993,2.605,2.576,2.416,4.182,5.3
2.907,4.093,3.675,2.993,2.605,2.576,2.416,4.182,5.3,5.287
4.093,3.675,2.993,2.605,2.576,2.416,4.182,5.3,5.287,4.764
3.675,2.993,2.605,2.576,2.416,4.182,5.3,5.287,4.764,3.822
2.993,2.605,2.576,2.416,4.182,5.3,5.287,4.764,3.822,3.171
2.605,2.576,2.416,4.182,5.3,5.287,4.764,3.822,3.171,2.784
2.576,2.416,4.182,5.3,5.287,4.764,3.822,3.171,2.784,2.61
2.416,4.182,5.3,5.287,4.764,3.822,3.171,2.784,2.61,2.383
4.182,5.3,5.287,4.764,3.822,3.171,2.784,2.61,2.383,2.532
5.3,5.287,4.764,3.822,3.171,2.784,2.61,2.383,2.532,2.643
5.287,4.764,3.822,3.171,2.784,2.61,2.383,2.532,2.643,2.98
4.764,3.822,3.171,2.784,2.61,2.383,2.532,2.643,2.98,3.015
3.822,3.171,2.784,2.61,2.383,2.532,2.643,2.98,3.015,2.984
3.171,2.784,2.61,2.383,2.532,2.643,2.98,3.015,2.984,3.309
2.784,2.61,2.383,2.532,2.643,2.98,3.015,2.984,3.309,4.196
2.61,2.383,2.532,2.643,2.98,3.015,2.984,3.309,4.196,6.273
2.383,2.532,2.643,2.98,3.015,2.984,3.309,4.196,6.273,5.149
2.532,2.643,2.98,3.015,2.984,3.309,4.196,6.273,5.149,4.646
2.643,2.98,3.015,2.984,3.309,4.196,6.273,5.149,4.646,4.448
2.98,3.015,2.984,3.309,4.196,6.273,5.149,4.646,4.448,3.993
3.015,2.984,3.309,4.196,6.273,5.149,4.646,4.448,3.993,4.12
2.984,3.309,4.196,6.273,5.149,4.646,4.448,3.993,4.12,4.469
3.309,4.196,6.273,5.149,4.646,4.448,3.993,4.12,4.469,4.454
4.196,6.273,5.149,4.646,4.448,3.993,4.12,4.469,4.454,6.133
6.273,5.149,4.646,4.448,3.993,4.12,4.469,4.454,6.133,12.636
5.149,4.646,4.448,3.993,4.12,4.469,4.454,6.133,12.636,16.31
4.646,4.448,3.993,4.12,4.469,4.454,6.133,12.636,16.31,14.31
4.448,3.993,4.12,4.469,4.454,6.133,12.636,16.31,14.31,15.637
3.993,4.12,4.469,4.454,6.133,12.636,16.31,14.31,15.637,10.769
4.12,4.469,4.454,6.133,12.636,16.31,14.31,15.637,10.769,8.264
4.469,4.454,6.133,12.636,16.31,14.31,15.637,10.769,8.264,6.769
4.454,6.133,12.636,16.31,14.31,15.637,10.769,8.264,6.769,5.721
6.133,12.636,16.31,14.31,15.637,10.769,8.264,6.769,5.721,5.254
12.636,16.31,14.31,15.637,10.769,8.264,6.769,5.721,5.254,4.683
16.31,14.31,15.637,10.769,8.264,6.769,5.721,5.254,4.683,4.379
14.31,15.637,10.769,8.264,6.769,5.721,5.254,4.683,4.379,4.048
15.637,10.769,8.264,6.769,5.721,5.254,4.683,4.379,4.048,3.843
10.769,8.264,6.769,5.721,5.254,4.683,4.379,4.048,3.843,3.874
8.264,6.769,5.721,5.254,4.683,4.379,4.048,3.843,3.874,4.002
6.769,5.721,5.254,4.683,4.379,4.048,3.843,3.874,4.002,4.071
5.721,5.254,4.683,4.379,4.048,3.843,3.874,4.002,4.071,6.282
5.254,4.683,4.379,4.048,3.843,3.874,4.002,4.071,6.282,7.16
4.683,4.379,4.048,3.843,3.874,4.002,4.071,6.282,7.16,5.952
4.379,4.048,3.843,3.874,4.002,4.071,6.282,7.16,5.952,9.225
4.048,3.843,3.874,4.002,4.071,6.282,7.16,5.952,9.225,11.207
3.843,3.874,4.002,4.071,6.282,7.16,5.952,9.225,11.207,7.738
3.874,4.002,4.071,6.282,7.16,5.952,9.225,11.207,7.738,6.247
4.002,4.071,6.282,7.16,5.952,9.225,11.207,7.738,6.247,5.357
4.071,6.282,7.16,5.952,9.225,11.207,7.738,6.247,5.357,4.726
6.282,7.16,5.952,9.225,11.207,7.738,6.247,5.357,4.726,4.267
7.16,5.952,9.225,11.207,7.738,6.247,5.357,4.726,4.267,3.869
5.952,9.225,11.207,7.738,6.247,5.357,4.726,4.267,3.869,3.627
9.225,11.207,7.738,6.247,5.357,4.726,4.267,3.869,3.627,3.366
11.207,7.738,6.247,5.357,4.726,4.267,3.869,3.627,3.366,3.206
7.738,6.247,5.357,4.726,4.267,3.869,3.627,3.366,3.206,2.973
6.247,5.357,4.726,4.267,3.869,3.627,3.366,3.206,2.973,2.76
5.357,4.726,4.267,3.869,3.627,3.366,3.206,2.973,2.76,2.643
4.726,4.267,3.869,3.627,3.366,3.206,2.973,2.76,2.643,2.645
4.267,3.869,3.627,3.366,3.206,2.973,2.76,2.643,2.645,2.889
3.869,3.627,3.366,3.206,2.973,2.76,2.643,2.645,2.889,3.185
3.627,3.366,3.206,2.973,2.76,2.643,2.645,2.889,3.185,2.838
3.366,3.206,2.973,2.76,2.643,2.645,2.889,3.185,2.838,2.681
3.206,2.973,2.76,2.643,2.645,2.889,3.185,2.838,2.681,2.616
2.973,2.76,2.643,2.645,2.889,3.185,2.838,2.681,2.616,3.16
2.76,2.643,2.645,2.889,3.185,2.838,2.681,2.616,3.16,5.247
2.643,2.645,2.889,3.185,2.838,2.681,2.616,3.16,5.247,5.131
2.645,2.889,3.185,2.838,2.681,2.616,3.16,5.247,5.131,3.999
2.889,3.185,2.838,2.681,2.616,3.16,5.247,5.131,3.999,3.303
3.185,2.838,2.681,2.616,3.16,5.247,5.131,3.999,3.303,3.056
2.838,2.681,2.616,3.16,5.247,5.131,3.999,3.303,3.056,2.929
2.681,2.616,3.16,5.247,5.131,3.999,3.303,3.056,2.929,2.837
2.616,3.16,5.247,5.131,3.999,3.303,3.056,2.929,2.837,2.569
3.16,5.247,5.131,3.999,3.303,3.056,2.929,2.837,2.569,2.393
5.247,5.131,3.999,3.303,3.056,2.929,2.837,2.569,2.393,2.32
5.131,3.999,3.303,3.056,2.929,2.837,2.569,2.393,2.32,2.381
3.999,3.303,3.056,2.929,2.837,2.569,2.393,2.32,2.381,2.525
3.303,3.056,2.929,2.837,2.569,2.393,2.32,2.381,2.525,2.251
3.056,2.929,2.837,2.569,2.393,2.32,2.381,2.525,2.251,2.267
2.929,2.837,2.569,2.393,2.32,2.381,2.525,2.251,2.267,2.188
2.837,2.569,2.393,2.32,2.381,2.525,2.251,2.267,2.188,2.084
2.569,2.393,2.32,2.381,2.525,2.251,2.267,2.188,2.084,2.075
2.393,2.32,2.381,2.525,2.251,2.267,2.188,2.084,2.075,1.838
2.32,2.381,2.525,2.251,2.267,2.188,2.084,2.075,1.838,1.668
2.381,2.525,2.251,2.267,2.188,2.084,2.075,1.838,1.668,1.557
2.525,2.251,2.267,2.188,2.084,2.075,1.838,1.668,1.557,1.313
2.251,2.267,2.188,2.084,2.075,1.838,1.668,1.557,1.313,1.311
2.267,2.188,2.084,2.075,1.838,1.668,1.557,1.313,1.311,1.178
2.188,2.084,2.075,1.838,1.668,1.557,1.313,1.311,1.178,1.143
2.084,2.075,1.838,1.668,1.557,1.313,1.311,1.178,1.143,1.093
2.075,1.838,1.668,1.557,1.313,1.311,1.178,1.143,1.093,1.099
1.838,1.668,1.557,1.313,1.311,1.178,1.143,1.093,1.099,1.059
1.668,1.557,1.313,1.311,1.178,1.143,1.093,1.099,1.059,1.061
1.557,1.313,1.311,1.178,1.143,1.093,1.099,1.059,1.061,0.969
1.313,1.311,1.178,1.143,1.093,1.099,1.059,1.061,0.969,0.968
1.311,1.178,1.143,1.093,1.099,1.059,1.061,0.969,0.968,0.948
1.178,1.143,1.093,1.099,1.059,1.061,0.969,0.968,0.948,1.056
1.143,1.093,1.099,1.059,1.061,0.969,0.968,0.948,1.056,0.998
1.093,1.099,1.059,1.061,0.969,0.968,0.948,1.056,0.998,0.955
1.099,1.059,1.061,0.969,0.968,0.948,1.056,0.998,0.955,0.886
1.059,1.061,0.969,0.968,0.948,1.056,0.998,0.955,0.886,0.9
1.061,0.969,0.968,0.948,1.056,0.998,0.955,0.886,0.9,0.836
0.969,0.968,0.948,1.056,0.998,0.955,0.886,0.9,0.836,0.815
0.968,0.948,1.056,0.998,0.955,0.886,0.9,0.836,0.815,0.75
0.948,1.056,0.998,0.955,0.886,0.9,0.836,0.815,0.75,0.769
1.056,0.998,0.955,0.886,0.9,0.836,0.815,0.75,0.769,0.726
0.998,0.955,0.886,0.9,0.836,0.815,0.75,0.769,0.726,0.75
0.955,0.886,0.9,0.836,0.815,0.75,0.769,0.726,0.75,0.723
0.886,0.9,0.836,0.815,0.75,0.769,0.726,0.75,0.723,0.746
0.9,0.836,0.815,0.75,0.769,0.726,0.75,0.723,0.746,0.884
0.836,0.815,0.75,0.769,0.726,0.75,0.723,0.746,0.884,1.369
0.815,0.75,0.769,0.726,0.75,0.723,0.746,0.884,1.369,2.248
0.75,0.769,0.726,0.75,0.723,0.746,0.884,1.369,2.248,1.597
0.769,0.726,0.75,0.723,0.746,0.884,1.369,2.248,1.597,1.558
0.726,0.75,0.723,0.746,0.884,1.369,2.248,1.597,1.558,1.431
0.75,0.723,0.746,0.884,1.369,2.248,1.597,1.558,1.431,1.254
0.723,0.746,0.884,1.369,2.248,1.597,1.558,1.431,1.254,1.187
0.746,0.884,1.369,2.248,1.597,1.558,1.431,1.254,1.187,1.44
0.884,1.369,2.248,1.597,1.558,1.431,1.254,1.187,1.44,1.249
1.369,2.248,1.597,1.558,1.431,1.254,1.187,1.44,1.249,1.412
2.248,1.597,1.558,1.431,1.254,1.187,1.44,1.249,1.412,1.241
1.597,1.558,1.431,1.254,1.187,1.44,1.249,1.412,1.241,1.181
1.558,1.431,1.254,1.187,1.44,1.249,1.412,1.241,1.181,1.019
1.431,1.254,1.187,1.44,1.249,1.412,1.241,1.181,1.019,0.789
1.254,1.187,1.44,1.249,1.412,1.241,1.181,1.019,0.789,1.28
1.187,1.44,1.249,1.412,1.241,1.181,1.019,0.789,1.28,1.108
1.44,1.249,1.412,1.241,1.181,1.019,0.789,1.28,1.108,0.946
1.249,1.412,1.241,1.181,1.019,0.789,1.28,1.108,0.946,1.091
1.412,1.241,1.181,1.019,0.789,1.28,1.108,0.946,1.091,2.1
1.241,1.181,1.019,0.789,1.28,1.108,0.946,1.091,2.1,2.53
1.181,1.019,0.789,1.28,1.108,0.946,1.091,2.1,2.53,5.39
1.019,0.789,1.28,1.108,0.946,1.091,2.1,2.53,5.39,5.33
0.789,1.28,1.108,0.946,1.091,2.1,2.53,5.39,5.33,3.45
1.28,1.108,0.946,1.091,2.1,2.53,5.39,5.33,3.45,2.135
1.108,0.946,1.091,2.1,2.53,5.39,5.33,3.45,2.135,2.01
0.946,1.091,2.1,2.53,5.39,5.33,3.45,2.135,2.01,1.933
1.091,2.1,2.53,5.39,5.33,3.45,2.135,2.01,1.933,1.704
2.1,2.53,5.39,5.33,3.45,2.135,2.01,1.933,1.704,1.533
2.53,5.39,5.33,3.45,2.135,2.01,1.933,1.704,1.533,1.47
5.39,5.33,3.45,2.135,2.01,1.933,1.704,1.533,1.47,1.378
5.33,3.45,2.135,2.01,1.933,1.704,1.533,1.47,1.378,1.223
3.45,2.135,2.01,1.933,1.704,1.533,1.47,1.378,1.223,1.174
2.135,2.01,1.933,1.704,1.533,1.47,1.378,1.223,1.174,1.198
2.01,1.933,1.704,1.533,1.47,1.378,1.223,1.174,1.198,1.097
1.933,1.704,1.533,1.47,1.378,1.223,1.174,1.198,1.097,1.034
1.704,1.533,1.47,1.378,1.223,1.174,1.198,1.097,1.034,1.59
1.533,1.47,1.378,1.223,1.174,1.198,1.097,1.034,1.59,1.518
1.47,1.378,1.223,1.174,1.198,1.097,1.034,1.59,1.518,1.435
1.378,1.223,1.174,1.198,1.097,1.034,1.59,1.518,1.435,4.168
1.223,1.174,1.198,1.097,1.034,1.59,1.518,1.435,4.168,9.607
1.174,1.198,1.097,1.034,1.59,1.518,1.435,4.168,9.607,3.972
1.198,1.097,1.034,1.59,1.518,1.435,4.168,9.607,3.972,2.979
1.097,1.034,1.59,1.518,1.435,4.168,9.607,3.972,2.979,1.99
1.034,1.59,1.518,1.435,4.168,9.607,3.972,2.979,1.99,1.6
1.59,1.518,1.435,4.168,9.607,3.972,2.979,1.99,1.6,1.71
1.518,1.435,4.168,9.607,3.972,2.979,1.99,1.6,1.71,1.589
1.435,4.168,9.607,3.972,2.979,1.99,1.6,1.71,1.589,1.403
4.168,9.607,3.972,2.979,1.99,1.6,1.71,1.589,1.403,1.32
9.607,3.972,2.979,1.99,1.6,1.71,1.589,1.403,1.32,1.135
3.972,2.979,1.99,1.6,1.71,1.589,1.403,1.32,1.135,1.274
2.979,1.99,1.6,1.71,1.589,1.403,1.32,1.135,1.274,1.216
1.99,1.6,1.71,1.589,1.403,1.32,1.135,1.274,1.216,1.164
1.6,1.71,1.589,1.403,1.32,1.135,1.274,1.216,1.164,1.082
1.71,1.589,1.403,1.32,1.135,1.274,1.216,1.164,1.082,1.001
1.589,1.403,1.32,1.135,1.274,1.216,1.164,1.082,1.001,0.906
1.403,1.32,1.135,1.274,1.216,1.164,1.082,1.001,0.906,1.544
1.32,1.135,1.274,1.216,1.164,1.082,1.001,0.906,1.544,1.555
1.135,1.274,1.216,1.164,1.082,1.001,0.906,1.544,1.555,1.838
1.274,1.216,1.164,1.082,1.001,0.906,1.544,1.555,1.838,2.094
1.216,1.164,1.082,1.001,0.906,1.544,1.555,1.838,2.094,1.984
1.164,1.082,1.001,0.906,1.544,1.555,1.838,2.094,1.984,1.548
1.082,1.001,0.906,1.544,1.555,1.838,2.094,1.984,1.548,1.208
1.001,0.906,1.544,1.555,1.838,2.094,1.984,1.548,1.208,1.221
0.906,1.544,1.555,1.838,2.094,1.984,1.548,1.208,1.221,1.411
1.544,1.555,1.838,2.094,1.984,1.548,1.208,1.221,1.411,1.28
1.555,1.838,2.094,1.984,1.548,1.208,1.221,1.411,1.28,1.12
1.838,2.094,1.984,1.548,1.208,1.221,1.411,1.28,1.12,1.111
2.094,1.984,1.548,1.208,1.221,1.411,1.28,1.12,1.111,0.926
1.984,1.548,1.208,1.221,1.411,1.28,1.12,1.111,0.926,0.89
1.548,1.208,1.221,1.411,1.28,1.12,1.111,0.926,0.89,0.721
1.208,1.221,1.411,1.28,1.12,1.111,0.926,0.89,0.721,0.683
1.221,1.411,1.28,1.12,1.111,0.926,0.89,0.721,0.683,0.737
1.411,1.28,1.12,1.111,0.926,0.89,0.721,0.683,0.737,0.817
1.28,1.12,1.111,0.926,0.89,0.721,0.683,0.737,0.817,1.165
1.12,1.111,0.926,0.89,0.721,0.683,0.737,0.817,1.165,1.383
1.111,0.926,0.89,0.721,0.683,0.737,0.817,1.165,1.383,1.837
0.926,0.89,0.721,0.683,0.737,0.817,1.165,1.383,1.837,1.421
0.89,0.721,0.683,0.737,0.817,1.165,1.383,1.837,1.421,2.1
0.721,0.683,0.737,0.817,1.165,1.383,1.837,1.421,2.1,1.445
0.683,0.737,0.817,1.165,1.383,1.837,1.421,2.1,1.445,1.198
0.737,0.817,1.165,1.383,1.837,1.421,2.1,1.445,1.198,0.923
0.817,1.165,1.383,1.837,1.421,2.1,1.445,1.198,0.923,0.944
1.165,1.383,1.837,1.421,2.1,1.445,1.198,0.923,0.944,1.343
1.383,1.837,1.421,2.1,1.445,1.198,0.923,0.944,1.343,1.884
1.837,1.421,2.1,1.445,1.198,0.923,0.944,1.343,1.884,1.314
1.421,2.1,1.445,1.198,0.923,0.944,1.343,1.884,1.314,1.06
2.1,1.445,1.198,0.923,0.944,1.343,1.884,1.314,1.06,0.912
1.445,1.198,0.923,0.944,1.343,1.884,1.314,1.06,0.912,0.847
1.198,0.923,0.944,1.343,1.884,1.314,1.06,0.912,0.847,0.769
0.923,0.944,1.343,1.884,1.314,1.06,0.912,0.847,0.769,0.704
0.944,1.343,1.884,1.314,1.06,0.912,0.847,0.769,0.704,0.689
1.343,1.884,1.314,1.06,0.912,0.847,0.769,0.704,0.689,0.955
1.884,1.314,1.06,0.912,0.847,0.769,0.704,0.689,0.955,2.854
1.314,1.06,0.912,0.847,0.769,0.704,0.689,0.955,2.854,3.191
1.06,0.912,0.847,0.769,0.704,0.689,0.955,2.854,3.191,4.222
0.912,0.847,0.769,0.704,0.689,0.955,2.854,3.191,4.222,4.567
0.847,0.769,0.704,0.689,0.955,2.854,3.191,4.222,4.567,3.711
0.769,0.704,0.689,0.955,2.854,3.191,4.222,4.567,3.711,3.048
0.704,0.689,0.955,2.854,3.191,4.222,4.567,3.711,3.048,2.668
0.689,0.955,2.854,3.191,4.222,4.567,3.711,3.048,2.668,2.006
0.955,2.854,3.191,4.222,4.567,3.711,3.048,2.668,2.006,1.899
2.854,3.191,4.222,4.567,3.711,3.048,2.668,2.006,1.899,1.856
3.191,4.222,4.567,3.711,3.048,2.668,2.006,1.899,1.856,1.663
4.222,4.567,3.711,3.048,2.668,2.006,1.899,1.856,1.663,1.577
4.567,3.711,3.048,2.668,2.006,1.899,1.856,1.663,1.577,1.636
3.711,3.048,2.668,2.006,1.899,1.856,1.663,1.577,1.636,2.215
3.048,2.668,2.006,1.899,1.856,1.663,1.577,1.636,2.215,1.748
2.668,2.006,1.899,1.856,1.663,1.577,1.636,2.215,1.748,1.457
2.006,1.899,1.856,1.663,1.577,1.636,2.215,1.748,1.457,1.293
1.899,1.856,1.663,1.577,1.636,2.215,1.748,1.457,1.293,1.178
1.856,1.663,1.577,1.636,2.215,1.748,1.457,1.293,1.178,1.074
1.663,1.577,1.636,2.215,1.748,1.457,1.293,1.178,1.074,1.041
1.577,1.636,2.215,1.748,1.457,1.293,1.178,1.074,1.041,0.968
1.636,2.215,1.748,1.457,1.293,1.178,1.074,1.041,0.968,0.977
2.215,1.748,1.457,1.293,1.178,1.074,1.041,0.968,0.977,0.876
1.748,1.457,1.293,1.178,1.074,1.041,0.968,0.977,0.876,0.955
1.457,1.293,1.178,1.074,1.041,0.968,0.977,0.876,0.955,1
1.293,1.178,1.074,1.041,0.968,0.977,0.876,0.955,1,1.001
1.178,1.074,1.041,0.968,0.977,0.876,0.955,1,1.001,1.206
1.074,1.041,0.968,0.977,0.876,0.955,1,1.001,1.206,1.371
1.041,0.968,0.977,0.876,0.955,1,1.001,1.206,1.371,1.312
0.968,0.977,0.876,0.955,1,1.001,1.206,1.371,1.312,1.157
0.977,0.876,0.955,1,1.001,1.206,1.371,1.312,1.157,1.038
0.876,0.955,1,1.001,1.206,1.371,1.312,1.157,1.038,0.994
0.955,1,1.001,1.206,1.371,1.312,1.157,1.038,0.994,1.041
1,1.001,1.206,1.371,1.312,1.157,1.038,0.994,1.041,1.792
1.001,1.206,1.371,1.312,1.157,1.038,0.994,1.041,1.792,4.091
1.206,1.371,1.312,1.157,1.038,0.994,1.041,1.792,4.091,2.651
1.371,1.312,1.157,1.038,0.994,1.041,1.792,4.091,2.651,1.83
1.312,1.157,1.038,0.994,1.041,1.792,4.091,2.651,1.83,1.544
1.157,1.038,0.994,1.041,1.792,4.091,2.651,1.83,1.544,1.394
1.038,0.994,1.041,1.792,4.091,2.651,1.83,1.544,1.394,1.228
0.994,1.041,1.792,4.091,2.651,1.83,1.544,1.394,1.228,1.085
1.041,1.792,4.091,2.651,1.83,1.544,1.394,1.228,1.085,1.35
1.792,4.091,2.651,1.83,1.544,1.394,1.228,1.085,1.35,1.533
4.091,2.651,1.83,1.544,1.394,1.228,1.085,1.35,1.533,1.243
2.651,1.83,1.544,1.394,1.228,1.085,1.35,1.533,1.243,0.692
1.83,1.544,1.394,1.228,1.085,1.35,1.533,1.243,0.692,0.976
1.544,1.394,1.228,1.085,1.35,1.533,1.243,0.692,0.976,0.96
1.394,1.228,1.085,1.35,1.533,1.243,0.692,0.976,0.96,0.851
1.228,1.085,1.35,1.533,1.243,0.692,0.976,0.96,0.851,0.862
1.085,1.35,1.533,1.243,0.692,0.976,0.96,0.851,0.862,1.245
1.35,1.533,1.243,0.692,0.976,0.96,0.851,0.862,1.245,3.991
1.533,1.243,0.692,0.976,0.96,0.851,0.862,1.245,3.991,9.036
1.243,0.692,0.976,0.96,0.851,0.862,1.245,3.991,9.036,13.177
0.692,0.976,0.96,0.851,0.862,1.245,3.991,9.036,13.177,6.164
0.976,0.96,0.851,0.862,1.245,3.991,9.036,13.177,6.164,4.277
0.96,0.851,0.862,1.245,3.991,9.036,13.177,6.164,4.277,3.47
0.851,0.862,1.245,3.991,9.036,13.177,6.164,4.277,3.47,3.093
0.862,1.245,3.991,9.036,13.177,6.164,4.277,3.47,3.093,2.997
1.245,3.991,9.036,13.177,6.164,4.277,3.47,3.093,2.997,2.775
3.991,9.036,13.177,6.164,4.277,3.47,3.093,2.997,2.775,2.477
9.036,13.177,6.164,4.277,3.47,3.093,2.997,2.775,2.477,2.044
13.177,6.164,4.277,3.47,3.093,2.997,2.775,2.477,2.044,1.832
6.164,4.277,3.47,3.093,2.997,2.775,2.477,2.044,1.832,1.756
4.277,3.47,3.093,2.997,2.775,2.477,2.044,1.832,1.756,1.673
3.47,3.093,2.997,2.775,2.477,2.044,1.832,1.756,1.673,1.554
3.093,2.997,2.775,2.477,2.044,1.832,1.756,1.673,1.554,1.563
2.997,2.775,2.477,2.044,1.832,1.756,1.673,1.554,1.563,1.564
2.775,2.477,2.044,1.832,1.756,1.673,1.554,1.563,1.564,1.452
2.477,2.044,1.832,1.756,1.673,1.554,1.563,1.564,1.452,1.668
2.044,1.832,1.756,1.673,1.554,1.563,1.564,1.452,1.668,1.672
1.832,1.756,1.673,1.554,1.563,1.564,1.452,1.668,1.672,1.772
1.756,1.673,1.554,1.563,1.564,1.452,1.668,1.672,1.772,2.175
1.673,1.554,1.563,1.564,1.452,1.668,1.672,1.772,2.175,2.336
1.554,1.563,1.564,1.452,1.668,1.672,1.772,2.175,2.336,2.261
1.563,1.564,1.452,1.668,1.672,1.772,2.175,2.336,2.261,2.156
1.564,1.452,1.668,1.672,1.772,2.175,2.336,2.261,2.156,2.058
1.452,1.668,1.672,1.772,2.175,2.336,2.261,2.156,2.058,1.896
1.668,1.672,1.772,2.175,2.336,2.261,2.156,2.058,1.896,1.983
1.672,1.772,2.175,2.336,2.261,2.156,2.058,1.896,1.983,1.982
1.772,2.175,2.336,2.261,2.156,2.058,1.896,1.983,1.982,1.884
2.175,2.336,2.261,2.156,2.058,1.896,1.983,1.982,1.884,1.725
2.336,2.261,2.156,2.058,1.896,1.983,1.982,1.884,1.725,1.575
2.261,2.156,2.058,1.896,1.983,1.982,1.884,1.725,1.575,1.383
2.156,2.058,1.896,1.983,1.982,1.884,1.725,1.575,1.383,1.437
2.058,1.896,1.983,1.982,1.884,1.725,1.575,1.383,1.437,1.319
1.896,1.983,1.982,1.884,1.725,1.575,1.383,1.437,1.319,1.287
1.983,1.982,1.884,1.725,1.575,1.383,1.437,1.319,1.287,1.233
1.982,1.884,1.725,1.575,1.383,1.437,1.319,1.287,1.233,1.289
1.884,1.725,1.575,1.383,1.437,1.319,1.287,1.233,1.289,1.397
1.725,1.575,1.383,1.437,1.319,1.287,1.233,1.289,1.397,1.361
1.575,1.383,1.437,1.319,1.287,1.233,1.289,1.397,1.361,1.514
1.383,1.437,1.319,1.287,1.233,1.289,1.397,1.361,1.514,3.814
1.437,1.319,1.287,1.233,1.289,1.397,1.361,1.514,3.814,7.542
1.319,1.287,1.233,1.289,1.397,1.361,1.514,3.814,7.542,8.73
1.287,1.233,1.289,1.397,1.361,1.514,3.814,7.542,8.73,5.876
1.233,1.289,1.397,1.361,1.514,3.814,7.542,8.73,5.876,14.916
1.289,1.397,1.361,1.514,3.814,7.542,8.73,5.876,14.916,13.495
1.397,1.361,1.514,3.814,7.542,8.73,5.876,14.916,13.495,9.751
1.361,1.514,3.814,7.542,8.73,5.876,14.916,13.495,9.751,7.983
1.514,3.814,7.542,8.73,5.876,14.916,13.495,9.751,7.983,6.559
3.814,7.542,8.73,5.876,14.916,13.495,9.751,7.983,6.559,5.809
7.542,8.73,5.876,14.916,13.495,9.751,7.983,6.559,5.809,5.392
8.73,5.876,14.916,13.495,9.751,7.983,6.559,5.809,5.392,5.234
5.876,14.916,13.495,9.751,7.983,6.559,5.809,5.392,5.234,4.809
14.916,13.495,9.751,7.983,6.559,5.809,5.392,5.234,4.809,4.587
13.495,9.751,7.983,6.559,5.809,5.392,5.234,4.809,4.587,4.199
9.751,7.983,6.559,5.809,5.392,5.234,4.809,4.587,4.199,3.579
7.983,6.559,5.809,5.392,5.234,4.809,4.587,4.199,3.579,3.502
6.559,5.809,5.392,5.234,4.809,4.587,4.199,3.579,3.502,3.992
5.809,5.392,5.234,4.809,4.587,4.199,3.579,3.502,3.992,3.873
5.392,5.234,4.809,4.587,4.199,3.579,3.502,3.992,3.873,3.694
5.234,4.809,4.587,4.199,3.579,3.502,3.992,3.873,3.694,3.428
4.809,4.587,4.199,3.579,3.502,3.992,3.873,3.694,3.428,3.256
4.587,4.199,3.579,3.502,3.992,3.873,3.694,3.428,3.256,3.045
4.199,3.579,3.502,3.992,3.873,3.694,3.428,3.256,3.045,2.916
3.579,3.502,3.992,3.873,3.694,3.428,3.256,3.045,2.916,5.263
3.502,3.992,3.873,3.694,3.428,3.256,3.045,2.916,5.263,10.665
3.992,3.873,3.694,3.428,3.256,3.045,2.916,5.263,10.665,21.124
3.873,3.694,3.428,3.256,3.045,2.916,5.263,10.665,21.124,15.427
3.694,3.428,3.256,3.045,2.916,5.263,10.665,21.124,15.427,11.176
3.428,3.256,3.045,2.916,5.263,10.665,21.124,15.427,11.176,12.499
3.256,3.045,2.916,5.263,10.665,21.124,15.427,11.176,12.499,19.307
3.045,2.916,5.263,10.665,21.124,15.427,11.176,12.499,19.307,13.468
2.916,5.263,10.665,21.124,15.427,11.176,12.499,19.307,13.468,10.424
5.263,10.665,21.124,15.427,11.176,12.499,19.307,13.468,10.424,9.069
10.665,21.124,15.427,11.176,12.499,19.307,13.468,10.424,9.069,7.614
21.124,15.427,11.176,12.499,19.307,13.468,10.424,9.069,7.614,6.693
15.427,11.176,12.499,19.307,13.468,10.424,9.069,7.614,6.693,6.11
11.176,12.499,19.307,13.468,10.424,9.069,7.614,6.693,6.11,5.362
12.499,19.307,13.468,10.424,9.069,7.614,6.693,6.11,5.362,4.823
19.307,13.468,10.424,9.069,7.614,6.693,6.11,5.362,4.823,4.21
13.468,10.424,9.069,7.614,6.693,6.11,5.362,4.823,4.21,3.963
10.424,9.069,7.614,6.693,6.11,5.362,4.823,4.21,3.963,3.598
9.069,7.614,6.693,6.11,5.362,4.823,4.21,3.963,3.598,3.136
7.614,6.693,6.11,5.362,4.823,4.21,3.963,3.598,3.136,2.736
6.693,6.11,5.362,4.823,4.21,3.963,3.598,3.136,2.736,1.966
6.11,5.362,4.823,4.21,3.963,3.598,3.136,2.736,1.966,1.802
5.362,4.823,4.21,3.963,3.598,3.136,2.736,1.966,1.802,1.719
4.823,4.21,3.963,3.598,3.136,2.736,1.966,1.802,1.719,2.179
4.21,3.963,3.598,3.136,2.736,1.966,1.802,1.719,2.179,2.175
3.963,3.598,3.136,2.736,1.966,1.802,1.719,2.179,2.175,1.91
3.598,3.136,2.736,1.966,1.802,1.719,2.179,2.175,1.91,1.969
3.136,2.736,1.966,1.802,1.719,2.179,2.175,1.91,1.969,1.971
2.736,1.966,1.802,1.719,2.179,2.175,1.91,1.969,1.971,1.83
1.966,1.802,1.719,2.179,2.175,1.91,1.969,1.971,1.83,1.965
1.802,1.719,2.179,2.175,1.91,1.969,1.971,1.83,1.965,1.862
1.719,2.179,2.175,1.91,1.969,1.971,1.83,1.965,1.862,1.814
2.179,2.175,1.91,1.969,1.971,1.83,1.965,1.862,1.814,1.76
2.175,1.91,1.969,1.971,1.83,1.965,1.862,1.814,1.76,1.521
1.91,1.969,1.971,1.83,1.965,1.862,1.814,1.76,1.521,1.365
1.969,1.971,1.83,1.965,1.862,1.814,1.76,1.521,1.365,1.512
1.971,1.83,1.965,1.862,1.814,1.76,1.521,1.365,1.512,1.464
1.83,1.965,1.862,1.814,1.76,1.521,1.365,1.512,1.464,1.821
1.965,1.862,1.814,1.76,1.521,1.365,1.512,1.464,1.821,2.068
1.862,1.814,1.76,1.521,1.365,1.512,1.464,1.821,2.068,1.821
1.814,1.76,1.521,1.365,1.512,1.464,1.821,2.068,1.821,1.765
1.76,1.521,1.365,1.512,1.464,1.821,2.068,1.821,1.765,1.88
1.521,1.365,1.512,1.464,1.821,2.068,1.821,1.765,1.88,1.786
1.365,1.512,1.464,1.821,2.068,1.821,1.765,1.88,1.786,1.688
1.512,1.464,1.821,2.068,1.821,1.765,1.88,1.786,1.688,1.617
1.464,1.821,2.068,1.821,1.765,1.88,1.786,1.688,1.617,1.648
1.821,2.068,1.821,1.765,1.88,1.786,1.688,1.617,1.648,1.615
2.068,1.821,1.765,1.88,1.786,1.688,1.617,1.648,1.615,1.583
1.821,1.765,1.88,1.786,1.688,1.617,1.648,1.615,1.583,3.569
1.765,1.88,1.786,1.688,1.617,1.648,1.615,1.583,3.569,8.498
1.88,1.786,1.688,1.617,1.648,1.615,1.583,3.569,8.498,7.732
1.786,1.688,1.617,1.648,1.615,1.583,3.569,8.498,7.732,6.252
1.688,1.617,1.648,1.615,1.583,3.569,8.498,7.732,6.252,5.764
1.617,1.648,1.615,1.583,3.569,8.498,7.732,6.252,5.764,4.237
1.648,1.615,1.583,3.569,8.498,7.732,6.252,5.764,4.237,3.79
1.615,1.583,3.569,8.498,7.732,6.252,5.764,4.237,3.79,3.657
1.583,3.569,8.498,7.732,6.252,5.764,4.237,3.79,3.657,3.323
3.569,8.498,7.732,6.252,5.764,4.237,3.79,3.657,3.323,4.539
8.498,7.732,6.252,5.764,4.237,3.79,3.657,3.323,4.539,7.363
7.732,6.252,5.764,4.237,3.79,3.657,3.323,4.539,7.363,5.503
6.252,5.764,4.237,3.79,3.657,3.323,4.539,7.363,5.503,4.432
5.764,4.237,3.79,3.657,3.323,4.539,7.363,5.503,4.432,4.011
4.237,3.79,3.657,3.323,4.539,7.363,5.503,4.432,4.011,3.997
3.79,3.657,3.323,4.539,7.363,5.503,4.432,4.011,3.997,4.495
3.657,3.323,4.539,7.363,5.503,4.432,4.011,3.997,4.495,3.471
3.323,4.539,7.363,5.503,4.432,4.011,3.997,4.495,3.471,3.286
4.539,7.363,5.503,4.432,4.011,3.997,4.495,3.471,3.286,3.328
7.363,5.503,4.432,4.011,3.997,4.495,3.471,3.286,3.328,7.101
5.503,4.432,4.011,3.997,4.495,3.471,3.286,3.328,7.101,6.124
4.432,4.011,3.997,4.495,3.471,3.286,3.328,7.101,6.124,4.654
4.011,3.997,4.495,3.471,3.286,3.328,7.101,6.124,4.654,4.193
3.997,4.495,3.471,3.286,3.328,7.101,6.124,4.654,4.193,3.834
4.495,3.471,3.286,3.328,7.101,6.124,4.654,4.193,3.834,3.594
3.471,3.286,3.328,7.101,6.124,4.654,4.193,3.834,3.594,3.476
3.286,3.328,7.101,6.124,4.654,4.193,3.834,3.594,3.476,3.234
3.328,7.101,6.124,4.654,4.193,3.834,3.594,3.476,3.234,3.049
7.101,6.124,4.654,4.193,3.834,3.594,3.476,3.234,3.049,2.792
6.124,4.654,4.193,3.834,3.594,3.476,3.234,3.049,2.792,1.868
4.654,4.193,3.834,3.594,3.476,3.234,3.049,2.792,1.868,1.803
4.193,3.834,3.594,3.476,3.234,3.049,2.792,1.868,1.803,2.109
3.834,3.594,3.476,3.234,3.049,2.792,1.868,1.803,2.109,2.297
3.594,3.476,3.234,3.049,2.792,1.868,1.803,2.109,2.297,2.015
3.476,3.234,3.049,2.792,1.868,1.803,2.109,2.297,2.015,2.142
3.234,3.049,2.792,1.868,1.803,2.109,2.297,2.015,2.142,2.338
3.049,2.792,1.868,1.803,2.109,2.297,2.015,2.142,2.338,2.218
2.792,1.868,1.803,2.109,2.297,2.015,2.142,2.338,2.218,2.15
1.868,1.803,2.109,2.297,2.015,2.142,2.338,2.218,2.15,2.082
1.803,2.109,2.297,2.015,2.142,2.338,2.218,2.15,2.082,2.244
2.109,2.297,2.015,2.142,2.338,2.218,2.15,2.082,2.244,3.094
2.297,2.015,2.142,2.338,2.218,2.15,2.082,2.244,3.094,3.459
2.015,2.142,2.338,2.218,2.15,2.082,2.244,3.094,3.459,3.023
2.142,2.338,2.218,2.15,2.082,2.244,3.094,3.459,3.023,11.63
2.338,2.218,2.15,2.082,2.244,3.094,3.459,3.023,11.63,13.648
2.218,2.15,2.082,2.244,3.094,3.459,3.023,11.63,13.648,16.246
2.15,2.082,2.244,3.094,3.459,3.023,11.63,13.648,16.246,12.028
2.082,2.244,3.094,3.459,3.023,11.63,13.648,16.246,12.028,8.543
2.244,3.094,3.459,3.023,11.63,13.648,16.246,12.028,8.543,6.951
3.094,3.459,3.023,11.63,13.648,16.246,12.028,8.543,6.951,6.271
3.459,3.023,11.63,13.648,16.246,12.028,8.543,6.951,6.271,5.636
3.023,11.63,13.648,16.246,12.028,8.543,6.951,6.271,5.636,5.077
11.63,13.648,16.246,12.028,8.543,6.951,6.271,5.636,5.077,4.605
13.648,16.246,12.028,8.543,6.951,6.271,5.636,5.077,4.605,4.182
16.246,12.028,8.543,6.951,6.271,5.636,5.077,4.605,4.182,5.777
12.028,8.543,6.951,6.271,5.636,5.077,4.605,4.182,5.777,5.76
8.543,6.951,6.271,5.636,5.077,4.605,4.182,5.777,5.76,7.763
6.951,6.271,5.636,5.077,4.605,4.182,5.777,5.76,7.763,6.389
6.271,5.636,5.077,4.605,4.182,5.777,5.76,7.763,6.389,5.441
5.636,5.077,4.605,4.182,5.777,5.76,7.763,6.389,5.441,7.029
5.077,4.605,4.182,5.777,5.76,7.763,6.389,5.441,7.029,6.07
4.605,4.182,5.777,5.76,7.763,6.389,5.441,7.029,6.07,6.119
4.182,5.777,5.76,7.763,6.389,5.441,7.029,6.07,6.119,5.717
5.777,5.76,7.763,6.389,5.441,7.029,6.07,6.119,5.717,5.71
5.76,7.763,6.389,5.441,7.029,6.07,6.119,5.717,5.71,5.423
7.763,6.389,5.441,7.029,6.07,6.119,5.717,5.71,5.423,5.256
6.389,5.441,7.029,6.07,6.119,5.717,5.71,5.423,5.256,4.812
5.441,7.029,6.07,6.119,5.717,5.71,5.423,5.256,4.812,4.669
7.029,6.07,6.119,5.717,5.71,5.423,5.256,4.812,4.669,4.409
6.07,6.119,5.717,5.71,5.423,5.256,4.812,4.669,4.409,4.449
6.119,5.717,5.71,5.423,5.256,4.812,4.669,4.409,4.449,5.833
5.717,5.71,5.423,5.256,4.812,4.669,4.409,4.449,5.833,10.039
5.71,5.423,5.256,4.812,4.669,4.409,4.449,5.833,10.039,9.018
5.423,5.256,4.812,4.669,4.409,4.449,5.833,10.039,9.018,7.939
5.256,4.812,4.669,4.409,4.449,5.833,10.039,9.018,7.939,8.347
4.812,4.669,4.409,4.449,5.833,10.039,9.018,7.939,8.347,9.651
4.669,4.409,4.449,5.833,10.039,9.018,7.939,8.347,9.651,9.796
4.409,4.449,5.833,10.039,9.018,7.939,8.347,9.651,9.796,7.964
4.449,5.833,10.039,9.018,7.939,8.347,9.651,9.796,7.964,6.736
5.833,10.039,9.018,7.939,8.347,9.651,9.796,7.964,6.736,6.687
10.039,9.018,7.939,8.347,9.651,9.796,7.964,6.736,6.687,6.523
9.018,7.939,8.347,9.651,9.796,7.964,6.736,6.687,6.523,5.844
7.939,8.347,9.651,9.796,7.964,6.736,6.687,6.523,5.844,5.515
8.347,9.651,9.796,7.964,6.736,6.687,6.523,5.844,5.515,5.474
9.651,9.796,7.964,6.736,6.687,6.523,5.844,5.515,5.474,6.566
9.796,7.964,6.736,6.687,6.523,5.844,5.515,5.474,6.566,7.757
7.964,6.736,6.687,6.523,5.844,5.515,5.474,6.566,7.757,5.691
6.736,6.687,6.523,5.844,5.515,5.474,6.566,7.757,5.691,4.774
6.687,6.523,5.844,5.515,5.474,6.566,7.757,5.691,4.774,4.715
6.523,5.844,5.515,5.474,6.566,7.757,5.691,4.774,4.715,4.411
5.844,5.515,5.474,6.566,7.757,5.691,4.774,4.715,4.411,3.834
5.515,5.474,6.566,7.757,5.691,4.774,4.715,4.411,3.834,3.598
5.474,6.566,7.757,5.691,4.774,4.715,4.411,3.834,3.598,6.796
6.566,7.757,5.691,4.774,4.715,4.411,3.834,3.598,6.796,7.586
7.757,5.691,4.774,4.715,4.411,3.834,3.598,6.796,7.586,6.092
5.691,4.774,4.715,4.411,3.834,3.598,6.796,7.586,6.092,5.497
4.774,4.715,4.411,3.834,3.598,6.796,7.586,6.092,5.497,4.958
4.715,4.411,3.834,3.598,6.796,7.586,6.092,5.497,4.958,4.525
4.411,3.834,3.598,6.796,7.586,6.092,5.497,4.958,4.525,4.727
3.834,3.598,6.796,7.586,6.092,5.497,4.958,4.525,4.727,4.584
3.598,6.796,7.586,6.092,5.497,4.958,4.525,4.727,4.584,3.913
6.796,7.586,6.092,5.497,4.958,4.525,4.727,4.584,3.913,3.616
7.586,6.092,5.497,4.958,4.525,4.727,4.584,3.913,3.616,5.832
6.092,5.497,4.958,4.525,4.727,4.584,3.913,3.616,5.832,5.529
5.497,4.958,4.525,4.727,4.584,3.913,3.616,5.832,5.529,5.994
4.958,4.525,4.727,4.584,3.913,3.616,5.832,5.529,5.994,4.776
4.525,4.727,4.584,3.913,3.616,5.832,5.529,5.994,4.776,4.078
4.727,4.584,3.913,3.616,5.832,5.529,5.994,4.776,4.078,3.716
4.584,3.913,3.616,5.832,5.529,5.994,4.776,4.078,3.716,3.524
3.913,3.616,5.832,5.529,5.994,4.776,4.078,3.716,3.524,3.413
3.616,5.832,5.529,5.994,4.776,4.078,3.716,3.524,3.413,3.094
5.832,5.529,5.994,4.776,4.078,3.716,3.524,3.413,3.094,2.768
5.529,5.994,4.776,4.078,3.716,3.524,3.413,3.094,2.768,2.435
5.994,4.776,4.078,3.716,3.524,3.413,3.094,2.768,2.435,2.234
4.776,4.078,3.716,3.524,3.413,3.094,2.768,2.435,2.234,2.063
4.078,3.716,3.524,3.413,3.094,2.768,2.435,2.234,2.063,1.962
3.716,3.524,3.413,3.094,2.768,2.435,2.234,2.063,1.962,1.798
3.524,3.413,3.094,2.768,2.435,2.234,2.063,1.962,1.798,1.921
3.413,3.094,2.768,2.435,2.234,2.063,1.962,1.798,1.921,1.786
3.094,2.768,2.435,2.234,2.063,1.962,1.798,1.921,1.786,1.773
2.768,2.435,2.234,2.063,1.962,1.798,1.921,1.786,1.773,1.794
2.435,2.234,2.063,1.962,1.798,1.921,1.786,1.773,1.794,2.652
2.234,2.063,1.962,1.798,1.921,1.786,1.773,1.794,2.652,2.31
2.063,1.962,1.798,1.921,1.786,1.773,1.794,2.652,2.31,1.88
1.962,1.798,1.921,1.786,1.773,1.794,2.652,2.31,1.88,1.775
1.798,1.921,1.786,1.773,1.794,2.652,2.31,1.88,1.775,1.71
1.921,1.786,1.773,1.794,2.652,2.31,1.88,1.775,1.71,1.582
1.786,1.773,1.794,2.652,2.31,1.88,1.775,1.71,1.582,1.532
1.773,1.794,2.652,2.31,1.88,1.775,1.71,1.582,1.532,1.434
1.794,2.652,2.31,1.88,1.775,1.71,1.582,1.532,1.434,1.308
2.652,2.31,1.88,1.775,1.71,1.582,1.532,1.434,1.308,1.207
2.31,1.88,1.775,1.71,1.582,1.532,1.434,1.308,1.207,1.145
1.88,1.775,1.71,1.582,1.532,1.434,1.308,1.207,1.145,1.025
1.775,1.71,1.582,1.532,1.434,1.308,1.207,1.145,1.025,0.985
1.71,1.582,1.532,1.434,1.308,1.207,1.145,1.025,0.985,0.919
1.582,1.532,1.434,1.308,1.207,1.145,1.025,0.985,0.919,0.903
1.532,1.434,1.308,1.207,1.145,1.025,0.985,0.919,0.903,0.843
1.434,1.308,1.207,1.145,1.025,0.985,0.919,0.903,0.843,0.874
1.308,1.207,1.145,1.025,0.985,0.919,0.903,0.843,0.874,1.976
1.207,1.145,1.025,0.985,0.919,0.903,0.843,0.874,1.976,1.497
1.145,1.025,0.985,0.919,0.903,0.843,0.874,1.976,1.497,1.176
1.025,0.985,0.919,0.903,0.843,0.874,1.976,1.497,1.176,1.076
0.985,0.919,0.903,0.843,0.874,1.976,1.497,1.176,1.076,1.125
0.919,0.903,0.843,0.874,1.976,1.497,1.176,1.076,1.125,1.256
0.903,0.843,0.874,1.976,1.497,1.176,1.076,1.125,1.256,1.186
0.843,0.874,1.976,1.497,1.176,1.076,1.125,1.256,1.186,0.979
0.874,1.976,1.497,1.176,1.076,1.125,1.256,1.186,0.979,0.896
1.976,1.497,1.176,1.076,1.125,1.256,1.186,0.979,0.896,0.727
1.497,1.176,1.076,1.125,1.256,1.186,0.979,0.896,0.727,0.767
1.176,1.076,1.125,1.256,1.186,0.979,0.896,0.727,0.767,0.663
1.076,1.125,1.256,1.186,0.979,0.896,0.727,0.767,0.663,1.237
1.125,1.256,1.186,0.979,0.896,0.727,0.767,0.663,1.237,0.986
1.256,1.186,0.979,0.896,0.727,0.767,0.663,1.237,0.986,0.878
1.186,0.979,0.896,0.727,0.767,0.663,1.237,0.986,0.878,0.801
0.979,0.896,0.727,0.767,0.663,1.237,0.986,0.878,0.801,0.713
0.896,0.727,0.767,0.663,1.237,0.986,0.878,0.801,0.713,0.662
0.727,0.767,0.663,1.237,0.986,0.878,0.801,0.713,0.662,0.667
0.767,0.663,1.237,0.986,0.878,0.801,0.713,0.662,0.667,0.625
0.663,1.237,0.986,0.878,0.801,0.713,0.662,0.667,0.625,0.647
1.237,0.986,0.878,0.801,0.713,0.662,0.667,0.625,0.647,1.134
0.986,0.878,0.801,0.713,0.662,0.667,0.625,0.647,1.134,1.065
0.878,0.801,0.713,0.662,0.667,0.625,0.647,1.134,1.065,0.736
0.801,0.713,0.662,0.667,0.625,0.647,1.134,1.065,0.736,0.671
0.713,0.662,0.667,0.625,0.647,1.134,1.065,0.736,0.671,0.596
0.662,0.667,0.625,0.647,1.134,1.065,0.736,0.671,0.596,0.558
0.667,0.625,0.647,1.134,1.065,0.736,0.671,0.596,0.558,0.543
0.625,0.647,1.134,1.065,0.736,0.671,0.596,0.558,0.543,0.531
0.647,1.134,1.065,0.736,0.671,0.596,0.558,0.543,0.531,0.566
1.134,1.065,0.736,0.671,0.596,0.558,0.543,0.531,0.566,0.572
1.065,0.736,0.671,0.596,0.558,0.543,0.531,0.566,0.572,0.528
0.736,0.671,0.596,0.558,0.543,0.531,0.566,0.572,0.528,0.53
0.671,0.596,0.558,0.543,0.531,0.566,0.572,0.528,0.53,0.613
0.596,0.558,0.543,0.531,0.566,0.572,0.528,0.53,0.613,0.559
0.558,0.543,0.531,0.566,0.572,0.528,0.53,0.613,0.559,0.524
0.543,0.531,0.566,0.572,0.528,0.53,0.613,0.559,0.524,0.504
0.531,0.566,0.572,0.528,0.53,0.613,0.559,0.524,0.504,0.443
0.566,0.572,0.528,0.53,0.613,0.559,0.524,0.504,0.443,0.456
0.572,0.528,0.53,0.613,0.559,0.524,0.504,0.443,0.456,0.74
0.528,0.53,0.613,0.559,0.524,0.504,0.443,0.456,0.74,0.827
0.53,0.613,0.559,0.524,0.504,0.443,0.456,0.74,0.827,0.599
0.613,0.559,0.524,0.504,0.443,0.456,0.74,0.827,0.599,0.486
0.559,0.524,0.504,0.443,0.456,0.74,0.827,0.599,0.486,0.543
0.524,0.504,0.443,0.456,0.74,0.827,0.599,0.486,0.543,0.509
0.504,0.443,0.456,0.74,0.827,0.599,0.486,0.543,0.509,0.623
0.443,0.456,0.74,0.827,0.599,0.486,0.543,0.509,0.623,0.573
0.456,0.74,0.827,0.599,0.486,0.543,0.509,0.623,0.573,0.485
0.74,0.827,0.599,0.486,0.543,0.509,0.623,0.573,0.485,0.628
0.827,0.599,0.486,0.543,0.509,0.623,0.573,0.485,0.628,0.735
0.599,0.486,0.543,0.509,0.623,0.573,0.485,0.628,0.735,0.602
0.486,0.543,0.509,0.623,0.573,0.485,0.628,0.735,0.602,0.542
0.543,0.509,0.623,0.573,0.485,0.628,0.735,0.602,0.542,0.541
0.509,0.623,0.573,0.485,0.628,0.735,0.602,0.542,0.541,0.452
0.623,0.573,0.485,0.628,0.735,0.602,0.542,0.541,0.452,0.434
0.573,0.485,0.628,0.735,0.602,0.542,0.541,0.452,0.434,0.402
0.485,0.628,0.735,0.602,0.542,0.541,0.452,0.434,0.402,0.41
0.628,0.735,0.602,0.542,0.541,0.452,0.434,0.402,0.41,0.404
0.735,0.602,0.542,0.541,0.452,0.434,0.402,0.41,0.404,0.389
0.602,0.542,0.541,0.452,0.434,0.402,0.41,0.404,0.389,0.405
0.542,0.541,0.452,0.434,0.402,0.41,0.404,0.389,0.405,0.368
0.541,0.452,0.434,0.402,0.41,0.404,0.389,0.405,0.368,0.39
0.452,0.434,0.402,0.41,0.404,0.389,0.405,0.368,0.39,0.439
0.434,0.402,0.41,0.404,0.389,0.405,0.368,0.39,0.439,0.366
0.402,0.41,0.404,0.389,0.405,0.368,0.39,0.439,0.366,0.336
0.41,0.404,0.389,0.405,0.368,0.39,0.439,0.366,0.336,0.538
0.404,0.389,0.405,0.368,0.39,0.439,0.366,0.336,0.538,0.519
0.389,0.405,0.368,0.39,0.439,0.366,0.336,0.538,0.519,0.453
0.405,0.368,0.39,0.439,0.366,0.336,0.538,0.519,0.453,0.499
0.368,0.39,0.439,0.366,0.336,0.538,0.519,0.453,0.499,0.743
0.39,0.439,0.366,0.336,0.538,0.519,0.453,0.499,0.743,0.532
0.439,0.366,0.336,0.538,0.519,0.453,0.499,0.743,0.532,0.485
0.366,0.336,0.538,0.519,0.453,0.499,0.743,0.532,0.485,0.874
0.336,0.538,0.519,0.453,0.499,0.743,0.532,0.485,0.874,0.948
0.538,0.519,0.453,0.499,0.743,0.532,0.485,0.874,0.948,0.601
0.519,0.453,0.499,0.743,0.532,0.485,0.874,0.948,0.601,0.569
0.453,0.499,0.743,0.532,0.485,0.874,0.948,0.601,0.569,0.402
0.499,0.743,0.532,0.485,0.874,0.948,0.601,0.569,0.402,0.439
0.743,0.532,0.485,0.874,0.948,0.601,0.569,0.402,0.439,0.366
0.532,0.485,0.874,0.948,0.601,0.569,0.402,0.439,0.366,0.45
0.485,0.874,0.948,0.601,0.569,0.402,0.439,0.366,0.45,0.564
0.874,0.948,0.601,0.569,0.402,0.439,0.366,0.45,0.564,0.508
0.948,0.601,0.569,0.402,0.439,0.366,0.45,0.564,0.508,0.47
0.601,0.569,0.402,0.439,0.366,0.45,0.564,0.508,0.47,0.471
0.569,0.402,0.439,0.366,0.45,0.564,0.508,0.47,0.471,0.455
0.402,0.439,0.366,0.45,0.564,0.508,0.47,0.471,0.455,0.369
0.439,0.366,0.45,0.564,0.508,0.47,0.471,0.455,0.369,0.402
0.366,0.45,0.564,0.508,0.47,0.471,0.455,0.369,0.402,0.402
0.45,0.564,0.508,0.47,0.471,0.455,0.369,0.402,0.402,0.356
0.564,0.508,0.47,0.471,0.455,0.369,0.402,0.402,0.356,0.599
0.508,0.47,0.471,0.455,0.369,0.402,0.402,0.356,0.599,0.584
0.47,0.471,0.455,0.369,0.402,0.402,0.356,0.599,0.584,0.49
0.471,0.455,0.369,0.402,0.402,0.356,0.599,0.584,0.49,0.557
0.455,0.369,0.402,0.402,0.356,0.599,0.584,0.49,0.557,0.745
0.369,0.402,0.402,0.356,0.599,0.584,0.49,0.557,0.745,0.611
0.402,0.402,0.356,0.599,0.584,0.49,0.557,0.745,0.611,0.636
0.402,0.356,0.599,0.584,0.49,0.557,0.745,0.611,0.636,0.654
0.356,0.599,0.584,0.49,0.557,0.745,0.611,0.636,0.654,0.506
0.599,0.584,0.49,0.557,0.745,0.611,0.636,0.654,0.506,0.45
0.584,0.49,0.557,0.745,0.611,0.636,0.654,0.506,0.45,0.492
0.49,0.557,0.745,0.611,0.636,0.654,0.506,0.45,0.492,0.425
0.557,0.745,0.611,0.636,0.654,0.506,0.45,0.492,0.425,0.326
0.745,0.611,0.636,0.654,0.506,0.45,0.492,0.425,0.326,0.397
0.611,0.636,0.654,0.506,0.45,0.492,0.425,0.326,0.397,0.434
0.636,0.654,0.506,0.45,0.492,0.425,0.326,0.397,0.434,0.507
0.654,0.506,0.45,0.492,0.425,0.326,0.397,0.434,0.507,0.448
0.506,0.45,0.492,0.425,0.326,0.397,0.434,0.507,0.448,0.455
0.45,0.492,0.425,0.326,0.397,0.434,0.507,0.448,0.455,0.44
0.492,0.425,0.326,0.397,0.434,0.507,0.448,0.455,0.44,0.467
0.425,0.326,0.397,0.434,0.507,0.448,0.455,0.44,0.467,0.517
0.326,0.397,0.434,0.507,0.448,0.455,0.44,0.467,0.517,0.562
0.397,0.434,0.507,0.448,0.455,0.44,0.467,0.517,0.562,0.542
0.434,0.507,0.448,0.455,0.44,0.467,0.517,0.562,0.542,0.569
0.507,0.448,0.455,0.44,0.467,0.517,0.562,0.542,0.569,0.602
0.448,0.455,0.44,0.467,0.517,0.562,0.542,0.569,0.602,0.603
0.455,0.44,0.467,0.517,0.562,0.542,0.569,0.602,0.603,0.648
0.44,0.467,0.517,0.562,0.542,0.569,0.602,0.603,0.648,0.575
0.467,0.517,0.562,0.542,0.569,0.602,0.603,0.648,0.575,0.657
0.517,0.562,0.542,0.569,0.602,0.603,0.648,0.575,0.657,0.696
0.562,0.542,0.569,0.602,0.603,0.648,0.575,0.657,0.696,0.693
0.542,0.569,0.602,0.603,0.648,0.575,0.657,0.696,0.693,0.731
0.569,0.602,0.603,0.648,0.575,0.657,0.696,0.693,0.731,0.769
0.602,0.603,0.648,0.575,0.657,0.696,0.693,0.731,0.769,0.734
0.603,0.648,0.575,0.657,0.696,0.693,0.731,0.769,0.734,0.743
0.648,0.575,0.657,0.696,0.693,0.731,0.769,0.734,0.743,0.745
0.575,0.657,0.696,0.693,0.731,0.769,0.734,0.743,0.745,0.988
0.657,0.696,0.693,0.731,0.769,0.734,0.743,0.745,0.988,0.857
0.696,0.693,0.731,0.769,0.734,0.743,0.745,0.988,0.857,0.835
0.693,0.731,0.769,0.734,0.743,0.745,0.988,0.857,0.835,0.735
0.731,0.769,0.734,0.743,0.745,0.988,0.857,0.835,0.735,0.645
0.769,0.734,0.743,0.745,0.988,0.857,0.835,0.735,0.645,0.565
0.734,0.743,0.745,0.988,0.857,0.835,0.735,0.645,0.565,0.698
0.743,0.745,0.988,0.857,0.835,0.735,0.645,0.565,0.698,0.61
0.745,0.988,0.857,0.835,0.735,0.645,0.565,0.698,0.61,0.684
0.988,0.857,0.835,0.735,0.645,0.565,0.698,0.61,0.684,0.729
0.857,0.835,0.735,0.645,0.565,0.698,0.61,0.684,0.729,1.269
0.835,0.735,0.645,0.565,0.698,0.61,0.684,0.729,1.269,0.949
0.735,0.645,0.565,0.698,0.61,0.684,0.729,1.269,0.949,0.825
0.645,0.565,0.698,0.61,0.684,0.729,1.269,0.949,0.825,0.79
0.565,0.698,0.61,0.684,0.729,1.269,0.949,0.825,0.79,0.822
0.698,0.61,0.684,0.729,1.269,0.949,0.825,0.79,0.822,0.919
0.61,0.684,0.729,1.269,0.949,0.825,0.79,0.822,0.919,1.13
0.684,0.729,1.269,0.949,0.825,0.79,0.822,0.919,1.13,0.967
0.729,1.269,0.949,0.825,0.79,0.822,0.919,1.13,0.967,0.89
1.269,0.949,0.825,0.79,0.822,0.919,1.13,0.967,0.89,0.843
0.949,0.825,0.79,0.822,0.919,1.13,0.967,0.89,0.843,0.761
0.825,0.79,0.822,0.919,1.13,0.967,0.89,0.843,0.761,0.901
0.79,0.822,0.919,1.13,0.967,0.89,0.843,0.761,0.901,1.678
0.822,0.919,1.13,0.967,0.89,0.843,0.761,0.901,1.678,3.153
0.919,1.13,0.967,0.89,0.843,0.761,0.901,1.678,3.153,1.878
1.13,0.967,0.89,0.843,0.761,0.901,1.678,3.153,1.878,1.345
0.967,0.89,0.843,0.761,0.901,1.678,3.153,1.878,1.345,1.199
0.89,0.843,0.761,0.901,1.678,3.153,1.878,1.345,1.199,1.041
0.843,0.761,0.901,1.678,3.153,1.878,1.345,1.199,1.041,0.953
0.761,0.901,1.678,3.153,1.878,1.345,1.199,1.041,0.953,1.067
0.901,1.678,3.153,1.878,1.345,1.199,1.041,0.953,1.067,1.029
1.678,3.153,1.878,1.345,1.199,1.041,0.953,1.067,1.029,0.924
3.153,1.878,1.345,1.199,1.041,0.953,1.067,1.029,0.924,0.873
1.878,1.345,1.199,1.041,0.953,1.067,1.029,0.924,0.873,0.855
1.345,1.199,1.041,0.953,1.067,1.029,0.924,0.873,0.855,0.841
1.199,1.041,0.953,1.067,1.029,0.924,0.873,0.855,0.841,0.834
1.041,0.953,1.067,1.029,0.924,0.873,0.855,0.841,0.834,0.786
0.953,1.067,1.029,0.924,0.873,0.855,0.841,0.834,0.786,0.848
1.067,1.029,0.924,0.873,0.855,0.841,0.834,0.786,0.848,0.783
1.029,0.924,0.873,0.855,0.841,0.834,0.786,0.848,0.783,0.867
0.924,0.873,0.855,0.841,0.834,0.786,0.848,0.783,0.867,0.979
0.873,0.855,0.841,0.834,0.786,0.848,0.783,0.867,0.979,1.14
0.855,0.841,0.834,0.786,0.848,0.783,0.867,0.979,1.14,0.947
0.841,0.834,0.786,0.848,0.783,0.867,0.979,1.14,0.947,0.911
0.834,0.786,0.848,0.783,0.867,0.979,1.14,0.947,0.911,1.081
0.786,0.848,0.783,0.867,0.979,1.14,0.947,0.911,1.081,2.502
0.848,0.783,0.867,0.979,1.14,0.947,0.911,1.081,2.502,1.928
0.783,0.867,0.979,1.14,0.947,0.911,1.081,2.502,1.928,1.431
0.867,0.979,1.14,0.947,0.911,1.081,2.502,1.928,1.431,1.346
0.979,1.14,0.947,0.911,1.081,2.502,1.928,1.431,1.346,1.257
1.14,0.947,0.911,1.081,2.502,1.928,1.431,1.346,1.257,1.126
0.947,0.911,1.081,2.502,1.928,1.431,1.346,1.257,1.126,1.151
0.911,1.081,2.502,1.928,1.431,1.346,1.257,1.126,1.151,1.114
1.081,2.502,1.928,1.431,1.346,1.257,1.126,1.151,1.114,1.034
2.502,1.928,1.431,1.346,1.257,1.126,1.151,1.114,1.034,1.072
1.928,1.431,1.346,1.257,1.126,1.151,1.114,1.034,1.072,1.029
1.431,1.346,1.257,1.126,1.151,1.114,1.034,1.072,1.029,1.015
1.346,1.257,1.126,1.151,1.114,1.034,1.072,1.029,1.015,1.06
1.257,1.126,1.151,1.114,1.034,1.072,1.029,1.015,1.06,0.99
1.126,1.151,1.114,1.034,1.072,1.029,1.015,1.06,0.99,1.119
1.151,1.114,1.034,1.072,1.029,1.015,1.06,0.99,1.119,1.465
1.114,1.034,1.072,1.029,1.015,1.06,0.99,1.119,1.465,1.733
1.034,1.072,1.029,1.015,1.06,0.99,1.119,1.465,1.733,1.536
1.072,1.029,1.015,1.06,0.99,1.119,1.465,1.733,1.536,1.391
1.029,1.015,1.06,0.99,1.119,1.465,1.733,1.536,1.391,1.306
1.015,1.06,0.99,1.119,1.465,1.733,1.536,1.391,1.306,1.322
1.06,0.99,1.119,1.465,1.733,1.536,1.391,1.306,1.322,1.239
0.99,1.119,1.465,1.733,1.536,1.391,1.306,1.322,1.239,1.253
1.119,1.465,1.733,1.536,1.391,1.306,1.322,1.239,1.253,1.217
1.465,1.733,1.536,1.391,1.306,1.322,1.239,1.253,1.217,1.395
1.733,1.536,1.391,1.306,1.322,1.239,1.253,1.217,1.395,1.797
1.536,1.391,1.306,1.322,1.239,1.253,1.217,1.395,1.797,2.158
1.391,1.306,1.322,1.239,1.253,1.217,1.395,1.797,2.158,2.174
1.306,1.322,1.239,1.253,1.217,1.395,1.797,2.158,2.174,1.983
1.322,1.239,1.253,1.217,1.395,1.797,2.158,2.174,1.983,2.262
1.239,1.253,1.217,1.395,1.797,2.158,2.174,1.983,2.262,3.752
1.253,1.217,1.395,1.797,2.158,2.174,1.983,2.262,3.752,7.419
1.217,1.395,1.797,2.158,2.174,1.983,2.262,3.752,7.419,5.814
1.395,1.797,2.158,2.174,1.983,2.262,3.752,7.419,5.814,4.604
1.797,2.158,2.174,1.983,2.262,3.752,7.419,5.814,4.604,4.116
2.158,2.174,1.983,2.262,3.752,7.419,5.814,4.604,4.116,3.391
2.174,1.983,2.262,3.752,7.419,5.814,4.604,4.116,3.391,2.897
1.983,2.262,3.752,7.419,5.814,4.604,4.116,3.391,2.897,2.129
2.262,3.752,7.419,5.814,4.604,4.116,3.391,2.897,2.129,1.574
3.752,7.419,5.814,4.604,4.116,3.391,2.897,2.129,1.574,1.261
7.419,5.814,4.604,4.116,3.391,2.897,2.129,1.574,1.261,1.273
5.814,4.604,4.116,3.391,2.897,2.129,1.574,1.261,1.273,1.115
4.604,4.116,3.391,2.897,2.129,1.574,1.261,1.273,1.115,1.459
4.116,3.391,2.897,2.129,1.574,1.261,1.273,1.115,1.459,1.14
3.391,2.897,2.129,1.574,1.261,1.273,1.115,1.459,1.14,1.296
2.897,2.129,1.574,1.261,1.273,1.115,1.459,1.14,1.296,1.452
2.129,1.574,1.261,1.273,1.115,1.459,1.14,1.296,1.452,1.319
1.574,1.261,1.273,1.115,1.459,1.14,1.296,1.452,1.319,1.156
1.261,1.273,1.115,1.459,1.14,1.296,1.452,1.319,1.156,1.037
1.273,1.115,1.459,1.14,1.296,1.452,1.319,1.156,1.037,0.929
1.115,1.459,1.14,1.296,1.452,1.319,1.156,1.037,0.929,1.044
1.459,1.14,1.296,1.452,1.319,1.156,1.037,0.929,1.044,1.014
1.14,1.296,1.452,1.319,1.156,1.037,0.929,1.044,1.014,0.966
1.296,1.452,1.319,1.156,1.037,0.929,1.044,1.014,0.966,0.93
1.452,1.319,1.156,1.037,0.929,1.044,1.014,0.966,0.93,0.919
1.319,1.156,1.037,0.929,1.044,1.014,0.966,0.93,0.919,1.014
1.156,1.037,0.929,1.044,1.014,0.966,0.93,0.919,1.014,1.056
1.037,0.929,1.044,1.014,0.966,0.93,0.919,1.014,1.056,1.096
0.929,1.044,1.014,0.966,0.93,0.919,1.014,1.056,1.096,1.082
1.044,1.014,0.966,0.93,0.919,1.014,1.056,1.096,1.082,1.147
1.014,0.966,0.93,0.919,1.014,1.056,1.096,1.082,1.147,1.187
0.966,0.93,0.919,1.014,1.056,1.096,1.082,1.147,1.187,1.205
0.93,0.919,1.014,1.056,1.096,1.082,1.147,1.187,1.205,1.069
0.919,1.014,1.056,1.096,1.082,1.147,1.187,1.205,1.069,1.134
1.014,1.056,1.096,1.082,1.147,1.187,1.205,1.069,1.134,1.193
1.056,1.096,1.082,1.147,1.187,1.205,1.069,1.134,1.193,1.119
1.096,1.082,1.147,1.187,1.205,1.069,1.134,1.193,1.119,1.046
1.082,1.147,1.187,1.205,1.069,1.134,1.193,1.119,1.046,1.05
1.147,1.187,1.205,1.069,1.134,1.193,1.119,1.046,1.05,0.976
1.187,1.205,1.069,1.134,1.193,1.119,1.046,1.05,0.976,0.953
1.205,1.069,1.134,1.193,1.119,1.046,1.05,0.976,0.953,0.93
1.069,1.134,1.193,1.119,1.046,1.05,0.976,0.953,0.93,0.951
1.134,1.193,1.119,1.046,1.05,0.976,0.953,0.93,0.951,0.963
1.193,1.119,1.046,1.05,0.976,0.953,0.93,0.951,0.963,1.006
1.119,1.046,1.05,0.976,0.953,0.93,0.951,0.963,1.006,0.935
1.046,1.05,0.976,0.953,0.93,0.951,0.963,1.006,0.935,1.014
1.05,0.976,0.953,0.93,0.951,0.963,1.006,0.935,1.014,0.968
0.976,0.953,0.93,0.951,0.963,1.006,0.935,1.014,0.968,0.954
0.953,0.93,0.951,0.963,1.006,0.935,1.014,0.968,0.954,0.977
0.93,0.951,0.963,1.006,0.935,1.014,0.968,0.954,0.977,0.895
0.951,0.963,1.006,0.935,1.014,0.968,0.954,0.977,0.895,0.892
0.963,1.006,0.935,1.014,0.968,0.954,0.977,0.895,0.892,1.017
1.006,0.935,1.014,0.968,0.954,0.977,0.895,0.892,1.017,0.991
0.935,1.014,0.968,0.954,0.977,0.895,0.892,1.017,0.991,0.982
1.014,0.968,0.954,0.977,0.895,0.892,1.017,0.991,0.982,0.865
0.968,0.954,0.977,0.895,0.892,1.017,0.991,0.982,0.865,0.982
0.954,0.977,0.895,0.892,1.017,0.991,0.982,0.865,0.982,0.859
0.977,0.895,0.892,1.017,0.991,0.982,0.865,0.982,0.859,1.067
0.895,0.892,1.017,0.991,0.982,0.865,0.982,0.859,1.067,0.896
0.892,1.017,0.991,0.982,0.865,0.982,0.859,1.067,0.896,0.856
1.017,0.991,0.982,0.865,0.982,0.859,1.067,0.896,0.856,1.036
0.991,0.982,0.865,0.982,0.859,1.067,0.896,0.856,1.036,0.906
0.982,0.865,0.982,0.859,1.067,0.896,0.856,1.036,0.906,0.978
0.865,0.982,0.859,1.067,0.896,0.856,1.036,0.906,0.978,0.987
0.982,0.859,1.067,0.896,0.856,1.036,0.906,0.978,0.987,1.048
0.859,1.067,0.896,0.856,1.036,0.906,0.978,0.987,1.048,1.028
1.067,0.896,0.856,1.036,0.906,0.978,0.987,1.048,1.028,1.005
0.896,0.856,1.036,0.906,0.978,0.987,1.048,1.028,1.005,1.174
0.856,1.036,0.906,0.978,0.987,1.048,1.028,1.005,1.174,1.917
1.036,0.906,0.978,0.987,1.048,1.028,1.005,1.174,1.917,5.345
0.906,0.978,0.987,1.048,1.028,1.005,1.174,1.917,5.345,6.795
0.978,0.987,1.048,1.028,1.005,1.174,1.917,5.345,6.795,7.055
0.987,1.048,1.028,1.005,1.174,1.917,5.345,6.795,7.055,8.804
1.048,1.028,1.005,1.174,1.917,5.345,6.795,7.055,8.804,7.546
1.028,1.005,1.174,1.917,5.345,6.795,7.055,8.804,7.546,14.12
1.005,1.174,1.917,5.345,6.795,7.055,8.804,7.546,14.12,15.915
1.174,1.917,5.345,6.795,7.055,8.804,7.546,14.12,15.915,11.106
1.917,5.345,6.795,7.055,8.804,7.546,14.12,15.915,11.106,8.367
5.345,6.795,7.055,8.804,7.546,14.12,15.915,11.106,8.367,9.123
6.795,7.055,8.804,7.546,14.12,15.915,11.106,8.367,9.123,7.461
7.055,8.804,7.546,14.12,15.915,11.106,8.367,9.123,7.461,6.716
8.804,7.546,14.12,15.915,11.106,8.367,9.123,7.461,6.716,6.024
7.546,14.12,15.915,11.106,8.367,9.123,7.461,6.716,6.024,8.711
14.12,15.915,11.106,8.367,9.123,7.461,6.716,6.024,8.711,8.719
15.915,11.106,8.367,9.123,7.461,6.716,6.024,8.711,8.719,13.972
11.106,8.367,9.123,7.461,6.716,6.024,8.711,8.719,13.972,15.583
8.367,9.123,7.461,6.716,6.024,8.711,8.719,13.972,15.583,13.056
9.123,7.461,6.716,6.024,8.711,8.719,13.972,15.583,13.056,10.344
7.461,6.716,6.024,8.711,8.719,13.972,15.583,13.056,10.344,8.102
6.716,6.024,8.711,8.719,13.972,15.583,13.056,10.344,8.102,6.384
6.024,8.711,8.719,13.972,15.583,13.056,10.344,8.102,6.384,5.489
8.711,8.719,13.972,15.583,13.056,10.344,8.102,6.384,5.489,5.033
8.719,13.972,15.583,13.056,10.344,8.102,6.384,5.489,5.033,5.606
13.972,15.583,13.056,10.344,8.102,6.384,5.489,5.033,5.606,6.104
15.583,13.056,10.344,8.102,6.384,5.489,5.033,5.606,6.104,5.221
13.056,10.344,8.102,6.384,5.489,5.033,5.606,6.104,5.221,5.247
10.344,8.102,6.384,5.489,5.033,5.606,6.104,5.221,5.247,10.66
8.102,6.384,5.489,5.033,5.606,6.104,5.221,5.247,10.66,12.175
6.384,5.489,5.033,5.606,6.104,5.221,5.247,10.66,12.175,12.24
5.489,5.033,5.606,6.104,5.221,5.247,10.66,12.175,12.24,9.715
5.033,5.606,6.104,5.221,5.247,10.66,12.175,12.24,9.715,8.7
5.606,6.104,5.221,5.247,10.66,12.175,12.24,9.715,8.7,8.329
6.104,5.221,5.247,10.66,12.175,12.24,9.715,8.7,8.329,11.255
5.221,5.247,10.66,12.175,12.24,9.715,8.7,8.329,11.255,10.881
5.247,10.66,12.175,12.24,9.715,8.7,8.329,11.255,10.881,9.919
10.66,12.175,12.24,9.715,8.7,8.329,11.255,10.881,9.919,9.411
12.175,12.24,9.715,8.7,8.329,11.255,10.881,9.919,9.411,10.077
12.24,9.715,8.7,8.329,11.255,10.881,9.919,9.411,10.077,8.565
9.715,8.7,8.329,11.255,10.881,9.919,9.411,10.077,8.565,7.068
8.7,8.329,11.255,10.881,9.919,9.411,10.077,8.565,7.068,6.005
8.329,11.255,10.881,9.919,9.411,10.077,8.565,7.068,6.005,5.184
11.255,10.881,9.919,9.411,10.077,8.565,7.068,6.005,5.184,4.663
10.881,9.919,9.411,10.077,8.565,7.068,6.005,5.184,4.663,3.8
9.919,9.411,10.077,8.565,7.068,6.005,5.184,4.663,3.8,2.85
9.411,10.077,8.565,7.068,6.005,5.184,4.663,3.8,2.85,2.25
10.077,8.565,7.068,6.005,5.184,4.663,3.8,2.85,2.25,1.945
8.565,7.068,6.005,5.184,4.663,3.8,2.85,2.25,1.945,1.816
7.068,6.005,5.184,4.663,3.8,2.85,2.25,1.945,1.816,12.943
6.005,5.184,4.663,3.8,2.85,2.25,1.945,1.816,12.943,11.525
5.184,4.663,3.8,2.85,2.25,1.945,1.816,12.943,11.525,9.85
4.663,3.8,2.85,2.25,1.945,1.816,12.943,11.525,9.85,5.631
3.8,2.85,2.25,1.945,1.816,12.943,11.525,9.85,5.631,3.886
2.85,2.25,1.945,1.816,12.943,11.525,9.85,5.631,3.886,3.217
2.25,1.945,1.816,12.943,11.525,9.85,5.631,3.886,3.217,2.918
1.945,1.816,12.943,11.525,9.85,5.631,3.886,3.217,2.918,2.372
1.816,12.943,11.525,9.85,5.631,3.886,3.217,2.918,2.372,2.229
12.943,11.525,9.85,5.631,3.886,3.217,2.918,2.372,2.229,1.889
11.525,9.85,5.631,3.886,3.217,2.918,2.372,2.229,1.889,1.804
9.85,5.631,3.886,3.217,2.918,2.372,2.229,1.889,1.804,1.616
5.631,3.886,3.217,2.918,2.372,2.229,1.889,1.804,1.616,2.676
3.886,3.217,2.918,2.372,2.229,1.889,1.804,1.616,2.676,3.723
3.217,2.918,2.372,2.229,1.889,1.804,1.616,2.676,3.723,2.982
2.918,2.372,2.229,1.889,1.804,1.616,2.676,3.723,2.982,2.352
2.372,2.229,1.889,1.804,1.616,2.676,3.723,2.982,2.352,1.916
2.229,1.889,1.804,1.616,2.676,3.723,2.982,2.352,1.916,1.796
1.889,1.804,1.616,2.676,3.723,2.982,2.352,1.916,1.796,1.694
1.804,1.616,2.676,3.723,2.982,2.352,1.916,1.796,1.694,3.918
1.616,2.676,3.723,2.982,2.352,1.916,1.796,1.694,3.918,3.043
2.676,3.723,2.982,2.352,1.916,1.796,1.694,3.918,3.043,2.284
3.723,2.982,2.352,1.916,1.796,1.694,3.918,3.043,2.284,1.99
2.982,2.352,1.916,1.796,1.694,3.918,3.043,2.284,1.99,1.91
2.352,1.916,1.796,1.694,3.918,3.043,2.284,1.99,1.91,3.025
1.916,1.796,1.694,3.918,3.043,2.284,1.99,1.91,3.025,2.633
1.796,1.694,3.918,3.043,2.284,1.99,1.91,3.025,2.633,2.104
1.694,3.918,3.043,2.284,1.99,1.91,3.025,2.633,2.104,1.884
3.918,3.043,2.284,1.99,1.91,3.025,2.633,2.104,1.884,1.657
3.043,2.284,1.99,1.91,3.025,2.633,2.104,1.884,1.657,1.637
2.284,1.99,1.91,3.025,2.633,2.104,1.884,1.657,1.637,1.476
1.99,1.91,3.025,2.633,2.104,1.884,1.657,1.637,1.476,1.334
1.91,3.025,2.633,2.104,1.884,1.657,1.637,1.476,1.334,1.29
3.025,2.633,2.104,1.884,1.657,1.637,1.476,1.334,1.29,1.165
2.633,2.104,1.884,1.657,1.637,1.476,1.334,1.29,1.165,1.039
2.104,1.884,1.657,1.637,1.476,1.334,1.29,1.165,1.039,1.03
1.884,1.657,1.637,1.476,1.334,1.29,1.165,1.039,1.03,0.952
1.657,1.637,1.476,1.334,1.29,1.165,1.039,1.03,0.952,0.812
1.637,1.476,1.334,1.29,1.165,1.039,1.03,0.952,0.812,0.646
1.476,1.334,1.29,1.165,1.039,1.03,0.952,0.812,0.646,0.838
1.334,1.29,1.165,1.039,1.03,0.952,0.812,0.646,0.838,1.385
1.29,1.165,1.039,1.03,0.952,0.812,0.646,0.838,1.385,1.069
1.165,1.039,1.03,0.952,0.812,0.646,0.838,1.385,1.069,1.001
1.039,1.03,0.952,0.812,0.646,0.838,1.385,1.069,1.001,0.96
1.03,0.952,0.812,0.646,0.838,1.385,1.069,1.001,0.96,0.887
0.952,0.812,0.646,0.838,1.385,1.069,1.001,0.96,0.887,0.866
0.812,0.646,0.838,1.385,1.069,1.001,0.96,0.887,0.866,0.786
0.646,0.838,1.385,1.069,1.001,0.96,0.887,0.866,0.786,0.818
0.838,1.385,1.069,1.001,0.96,0.887,0.866,0.786,0.818,0.719
1.385,1.069,1.001,0.96,0.887,0.866,0.786,0.818,0.719,0.636
1.069,1.001,0.96,0.887,0.866,0.786,0.818,0.719,0.636,0.636
1.001,0.96,0.887,0.866,0.786,0.818,0.719,0.636,0.636,0.841
0.96,0.887,0.866,0.786,0.818,0.719,0.636,0.636,0.841,0.984
0.887,0.866,0.786,0.818,0.719,0.636,0.636,0.841,0.984,0.803
0.866,0.786,0.818,0.719,0.636,0.636,0.841,0.984,0.803,0.624
0.786,0.818,0.719,0.636,0.636,0.841,0.984,0.803,0.624,0.85
0.818,0.719,0.636,0.636,0.841,0.984,0.803,0.624,0.85,0.912
0.719,0.636,0.636,0.841,0.984,0.803,0.624,0.85,0.912,0.837
0.636,0.636,0.841,0.984,0.803,0.624,0.85,0.912,0.837,0.688
0.636,0.841,0.984,0.803,0.624,0.85,0.912,0.837,0.688,0.605
0.841,0.984,0.803,0.624,0.85,0.912,0.837,0.688,0.605,0.782
0.984,0.803,0.624,0.85,0.912,0.837,0.688,0.605,0.782,0.767
0.803,0.624,0.85,0.912,0.837,0.688,0.605,0.782,0.767,0.577
0.624,0.85,0.912,0.837,0.688,0.605,0.782,0.767,0.577,0.621
0.85,0.912,0.837,0.688,0.605,0.782,0.767,0.577,0.621,0.571
0.912,0.837,0.688,0.605,0.782,0.767,0.577,0.621,0.571,0.544
0.837,0.688,0.605,0.782,0.767,0.577,0.621,0.571,0.544,0.555
0.688,0.605,0.782,0.767,0.577,0.621,0.571,0.544,0.555,0.569
0.605,0.782,0.767,0.577,0.621,0.571,0.544,0.555,0.569,0.617
0.782,0.767,0.577,0.621,0.571,0.544,0.555,0.569,0.617,0.678
0.767,0.577,0.621,0.571,0.544,0.555,0.569,0.617,0.678,0.636
0.577,0.621,0.571,0.544,0.555,0.569,0.617,0.678,0.636,0.592
0.621,0.571,0.544,0.555,0.569,0.617,0.678,0.636,0.592,0.512
0.571,0.544,0.555,0.569,0.617,0.678,0.636,0.592,0.512,0.599
0.544,0.555,0.569,0.617,0.678,0.636,0.592,0.512,0.599,0.594
0.555,0.569,0.617,0.678,0.636,0.592,0.512,0.599,0.594,1.312
0.569,0.617,0.678,0.636,0.592,0.512,0.599,0.594,1.312,1.283
0.617,0.678,0.636,0.592,0.512,0.599,0.594,1.312,1.283,1.159
0.678,0.636,0.592,0.512,0.599,0.594,1.312,1.283,1.159,1.03
0.636,0.592,0.512,0.599,0.594,1.312,1.283,1.159,1.03,0.953
0.592,0.512,0.599,0.594,1.312,1.283,1.159,1.03,0.953,0.962
0.512,0.599,0.594,1.312,1.283,1.159,1.03,0.953,0.962,0.952
0.599,0.594,1.312,1.283,1.159,1.03,0.953,0.962,0.952,0.932
0.594,1.312,1.283,1.159,1.03,0.953,0.962,0.952,0.932,0.914
1.312,1.283,1.159,1.03,0.953,0.962,0.952,0.932,0.914,0.813
1.283,1.159,1.03,0.953,0.962,0.952,0.932,0.914,0.813,0.643
1.159,1.03,0.953,0.962,0.952,0.932,0.914,0.813,0.643,0.741
1.03,0.953,0.962,0.952,0.932,0.914,0.813,0.643,0.741,0.588
0.953,0.962,0.952,0.932,0.914,0.813,0.643,0.741,0.588,0.656
0.962,0.952,0.932,0.914,0.813,0.643,0.741,0.588,0.656,1.114
0.952,0.932,0.914,0.813,0.643,0.741,0.588,0.656,1.114,1.002
0.932,0.914,0.813,0.643,0.741,0.588,0.656,1.114,1.002,1.852
0.914,0.813,0.643,0.741,0.588,0.656,1.114,1.002,1.852,11.393
0.813,0.643,0.741,0.588,0.656,1.114,1.002,1.852,11.393,7.928
0.643,0.741,0.588,0.656,1.114,1.002,1.852,11.393,7.928,6.304
0.741,0.588,0.656,1.114,1.002,1.852,11.393,7.928,6.304,3.953
0.588,0.656,1.114,1.002,1.852,11.393,7.928,6.304,3.953,2.605
0.656,1.114,1.002,1.852,11.393,7.928,6.304,3.953,2.605,2.022
1.114,1.002,1.852,11.393,7.928,6.304,3.953,2.605,2.022,1.654
1.002,1.852,11.393,7.928,6.304,3.953,2.605,2.022,1.654,1.387
1.852,11.393,7.928,6.304,3.953,2.605,2.022,1.654,1.387,1.346
11.393,7.928,6.304,3.953,2.605,2.022,1.654,1.387,1.346,1.061
7.928,6.304,3.953,2.605,2.022,1.654,1.387,1.346,1.061,1.088
6.304,3.953,2.605,2.022,1.654,1.387,1.346,1.061,1.088,0.945
3.953,2.605,2.022,1.654,1.387,1.346,1.061,1.088,0.945,0.899
2.605,2.022,1.654,1.387,1.346,1.061,1.088,0.945,0.899,0.848
2.022,1.654,1.387,1.346,1.061,1.088,0.945,0.899,0.848,0.72
1.654,1.387,1.346,1.061,1.088,0.945,0.899,0.848,0.72,0.822
1.387,1.346,1.061,1.088,0.945,0.899,0.848,0.72,0.822,0.93
1.346,1.061,1.088,0.945,0.899,0.848,0.72,0.822,0.93,0.759
1.061,1.088,0.945,0.899,0.848,0.72,0.822,0.93,0.759,0.687
1.088,0.945,0.899,0.848,0.72,0.822,0.93,0.759,0.687,0.679
0.945,0.899,0.848,0.72,0.822,0.93,0.759,0.687,0.679,0.615
0.899,0.848,0.72,0.822,0.93,0.759,0.687,0.679,0.615,0.527
0.848,0.72,0.822,0.93,0.759,0.687,0.679,0.615,0.527,0.575
0.72,0.822,0.93,0.759,0.687,0.679,0.615,0.527,0.575,0.576
0.822,0.93,0.759,0.687,0.679,0.615,0.527,0.575,0.576,0.59
0.93,0.759,0.687,0.679,0.615,0.527,0.575,0.576,0.59,0.613
0.759,0.687,0.679,0.615,0.527,0.575,0.576,0.59,0.613,0.635
0.687,0.679,0.615,0.527,0.575,0.576,0.59,0.613,0.635,0.561
0.679,0.615,0.527,0.575,0.576,0.59,0.613,0.635,0.561,0.555
0.615,0.527,0.575,0.576,0.59,0.613,0.635,0.561,0.555,0.492
0.527,0.575,0.576,0.59,0.613,0.635,0.561,0.555,0.492,0.532
0.575,0.576,0.59,0.613,0.635,0.561,0.555,0.492,0.532,0.549
0.576,0.59,0.613,0.635,0.561,0.555,0.492,0.532,0.549,0.516
0.59,0.613,0.635,0.561,0.555,0.492,0.532,0.549,0.516,0.481
0.613,0.635,0.561,0.555,0.492,0.532,0.549,0.516,0.481,0.526
0.635,0.561,0.555,0.492,0.532,0.549,0.516,0.481,0.526,0.693
0.561,0.555,0.492,0.532,0.549,0.516,0.481,0.526,0.693,0.563
0.555,0.492,0.532,0.549,0.516,0.481,0.526,0.693,0.563,0.463
0.492,0.532,0.549,0.516,0.481,0.526,0.693,0.563,0.463,0.444
0.532,0.549,0.516,0.481,0.526,0.693,0.563,0.463,0.444,0.439
0.549,0.516,0.481,0.526,0.693,0.563,0.463,0.444,0.439,0.512
0.516,0.481,0.526,0.693,0.563,0.463,0.444,0.439,0.512,0.454
0.481,0.526,0.693,0.563,0.463,0.444,0.439,0.512,0.454,0.415
0.526,0.693,0.563,0.463,0.444,0.439,0.512,0.454,0.415,0.45
0.693,0.563,0.463,0.444,0.439,0.512,0.454,0.415,0.45,0.418
0.563,0.463,0.444,0.439,0.512,0.454,0.415,0.45,0.418,0.458
0.463,0.444,0.439,0.512,0.454,0.415,0.45,0.418,0.458,0.399
0.444,0.439,0.512,0.454,0.415,0.45,0.418,0.458,0.399,0.596
0.439,0.512,0.454,0.415,0.45,0.418,0.458,0.399,0.596,0.564
0.512,0.454,0.415,0.45,0.418,0.458,0.399,0.596,0.564,0.734
0.454,0.415,0.45,0.418,0.458,0.399,0.596,0.564,0.734,0.65
0.415,0.45,0.418,0.458,0.399,0.596,0.564,0.734,0.65,0.535
0.45,0.418,0.458,0.399,0.596,0.564,0.734,0.65,0.535,0.47
0.418,0.458,0.399,0.596,0.564,0.734,0.65,0.535,0.47,0.475
0.458,0.399,0.596,0.564,0.734,0.65,0.535,0.47,0.475,0.442
0.399,0.596,0.564,0.734,0.65,0.535,0.47,0.475,0.442,0.421
0.596,0.564,0.734,0.65,0.535,0.47,0.475,0.442,0.421,0.45
0.564,0.734,0.65,0.535,0.47,0.475,0.442,0.421,0.45,0.4
0.734,0.65,0.535,0.47,0.475,0.442,0.421,0.45,0.4,0.564
0.65,0.535,0.47,0.475,0.442,0.421,0.45,0.4,0.564,0.718
0.535,0.47,0.475,0.442,0.421,0.45,0.4,0.564,0.718,0.588
0.47,0.475,0.442,0.421,0.45,0.4,0.564,0.718,0.588,0.564
0.475,0.442,0.421,0.45,0.4,0.564,0.718,0.588,0.564,0.596
0.442,0.421,0.45,0.4,0.564,0.718,0.588,0.564,0.596,0.462
0.421,0.45,0.4,0.564,0.718,0.588,0.564,0.596,0.462,0.422
0.45,0.4,0.564,0.718,0.588,0.564,0.596,0.462,0.422,0.403
0.4,0.564,0.718,0.588,0.564,0.596,0.462,0.422,0.403,0.399
0.564,0.718,0.588,0.564,0.596,0.462,0.422,0.403,0.399,0.441
0.718,0.588,0.564,0.596,0.462,0.422,0.403,0.399,0.441,0.478
0.588,0.564,0.596,0.462,0.422,0.403,0.399,0.441,0.478,0.438
0.564,0.596,0.462,0.422,0.403,0.399,0.441,0.478,0.438,0.404
0.596,0.462,0.422,0.403,0.399,0.441,0.478,0.438,0.404,0.449
0.462,0.422,0.403,0.399,0.441,0.478,0.438,0.404,0.449,0.468
0.422,0.403,0.399,0.441,0.478,0.438,0.404,0.449,0.468,0.442
0.403,0.399,0.441,0.478,0.438,0.404,0.449,0.468,0.442,0.419
0.399,0.441,0.478,0.438,0.404,0.449,0.468,0.442,0.419,0.451
0.441,0.478,0.438,0.404,0.449,0.468,0.442,0.419,0.451,0.495
0.478,0.438,0.404,0.449,0.468,0.442,0.419,0.451,0.495,0.555
0.438,0.404,0.449,0.468,0.442,0.419,0.451,0.495,0.555,0.505
0.404,0.449,0.468,0.442,0.419,0.451,0.495,0.555,0.505,0.439
0.449,0.468,0.442,0.419,0.451,0.495,0.555,0.505,0.439,0.547
0.468,0.442,0.419,0.451,0.495,0.555,0.505,0.439,0.547,0.508
0.442,0.419,0.451,0.495,0.555,0.505,0.439,0.547,0.508,0.581
0.419,0.451,0.495,0.555,0.505,0.439,0.547,0.508,0.581,0.493
0.451,0.495,0.555,0.505,0.439,0.547,0.508,0.581,0.493,0.592
0.495,0.555,0.505,0.439,0.547,0.508,0.581,0.493,0.592,0.715
0.555,0.505,0.439,0.547,0.508,0.581,0.493,0.592,0.715,1.184
0.505,0.439,0.547,0.508,0.581,0.493,0.592,0.715,1.184,1.43
0.439,0.547,0.508,0.581,0.493,0.592,0.715,1.184,1.43,1.369
0.547,0.508,0.581,0.493,0.592,0.715,1.184,1.43,1.369,1.203
0.508,0.581,0.493,0.592,0.715,1.184,1.43,1.369,1.203,1.284
0.581,0.493,0.592,0.715,1.184,1.43,1.369,1.203,1.284,1.65
0.493,0.592,0.715,1.184,1.43,1.369,1.203,1.284,1.65,1.592
0.592,0.715,1.184,1.43,1.369,1.203,1.284,1.65,1.592,1.464
0.715,1.184,1.43,1.369,1.203,1.284,1.65,1.592,1.464,1.086
1.184,1.43,1.369,1.203,1.284,1.65,1.592,1.464,1.086,1.09
1.43,1.369,1.203,1.284,1.65,1.592,1.464,1.086,1.09,0.943
1.369,1.203,1.284,1.65,1.592,1.464,1.086,1.09,0.943,1.073
1.203,1.284,1.65,1.592,1.464,1.086,1.09,0.943,1.073,1.068
1.284,1.65,1.592,1.464,1.086,1.09,0.943,1.073,1.068,0.927
1.65,1.592,1.464,1.086,1.09,0.943,1.073,1.068,0.927,0.899
1.592,1.464,1.086,1.09,0.943,1.073,1.068,0.927,0.899,0.855
1.464,1.086,1.09,0.943,1.073,1.068,0.927,0.899,0.855,0.798
1.086,1.09,0.943,1.073,1.068,0.927,0.899,0.855,0.798,0.807
1.09,0.943,1.073,1.068,0.927,0.899,0.855,0.798,0.807,0.824
0.943,1.073,1.068,0.927,0.899,0.855,0.798,0.807,0.824,0.81
1.073,1.068,0.927,0.899,0.855,0.798,0.807,0.824,0.81,0.778
1.068,0.927,0.899,0.855,0.798,0.807,0.824,0.81,0.778,1.593
0.927,0.899,0.855,0.798,0.807,0.824,0.81,0.778,1.593,3.497
0.899,0.855,0.798,0.807,0.824,0.81,0.778,1.593,3.497,4.661
0.855,0.798,0.807,0.824,0.81,0.778,1.593,3.497,4.661,3.411
0.798,0.807,0.824,0.81,0.778,1.593,3.497,4.661,3.411,2.215
0.807,0.824,0.81,0.778,1.593,3.497,4.661,3.411,2.215,1.725
0.824,0.81,0.778,1.593,3.497,4.661,3.411,2.215,1.725,1.491
0.81,0.778,1.593,3.497,4.661,3.411,2.215,1.725,1.491,2.393
0.778,1.593,3.497,4.661,3.411,2.215,1.725,1.491,2.393,2.173
1.593,3.497,4.661,3.411,2.215,1.725,1.491,2.393,2.173,1.726
3.497,4.661,3.411,2.215,1.725,1.491,2.393,2.173,1.726,1.539
4.661,3.411,2.215,1.725,1.491,2.393,2.173,1.726,1.539,1.456
3.411,2.215,1.725,1.491,2.393,2.173,1.726,1.539,1.456,1.347
2.215,1.725,1.491,2.393,2.173,1.726,1.539,1.456,1.347,1.346
1.725,1.491,2.393,2.173,1.726,1.539,1.456,1.347,1.346,1.34
1.491,2.393,2.173,1.726,1.539,1.456,1.347,1.346,1.34,1.392
2.393,2.173,1.726,1.539,1.456,1.347,1.346,1.34,1.392,1.33
2.173,1.726,1.539,1.456,1.347,1.346,1.34,1.392,1.33,1.364
1.726,1.539,1.456,1.347,1.346,1.34,1.392,1.33,1.364,1.471
1.539,1.456,1.347,1.346,1.34,1.392,1.33,1.364,1.471,1.296
1.456,1.347,1.346,1.34,1.392,1.33,1.364,1.471,1.296,1.205
1.347,1.346,1.34,1.392,1.33,1.364,1.471,1.296,1.205,1.099
1.346,1.34,1.392,1.33,1.364,1.471,1.296,1.205,1.099,1.646
1.34,1.392,1.33,1.364,1.471,1.296,1.205,1.099,1.646,2.212
1.392,1.33,1.364,1.471,1.296,1.205,1.099,1.646,2.212,1.547
1.33,1.364,1.471,1.296,1.205,1.099,1.646,2.212,1.547,1.411
1.364,1.471,1.296,1.205,1.099,1.646,2.212,1.547,1.411,1.272
1.471,1.296,1.205,1.099,1.646,2.212,1.547,1.411,1.272,1.201
1.296,1.205,1.099,1.646,2.212,1.547,1.411,1.272,1.201,1.175
1.205,1.099,1.646,2.212,1.547,1.411,1.272,1.201,1.175,1.22
1.099,1.646,2.212,1.547,1.411,1.272,1.201,1.175,1.22,1.329
1.646,2.212,1.547,1.411,1.272,1.201,1.175,1.22,1.329,1.226
2.212,1.547,1.411,1.272,1.201,1.175,1.22,1.329,1.226,1.168
1.547,1.411,1.272,1.201,1.175,1.22,1.329,1.226,1.168,1.096
1.411,1.272,1.201,1.175,1.22,1.329,1.226,1.168,1.096,1.379
1.272,1.201,1.175,1.22,1.329,1.226,1.168,1.096,1.379,2.832
1.201,1.175,1.22,1.329,1.226,1.168,1.096,1.379,2.832,2.875
1.175,1.22,1.329,1.226,1.168,1.096,1.379,2.832,2.875,2.677
1.22,1.329,1.226,1.168,1.096,1.379,2.832,2.875,2.677,3.07
1.329,1.226,1.168,1.096,1.379,2.832,2.875,2.677,3.07,6.135
1.226,1.168,1.096,1.379,2.832,2.875,2.677,3.07,6.135,3.454
1.168,1.096,1.379,2.832,2.875,2.677,3.07,6.135,3.454,2.53
1.096,1.379,2.832,2.875,2.677,3.07,6.135,3.454,2.53,2.111
1.379,2.832,2.875,2.677,3.07,6.135,3.454,2.53,2.111,1.86
2.832,2.875,2.677,3.07,6.135,3.454,2.53,2.111,1.86,1.669
2.875,2.677,3.07,6.135,3.454,2.53,2.111,1.86,1.669,1.457
2.677,3.07,6.135,3.454,2.53,2.111,1.86,1.669,1.457,1.373
3.07,6.135,3.454,2.53,2.111,1.86,1.669,1.457,1.373,0.912
6.135,3.454,2.53,2.111,1.86,1.669,1.457,1.373,0.912,1.031
3.454,2.53,2.111,1.86,1.669,1.457,1.373,0.912,1.031,1.357
2.53,2.111,1.86,1.669,1.457,1.373,0.912,1.031,1.357,1.616
2.111,1.86,1.669,1.457,1.373,0.912,1.031,1.357,1.616,1.924
1.86,1.669,1.457,1.373,0.912,1.031,1.357,1.616,1.924,1.927
1.669,1.457,1.373,0.912,1.031,1.357,1.616,1.924,1.927,2.513
1.457,1.373,0.912,1.031,1.357,1.616,1.924,1.927,2.513,2.395
1.373,0.912,1.031,1.357,1.616,1.924,1.927,2.513,2.395,1.821
0.912,1.031,1.357,1.616,1.924,1.927,2.513,2.395,1.821,1.885
1.031,1.357,1.616,1.924,1.927,2.513,2.395,1.821,1.885,1.652
1.357,1.616,1.924,1.927,2.513,2.395,1.821,1.885,1.652,2.859
1.616,1.924,1.927,2.513,2.395,1.821,1.885,1.652,2.859,7.498
1.924,1.927,2.513,2.395,1.821,1.885,1.652,2.859,7.498,6.802
1.927,2.513,2.395,1.821,1.885,1.652,2.859,7.498,6.802,5.269
2.513,2.395,1.821,1.885,1.652,2.859,7.498,6.802,5.269,4.151
2.395,1.821,1.885,1.652,2.859,7.498,6.802,5.269,4.151,3.431
1.821,1.885,1.652,2.859,7.498,6.802,5.269,4.151,3.431,2.876
1.885,1.652,2.859,7.498,6.802,5.269,4.151,3.431,2.876,2.76
1.652,2.859,7.498,6.802,5.269,4.151,3.431,2.876,2.76,2.434
2.859,7.498,6.802,5.269,4.151,3.431,2.876,2.76,2.434,2.453
7.498,6.802,5.269,4.151,3.431,2.876,2.76,2.434,2.453,2.308
6.802,5.269,4.151,3.431,2.876,2.76,2.434,2.453,2.308,2.307
5.269,4.151,3.431,2.876,2.76,2.434,2.453,2.308,2.307,1.736
4.151,3.431,2.876,2.76,2.434,2.453,2.308,2.307,1.736,1.61
3.431,2.876,2.76,2.434,2.453,2.308,2.307,1.736,1.61,1.497
2.876,2.76,2.434,2.453,2.308,2.307,1.736,1.61,1.497,1.739
2.76,2.434,2.453,2.308,2.307,1.736,1.61,1.497,1.739,1.605
2.434,2.453,2.308,2.307,1.736,1.61,1.497,1.739,1.605,1.645
2.453,2.308,2.307,1.736,1.61,1.497,1.739,1.605,1.645,1.625
2.308,2.307,1.736,1.61,1.497,1.739,1.605,1.645,1.625,1.83
2.307,1.736,1.61,1.497,1.739,1.605,1.645,1.625,1.83,1.805
1.736,1.61,1.497,1.739,1.605,1.645,1.625,1.83,1.805,1.752
1.61,1.497,1.739,1.605,1.645,1.625,1.83,1.805,1.752,1.58
1.497,1.739,1.605,1.645,1.625,1.83,1.805,1.752,1.58,1.279
1.739,1.605,1.645,1.625,1.83,1.805,1.752,1.58,1.279,1.181
1.605,1.645,1.625,1.83,1.805,1.752,1.58,1.279,1.181,1.214
1.645,1.625,1.83,1.805,1.752,1.58,1.279,1.181,1.214,1.186
1.625,1.83,1.805,1.752,1.58,1.279,1.181,1.214,1.186,1.08
1.83,1.805,1.752,1.58,1.279,1.181,1.214,1.186,1.08,0.926
1.805,1.752,1.58,1.279,1.181,1.214,1.186,1.08,0.926,1.359
1.752,1.58,1.279,1.181,1.214,1.186,1.08,0.926,1.359,1.751
1.58,1.279,1.181,1.214,1.186,1.08,0.926,1.359,1.751,1.505
1.279,1.181,1.214,1.186,1.08,0.926,1.359,1.751,1.505,1.386
1.181,1.214,1.186,1.08,0.926,1.359,1.751,1.505,1.386,1.429
1.214,1.186,1.08,0.926,1.359,1.751,1.505,1.386,1.429,1.4
1.186,1.08,0.926,1.359,1.751,1.505,1.386,1.429,1.4,1.347
1.08,0.926,1.359,1.751,1.505,1.386,1.429,1.4,1.347,1.389
0.926,1.359,1.751,1.505,1.386,1.429,1.4,1.347,1.389,1.433
1.359,1.751,1.505,1.386,1.429,1.4,1.347,1.389,1.433,1.392
1.751,1.505,1.386,1.429,1.4,1.347,1.389,1.433,1.392,1.304
1.505,1.386,1.429,1.4,1.347,1.389,1.433,1.392,1.304,1.247
1.386,1.429,1.4,1.347,1.389,1.433,1.392,1.304,1.247,1.18
1.429,1.4,1.347,1.389,1.433,1.392,1.304,1.247,1.18,1.279
1.4,1.347,1.389,1.433,1.392,1.304,1.247,1.18,1.279,1.313
1.347,1.389,1.433,1.392,1.304,1.247,1.18,1.279,1.313,1.279
1.389,1.433,1.392,1.304,1.247,1.18,1.279,1.313,1.279,1.266
1.433,1.392,1.304,1.247,1.18,1.279,1.313,1.279,1.266,1.219
1.392,1.304,1.247,1.18,1.279,1.313,1.279,1.266,1.219,1.219
1.304,1.247,1.18,1.279,1.313,1.279,1.266,1.219,1.219,1.115
1.247,1.18,1.279,1.313,1.279,1.266,1.219,1.219,1.115,1.132
1.18,1.279,1.313,1.279,1.266,1.219,1.219,1.115,1.132,1.37
1.279,1.313,1.279,1.266,1.219,1.219,1.115,1.132,1.37,1.314
1.313,1.279,1.266,1.219,1.219,1.115,1.132,1.37,1.314,1.356
1.279,1.266,1.219,1.219,1.115,1.132,1.37,1.314,1.356,1.222
1.266,1.219,1.219,1.115,1.132,1.37,1.314,1.356,1.222,1.394
1.219,1.219,1.115,1.132,1.37,1.314,1.356,1.222,1.394,1.338
1.219,1.115,1.132,1.37,1.314,1.356,1.222,1.394,1.338,2.329
1.115,1.132,1.37,1.314,1.356,1.222,1.394,1.338,2.329,3.93
1.132,1.37,1.314,1.356,1.222,1.394,1.338,2.329,3.93,5.538
1.37,1.314,1.356,1.222,1.394,1.338,2.329,3.93,5.538,6.684
1.314,1.356,1.222,1.394,1.338,2.329,3.93,5.538,6.684,6.72
1.356,1.222,1.394,1.338,2.329,3.93,5.538,6.684,6.72,7.96
1.222,1.394,1.338,2.329,3.93,5.538,6.684,6.72,7.96,6.292
1.394,1.338,2.329,3.93,5.538,6.684,6.72,7.96,6.292,5.232
1.338,2.329,3.93,5.538,6.684,6.72,7.96,6.292,5.232,4.431
2.329,3.93,5.538,6.684,6.72,7.96,6.292,5.232,4.431,3.816
3.93,5.538,6.684,6.72,7.96,6.292,5.232,4.431,3.816,3.452
5.538,6.684,6.72,7.96,6.292,5.232,4.431,3.816,3.452,3.034
6.684,6.72,7.96,6.292,5.232,4.431,3.816,3.452,3.034,3.093
6.72,7.96,6.292,5.232,4.431,3.816,3.452,3.034,3.093,2.597
7.96,6.292,5.232,4.431,3.816,3.452,3.034,3.093,2.597,2.748
6.292,5.232,4.431,3.816,3.452,3.034,3.093,2.597,2.748,2.812
5.232,4.431,3.816,3.452,3.034,3.093,2.597,2.748,2.812,2.587
4.431,3.816,3.452,3.034,3.093,2.597,2.748,2.812,2.587,2.592
3.816,3.452,3.034,3.093,2.597,2.748,2.812,2.587,2.592,2.511
3.452,3.034,3.093,2.597,2.748,2.812,2.587,2.592,2.511,2.544
3.034,3.093,2.597,2.748,2.812,2.587,2.592,2.511,2.544,2.568
3.093,2.597,2.748,2.812,2.587,2.592,2.511,2.544,2.568,2.52
2.597,2.748,2.812,2.587,2.592,2.511,2.544,2.568,2.52,2.89
2.748,2.812,2.587,2.592,2.511,2.544,2.568,2.52,2.89,4.395
2.812,2.587,2.592,2.511,2.544,2.568,2.52,2.89,4.395,8.235
2.587,2.592,2.511,2.544,2.568,2.52,2.89,4.395,8.235,26.719
2.592,2.511,2.544,2.568,2.52,2.89,4.395,8.235,26.719,25.724
2.511,2.544,2.568,2.52,2.89,4.395,8.235,26.719,25.724,20.771
2.544,2.568,2.52,2.89,4.395,8.235,26.719,25.724,20.771,16.152
2.568,2.52,2.89,4.395,8.235,26.719,25.724,20.771,16.152,13.8
2.52,2.89,4.395,8.235,26.719,25.724,20.771,16.152,13.8,14.079
2.89,4.395,8.235,26.719,25.724,20.771,16.152,13.8,14.079,15.292
4.395,8.235,26.719,25.724,20.771,16.152,13.8,14.079,15.292,11.735
8.235,26.719,25.724,20.771,16.152,13.8,14.079,15.292,11.735,10.237
26.719,25.724,20.771,16.152,13.8,14.079,15.292,11.735,10.237,8.594
25.724,20.771,16.152,13.8,14.079,15.292,11.735,10.237,8.594,7.636
20.771,16.152,13.8,14.079,15.292,11.735,10.237,8.594,7.636,6.217
16.152,13.8,14.079,15.292,11.735,10.237,8.594,7.636,6.217,4.929
13.8,14.079,15.292,11.735,10.237,8.594,7.636,6.217,4.929,4.405
14.079,15.292,11.735,10.237,8.594,7.636,6.217,4.929,4.405,4.167
15.292,11.735,10.237,8.594,7.636,6.217,4.929,4.405,4.167,3.804
11.735,10.237,8.594,7.636,6.217,4.929,4.405,4.167,3.804,3.526
10.237,8.594,7.636,6.217,4.929,4.405,4.167,3.804,3.526,3.143
8.594,7.636,6.217,4.929,4.405,4.167,3.804,3.526,3.143,3.048
7.636,6.217,4.929,4.405,4.167,3.804,3.526,3.143,3.048,2.724
6.217,4.929,4.405,4.167,3.804,3.526,3.143,3.048,2.724,2.553
4.929,4.405,4.167,3.804,3.526,3.143,3.048,2.724,2.553,2.521
4.405,4.167,3.804,3.526,3.143,3.048,2.724,2.553,2.521,3.83
4.167,3.804,3.526,3.143,3.048,2.724,2.553,2.521,3.83,8.068
3.804,3.526,3.143,3.048,2.724,2.553,2.521,3.83,8.068,5.526
3.526,3.143,3.048,2.724,2.553,2.521,3.83,8.068,5.526,4.823
3.143,3.048,2.724,2.553,2.521,3.83,8.068,5.526,4.823,4.079
3.048,2.724,2.553,2.521,3.83,8.068,5.526,4.823,4.079,3.425
2.724,2.553,2.521,3.83,8.068,5.526,4.823,4.079,3.425,2.973
2.553,2.521,3.83,8.068,5.526,4.823,4.079,3.425,2.973,2.598
2.521,3.83,8.068,5.526,4.823,4.079,3.425,2.973,2.598,2.329
3.83,8.068,5.526,4.823,4.079,3.425,2.973,2.598,2.329,2.18
8.068,5.526,4.823,4.079,3.425,2.973,2.598,2.329,2.18,2.028
5.526,4.823,4.079,3.425,2.973,2.598,2.329,2.18,2.028,1.74
4.823,4.079,3.425,2.973,2.598,2.329,2.18,2.028,1.74,1.905
4.079,3.425,2.973,2.598,2.329,2.18,2.028,1.74,1.905,1.605
3.425,2.973,2.598,2.329,2.18,2.028,1.74,1.905,1.605,1.586
2.973,2.598,2.329,2.18,2.028,1.74,1.905,1.605,1.586,1.456
2.598,2.329,2.18,2.028,1.74,1.905,1.605,1.586,1.456,1.362
2.329,2.18,2.028,1.74,1.905,1.605,1.586,1.456,1.362,1.347
2.18,2.028,1.74,1.905,1.605,1.586,1.456,1.362,1.347,1.271
2.028,1.74,1.905,1.605,1.586,1.456,1.362,1.347,1.271,1.241
1.74,1.905,1.605,1.586,1.456,1.362,1.347,1.271,1.241,1.54
1.905,1.605,1.586,1.456,1.362,1.347,1.271,1.241,1.54,1.794
1.605,1.586,1.456,1.362,1.347,1.271,1.241,1.54,1.794,1.441
1.586,1.456,1.362,1.347,1.271,1.241,1.54,1.794,1.441,1.485
1.456,1.362,1.347,1.271,1.241,1.54,1.794,1.441,1.485,1.671
1.362,1.347,1.271,1.241,1.54,1.794,1.441,1.485,1.671,1.673
1.347,1.271,1.241,1.54,1.794,1.441,1.485,1.671,1.673,1.453
1.271,1.241,1.54,1.794,1.441,1.485,1.671,1.673,1.453,1.392
1.241,1.54,1.794,1.441,1.485,1.671,1.673,1.453,1.392,1.514
1.54,1.794,1.441,1.485,1.671,1.673,1.453,1.392,1.514,1.586
1.794,1.441,1.485,1.671,1.673,1.453,1.392,1.514,1.586,2.295
1.441,1.485,1.671,1.673,1.453,1.392,1.514,1.586,2.295,1.887
1.485,1.671,1.673,1.453,1.392,1.514,1.586,2.295,1.887,1.897
1.671,1.673,1.453,1.392,1.514,1.586,2.295,1.887,1.897,2.309
1.673,1.453,1.392,1.514,1.586,2.295,1.887,1.897,2.309,1.916
1.453,1.392,1.514,1.586,2.295,1.887,1.897,2.309,1.916,1.538
1.392,1.514,1.586,2.295,1.887,1.897,2.309,1.916,1.538,1.432
1.514,1.586,2.295,1.887,1.897,2.309,1.916,1.538,1.432,1.401
1.586,2.295,1.887,1.897,2.309,1.916,1.538,1.432,1.401,1.473
2.295,1.887,1.897,2.309,1.916,1.538,1.432,1.401,1.473,1.322
1.887,1.897,2.309,1.916,1.538,1.432,1.401,1.473,1.322,1.225
1.897,2.309,1.916,1.538,1.432,1.401,1.473,1.322,1.225,1.178
2.309,1.916,1.538,1.432,1.401,1.473,1.322,1.225,1.178,1.078
1.916,1.538,1.432,1.401,1.473,1.322,1.225,1.178,1.078,1.15
1.538,1.432,1.401,1.473,1.322,1.225,1.178,1.078,1.15,1.237
1.432,1.401,1.473,1.322,1.225,1.178,1.078,1.15,1.237,1.378
1.401,1.473,1.322,1.225,1.178,1.078,1.15,1.237,1.378,1.297
1.473,1.322,1.225,1.178,1.078,1.15,1.237,1.378,1.297,1.142
1.322,1.225,1.178,1.078,1.15,1.237,1.378,1.297,1.142,1.31
1.225,1.178,1.078,1.15,1.237,1.378,1.297,1.142,1.31,1.731
1.178,1.078,1.15,1.237,1.378,1.297,1.142,1.31,1.731,1.529
1.078,1.15,1.237,1.378,1.297,1.142,1.31,1.731,1.529,1.531
1.15,1.237,1.378,1.297,1.142,1.31,1.731,1.529,1.531,2.502
1.237,1.378,1.297,1.142,1.31,1.731,1.529,1.531,2.502,1.968
1.378,1.297,1.142,1.31,1.731,1.529,1.531,2.502,1.968,1.422
1.297,1.142,1.31,1.731,1.529,1.531,2.502,1.968,1.422,1.216
1.142,1.31,1.731,1.529,1.531,2.502,1.968,1.422,1.216,1.211
1.31,1.731,1.529,1.531,2.502,1.968,1.422,1.216,1.211,1.043
1.731,1.529,1.531,2.502,1.968,1.422,1.216,1.211,1.043,1.036
1.529,1.531,2.502,1.968,1.422,1.216,1.211,1.043,1.036,1.009
1.531,2.502,1.968,1.422,1.216,1.211,1.043,1.036,1.009,0.874
2.502,1.968,1.422,1.216,1.211,1.043,1.036,1.009,0.874,0.768
1.968,1.422,1.216,1.211,1.043,1.036,1.009,0.874,0.768,0.73
1.422,1.216,1.211,1.043,1.036,1.009,0.874,0.768,0.73,0.785
1.216,1.211,1.043,1.036,1.009,0.874,0.768,0.73,0.785,0.746
1.211,1.043,1.036,1.009,0.874,0.768,0.73,0.785,0.746,0.689
1.043,1.036,1.009,0.874,0.768,0.73,0.785,0.746,0.689,0.621
1.036,1.009,0.874,0.768,0.73,0.785,0.746,0.689,0.621,1.074
1.009,0.874,0.768,0.73,0.785,0.746,0.689,0.621,1.074,1.217
0.874,0.768,0.73,0.785,0.746,0.689,0.621,1.074,1.217,0.886
0.768,0.73,0.785,0.746,0.689,0.621,1.074,1.217,0.886,0.898
0.73,0.785,0.746,0.689,0.621,1.074,1.217,0.886,0.898,0.774
0.785,0.746,0.689,0.621,1.074,1.217,0.886,0.898,0.774,0.712
0.746,0.689,0.621,1.074,1.217,0.886,0.898,0.774,0.712,0.667
0.689,0.621,1.074,1.217,0.886,0.898,0.774,0.712,0.667,0.664
0.621,1.074,1.217,0.886,0.898,0.774,0.712,0.667,0.664,0.695
1.074,1.217,0.886,0.898,0.774,0.712,0.667,0.664,0.695,0.61
1.217,0.886,0.898,0.774,0.712,0.667,0.664,0.695,0.61,0.594
0.886,0.898,0.774,0.712,0.667,0.664,0.695,0.61,0.594,0.524
0.898,0.774,0.712,0.667,0.664,0.695,0.61,0.594,0.524,0.641
0.774,0.712,0.667,0.664,0.695,0.61,0.594,0.524,0.641,0.579
0.712,0.667,0.664,0.695,0.61,0.594,0.524,0.641,0.579,0.462
0.667,0.664,0.695,0.61,0.594,0.524,0.641,0.579,0.462,0.486
0.664,0.695,0.61,0.594,0.524,0.641,0.579,0.462,0.486,0.448
0.695,0.61,0.594,0.524,0.641,0.579,0.462,0.486,0.448,0.613
0.61,0.594,0.524,0.641,0.579,0.462,0.486,0.448,0.613,0.763
0.594,0.524,0.641,0.579,0.462,0.486,0.448,0.613,0.763,0.605
0.524,0.641,0.579,0.462,0.486,0.448,0.613,0.763,0.605,0.498
0.641,0.579,0.462,0.486,0.448,0.613,0.763,0.605,0.498,0.506
0.579,0.462,0.486,0.448,0.613,0.763,0.605,0.498,0.506,0.44
0.462,0.486,0.448,0.613,0.763,0.605,0.498,0.506,0.44,0.407
0.486,0.448,0.613,0.763,0.605,0.498,0.506,0.44,0.407,0.455
0.448,0.613,0.763,0.605,0.498,0.506,0.44,0.407,0.455,0.447
0.613,0.763,0.605,0.498,0.506,0.44,0.407,0.455,0.447,0.494
0.763,0.605,0.498,0.506,0.44,0.407,0.455,0.447,0.494,0.444
0.605,0.498,0.506,0.44,0.407,0.455,0.447,0.494,0.444,0.533
0.498,0.506,0.44,0.407,0.455,0.447,0.494,0.444,0.533,0.527
0.506,0.44,0.407,0.455,0.447,0.494,0.444,0.533,0.527,0.486
0.44,0.407,0.455,0.447,0.494,0.444,0.533,0.527,0.486,0.519
0.407,0.455,0.447,0.494,0.444,0.533,0.527,0.486,0.519,0.534
0.455,0.447,0.494,0.444,0.533,0.527,0.486,0.519,0.534,0.511
0.447,0.494,0.444,0.533,0.527,0.486,0.519,0.534,0.511,0.705
0.494,0.444,0.533,0.527,0.486,0.519,0.534,0.511,0.705,2.05
0.444,0.533,0.527,0.486,0.519,0.534,0.511,0.705,2.05,3.155
0.533,0.527,0.486,0.519,0.534,0.511,0.705,2.05,3.155,2.062
0.527,0.486,0.519,0.534,0.511,0.705,2.05,3.155,2.062,1.381
0.486,0.519,0.534,0.511,0.705,2.05,3.155,2.062,1.381,1.276
0.519,0.534,0.511,0.705,2.05,3.155,2.062,1.381,1.276,1.19
0.534,0.511,0.705,2.05,3.155,2.062,1.381,1.276,1.19,1.169
0.511,0.705,2.05,3.155,2.062,1.381,1.276,1.19,1.169,1.514
0.705,2.05,3.155,2.062,1.381,1.276,1.19,1.169,1.514,1.041
2.05,3.155,2.062,1.381,1.276,1.19,1.169,1.514,1.041,0.989
3.155,2.062,1.381,1.276,1.19,1.169,1.514,1.041,0.989,0.971
2.062,1.381,1.276,1.19,1.169,1.514,1.041,0.989,0.971,2.43
1.381,1.276,1.19,1.169,1.514,1.041,0.989,0.971,2.43,2.503
1.276,1.19,1.169,1.514,1.041,0.989,0.971,2.43,2.503,2.054
1.19,1.169,1.514,1.041,0.989,0.971,2.43,2.503,2.054,6.992
1.169,1.514,1.041,0.989,0.971,2.43,2.503,2.054,6.992,10.494
1.514,1.041,0.989,0.971,2.43,2.503,2.054,6.992,10.494,6.445
1.041,0.989,0.971,2.43,2.503,2.054,6.992,10.494,6.445,3.936
0.989,0.971,2.43,2.503,2.054,6.992,10.494,6.445,3.936,2.938
0.971,2.43,2.503,2.054,6.992,10.494,6.445,3.936,2.938,2.325
2.43,2.503,2.054,6.992,10.494,6.445,3.936,2.938,2.325,1.926
2.503,2.054,6.992,10.494,6.445,3.936,2.938,2.325,1.926,2.265
2.054,6.992,10.494,6.445,3.936,2.938,2.325,1.926,2.265,2.753
6.992,10.494,6.445,3.936,2.938,2.325,1.926,2.265,2.753,2.179
10.494,6.445,3.936,2.938,2.325,1.926,2.265,2.753,2.179,2.589
6.445,3.936,2.938,2.325,1.926,2.265,2.753,2.179,2.589,3.737
3.936,2.938,2.325,1.926,2.265,2.753,2.179,2.589,3.737,4.569
2.938,2.325,1.926,2.265,2.753,2.179,2.589,3.737,4.569,3.072
2.325,1.926,2.265,2.753,2.179,2.589,3.737,4.569,3.072,2.194
1.926,2.265,2.753,2.179,2.589,3.737,4.569,3.072,2.194,1.67
2.265,2.753,2.179,2.589,3.737,4.569,3.072,2.194,1.67,1.61
2.753,2.179,2.589,3.737,4.569,3.072,2.194,1.67,1.61,1.796
2.179,2.589,3.737,4.569,3.072,2.194,1.67,1.61,1.796,1.633
2.589,3.737,4.569,3.072,2.194,1.67,1.61,1.796,1.633,1.366
3.737,4.569,3.072,2.194,1.67,1.61,1.796,1.633,1.366,1.57
4.569,3.072,2.194,1.67,1.61,1.796,1.633,1.366,1.57,8.505
3.072,2.194,1.67,1.61,1.796,1.633,1.366,1.57,8.505,7.09
2.194,1.67,1.61,1.796,1.633,1.366,1.57,8.505,7.09,4.6
1.67,1.61,1.796,1.633,1.366,1.57,8.505,7.09,4.6,6.281
1.61,1.796,1.633,1.366,1.57,8.505,7.09,4.6,6.281,6.907
1.796,1.633,1.366,1.57,8.505,7.09,4.6,6.281,6.907,4.959
1.633,1.366,1.57,8.505,7.09,4.6,6.281,6.907,4.959,4.131
1.366,1.57,8.505,7.09,4.6,6.281,6.907,4.959,4.131,3.479
1.57,8.505,7.09,4.6,6.281,6.907,4.959,4.131,3.479,2.954
8.505,7.09,4.6,6.281,6.907,4.959,4.131,3.479,2.954,2.335
7.09,4.6,6.281,6.907,4.959,4.131,3.479,2.954,2.335,2.038
4.6,6.281,6.907,4.959,4.131,3.479,2.954,2.335,2.038,1.828
6.281,6.907,4.959,4.131,3.479,2.954,2.335,2.038,1.828,1.923
6.907,4.959,4.131,3.479,2.954,2.335,2.038,1.828,1.923,2.616
4.959,4.131,3.479,2.954,2.335,2.038,1.828,1.923,2.616,2.179
4.131,3.479,2.954,2.335,2.038,1.828,1.923,2.616,2.179,1.87
3.479,2.954,2.335,2.038,1.828,1.923,2.616,2.179,1.87,1.739
2.954,2.335,2.038,1.828,1.923,2.616,2.179,1.87,1.739,1.763
2.335,2.038,1.828,1.923,2.616,2.179,1.87,1.739,1.763,1.686
2.038,1.828,1.923,2.616,2.179,1.87,1.739,1.763,1.686,1.853
1.828,1.923,2.616,2.179,1.87,1.739,1.763,1.686,1.853,1.905
1.923,2.616,2.179,1.87,1.739,1.763,1.686,1.853,1.905,1.613
2.616,2.179,1.87,1.739,1.763,1.686,1.853,1.905,1.613,1.392
2.179,1.87,1.739,1.763,1.686,1.853,1.905,1.613,1.392,1.306
1.87,1.739,1.763,1.686,1.853,1.905,1.613,1.392,1.306,1.249
1.739,1.763,1.686,1.853,1.905,1.613,1.392,1.306,1.249,1.221
1.763,1.686,1.853,1.905,1.613,1.392,1.306,1.249,1.221,1.157
1.686,1.853,1.905,1.613,1.392,1.306,1.249,1.221,1.157,1
1.853,1.905,1.613,1.392,1.306,1.249,1.221,1.157,1,1.116
1.905,1.613,1.392,1.306,1.249,1.221,1.157,1,1.116,1.891
1.613,1.392,1.306,1.249,1.221,1.157,1,1.116,1.891,3.263
1.392,1.306,1.249,1.221,1.157,1,1.116,1.891,3.263,2.476
1.306,1.249,1.221,1.157,1,1.116,1.891,3.263,2.476,5.327
1.249,1.221,1.157,1,1.116,1.891,3.263,2.476,5.327,4.665
1.221,1.157,1,1.116,1.891,3.263,2.476,5.327,4.665,3.423
1.157,1,1.116,1.891,3.263,2.476,5.327,4.665,3.423,2.74
1,1.116,1.891,3.263,2.476,5.327,4.665,3.423,2.74,2.773
1.116,1.891,3.263,2.476,5.327,4.665,3.423,2.74,2.773,2.219
1.891,3.263,2.476,5.327,4.665,3.423,2.74,2.773,2.219,2.019
3.263,2.476,5.327,4.665,3.423,2.74,2.773,2.219,2.019,1.891
2.476,5.327,4.665,3.423,2.74,2.773,2.219,2.019,1.891,1.792
5.327,4.665,3.423,2.74,2.773,2.219,2.019,1.891,1.792,1.793
4.665,3.423,2.74,2.773,2.219,2.019,1.891,1.792,1.793,1.67
3.423,2.74,2.773,2.219,2.019,1.891,1.792,1.793,1.67,1.562
2.74,2.773,2.219,2.019,1.891,1.792,1.793,1.67,1.562,1.434
2.773,2.219,2.019,1.891,1.792,1.793,1.67,1.562,1.434,1.499
2.219,2.019,1.891,1.792,1.793,1.67,1.562,1.434,1.499,1.527
2.019,1.891,1.792,1.793,1.67,1.562,1.434,1.499,1.527,1.452
1.891,1.792,1.793,1.67,1.562,1.434,1.499,1.527,1.452,1.461
1.792,1.793,1.67,1.562,1.434,1.499,1.527,1.452,1.461,1.435
1.793,1.67,1.562,1.434,1.499,1.527,1.452,1.461,1.435,1.705
1.67,1.562,1.434,1.499,1.527,1.452,1.461,1.435,1.705,1.737
1.562,1.434,1.499,1.527,1.452,1.461,1.435,1.705,1.737,1.613
1.434,1.499,1.527,1.452,1.461,1.435,1.705,1.737,1.613,1.451
1.499,1.527,1.452,1.461,1.435,1.705,1.737,1.613,1.451,1.722
1.527,1.452,1.461,1.435,1.705,1.737,1.613,1.451,1.722,1.912
1.452,1.461,1.435,1.705,1.737,1.613,1.451,1.722,1.912,1.972
1.461,1.435,1.705,1.737,1.613,1.451,1.722,1.912,1.972,1.611
1.435,1.705,1.737,1.613,1.451,1.722,1.912,1.972,1.611,1.583
1.705,1.737,1.613,1.451,1.722,1.912,1.972,1.611,1.583,1.516
1.737,1.613,1.451,1.722,1.912,1.972,1.611,1.583,1.516,1.499
1.613,1.451,1.722,1.912,1.972,1.611,1.583,1.516,1.499,1.623
1.451,1.722,1.912,1.972,1.611,1.583,1.516,1.499,1.623,1.41
1.722,1.912,1.972,1.611,1.583,1.516,1.499,1.623,1.41,1.18
1.912,1.972,1.611,1.583,1.516,1.499,1.623,1.41,1.18,1.088
1.972,1.611,1.583,1.516,1.499,1.623,1.41,1.18,1.088,1.099
1.611,1.583,1.516,1.499,1.623,1.41,1.18,1.088,1.099,1.035
1.583,1.516,1.499,1.623,1.41,1.18,1.088,1.099,1.035,1.02
1.516,1.499,1.623,1.41,1.18,1.088,1.099,1.035,1.02,1.158
1.499,1.623,1.41,1.18,1.088,1.099,1.035,1.02,1.158,0.947
1.623,1.41,1.18,1.088,1.099,1.035,1.02,1.158,0.947,1.014
1.41,1.18,1.088,1.099,1.035,1.02,1.158,0.947,1.014,1.032
1.18,1.088,1.099,1.035,1.02,1.158,0.947,1.014,1.032,6.682
1.088,1.099,1.035,1.02,1.158,0.947,1.014,1.032,6.682,7.947
1.099,1.035,1.02,1.158,0.947,1.014,1.032,6.682,7.947,3.989
1.035,1.02,1.158,0.947,1.014,1.032,6.682,7.947,3.989,2.971
1.02,1.158,0.947,1.014,1.032,6.682,7.947,3.989,2.971,3.228
1.158,0.947,1.014,1.032,6.682,7.947,3.989,2.971,3.228,7.619
0.947,1.014,1.032,6.682,7.947,3.989,2.971,3.228,7.619,8.6
1.014,1.032,6.682,7.947,3.989,2.971,3.228,7.619,8.6,5.327
1.032,6.682,7.947,3.989,2.971,3.228,7.619,8.6,5.327,4.365
6.682,7.947,3.989,2.971,3.228,7.619,8.6,5.327,4.365,7.38
7.947,3.989,2.971,3.228,7.619,8.6,5.327,4.365,7.38,6.318
3.989,2.971,3.228,7.619,8.6,5.327,4.365,7.38,6.318,6.592
2.971,3.228,7.619,8.6,5.327,4.365,7.38,6.318,6.592,5.705
3.228,7.619,8.6,5.327,4.365,7.38,6.318,6.592,5.705,4.793
7.619,8.6,5.327,4.365,7.38,6.318,6.592,5.705,4.793,4.256
8.6,5.327,4.365,7.38,6.318,6.592,5.705,4.793,4.256,6.14
5.327,4.365,7.38,6.318,6.592,5.705,4.793,4.256,6.14,5.254
4.365,7.38,6.318,6.592,5.705,4.793,4.256,6.14,5.254,4.614
7.38,6.318,6.592,5.705,4.793,4.256,6.14,5.254,4.614,4.299
6.318,6.592,5.705,4.793,4.256,6.14,5.254,4.614,4.299,4.102
6.592,5.705,4.793,4.256,6.14,5.254,4.614,4.299,4.102,3.62
5.705,4.793,4.256,6.14,5.254,4.614,4.299,4.102,3.62,3.441
4.793,4.256,6.14,5.254,4.614,4.299,4.102,3.62,3.441,3.382
4.256,6.14,5.254,4.614,4.299,4.102,3.62,3.441,3.382,3.205
6.14,5.254,4.614,4.299,4.102,3.62,3.441,3.382,3.205,2.969
5.254,4.614,4.299,4.102,3.62,3.441,3.382,3.205,2.969,3.085
4.614,4.299,4.102,3.62,3.441,3.382,3.205,2.969,3.085,2.294
4.299,4.102,3.62,3.441,3.382,3.205,2.969,3.085,2.294,2.641
4.102,3.62,3.441,3.382,3.205,2.969,3.085,2.294,2.641,3.019
3.62,3.441,3.382,3.205,2.969,3.085,2.294,2.641,3.019,3.242
3.441,3.382,3.205,2.969,3.085,2.294,2.641,3.019,3.242,3.18
3.382,3.205,2.969,3.085,2.294,2.641,3.019,3.242,3.18,5.75
3.205,2.969,3.085,2.294,2.641,3.019,3.242,3.18,5.75,10.015
2.969,3.085,2.294,2.641,3.019,3.242,3.18,5.75,10.015,6.639
3.085,2.294,2.641,3.019,3.242,3.18,5.75,10.015,6.639,6.386
2.294,2.641,3.019,3.242,3.18,5.75,10.015,6.639,6.386,6.002
2.641,3.019,3.242,3.18,5.75,10.015,6.639,6.386,6.002,5.039
3.019,3.242,3.18,5.75,10.015,6.639,6.386,6.002,5.039,4.758
3.242,3.18,5.75,10.015,6.639,6.386,6.002,5.039,4.758,4.325
3.18,5.75,10.015,6.639,6.386,6.002,5.039,4.758,4.325,4.13
5.75,10.015,6.639,6.386,6.002,5.039,4.758,4.325,4.13,4.081
10.015,6.639,6.386,6.002,5.039,4.758,4.325,4.13,4.081,3.341
6.639,6.386,6.002,5.039,4.758,4.325,4.13,4.081,3.341,3.705
6.386,6.002,5.039,4.758,4.325,4.13,4.081,3.341,3.705,3.784
6.002,5.039,4.758,4.325,4.13,4.081,3.341,3.705,3.784,3.633
5.039,4.758,4.325,4.13,4.081,3.341,3.705,3.784,3.633,3.643
4.758,4.325,4.13,4.081,3.341,3.705,3.784,3.633,3.643,3.331
4.325,4.13,4.081,3.341,3.705,3.784,3.633,3.643,3.331,2.977
4.13,4.081,3.341,3.705,3.784,3.633,3.643,3.331,2.977,2.68
4.081,3.341,3.705,3.784,3.633,3.643,3.331,2.977,2.68,2.256
3.341,3.705,3.784,3.633,3.643,3.331,2.977,2.68,2.256,2.663
3.705,3.784,3.633,3.643,3.331,2.977,2.68,2.256,2.663,2.312
3.784,3.633,3.643,3.331,2.977,2.68,2.256,2.663,2.312,1.491
3.633,3.643,3.331,2.977,2.68,2.256,2.663,2.312,1.491,1.518
3.643,3.331,2.977,2.68,2.256,2.663,2.312,1.491,1.518,2.594
3.331,2.977,2.68,2.256,2.663,2.312,1.491,1.518,2.594,2.872
2.977,2.68,2.256,2.663,2.312,1.491,1.518,2.594,2.872,2.554
2.68,2.256,2.663,2.312,1.491,1.518,2.594,2.872,2.554,2.301
2.256,2.663,2.312,1.491,1.518,2.594,2.872,2.554,2.301,1.901
2.663,2.312,1.491,1.518,2.594,2.872,2.554,2.301,1.901,2.066
2.312,1.491,1.518,2.594,2.872,2.554,2.301,1.901,2.066,2.397
1.491,1.518,2.594,2.872,2.554,2.301,1.901,2.066,2.397,6.408
1.518,2.594,2.872,2.554,2.301,1.901,2.066,2.397,6.408,22.01
2.594,2.872,2.554,2.301,1.901,2.066,2.397,6.408,22.01,22.712
2.872,2.554,2.301,1.901,2.066,2.397,6.408,22.01,22.712,18.893
2.554,2.301,1.901,2.066,2.397,6.408,22.01,22.712,18.893,14.526
2.301,1.901,2.066,2.397,6.408,22.01,22.712,18.893,14.526,12.868
1.901,2.066,2.397,6.408,22.01,22.712,18.893,14.526,12.868,36.684
2.066,2.397,6.408,22.01,22.712,18.893,14.526,12.868,36.684,71.828
2.397,6.408,22.01,22.712,18.893,14.526,12.868,36.684,71.828,51.614
6.408,22.01,22.712,18.893,14.526,12.868,36.684,71.828,51.614,32.143
22.01,22.712,18.893,14.526,12.868,36.684,71.828,51.614,32.143,21.247
22.712,18.893,14.526,12.868,36.684,71.828,51.614,32.143,21.247,17.369
18.893,14.526,12.868,36.684,71.828,51.614,32.143,21.247,17.369,14.314
14.526,12.868,36.684,71.828,51.614,32.143,21.247,17.369,14.314,11.227
12.868,36.684,71.828,51.614,32.143,21.247,17.369,14.314,11.227,8.772
36.684,71.828,51.614,32.143,21.247,17.369,14.314,11.227,8.772,7.207
71.828,51.614,32.143,21.247,17.369,14.314,11.227,8.772,7.207,6.505
51.614,32.143,21.247,17.369,14.314,11.227,8.772,7.207,6.505,6.033
32.143,21.247,17.369,14.314,11.227,8.772,7.207,6.505,6.033,5.715
21.247,17.369,14.314,11.227,8.772,7.207,6.505,6.033,5.715,5.352
17.369,14.314,11.227,8.772,7.207,6.505,6.033,5.715,5.352,4.8
14.314,11.227,8.772,7.207,6.505,6.033,5.715,5.352,4.8,4.266
11.227,8.772,7.207,6.505,6.033,5.715,5.352,4.8,4.266,3.81
8.772,7.207,6.505,6.033,5.715,5.352,4.8,4.266,3.81,3.644
7.207,6.505,6.033,5.715,5.352,4.8,4.266,3.81,3.644,3.147
6.505,6.033,5.715,5.352,4.8,4.266,3.81,3.644,3.147,2.403
6.033,5.715,5.352,4.8,4.266,3.81,3.644,3.147,2.403,2.822
5.715,5.352,4.8,4.266,3.81,3.644,3.147,2.403,2.822,3.009
5.352,4.8,4.266,3.81,3.644,3.147,2.403,2.822,3.009,3.42
4.8,4.266,3.81,3.644,3.147,2.403,2.822,3.009,3.42,6.546
4.266,3.81,3.644,3.147,2.403,2.822,3.009,3.42,6.546,6.454
3.81,3.644,3.147,2.403,2.822,3.009,3.42,6.546,6.454,4.849
3.644,3.147,2.403,2.822,3.009,3.42,6.546,6.454,4.849,4.183
3.147,2.403,2.822,3.009,3.42,6.546,6.454,4.849,4.183,3.785
2.403,2.822,3.009,3.42,6.546,6.454,4.849,4.183,3.785,3.478
2.822,3.009,3.42,6.546,6.454,4.849,4.183,3.785,3.478,5.006
3.009,3.42,6.546,6.454,4.849,4.183,3.785,3.478,5.006,5.166
3.42,6.546,6.454,4.849,4.183,3.785,3.478,5.006,5.166,4.255
6.546,6.454,4.849,4.183,3.785,3.478,5.006,5.166,4.255,3.788
6.454,4.849,4.183,3.785,3.478,5.006,5.166,4.255,3.788,3.468
4.849,4.183,3.785,3.478,5.006,5.166,4.255,3.788,3.468,3.161
4.183,3.785,3.478,5.006,5.166,4.255,3.788,3.468,3.161,2.992
3.785,3.478,5.006,5.166,4.255,3.788,3.468,3.161,2.992,2.779
3.478,5.006,5.166,4.255,3.788,3.468,3.161,2.992,2.779,2.771
5.006,5.166,4.255,3.788,3.468,3.161,2.992,2.779,2.771,2.307
5.166,4.255,3.788,3.468,3.161,2.992,2.779,2.771,2.307,1.814
4.255,3.788,3.468,3.161,2.992,2.779,2.771,2.307,1.814,1.649
3.788,3.468,3.161,2.992,2.779,2.771,2.307,1.814,1.649,1.397
3.468,3.161,2.992,2.779,2.771,2.307,1.814,1.649,1.397,1.775
3.161,2.992,2.779,2.771,2.307,1.814,1.649,1.397,1.775,1.66
2.992,2.779,2.771,2.307,1.814,1.649,1.397,1.775,1.66,1.56
2.779,2.771,2.307,1.814,1.649,1.397,1.775,1.66,1.56,1.719
2.771,2.307,1.814,1.649,1.397,1.775,1.66,1.56,1.719,2.233
2.307,1.814,1.649,1.397,1.775,1.66,1.56,1.719,2.233,1.812
1.814,1.649,1.397,1.775,1.66,1.56,1.719,2.233,1.812,1.722
1.649,1.397,1.775,1.66,1.56,1.719,2.233,1.812,1.722,1.683
1.397,1.775,1.66,1.56,1.719,2.233,1.812,1.722,1.683,1.596
1.775,1.66,1.56,1.719,2.233,1.812,1.722,1.683,1.596,1.72
1.66,1.56,1.719,2.233,1.812,1.722,1.683,1.596,1.72,1.639
1.56,1.719,2.233,1.812,1.722,1.683,1.596,1.72,1.639,1.366
1.719,2.233,1.812,1.722,1.683,1.596,1.72,1.639,1.366,1.323
2.233,1.812,1.722,1.683,1.596,1.72,1.639,1.366,1.323,1.692
1.812,1.722,1.683,1.596,1.72,1.639,1.366,1.323,1.692,1.744
1.722,1.683,1.596,1.72,1.639,1.366,1.323,1.692,1.744,1.775
1.683,1.596,1.72,1.639,1.366,1.323,1.692,1.744,1.775,1.826
1.596,1.72,1.639,1.366,1.323,1.692,1.744,1.775,1.826,1.806
1.72,1.639,1.366,1.323,1.692,1.744,1.775,1.826,1.806,1.89
1.639,1.366,1.323,1.692,1.744,1.775,1.826,1.806,1.89,2.127
1.366,1.323,1.692,1.744,1.775,1.826,1.806,1.89,2.127,2.436
1.323,1.692,1.744,1.775,1.826,1.806,1.89,2.127,2.436,2.995
1.692,1.744,1.775,1.826,1.806,1.89,2.127,2.436,2.995,3.184
1.744,1.775,1.826,1.806,1.89,2.127,2.436,2.995,3.184,2.641
1.775,1.826,1.806,1.89,2.127,2.436,2.995,3.184,2.641,2.125
1.826,1.806,1.89,2.127,2.436,2.995,3.184,2.641,2.125,1.856
1.806,1.89,2.127,2.436,2.995,3.184,2.641,2.125,1.856,1.757
1.89,2.127,2.436,2.995,3.184,2.641,2.125,1.856,1.757,1.846
2.127,2.436,2.995,3.184,2.641,2.125,1.856,1.757,1.846,1.734
2.436,2.995,3.184,2.641,2.125,1.856,1.757,1.846,1.734,1.728
2.995,3.184,2.641,2.125,1.856,1.757,1.846,1.734,1.728,1.524
3.184,2.641,2.125,1.856,1.757,1.846,1.734,1.728,1.524,1.364
2.641,2.125,1.856,1.757,1.846,1.734,1.728,1.524,1.364,1.346
2.125,1.856,1.757,1.846,1.734,1.728,1.524,1.364,1.346,1.19
1.856,1.757,1.846,1.734,1.728,1.524,1.364,1.346,1.19,1.263
1.757,1.846,1.734,1.728,1.524,1.364,1.346,1.19,1.263,1.308
1.846,1.734,1.728,1.524,1.364,1.346,1.19,1.263,1.308,1.501
1.734,1.728,1.524,1.364,1.346,1.19,1.263,1.308,1.501,1.294
1.728,1.524,1.364,1.346,1.19,1.263,1.308,1.501,1.294,1.219
1.524,1.364,1.346,1.19,1.263,1.308,1.501,1.294,1.219,1.316
1.364,1.346,1.19,1.263,1.308,1.501,1.294,1.219,1.316,1.288
1.346,1.19,1.263,1.308,1.501,1.294,1.219,1.316,1.288,1.074
1.19,1.263,1.308,1.501,1.294,1.219,1.316,1.288,1.074,1.145
1.263,1.308,1.501,1.294,1.219,1.316,1.288,1.074,1.145,1.067
1.308,1.501,1.294,1.219,1.316,1.288,1.074,1.145,1.067,1.082
1.501,1.294,1.219,1.316,1.288,1.074,1.145,1.067,1.082,0.927
1.294,1.219,1.316,1.288,1.074,1.145,1.067,1.082,0.927,0.975
1.219,1.316,1.288,1.074,1.145,1.067,1.082,0.927,0.975,0.889
1.316,1.288,1.074,1.145,1.067,1.082,0.927,0.975,0.889,0.848
1.288,1.074,1.145,1.067,1.082,0.927,0.975,0.889,0.848,0.922
1.074,1.145,1.067,1.082,0.927,0.975,0.889,0.848,0.922,0.827
1.145,1.067,1.082,0.927,0.975,0.889,0.848,0.922,0.827,0.799
1.067,1.082,0.927,0.975,0.889,0.848,0.922,0.827,0.799,0.786
1.082,0.927,0.975,0.889,0.848,0.922,0.827,0.799,0.786,0.71
0.927,0.975,0.889,0.848,0.922,0.827,0.799,0.786,0.71,0.692
0.975,0.889,0.848,0.922,0.827,0.799,0.786,0.71,0.692,0.722
0.889,0.848,0.922,0.827,0.799,0.786,0.71,0.692,0.722,0.553
0.848,0.922,0.827,0.799,0.786,0.71,0.692,0.722,0.553,0.679
0.922,0.827,0.799,0.786,0.71,0.692,0.722,0.553,0.679,0.6
0.827,0.799,0.786,0.71,0.692,0.722,0.553,0.679,0.6,0.58
0.799,0.786,0.71,0.692,0.722,0.553,0.679,0.6,0.58,0.535
0.786,0.71,0.692,0.722,0.553,0.679,0.6,0.58,0.535,0.624
0.71,0.692,0.722,0.553,0.679,0.6,0.58,0.535,0.624,0.58
0.692,0.722,0.553,0.679,0.6,0.58,0.535,0.624,0.58,0.697
0.722,0.553,0.679,0.6,0.58,0.535,0.624,0.58,0.697,0.639
0.553,0.679,0.6,0.58,0.535,0.624,0.58,0.697,0.639,0.645
0.679,0.6,0.58,0.535,0.624,0.58,0.697,0.639,0.645,0.601
0.6,0.58,0.535,0.624,0.58,0.697,0.639,0.645,0.601,0.617
0.58,0.535,0.624,0.58,0.697,0.639,0.645,0.601,0.617,1.145
0.535,0.624,0.58,0.697,0.639,0.645,0.601,0.617,1.145,0.797
0.624,0.58,0.697,0.639,0.645,0.601,0.617,1.145,0.797,0.74
0.58,0.697,0.639,0.645,0.601,0.617,1.145,0.797,0.74,0.647
0.697,0.639,0.645,0.601,0.617,1.145,0.797,0.74,0.647,0.612
0.639,0.645,0.601,0.617,1.145,0.797,0.74,0.647,0.612,0.561
0.645,0.601,0.617,1.145,0.797,0.74,0.647,0.612,0.561,0.477
0.601,0.617,1.145,0.797,0.74,0.647,0.612,0.561,0.477,0.624
0.617,1.145,0.797,0.74,0.647,0.612,0.561,0.477,0.624,0.492
1.145,0.797,0.74,0.647,0.612,0.561,0.477,0.624,0.492,0.498
0.797,0.74,0.647,0.612,0.561,0.477,0.624,0.492,0.498,0.526
0.74,0.647,0.612,0.561,0.477,0.624,0.492,0.498,0.526,0.513
0.647,0.612,0.561,0.477,0.624,0.492,0.498,0.526,0.513,0.611
0.612,0.561,0.477,0.624,0.492,0.498,0.526,0.513,0.611,0.505
0.561,0.477,0.624,0.492,0.498,0.526,0.513,0.611,0.505,0.541
0.477,0.624,0.492,0.498,0.526,0.513,0.611,0.505,0.541,0.488
0.624,0.492,0.498,0.526,0.513,0.611,0.505,0.541,0.488,0.382
0.492,0.498,0.526,0.513,0.611,0.505,0.541,0.488,0.382,1.657
0.498,0.526,0.513,0.611,0.505,0.541,0.488,0.382,1.657,1.124
0.526,0.513,0.611,0.505,0.541,0.488,0.382,1.657,1.124,0.696
0.513,0.611,0.505,0.541,0.488,0.382,1.657,1.124,0.696,0.577
0.611,0.505,0.541,0.488,0.382,1.657,1.124,0.696,0.577,0.462
0.505,0.541,0.488,0.382,1.657,1.124,0.696,0.577,0.462,0.403
0.541,0.488,0.382,1.657,1.124,0.696,0.577,0.462,0.403,0.351
0.488,0.382,1.657,1.124,0.696,0.577,0.462,0.403,0.351,0.44
0.382,1.657,1.124,0.696,0.577,0.462,0.403,0.351,0.44,0.327
1.657,1.124,0.696,0.577,0.462,0.403,0.351,0.44,0.327,0.342
1.124,0.696,0.577,0.462,0.403,0.351,0.44,0.327,0.342,0.346
0.696,0.577,0.462,0.403,0.351,0.44,0.327,0.342,0.346,0.336
0.577,0.462,0.403,0.351,0.44,0.327,0.342,0.346,0.336,0.488
0.462,0.403,0.351,0.44,0.327,0.342,0.346,0.336,0.488,0.345
0.403,0.351,0.44,0.327,0.342,0.346,0.336,0.488,0.345,0.42
0.351,0.44,0.327,0.342,0.346,0.336,0.488,0.345,0.42,0.409
0.44,0.327,0.342,0.346,0.336,0.488,0.345,0.42,0.409,0.372
0.327,0.342,0.346,0.336,0.488,0.345,0.42,0.409,0.372,0.483
0.342,0.346,0.336,0.488,0.345,0.42,0.409,0.372,0.483,0.62
0.346,0.336,0.488,0.345,0.42,0.409,0.372,0.483,0.62,0.382
0.336,0.488,0.345,0.42,0.409,0.372,0.483,0.62,0.382,0.356
0.488,0.345,0.42,0.409,0.372,0.483,0.62,0.382,0.356,0.418
0.345,0.42,0.409,0.372,0.483,0.62,0.382,0.356,0.418,0.374
0.42,0.409,0.372,0.483,0.62,0.382,0.356,0.418,0.374,0.359
0.409,0.372,0.483,0.62,0.382,0.356,0.418,0.374,0.359,0.316
0.372,0.483,0.62,0.382,0.356,0.418,0.374,0.359,0.316,0.345
0.483,0.62,0.382,0.356,0.418,0.374,0.359,0.316,0.345,0.38
0.62,0.382,0.356,0.418,0.374,0.359,0.316,0.345,0.38,0.389
0.382,0.356,0.418,0.374,0.359,0.316,0.345,0.38,0.389,0.297
0.356,0.418,0.374,0.359,0.316,0.345,0.38,0.389,0.297,0.791
0.418,0.374,0.359,0.316,0.345,0.38,0.389,0.297,0.791,0.447
0.374,0.359,0.316,0.345,0.38,0.389,0.297,0.791,0.447,0.479
0.359,0.316,0.345,0.38,0.389,0.297,0.791,0.447,0.479,0.529
0.316,0.345,0.38,0.389,0.297,0.791,0.447,0.479,0.529,0.607
0.345,0.38,0.389,0.297,0.791,0.447,0.479,0.529,0.607,0.583
0.38,0.389,0.297,0.791,0.447,0.479,0.529,0.607,0.583,0.512
0.389,0.297,0.791,0.447,0.479,0.529,0.607,0.583,0.512,0.375
0.297,0.791,0.447,0.479,0.529,0.607,0.583,0.512,0.375,0.451
0.791,0.447,0.479,0.529,0.607,0.583,0.512,0.375,0.451,0.393
0.447,0.479,0.529,0.607,0.583,0.512,0.375,0.451,0.393,0.399
0.479,0.529,0.607,0.583,0.512,0.375,0.451,0.393,0.399,0.354
0.529,0.607,0.583,0.512,0.375,0.451,0.393,0.399,0.354,0.398
0.607,0.583,0.512,0.375,0.451,0.393,0.399,0.354,0.398,0.377
0.583,0.512,0.375,0.451,0.393,0.399,0.354,0.398,0.377,0.444
0.512,0.375,0.451,0.393,0.399,0.354,0.398,0.377,0.444,0.435
0.375,0.451,0.393,0.399,0.354,0.398,0.377,0.444,0.435,0.474
0.451,0.393,0.399,0.354,0.398,0.377,0.444,0.435,0.474,0.447
0.393,0.399,0.354,0.398,0.377,0.444,0.435,0.474,0.447,0.414
0.399,0.354,0.398,0.377,0.444,0.435,0.474,0.447,0.414,0.493
0.354,0.398,0.377,0.444,0.435,0.474,0.447,0.414,0.493,0.677
0.398,0.377,0.444,0.435,0.474,0.447,0.414,0.493,0.677,0.536
0.377,0.444,0.435,0.474,0.447,0.414,0.493,0.677,0.536,0.48
0.444,0.435,0.474,0.447,0.414,0.493,0.677,0.536,0.48,0.506
0.435,0.474,0.447,0.414,0.493,0.677,0.536,0.48,0.506,0.417
0.474,0.447,0.414,0.493,0.677,0.536,0.48,0.506,0.417,0.419
0.447,0.414,0.493,0.677,0.536,0.48,0.506,0.417,0.419,0.389
0.414,0.493,0.677,0.536,0.48,0.506,0.417,0.419,0.389,0.375
0.493,0.677,0.536,0.48,0.506,0.417,0.419,0.389,0.375,0.357
0.677,0.536,0.48,0.506,0.417,0.419,0.389,0.375,0.357,0.416
0.536,0.48,0.506,0.417,0.419,0.389,0.375,0.357,0.416,0.56
0.48,0.506,0.417,0.419,0.389,0.375,0.357,0.416,0.56,0.561
0.506,0.417,0.419,0.389,0.375,0.357,0.416,0.56,0.561,1.848
0.417,0.419,0.389,0.375,0.357,0.416,0.56,0.561,1.848,1.697
0.419,0.389,0.375,0.357,0.416,0.56,0.561,1.848,1.697,1.053
0.389,0.375,0.357,0.416,0.56,0.561,1.848,1.697,1.053,0.752
0.375,0.357,0.416,0.56,0.561,1.848,1.697,1.053,0.752,0.611
0.357,0.416,0.56,0.561,1.848,1.697,1.053,0.752,0.611,0.616
0.416,0.56,0.561,1.848,1.697,1.053,0.752,0.611,0.616,0.453
0.56,0.561,1.848,1.697,1.053,0.752,0.611,0.616,0.453,0.383
0.561,1.848,1.697,1.053,0.752,0.611,0.616,0.453,0.383,0.406
1.848,1.697,1.053,0.752,0.611,0.616,0.453,0.383,0.406,0.451
1.697,1.053,0.752,0.611,0.616,0.453,0.383,0.406,0.451,0.668
1.053,0.752,0.611,0.616,0.453,0.383,0.406,0.451,0.668,0.888
0.752,0.611,0.616,0.453,0.383,0.406,0.451,0.668,0.888,0.805
0.611,0.616,0.453,0.383,0.406,0.451,0.668,0.888,0.805,0.609
0.616,0.453,0.383,0.406,0.451,0.668,0.888,0.805,0.609,0.487
0.453,0.383,0.406,0.451,0.668,0.888,0.805,0.609,0.487,1.033
0.383,0.406,0.451,0.668,0.888,0.805,0.609,0.487,1.033,1.492
0.406,0.451,0.668,0.888,0.805,0.609,0.487,1.033,1.492,1.144
0.451,0.668,0.888,0.805,0.609,0.487,1.033,1.492,1.144,0.894
0.668,0.888,0.805,0.609,0.487,1.033,1.492,1.144,0.894,1.162
0.888,0.805,0.609,0.487,1.033,1.492,1.144,0.894,1.162,0.974
0.805,0.609,0.487,1.033,1.492,1.144,0.894,1.162,0.974,0.768
0.609,0.487,1.033,1.492,1.144,0.894,1.162,0.974,0.768,0.675
0.487,1.033,1.492,1.144,0.894,1.162,0.974,0.768,0.675,0.657
1.033,1.492,1.144,0.894,1.162,0.974,0.768,0.675,0.657,0.605
1.492,1.144,0.894,1.162,0.974,0.768,0.675,0.657,0.605,0.732
1.144,0.894,1.162,0.974,0.768,0.675,0.657,0.605,0.732,0.846
0.894,1.162,0.974,0.768,0.675,0.657,0.605,0.732,0.846,0.875
1.162,0.974,0.768,0.675,0.657,0.605,0.732,0.846,0.875,0.646
0.974,0.768,0.675,0.657,0.605,0.732,0.846,0.875,0.646,0.614
0.768,0.675,0.657,0.605,0.732,0.846,0.875,0.646,0.614,2.675
0.675,0.657,0.605,0.732,0.846,0.875,0.646,0.614,2.675,1.857
0.657,0.605,0.732,0.846,0.875,0.646,0.614,2.675,1.857,1.244
0.605,0.732,0.846,0.875,0.646,0.614,2.675,1.857,1.244,0.779
0.732,0.846,0.875,0.646,0.614,2.675,1.857,1.244,0.779,0.738
0.846,0.875,0.646,0.614,2.675,1.857,1.244,0.779,0.738,0.459
0.875,0.646,0.614,2.675,1.857,1.244,0.779,0.738,0.459,1.13
0.646,0.614,2.675,1.857,1.244,0.779,0.738,0.459,1.13,0.75
0.614,2.675,1.857,1.244,0.779,0.738,0.459,1.13,0.75,0.74
2.675,1.857,1.244,0.779,0.738,0.459,1.13,0.75,0.74,0.786
1.857,1.244,0.779,0.738,0.459,1.13,0.75,0.74,0.786,0.643
1.244,0.779,0.738,0.459,1.13,0.75,0.74,0.786,0.643,0.613
0.779,0.738,0.459,1.13,0.75,0.74,0.786,0.643,0.613,0.537
0.738,0.459,1.13,0.75,0.74,0.786,0.643,0.613,0.537,0.508
0.459,1.13,0.75,0.74,0.786,0.643,0.613,0.537,0.508,0.59
1.13,0.75,0.74,0.786,0.643,0.613,0.537,0.508,0.59,0.421
0.75,0.74,0.786,0.643,0.613,0.537,0.508,0.59,0.421,0.581
0.74,0.786,0.643,0.613,0.537,0.508,0.59,0.421,0.581,0.558
0.786,0.643,0.613,0.537,0.508,0.59,0.421,0.581,0.558,0.554
0.643,0.613,0.537,0.508,0.59,0.421,0.581,0.558,0.554,0.548
0.613,0.537,0.508,0.59,0.421,0.581,0.558,0.554,0.548,0.639
0.537,0.508,0.59,0.421,0.581,0.558,0.554,0.548,0.639,0.635
0.508,0.59,0.421,0.581,0.558,0.554,0.548,0.639,0.635,0.544
0.59,0.421,0.581,0.558,0.554,0.548,0.639,0.635,0.544,0.538
0.421,0.581,0.558,0.554,0.548,0.639,0.635,0.544,0.538,0.542
0.581,0.558,0.554,0.548,0.639,0.635,0.544,0.538,0.542,0.539
0.558,0.554,0.548,0.639,0.635,0.544,0.538,0.542,0.539,0.389
0.554,0.548,0.639,0.635,0.544,0.538,0.542,0.539,0.389,0.444
0.548,0.639,0.635,0.544,0.538,0.542,0.539,0.389,0.444,0.404
0.639,0.635,0.544,0.538,0.542,0.539,0.389,0.444,0.404,0.45
0.635,0.544,0.538,0.542,0.539,0.389,0.444,0.404,0.45,1.135
0.544,0.538,0.542,0.539,0.389,0.444,0.404,0.45,1.135,1.471
0.538,0.542,0.539,0.389,0.444,0.404,0.45,1.135,1.471,0.993
0.542,0.539,0.389,0.444,0.404,0.45,1.135,1.471,0.993,0.687
0.539,0.389,0.444,0.404,0.45,1.135,1.471,0.993,0.687,0.613
0.389,0.444,0.404,0.45,1.135,1.471,0.993,0.687,0.613,0.585
0.444,0.404,0.45,1.135,1.471,0.993,0.687,0.613,0.585,0.623
0.404,0.45,1.135,1.471,0.993,0.687,0.613,0.585,0.623,0.482
0.45,1.135,1.471,0.993,0.687,0.613,0.585,0.623,0.482,0.465
1.135,1.471,0.993,0.687,0.613,0.585,0.623,0.482,0.465,0.461
1.471,0.993,0.687,0.613,0.585,0.623,0.482,0.465,0.461,0.437
0.993,0.687,0.613,0.585,0.623,0.482,0.465,0.461,0.437,0.434
0.687,0.613,0.585,0.623,0.482,0.465,0.461,0.437,0.434,0.4
0.613,0.585,0.623,0.482,0.465,0.461,0.437,0.434,0.4,0.465
0.585,0.623,0.482,0.465,0.461,0.437,0.434,0.4,0.465,0.406
0.623,0.482,0.465,0.461,0.437,0.434,0.4,0.465,0.406,0.48
0.482,0.465,0.461,0.437,0.434,0.4,0.465,0.406,0.48,0.481
0.465,0.461,0.437,0.434,0.4,0.465,0.406,0.48,0.481,0.52
0.461,0.437,0.434,0.4,0.465,0.406,0.48,0.481,0.52,0.565
0.437,0.434,0.4,0.465,0.406,0.48,0.481,0.52,0.565,0.688
0.434,0.4,0.465,0.406,0.48,0.481,0.52,0.565,0.688,0.835
0.4,0.465,0.406,0.48,0.481,0.52,0.565,0.688,0.835,0.793
0.465,0.406,0.48,0.481,0.52,0.565,0.688,0.835,0.793,0.733
0.406,0.48,0.481,0.52,0.565,0.688,0.835,0.793,0.733,0.847
0.48,0.481,0.52,0.565,0.688,0.835,0.793,0.733,0.847,1.892
0.481,0.52,0.565,0.688,0.835,0.793,0.733,0.847,1.892,2.65
0.52,0.565,0.688,0.835,0.793,0.733,0.847,1.892,2.65,1.462
0.565,0.688,0.835,0.793,0.733,0.847,1.892,2.65,1.462,1.18
0.688,0.835,0.793,0.733,0.847,1.892,2.65,1.462,1.18,1.337
0.835,0.793,0.733,0.847,1.892,2.65,1.462,1.18,1.337,1.168
0.793,0.733,0.847,1.892,2.65,1.462,1.18,1.337,1.168,0.762
0.733,0.847,1.892,2.65,1.462,1.18,1.337,1.168,0.762,0.859
0.847,1.892,2.65,1.462,1.18,1.337,1.168,0.762,0.859,0.827
1.892,2.65,1.462,1.18,1.337,1.168,0.762,0.859,0.827,0.745
2.65,1.462,1.18,1.337,1.168,0.762,0.859,0.827,0.745,0.715
1.462,1.18,1.337,1.168,0.762,0.859,0.827,0.745,0.715,0.737
1.18,1.337,1.168,0.762,0.859,0.827,0.745,0.715,0.737,0.725
1.337,1.168,0.762,0.859,0.827,0.745,0.715,0.737,0.725,0.775
1.168,0.762,0.859,0.827,0.745,0.715,0.737,0.725,0.775,0.813
0.762,0.859,0.827,0.745,0.715,0.737,0.725,0.775,0.813,0.758
0.859,0.827,0.745,0.715,0.737,0.725,0.775,0.813,0.758,0.777
0.827,0.745,0.715,0.737,0.725,0.775,0.813,0.758,0.777,0.703
0.745,0.715,0.737,0.725,0.775,0.813,0.758,0.777,0.703,0.633
0.715,0.737,0.725,0.775,0.813,0.758,0.777,0.703,0.633,0.602
0.737,0.725,0.775,0.813,0.758,0.777,0.703,0.633,0.602,0.605
0.725,0.775,0.813,0.758,0.777,0.703,0.633,0.602,0.605,0.596
0.775,0.813,0.758,0.777,0.703,0.633,0.602,0.605,0.596,0.637
0.813,0.758,0.777,0.703,0.633,0.602,0.605,0.596,0.637,0.535
0.758,0.777,0.703,0.633,0.602,0.605,0.596,0.637,0.535,0.521
0.777,0.703,0.633,0.602,0.605,0.596,0.637,0.535,0.521,0.594
0.703,0.633,0.602,0.605,0.596,0.637,0.535,0.521,0.594,0.48
0.633,0.602,0.605,0.596,0.637,0.535,0.521,0.594,0.48,0.528
0.602,0.605,0.596,0.637,0.535,0.521,0.594,0.48,0.528,0.495
0.605,0.596,0.637,0.535,0.521,0.594,0.48,0.528,0.495,0.501
0.596,0.637,0.535,0.521,0.594,0.48,0.528,0.495,0.501,0.581
0.637,0.535,0.521,0.594,0.48,0.528,0.495,0.501,0.581,0.601
0.535,0.521,0.594,0.48,0.528,0.495,0.501,0.581,0.601,0.511
0.521,0.594,0.48,0.528,0.495,0.501,0.581,0.601,0.511,0.491
0.594,0.48,0.528,0.495,0.501,0.581,0.601,0.511,0.491,0.445
0.48,0.528,0.495,0.501,0.581,0.601,0.511,0.491,0.445,0.444
0.528,0.495,0.501,0.581,0.601,0.511,0.491,0.445,0.444,0.439
0.495,0.501,0.581,0.601,0.511,0.491,0.445,0.444,0.439,0.51
0.501,0.581,0.601,0.511,0.491,0.445,0.444,0.439,0.51,0.45
0.581,0.601,0.511,0.491,0.445,0.444,0.439,0.51,0.45,0.479
0.601,0.511,0.491,0.445,0.444,0.439,0.51,0.45,0.479,0.453
0.511,0.491,0.445,0.444,0.439,0.51,0.45,0.479,0.453,0.41
0.491,0.445,0.444,0.439,0.51,0.45,0.479,0.453,0.41,0.385
0.445,0.444,0.439,0.51,0.45,0.479,0.453,0.41,0.385,0.363
0.444,0.439,0.51,0.45,0.479,0.453,0.41,0.385,0.363,0.359
0.439,0.51,0.45,0.479,0.453,0.41,0.385,0.363,0.359,0.406
0.51,0.45,0.479,0.453,0.41,0.385,0.363,0.359,0.406,0.528
0.45,0.479,0.453,0.41,0.385,0.363,0.359,0.406,0.528,0.65
0.479,0.453,0.41,0.385,0.363,0.359,0.406,0.528,0.65,0.313
0.453,0.41,0.385,0.363,0.359,0.406,0.528,0.65,0.313,0.381
0.41,0.385,0.363,0.359,0.406,0.528,0.65,0.313,0.381,0.42
0.385,0.363,0.359,0.406,0.528,0.65,0.313,0.381,0.42,0.399
0.363,0.359,0.406,0.528,0.65,0.313,0.381,0.42,0.399,0.4
0.359,0.406,0.528,0.65,0.313,0.381,0.42,0.399,0.4,1.036
0.406,0.528,0.65,0.313,0.381,0.42,0.399,0.4,1.036,0.014
0.528,0.65,0.313,0.381,0.42,0.399,0.4,1.036,0.014,1.546
0.65,0.313,0.381,0.42,0.399,0.4,1.036,0.014,1.546,1.498
0.313,0.381,0.42,0.399,0.4,1.036,0.014,1.546,1.498,1.183
0.381,0.42,0.399,0.4,1.036,0.014,1.546,1.498,1.183,1.945
0.42,0.399,0.4,1.036,0.014,1.546,1.498,1.183,1.945,1.74
0.399,0.4,1.036,0.014,1.546,1.498,1.183,1.945,1.74,1.12
0.4,1.036,0.014,1.546,1.498,1.183,1.945,1.74,1.12,1.006
1.036,0.014,1.546,1.498,1.183,1.945,1.74,1.12,1.006,1.054
0.014,1.546,1.498,1.183,1.945,1.74,1.12,1.006,1.054,1.9
1.546,1.498,1.183,1.945,1.74,1.12,1.006,1.054,1.9,2.263
1.498,1.183,1.945,1.74,1.12,1.006,1.054,1.9,2.263,5.598
1.183,1.945,1.74,1.12,1.006,1.054,1.9,2.263,5.598,7.383
1.945,1.74,1.12,1.006,1.054,1.9,2.263,5.598,7.383,3.731
1.74,1.12,1.006,1.054,1.9,2.263,5.598,7.383,3.731,2.687
1.12,1.006,1.054,1.9,2.263,5.598,7.383,3.731,2.687,2.326
1.006,1.054,1.9,2.263,5.598,7.383,3.731,2.687,2.326,2.295
1.054,1.9,2.263,5.598,7.383,3.731,2.687,2.326,2.295,2.141
1.9,2.263,5.598,7.383,3.731,2.687,2.326,2.295,2.141,3.034
2.263,5.598,7.383,3.731,2.687,2.326,2.295,2.141,3.034,6.29
5.598,7.383,3.731,2.687,2.326,2.295,2.141,3.034,6.29,4.95
7.383,3.731,2.687,2.326,2.295,2.141,3.034,6.29,4.95,6.364
3.731,2.687,2.326,2.295,2.141,3.034,6.29,4.95,6.364,7.611
2.687,2.326,2.295,2.141,3.034,6.29,4.95,6.364,7.611,6.627
2.326,2.295,2.141,3.034,6.29,4.95,6.364,7.611,6.627,5.369
2.295,2.141,3.034,6.29,4.95,6.364,7.611,6.627,5.369,4.451
2.141,3.034,6.29,4.95,6.364,7.611,6.627,5.369,4.451,3.772
3.034,6.29,4.95,6.364,7.611,6.627,5.369,4.451,3.772,9.303
6.29,4.95,6.364,7.611,6.627,5.369,4.451,3.772,9.303,14.435
4.95,6.364,7.611,6.627,5.369,4.451,3.772,9.303,14.435,10.169
6.364,7.611,6.627,5.369,4.451,3.772,9.303,14.435,10.169,7.556
7.611,6.627,5.369,4.451,3.772,9.303,14.435,10.169,7.556,7.849
6.627,5.369,4.451,3.772,9.303,14.435,10.169,7.556,7.849,6.725
5.369,4.451,3.772,9.303,14.435,10.169,7.556,7.849,6.725,5.635
4.451,3.772,9.303,14.435,10.169,7.556,7.849,6.725,5.635,5.22
3.772,9.303,14.435,10.169,7.556,7.849,6.725,5.635,5.22,4.903
9.303,14.435,10.169,7.556,7.849,6.725,5.635,5.22,4.903,6.647
14.435,10.169,7.556,7.849,6.725,5.635,5.22,4.903,6.647,6.433
10.169,7.556,7.849,6.725,5.635,5.22,4.903,6.647,6.433,9.683
7.556,7.849,6.725,5.635,5.22,4.903,6.647,6.433,9.683,10.065
7.849,6.725,5.635,5.22,4.903,6.647,6.433,9.683,10.065,7.715
6.725,5.635,5.22,4.903,6.647,6.433,9.683,10.065,7.715,5.862
5.635,5.22,4.903,6.647,6.433,9.683,10.065,7.715,5.862,4.79
5.22,4.903,6.647,6.433,9.683,10.065,7.715,5.862,4.79,4.199
4.903,6.647,6.433,9.683,10.065,7.715,5.862,4.79,4.199,3.653
6.647,6.433,9.683,10.065,7.715,5.862,4.79,4.199,3.653,8.384
6.433,9.683,10.065,7.715,5.862,4.79,4.199,3.653,8.384,11.96
9.683,10.065,7.715,5.862,4.79,4.199,3.653,8.384,11.96,10.598
10.065,7.715,5.862,4.79,4.199,3.653,8.384,11.96,10.598,14.747
7.715,5.862,4.79,4.199,3.653,8.384,11.96,10.598,14.747,14.1
5.862,4.79,4.199,3.653,8.384,11.96,10.598,14.747,14.1,10.918
4.79,4.199,3.653,8.384,11.96,10.598,14.747,14.1,10.918,8.472
4.199,3.653,8.384,11.96,10.598,14.747,14.1,10.918,8.472,6.71
3.653,8.384,11.96,10.598,14.747,14.1,10.918,8.472,6.71,5.745
8.384,11.96,10.598,14.747,14.1,10.918,8.472,6.71,5.745,4.959
11.96,10.598,14.747,14.1,10.918,8.472,6.71,5.745,4.959,4.292
10.598,14.747,14.1,10.918,8.472,6.71,5.745,4.959,4.292,3.355
14.747,14.1,10.918,8.472,6.71,5.745,4.959,4.292,3.355,2.81
14.1,10.918,8.472,6.71,5.745,4.959,4.292,3.355,2.81,2.049
10.918,8.472,6.71,5.745,4.959,4.292,3.355,2.81,2.049,1.337
8.472,6.71,5.745,4.959,4.292,3.355,2.81,2.049,1.337,1.299
6.71,5.745,4.959,4.292,3.355,2.81,2.049,1.337,1.299,1.188
5.745,4.959,4.292,3.355,2.81,2.049,1.337,1.299,1.188,1.127
4.959,4.292,3.355,2.81,2.049,1.337,1.299,1.188,1.127,0.889
4.292,3.355,2.81,2.049,1.337,1.299,1.188,1.127,0.889,1.061
3.355,2.81,2.049,1.337,1.299,1.188,1.127,0.889,1.061,1.108
2.81,2.049,1.337,1.299,1.188,1.127,0.889,1.061,1.108,1.093
2.049,1.337,1.299,1.188,1.127,0.889,1.061,1.108,1.093,1.026
1.337,1.299,1.188,1.127,0.889,1.061,1.108,1.093,1.026,0.866
1.299,1.188,1.127,0.889,1.061,1.108,1.093,1.026,0.866,1.021
1.188,1.127,0.889,1.061,1.108,1.093,1.026,0.866,1.021,1.023
1.127,0.889,1.061,1.108,1.093,1.026,0.866,1.021,1.023,1.213
0.889,1.061,1.108,1.093,1.026,0.866,1.021,1.023,1.213,1.061
1.061,1.108,1.093,1.026,0.866,1.021,1.023,1.213,1.061,1.183
1.108,1.093,1.026,0.866,1.021,1.023,1.213,1.061,1.183,1.063
1.093,1.026,0.866,1.021,1.023,1.213,1.061,1.183,1.063,1.315
1.026,0.866,1.021,1.023,1.213,1.061,1.183,1.063,1.315,1.685
0.866,1.021,1.023,1.213,1.061,1.183,1.063,1.315,1.685,1.766
1.021,1.023,1.213,1.061,1.183,1.063,1.315,1.685,1.766,1.345
1.023,1.213,1.061,1.183,1.063,1.315,1.685,1.766,1.345,1.27
1.213,1.061,1.183,1.063,1.315,1.685,1.766,1.345,1.27,1.35
1.061,1.183,1.063,1.315,1.685,1.766,1.345,1.27,1.35,4.91
1.183,1.063,1.315,1.685,1.766,1.345,1.27,1.35,4.91,15.897
1.063,1.315,1.685,1.766,1.345,1.27,1.35,4.91,15.897,9.02
1.315,1.685,1.766,1.345,1.27,1.35,4.91,15.897,9.02,5.411
1.685,1.766,1.345,1.27,1.35,4.91,15.897,9.02,5.411,4.843
1.766,1.345,1.27,1.35,4.91,15.897,9.02,5.411,4.843,14.821
1.345,1.27,1.35,4.91,15.897,9.02,5.411,4.843,14.821,16.554
1.27,1.35,4.91,15.897,9.02,5.411,4.843,14.821,16.554,13.902
1.35,4.91,15.897,9.02,5.411,4.843,14.821,16.554,13.902,9.978
4.91,15.897,9.02,5.411,4.843,14.821,16.554,13.902,9.978,7.386
15.897,9.02,5.411,4.843,14.821,16.554,13.902,9.978,7.386,5.729
9.02,5.411,4.843,14.821,16.554,13.902,9.978,7.386,5.729,4.783
5.411,4.843,14.821,16.554,13.902,9.978,7.386,5.729,4.783,4.13
4.843,14.821,16.554,13.902,9.978,7.386,5.729,4.783,4.13,3.991
14.821,16.554,13.902,9.978,7.386,5.729,4.783,4.13,3.991,3.514
16.554,13.902,9.978,7.386,5.729,4.783,4.13,3.991,3.514,3.275
13.902,9.978,7.386,5.729,4.783,4.13,3.991,3.514,3.275,3.952
9.978,7.386,5.729,4.783,4.13,3.991,3.514,3.275,3.952,5.217
7.386,5.729,4.783,4.13,3.991,3.514,3.275,3.952,5.217,5.446
5.729,4.783,4.13,3.991,3.514,3.275,3.952,5.217,5.446,4.582
4.783,4.13,3.991,3.514,3.275,3.952,5.217,5.446,4.582,4.063
4.13,3.991,3.514,3.275,3.952,5.217,5.446,4.582,4.063,3.907
3.991,3.514,3.275,3.952,5.217,5.446,4.582,4.063,3.907,3.967
3.514,3.275,3.952,5.217,5.446,4.582,4.063,3.907,3.967,4.009
3.275,3.952,5.217,5.446,4.582,4.063,3.907,3.967,4.009,4.59
3.952,5.217,5.446,4.582,4.063,3.907,3.967,4.009,4.59,3.302
5.217,5.446,4.582,4.063,3.907,3.967,4.009,4.59,3.302,2.91
5.446,4.582,4.063,3.907,3.967,4.009,4.59,3.302,2.91,2.678
4.582,4.063,3.907,3.967,4.009,4.59,3.302,2.91,2.678,3.117
4.063,3.907,3.967,4.009,4.59,3.302,2.91,2.678,3.117,3.227
3.907,3.967,4.009,4.59,3.302,2.91,2.678,3.117,3.227,2.747
3.967,4.009,4.59,3.302,2.91,2.678,3.117,3.227,2.747,2.242
4.009,4.59,3.302,2.91,2.678,3.117,3.227,2.747,2.242,1.974
4.59,3.302,2.91,2.678,3.117,3.227,2.747,2.242,1.974,2.001
3.302,2.91,2.678,3.117,3.227,2.747,2.242,1.974,2.001,2.021
2.91,2.678,3.117,3.227,2.747,2.242,1.974,2.001,2.021,2.818
2.678,3.117,3.227,2.747,2.242,1.974,2.001,2.021,2.818,2.87
3.117,3.227,2.747,2.242,1.974,2.001,2.021,2.818,2.87,2.106
3.227,2.747,2.242,1.974,2.001,2.021,2.818,2.87,2.106,1.799
2.747,2.242,1.974,2.001,2.021,2.818,2.87,2.106,1.799,1.758
2.242,1.974,2.001,2.021,2.818,2.87,2.106,1.799,1.758,1.834
1.974,2.001,2.021,2.818,2.87,2.106,1.799,1.758,1.834,1.703
2.001,2.021,2.818,2.87,2.106,1.799,1.758,1.834,1.703,1.691
2.021,2.818,2.87,2.106,1.799,1.758,1.834,1.703,1.691,1.541
2.818,2.87,2.106,1.799,1.758,1.834,1.703,1.691,1.541,1.428
2.87,2.106,1.799,1.758,1.834,1.703,1.691,1.541,1.428,1.295
2.106,1.799,1.758,1.834,1.703,1.691,1.541,1.428,1.295,1.394
1.799,1.758,1.834,1.703,1.691,1.541,1.428,1.295,1.394,1.492
1.758,1.834,1.703,1.691,1.541,1.428,1.295,1.394,1.492,3.465
1.834,1.703,1.691,1.541,1.428,1.295,1.394,1.492,3.465,2.476
1.703,1.691,1.541,1.428,1.295,1.394,1.492,3.465,2.476,1.933
1.691,1.541,1.428,1.295,1.394,1.492,3.465,2.476,1.933,1.765
1.541,1.428,1.295,1.394,1.492,3.465,2.476,1.933,1.765,2.207
1.428,1.295,1.394,1.492,3.465,2.476,1.933,1.765,2.207,1.861
1.295,1.394,1.492,3.465,2.476,1.933,1.765,2.207,1.861,1.702
1.394,1.492,3.465,2.476,1.933,1.765,2.207,1.861,1.702,1.636
1.492,3.465,2.476,1.933,1.765,2.207,1.861,1.702,1.636,1.653
3.465,2.476,1.933,1.765,2.207,1.861,1.702,1.636,1.653,1.703
2.476,1.933,1.765,2.207,1.861,1.702,1.636,1.653,1.703,1.723
1.933,1.765,2.207,1.861,1.702,1.636,1.653,1.703,1.723,1.601
1.765,2.207,1.861,1.702,1.636,1.653,1.703,1.723,1.601,1.589
2.207,1.861,1.702,1.636,1.653,1.703,1.723,1.601,1.589,1.764
1.861,1.702,1.636,1.653,1.703,1.723,1.601,1.589,1.764,1.576
1.702,1.636,1.653,1.703,1.723,1.601,1.589,1.764,1.576,1.476
1.636,1.653,1.703,1.723,1.601,1.589,1.764,1.576,1.476,1.418
1.653,1.703,1.723,1.601,1.589,1.764,1.576,1.476,1.418,1.25
1.703,1.723,1.601,1.589,1.764,1.576,1.476,1.418,1.25,1.143
1.723,1.601,1.589,1.764,1.576,1.476,1.418,1.25,1.143,1.087
1.601,1.589,1.764,1.576,1.476,1.418,1.25,1.143,1.087,1.087
1.589,1.764,1.576,1.476,1.418,1.25,1.143,1.087,1.087,1.182
1.764,1.576,1.476,1.418,1.25,1.143,1.087,1.087,1.182,1.091
1.576,1.476,1.418,1.25,1.143,1.087,1.087,1.182,1.091,1.086
1.476,1.418,1.25,1.143,1.087,1.087,1.182,1.091,1.086,1.304
1.418,1.25,1.143,1.087,1.087,1.182,1.091,1.086,1.304,1.232
1.25,1.143,1.087,1.087,1.182,1.091,1.086,1.304,1.232,1.093
1.143,1.087,1.087,1.182,1.091,1.086,1.304,1.232,1.093,0.939
1.087,1.087,1.182,1.091,1.086,1.304,1.232,1.093,0.939,0.88
1.087,1.182,1.091,1.086,1.304,1.232,1.093,0.939,0.88,0.873
1.182,1.091,1.086,1.304,1.232,1.093,0.939,0.88,0.873,0.925
1.091,1.086,1.304,1.232,1.093,0.939,0.88,0.873,0.925,0.808
1.086,1.304,1.232,1.093,0.939,0.88,0.873,0.925,0.808,0.795
1.304,1.232,1.093,0.939,0.88,0.873,0.925,0.808,0.795,0.771
1.232,1.093,0.939,0.88,0.873,0.925,0.808,0.795,0.771,0.77
1.093,0.939,0.88,0.873,0.925,0.808,0.795,0.771,0.77,0.77
0.939,0.88,0.873,0.925,0.808,0.795,0.771,0.77,0.77,0.727
0.88,0.873,0.925,0.808,0.795,0.771,0.77,0.77,0.727,0.658
0.873,0.925,0.808,0.795,0.771,0.77,0.77,0.727,0.658,0.667
0.925,0.808,0.795,0.771,0.77,0.77,0.727,0.658,0.667,0.62
0.808,0.795,0.771,0.77,0.77,0.727,0.658,0.667,0.62,0.599
0.795,0.771,0.77,0.77,0.727,0.658,0.667,0.62,0.599,0.595
0.771,0.77,0.77,0.727,0.658,0.667,0.62,0.599,0.595,0.509
0.77,0.77,0.727,0.658,0.667,0.62,0.599,0.595,0.509,0.537
0.77,0.727,0.658,0.667,0.62,0.599,0.595,0.509,0.537,0.462
0.727,0.658,0.667,0.62,0.599,0.595,0.509,0.537,0.462,0.518
0.658,0.667,0.62,0.599,0.595,0.509,0.537,0.462,0.518,0.456
0.667,0.62,0.599,0.595,0.509,0.537,0.462,0.518,0.456,0.504
0.62,0.599,0.595,0.509,0.537,0.462,0.518,0.456,0.504,0.477
0.599,0.595,0.509,0.537,0.462,0.518,0.456,0.504,0.477,0.594
0.595,0.509,0.537,0.462,0.518,0.456,0.504,0.477,0.594,0.721
0.509,0.537,0.462,0.518,0.456,0.504,0.477,0.594,0.721,0.665
0.537,0.462,0.518,0.456,0.504,0.477,0.594,0.721,0.665,0.616
0.462,0.518,0.456,0.504,0.477,0.594,0.721,0.665,0.616,0.727
0.518,0.456,0.504,0.477,0.594,0.721,0.665,0.616,0.727,0.665
0.456,0.504,0.477,0.594,0.721,0.665,0.616,0.727,0.665,0.654
0.504,0.477,0.594,0.721,0.665,0.616,0.727,0.665,0.654,0.66
0.477,0.594,0.721,0.665,0.616,0.727,0.665,0.654,0.66,0.671
0.594,0.721,0.665,0.616,0.727,0.665,0.654,0.66,0.671,0.633
0.721,0.665,0.616,0.727,0.665,0.654,0.66,0.671,0.633,0.634
0.665,0.616,0.727,0.665,0.654,0.66,0.671,0.633,0.634,0.623
0.616,0.727,0.665,0.654,0.66,0.671,0.633,0.634,0.623,0.667
0.727,0.665,0.654,0.66,0.671,0.633,0.634,0.623,0.667,0.858
0.665,0.654,0.66,0.671,0.633,0.634,0.623,0.667,0.858,1.026
0.654,0.66,0.671,0.633,0.634,0.623,0.667,0.858,1.026,1.127
0.66,0.671,0.633,0.634,0.623,0.667,0.858,1.026,1.127,0.791
0.671,0.633,0.634,0.623,0.667,0.858,1.026,1.127,0.791,0.663
0.633,0.634,0.623,0.667,0.858,1.026,1.127,0.791,0.663,0.613
0.634,0.623,0.667,0.858,1.026,1.127,0.791,0.663,0.613,0.53
0.623,0.667,0.858,1.026,1.127,0.791,0.663,0.613,0.53,0.599
0.667,0.858,1.026,1.127,0.791,0.663,0.613,0.53,0.599,0.723
0.858,1.026,1.127,0.791,0.663,0.613,0.53,0.599,0.723,0.593
1.026,1.127,0.791,0.663,0.613,0.53,0.599,0.723,0.593,0.474
1.127,0.791,0.663,0.613,0.53,0.599,0.723,0.593,0.474,0.531
0.791,0.663,0.613,0.53,0.599,0.723,0.593,0.474,0.531,0.556
0.663,0.613,0.53,0.599,0.723,0.593,0.474,0.531,0.556,0.471
0.613,0.53,0.599,0.723,0.593,0.474,0.531,0.556,0.471,0.488
0.53,0.599,0.723,0.593,0.474,0.531,0.556,0.471,0.488,0.508
0.599,0.723,0.593,0.474,0.531,0.556,0.471,0.488,0.508,0.481
0.723,0.593,0.474,0.531,0.556,0.471,0.488,0.508,0.481,0.564
0.593,0.474,0.531,0.556,0.471,0.488,0.508,0.481,0.564,0.569
0.474,0.531,0.556,0.471,0.488,0.508,0.481,0.564,0.569,0.792
0.531,0.556,0.471,0.488,0.508,0.481,0.564,0.569,0.792,1.146
0.556,0.471,0.488,0.508,0.481,0.564,0.569,0.792,1.146,0.809
0.471,0.488,0.508,0.481,0.564,0.569,0.792,1.146,0.809,0.762
0.488,0.508,0.481,0.564,0.569,0.792,1.146,0.809,0.762,0.801
0.508,0.481,0.564,0.569,0.792,1.146,0.809,0.762,0.801,0.495
0.481,0.564,0.569,0.792,1.146,0.809,0.762,0.801,0.495,0.503
0.564,0.569,0.792,1.146,0.809,0.762,0.801,0.495,0.503,0.72
0.569,0.792,1.146,0.809,0.762,0.801,0.495,0.503,0.72,0.688
0.792,1.146,0.809,0.762,0.801,0.495,0.503,0.72,0.688,0.706
1.146,0.809,0.762,0.801,0.495,0.503,0.72,0.688,0.706,0.662
0.809,0.762,0.801,0.495,0.503,0.72,0.688,0.706,0.662,0.77
0.762,0.801,0.495,0.503,0.72,0.688,0.706,0.662,0.77,0.768
0.801,0.495,0.503,0.72,0.688,0.706,0.662,0.77,0.768,0.874
0.495,0.503,0.72,0.688,0.706,0.662,0.77,0.768,0.874,0.923
0.503,0.72,0.688,0.706,0.662,0.77,0.768,0.874,0.923,0.775
0.72,0.688,0.706,0.662,0.77,0.768,0.874,0.923,0.775,1.551
0.688,0.706,0.662,0.77,0.768,0.874,0.923,0.775,1.551,1.026
0.706,0.662,0.77,0.768,0.874,0.923,0.775,1.551,1.026,0.828
0.662,0.77,0.768,0.874,0.923,0.775,1.551,1.026,0.828,1.199
0.77,0.768,0.874,0.923,0.775,1.551,1.026,0.828,1.199,1.215
0.768,0.874,0.923,0.775,1.551,1.026,0.828,1.199,1.215,0.9
0.874,0.923,0.775,1.551,1.026,0.828,1.199,1.215,0.9,0.85
0.923,0.775,1.551,1.026,0.828,1.199,1.215,0.9,0.85,0.915
0.775,1.551,1.026,0.828,1.199,1.215,0.9,0.85,0.915,1.087
1.551,1.026,0.828,1.199,1.215,0.9,0.85,0.915,1.087,1.709
1.026,0.828,1.199,1.215,0.9,0.85,0.915,1.087,1.709,1.1
0.828,1.199,1.215,0.9,0.85,0.915,1.087,1.709,1.1,0.824
1.199,1.215,0.9,0.85,0.915,1.087,1.709,1.1,0.824,0.856
1.215,0.9,0.85,0.915,1.087,1.709,1.1,0.824,0.856,0.772
0.9,0.85,0.915,1.087,1.709,1.1,0.824,0.856,0.772,0.646
0.85,0.915,1.087,1.709,1.1,0.824,0.856,0.772,0.646,0.781
0.915,1.087,1.709,1.1,0.824,0.856,0.772,0.646,0.781,0.629
1.087,1.709,1.1,0.824,0.856,0.772,0.646,0.781,0.629,0.613
1.709,1.1,0.824,0.856,0.772,0.646,0.781,0.629,0.613,0.597
1.1,0.824,0.856,0.772,0.646,0.781,0.629,0.613,0.597,0.785
0.824,0.856,0.772,0.646,0.781,0.629,0.613,0.597,0.785,0.697
0.856,0.772,0.646,0.781,0.629,0.613,0.597,0.785,0.697,0.622
0.772,0.646,0.781,0.629,0.613,0.597,0.785,0.697,0.622,0.687
0.646,0.781,0.629,0.613,0.597,0.785,0.697,0.622,0.687,0.699
0.781,0.629,0.613,0.597,0.785,0.697,0.622,0.687,0.699,0.614
0.629,0.613,0.597,0.785,0.697,0.622,0.687,0.699,0.614,0.559
0.613,0.597,0.785,0.697,0.622,0.687,0.699,0.614,0.559,0.438
0.597,0.785,0.697,0.622,0.687,0.699,0.614,0.559,0.438,0.437
0.785,0.697,0.622,0.687,0.699,0.614,0.559,0.438,0.437,0.422
0.697,0.622,0.687,0.699,0.614,0.559,0.438,0.437,0.422,0.501
0.622,0.687,0.699,0.614,0.559,0.438,0.437,0.422,0.501,0.575
0.687,0.699,0.614,0.559,0.438,0.437,0.422,0.501,0.575,0.536
0.699,0.614,0.559,0.438,0.437,0.422,0.501,0.575,0.536,0.541
0.614,0.559,0.438,0.437,0.422,0.501,0.575,0.536,0.541,0.472
0.559,0.438,0.437,0.422,0.501,0.575,0.536,0.541,0.472,0.542
0.438,0.437,0.422,0.501,0.575,0.536,0.541,0.472,0.542,0.589
0.437,0.422,0.501,0.575,0.536,0.541,0.472,0.542,0.589,0.601
0.422,0.501,0.575,0.536,0.541,0.472,0.542,0.589,0.601,0.62
0.501,0.575,0.536,0.541,0.472,0.542,0.589,0.601,0.62,0.575
0.575,0.536,0.541,0.472,0.542,0.589,0.601,0.62,0.575,0.636
0.536,0.541,0.472,0.542,0.589,0.601,0.62,0.575,0.636,0.56
0.541,0.472,0.542,0.589,0.601,0.62,0.575,0.636,0.56,0.602
0.472,0.542,0.589,0.601,0.62,0.575,0.636,0.56,0.602,0.664
0.542,0.589,0.601,0.62,0.575,0.636,0.56,0.602,0.664,0.678
0.589,0.601,0.62,0.575,0.636,0.56,0.602,0.664,0.678,0.657
0.601,0.62,0.575,0.636,0.56,0.602,0.664,0.678,0.657,0.793
0.62,0.575,0.636,0.56,0.602,0.664,0.678,0.657,0.793,0.475
0.575,0.636,0.56,0.602,0.664,0.678,0.657,0.793,0.475,0.493
0.636,0.56,0.602,0.664,0.678,0.657,0.793,0.475,0.493,0.447
0.56,0.602,0.664,0.678,0.657,0.793,0.475,0.493,0.447,0.452
0.602,0.664,0.678,0.657,0.793,0.475,0.493,0.447,0.452,0.415
0.664,0.678,0.657,0.793,0.475,0.493,0.447,0.452,0.415,0.417
0.678,0.657,0.793,0.475,0.493,0.447,0.452,0.415,0.417,0.383
0.657,0.793,0.475,0.493,0.447,0.452,0.415,0.417,0.383,0.346
0.793,0.475,0.493,0.447,0.452,0.415,0.417,0.383,0.346,0.378
0.475,0.493,0.447,0.452,0.415,0.417,0.383,0.346,0.378,0.372
0.493,0.447,0.452,0.415,0.417,0.383,0.346,0.378,0.372,0.377
0.447,0.452,0.415,0.417,0.383,0.346,0.378,0.372,0.377,0.359
0.452,0.415,0.417,0.383,0.346,0.378,0.372,0.377,0.359,0.398
0.415,0.417,0.383,0.346,0.378,0.372,0.377,0.359,0.398,0.689
0.417,0.383,0.346,0.378,0.372,0.377,0.359,0.398,0.689,0.354
0.383,0.346,0.378,0.372,0.377,0.359,0.398,0.689,0.354,0.394
0.346,0.378,0.372,0.377,0.359,0.398,0.689,0.354,0.394,0.369
0.378,0.372,0.377,0.359,0.398,0.689,0.354,0.394,0.369,0.373
0.372,0.377,0.359,0.398,0.689,0.354,0.394,0.369,0.373,0.403
0.377,0.359,0.398,0.689,0.354,0.394,0.369,0.373,0.403,0.407
0.359,0.398,0.689,0.354,0.394,0.369,0.373,0.403,0.407,0.38
0.398,0.689,0.354,0.394,0.369,0.373,0.403,0.407,0.38,0.449
0.689,0.354,0.394,0.369,0.373,0.403,0.407,0.38,0.449,0.385
0.354,0.394,0.369,0.373,0.403,0.407,0.38,0.449,0.385,0.39
0.394,0.369,0.373,0.403,0.407,0.38,0.449,0.385,0.39,0.436
0.369,0.373,0.403,0.407,0.38,0.449,0.385,0.39,0.436,0.476
0.373,0.403,0.407,0.38,0.449,0.385,0.39,0.436,0.476,0.518
0.403,0.407,0.38,0.449,0.385,0.39,0.436,0.476,0.518,0.486
0.407,0.38,0.449,0.385,0.39,0.436,0.476,0.518,0.486,0.453
0.38,0.449,0.385,0.39,0.436,0.476,0.518,0.486,0.453,0.448
0.449,0.385,0.39,0.436,0.476,0.518,0.486,0.453,0.448,0.438
0.385,0.39,0.436,0.476,0.518,0.486,0.453,0.448,0.438,0.472
0.39,0.436,0.476,0.518,0.486,0.453,0.448,0.438,0.472,0.592
0.436,0.476,0.518,0.486,0.453,0.448,0.438,0.472,0.592,0.845
0.476,0.518,0.486,0.453,0.448,0.438,0.472,0.592,0.845,0.657
0.518,0.486,0.453,0.448,0.438,0.472,0.592,0.845,0.657,0.845
0.486,0.453,0.448,0.438,0.472,0.592,0.845,0.657,0.845,0.781
0.453,0.448,0.438,0.472,0.592,0.845,0.657,0.845,0.781,0.722
0.448,0.438,0.472,0.592,0.845,0.657,0.845,0.781,0.722,0.602
0.438,0.472,0.592,0.845,0.657,0.845,0.781,0.722,0.602,0.683
0.472,0.592,0.845,0.657,0.845,0.781,0.722,0.602,0.683,0.754
0.592,0.845,0.657,0.845,0.781,0.722,0.602,0.683,0.754,0.764
0.845,0.657,0.845,0.781,0.722,0.602,0.683,0.754,0.764,0.641
0.657,0.845,0.781,0.722,0.602,0.683,0.754,0.764,0.641,0.65
0.845,0.781,0.722,0.602,0.683,0.754,0.764,0.641,0.65,0.617
0.781,0.722,0.602,0.683,0.754,0.764,0.641,0.65,0.617,0.529
0.722,0.602,0.683,0.754,0.764,0.641,0.65,0.617,0.529,0.553
0.602,0.683,0.754,0.764,0.641,0.65,0.617,0.529,0.553,0.55
0.683,0.754,0.764,0.641,0.65,0.617,0.529,0.553,0.55,0.616
0.754,0.764,0.641,0.65,0.617,0.529,0.553,0.55,0.616,0.569
0.764,0.641,0.65,0.617,0.529,0.553,0.55,0.616,0.569,0.608
0.641,0.65,0.617,0.529,0.553,0.55,0.616,0.569,0.608,0.525
0.65,0.617,0.529,0.553,0.55,0.616,0.569,0.608,0.525,0.48
0.617,0.529,0.553,0.55,0.616,0.569,0.608,0.525,0.48,0.568
0.529,0.553,0.55,0.616,0.569,0.608,0.525,0.48,0.568,0.533
0.553,0.55,0.616,0.569,0.608,0.525,0.48,0.568,0.533,0.538
0.55,0.616,0.569,0.608,0.525,0.48,0.568,0.533,0.538,0.535
0.616,0.569,0.608,0.525,0.48,0.568,0.533,0.538,0.535,0.479
0.569,0.608,0.525,0.48,0.568,0.533,0.538,0.535,0.479,0.466
0.608,0.525,0.48,0.568,0.533,0.538,0.535,0.479,0.466,0.502
0.525,0.48,0.568,0.533,0.538,0.535,0.479,0.466,0.502,0.718
0.48,0.568,0.533,0.538,0.535,0.479,0.466,0.502,0.718,0.799
0.568,0.533,0.538,0.535,0.479,0.466,0.502,0.718,0.799,1.316
0.533,0.538,0.535,0.479,0.466,0.502,0.718,0.799,1.316,1.019
0.538,0.535,0.479,0.466,0.502,0.718,0.799,1.316,1.019,1.472
0.535,0.479,0.466,0.502,0.718,0.799,1.316,1.019,1.472,1.293
0.479,0.466,0.502,0.718,0.799,1.316,1.019,1.472,1.293,1.672
0.466,0.502,0.718,0.799,1.316,1.019,1.472,1.293,1.672,1.6
0.502,0.718,0.799,1.316,1.019,1.472,1.293,1.672,1.6,1.027
0.718,0.799,1.316,1.019,1.472,1.293,1.672,1.6,1.027,0.863
0.799,1.316,1.019,1.472,1.293,1.672,1.6,1.027,0.863,1.021
1.316,1.019,1.472,1.293,1.672,1.6,1.027,0.863,1.021,1.381
1.019,1.472,1.293,1.672,1.6,1.027,0.863,1.021,1.381,0.983
1.472,1.293,1.672,1.6,1.027,0.863,1.021,1.381,0.983,0.806
1.293,1.672,1.6,1.027,0.863,1.021,1.381,0.983,0.806,0.817
1.672,1.6,1.027,0.863,1.021,1.381,0.983,0.806,0.817,0.806
1.6,1.027,0.863,1.021,1.381,0.983,0.806,0.817,0.806,0.708
1.027,0.863,1.021,1.381,0.983,0.806,0.817,0.806,0.708,0.697
0.863,1.021,1.381,0.983,0.806,0.817,0.806,0.708,0.697,0.68
1.021,1.381,0.983,0.806,0.817,0.806,0.708,0.697,0.68,0.781
1.381,0.983,0.806,0.817,0.806,0.708,0.697,0.68,0.781,0.737
0.983,0.806,0.817,0.806,0.708,0.697,0.68,0.781,0.737,0.737
0.806,0.817,0.806,0.708,0.697,0.68,0.781,0.737,0.737,0.671
0.817,0.806,0.708,0.697,0.68,0.781,0.737,0.737,0.671,0.642
0.806,0.708,0.697,0.68,0.781,0.737,0.737,0.671,0.642,0.685
0.708,0.697,0.68,0.781,0.737,0.737,0.671,0.642,0.685,0.626
0.697,0.68,0.781,0.737,0.737,0.671,0.642,0.685,0.626,0.588
0.68,0.781,0.737,0.737,0.671,0.642,0.685,0.626,0.588,0.585
0.781,0.737,0.737,0.671,0.642,0.685,0.626,0.588,0.585,1.298
0.737,0.737,0.671,0.642,0.685,0.626,0.588,0.585,1.298,1.171
0.737,0.671,0.642,0.685,0.626,0.588,0.585,1.298,1.171,0.779
0.671,0.642,0.685,0.626,0.588,0.585,1.298,1.171,0.779,0.768
0.642,0.685,0.626,0.588,0.585,1.298,1.171,0.779,0.768,0.846
0.685,0.626,0.588,0.585,1.298,1.171,0.779,0.768,0.846,0.846
0.626,0.588,0.585,1.298,1.171,0.779,0.768,0.846,0.846,0.814
0.588,0.585,1.298,1.171,0.779,0.768,0.846,0.846,0.814,0.755
0.585,1.298,1.171,0.779,0.768,0.846,0.846,0.814,0.755,0.346
1.298,1.171,0.779,0.768,0.846,0.846,0.814,0.755,0.346,0.59
1.171,0.779,0.768,0.846,0.846,0.814,0.755,0.346,0.59,0.454
0.779,0.768,0.846,0.846,0.814,0.755,0.346,0.59,0.454,0.755
0.768,0.846,0.846,0.814,0.755,0.346,0.59,0.454,0.755,0.665
0.846,0.846,0.814,0.755,0.346,0.59,0.454,0.755,0.665,0.612
0.846,0.814,0.755,0.346,0.59,0.454,0.755,0.665,0.612,0.637
0.814,0.755,0.346,0.59,0.454,0.755,0.665,0.612,0.637,0.571
0.755,0.346,0.59,0.454,0.755,0.665,0.612,0.637,0.571,0.704
0.346,0.59,0.454,0.755,0.665,0.612,0.637,0.571,0.704,1.012
0.59,0.454,0.755,0.665,0.612,0.637,0.571,0.704,1.012,3.261
0.454,0.755,0.665,0.612,0.637,0.571,0.704,1.012,3.261,3.041
0.755,0.665,0.612,0.637,0.571,0.704,1.012,3.261,3.041,2.495
0.665,0.612,0.637,0.571,0.704,1.012,3.261,3.041,2.495,1.937
0.612,0.637,0.571,0.704,1.012,3.261,3.041,2.495,1.937,1.657
0.637,0.571,0.704,1.012,3.261,3.041,2.495,1.937,1.657,1.466
0.571,0.704,1.012,3.261,3.041,2.495,1.937,1.657,1.466,14.339
0.704,1.012,3.261,3.041,2.495,1.937,1.657,1.466,14.339,23.083
1.012,3.261,3.041,2.495,1.937,1.657,1.466,14.339,23.083,14.358
3.261,3.041,2.495,1.937,1.657,1.466,14.339,23.083,14.358,12.199
3.041,2.495,1.937,1.657,1.466,14.339,23.083,14.358,12.199,12.132
2.495,1.937,1.657,1.466,14.339,23.083,14.358,12.199,12.132,12.673
1.937,1.657,1.466,14.339,23.083,14.358,12.199,12.132,12.673,8.282
1.657,1.466,14.339,23.083,14.358,12.199,12.132,12.673,8.282,6.331
1.466,14.339,23.083,14.358,12.199,12.132,12.673,8.282,6.331,5.468
14.339,23.083,14.358,12.199,12.132,12.673,8.282,6.331,5.468,4.718
23.083,14.358,12.199,12.132,12.673,8.282,6.331,5.468,4.718,4.092
14.358,12.199,12.132,12.673,8.282,6.331,5.468,4.718,4.092,3.849
12.199,12.132,12.673,8.282,6.331,5.468,4.718,4.092,3.849,5.028
12.132,12.673,8.282,6.331,5.468,4.718,4.092,3.849,5.028,7.566
12.673,8.282,6.331,5.468,4.718,4.092,3.849,5.028,7.566,6.365
8.282,6.331,5.468,4.718,4.092,3.849,5.028,7.566,6.365,5.898
6.331,5.468,4.718,4.092,3.849,5.028,7.566,6.365,5.898,4.63
5.468,4.718,4.092,3.849,5.028,7.566,6.365,5.898,4.63,3.99
4.718,4.092,3.849,5.028,7.566,6.365,5.898,4.63,3.99,3.633
4.092,3.849,5.028,7.566,6.365,5.898,4.63,3.99,3.633,3.137
3.849,5.028,7.566,6.365,5.898,4.63,3.99,3.633,3.137,2.474
5.028,7.566,6.365,5.898,4.63,3.99,3.633,3.137,2.474,2.22
7.566,6.365,5.898,4.63,3.99,3.633,3.137,2.474,2.22,2.202
6.365,5.898,4.63,3.99,3.633,3.137,2.474,2.22,2.202,1.913
5.898,4.63,3.99,3.633,3.137,2.474,2.22,2.202,1.913,1.817
4.63,3.99,3.633,3.137,2.474,2.22,2.202,1.913,1.817,1.702
3.99,3.633,3.137,2.474,2.22,2.202,1.913,1.817,1.702,1.595
3.633,3.137,2.474,2.22,2.202,1.913,1.817,1.702,1.595,1.45
3.137,2.474,2.22,2.202,1.913,1.817,1.702,1.595,1.45,1.469
2.474,2.22,2.202,1.913,1.817,1.702,1.595,1.45,1.469,1.639
2.22,2.202,1.913,1.817,1.702,1.595,1.45,1.469,1.639,1.604
2.202,1.913,1.817,1.702,1.595,1.45,1.469,1.639,1.604,1.541
1.913,1.817,1.702,1.595,1.45,1.469,1.639,1.604,1.541,1.417
1.817,1.702,1.595,1.45,1.469,1.639,1.604,1.541,1.417,1.18
1.702,1.595,1.45,1.469,1.639,1.604,1.541,1.417,1.18,1.059
1.595,1.45,1.469,1.639,1.604,1.541,1.417,1.18,1.059,1.259
1.45,1.469,1.639,1.604,1.541,1.417,1.18,1.059,1.259,1.391
1.469,1.639,1.604,1.541,1.417,1.18,1.059,1.259,1.391,2.789
1.639,1.604,1.541,1.417,1.18,1.059,1.259,1.391,2.789,17.358
1.604,1.541,1.417,1.18,1.059,1.259,1.391,2.789,17.358,14.781
1.541,1.417,1.18,1.059,1.259,1.391,2.789,17.358,14.781,10.495
1.417,1.18,1.059,1.259,1.391,2.789,17.358,14.781,10.495,9.619
1.18,1.059,1.259,1.391,2.789,17.358,14.781,10.495,9.619,6.763
1.059,1.259,1.391,2.789,17.358,14.781,10.495,9.619,6.763,5.711
1.259,1.391,2.789,17.358,14.781,10.495,9.619,6.763,5.711,6.632
1.391,2.789,17.358,14.781,10.495,9.619,6.763,5.711,6.632,5.55
2.789,17.358,14.781,10.495,9.619,6.763,5.711,6.632,5.55,4.514
17.358,14.781,10.495,9.619,6.763,5.711,6.632,5.55,4.514,3.856
14.781,10.495,9.619,6.763,5.711,6.632,5.55,4.514,3.856,3.525
10.495,9.619,6.763,5.711,6.632,5.55,4.514,3.856,3.525,2.836
9.619,6.763,5.711,6.632,5.55,4.514,3.856,3.525,2.836,2.814
6.763,5.711,6.632,5.55,4.514,3.856,3.525,2.836,2.814,2.803
5.711,6.632,5.55,4.514,3.856,3.525,2.836,2.814,2.803,2.585
6.632,5.55,4.514,3.856,3.525,2.836,2.814,2.803,2.585,2.3
5.55,4.514,3.856,3.525,2.836,2.814,2.803,2.585,2.3,2.036
4.514,3.856,3.525,2.836,2.814,2.803,2.585,2.3,2.036,1.879
3.856,3.525,2.836,2.814,2.803,2.585,2.3,2.036,1.879,1.82
3.525,2.836,2.814,2.803,2.585,2.3,2.036,1.879,1.82,1.929
2.836,2.814,2.803,2.585,2.3,2.036,1.879,1.82,1.929,1.831
2.814,2.803,2.585,2.3,2.036,1.879,1.82,1.929,1.831,1.821
2.803,2.585,2.3,2.036,1.879,1.82,1.929,1.831,1.821,1.722
2.585,2.3,2.036,1.879,1.82,1.929,1.831,1.821,1.722,1.654
2.3,2.036,1.879,1.82,1.929,1.831,1.821,1.722,1.654,1.623
2.036,1.879,1.82,1.929,1.831,1.821,1.722,1.654,1.623,1.589
1.879,1.82,1.929,1.831,1.821,1.722,1.654,1.623,1.589,1.696
1.82,1.929,1.831,1.821,1.722,1.654,1.623,1.589,1.696,1.809
1.929,1.831,1.821,1.722,1.654,1.623,1.589,1.696,1.809,2.052
1.831,1.821,1.722,1.654,1.623,1.589,1.696,1.809,2.052,1.871
1.821,1.722,1.654,1.623,1.589,1.696,1.809,2.052,1.871,1.759
1.722,1.654,1.623,1.589,1.696,1.809,2.052,1.871,1.759,1.607
1.654,1.623,1.589,1.696,1.809,2.052,1.871,1.759,1.607,1.613
1.623,1.589,1.696,1.809,2.052,1.871,1.759,1.607,1.613,1.492
1.589,1.696,1.809,2.052,1.871,1.759,1.607,1.613,1.492,1.449
1.696,1.809,2.052,1.871,1.759,1.607,1.613,1.492,1.449,1.536
1.809,2.052,1.871,1.759,1.607,1.613,1.492,1.449,1.536,1.729
2.052,1.871,1.759,1.607,1.613,1.492,1.449,1.536,1.729,2.952
1.871,1.759,1.607,1.613,1.492,1.449,1.536,1.729,2.952,5.248
1.759,1.607,1.613,1.492,1.449,1.536,1.729,2.952,5.248,7.962
1.607,1.613,1.492,1.449,1.536,1.729,2.952,5.248,7.962,8.183
1.613,1.492,1.449,1.536,1.729,2.952,5.248,7.962,8.183,5.773
1.492,1.449,1.536,1.729,2.952,5.248,7.962,8.183,5.773,4.597
1.449,1.536,1.729,2.952,5.248,7.962,8.183,5.773,4.597,3.712
1.536,1.729,2.952,5.248,7.962,8.183,5.773,4.597,3.712,3.228
1.729,2.952,5.248,7.962,8.183,5.773,4.597,3.712,3.228,3.015
2.952,5.248,7.962,8.183,5.773,4.597,3.712,3.228,3.015,2.842
5.248,7.962,8.183,5.773,4.597,3.712,3.228,3.015,2.842,2.764
7.962,8.183,5.773,4.597,3.712,3.228,3.015,2.842,2.764,2.589
8.183,5.773,4.597,3.712,3.228,3.015,2.842,2.764,2.589,2.863
5.773,4.597,3.712,3.228,3.015,2.842,2.764,2.589,2.863,2.988
4.597,3.712,3.228,3.015,2.842,2.764,2.589,2.863,2.988,2.582
3.712,3.228,3.015,2.842,2.764,2.589,2.863,2.988,2.582,2.187
3.228,3.015,2.842,2.764,2.589,2.863,2.988,2.582,2.187,1.885
3.015,2.842,2.764,2.589,2.863,2.988,2.582,2.187,1.885,1.768
2.842,2.764,2.589,2.863,2.988,2.582,2.187,1.885,1.768,1.616
2.764,2.589,2.863,2.988,2.582,2.187,1.885,1.768,1.616,1.564
2.589,2.863,2.988,2.582,2.187,1.885,1.768,1.616,1.564,1.64
2.863,2.988,2.582,2.187,1.885,1.768,1.616,1.564,1.64,1.73
2.988,2.582,2.187,1.885,1.768,1.616,1.564,1.64,1.73,1.781
2.582,2.187,1.885,1.768,1.616,1.564,1.64,1.73,1.781,1.667
2.187,1.885,1.768,1.616,1.564,1.64,1.73,1.781,1.667,1.732
1.885,1.768,1.616,1.564,1.64,1.73,1.781,1.667,1.732,1.626
1.768,1.616,1.564,1.64,1.73,1.781,1.667,1.732,1.626,1.547
1.616,1.564,1.64,1.73,1.781,1.667,1.732,1.626,1.547,1.501
1.564,1.64,1.73,1.781,1.667,1.732,1.626,1.547,1.501,1.379
1.64,1.73,1.781,1.667,1.732,1.626,1.547,1.501,1.379,1.34
1.73,1.781,1.667,1.732,1.626,1.547,1.501,1.379,1.34,1.339
1.781,1.667,1.732,1.626,1.547,1.501,1.379,1.34,1.339,1.413
1.667,1.732,1.626,1.547,1.501,1.379,1.34,1.339,1.413,1.77
1.732,1.626,1.547,1.501,1.379,1.34,1.339,1.413,1.77,3.258
1.626,1.547,1.501,1.379,1.34,1.339,1.413,1.77,3.258,4.1
1.547,1.501,1.379,1.34,1.339,1.413,1.77,3.258,4.1,7.982
1.501,1.379,1.34,1.339,1.413,1.77,3.258,4.1,7.982,7.226
1.379,1.34,1.339,1.413,1.77,3.258,4.1,7.982,7.226,5.904
1.34,1.339,1.413,1.77,3.258,4.1,7.982,7.226,5.904,5.192
1.339,1.413,1.77,3.258,4.1,7.982,7.226,5.904,5.192,4.562
1.413,1.77,3.258,4.1,7.982,7.226,5.904,5.192,4.562,3.814
1.77,3.258,4.1,7.982,7.226,5.904,5.192,4.562,3.814,3.293
3.258,4.1,7.982,7.226,5.904,5.192,4.562,3.814,3.293,2.943
4.1,7.982,7.226,5.904,5.192,4.562,3.814,3.293,2.943,3.256
7.982,7.226,5.904,5.192,4.562,3.814,3.293,2.943,3.256,2.761
7.226,5.904,5.192,4.562,3.814,3.293,2.943,3.256,2.761,2.557
5.904,5.192,4.562,3.814,3.293,2.943,3.256,2.761,2.557,2.238
5.192,4.562,3.814,3.293,2.943,3.256,2.761,2.557,2.238,1.891
4.562,3.814,3.293,2.943,3.256,2.761,2.557,2.238,1.891,1.69
3.814,3.293,2.943,3.256,2.761,2.557,2.238,1.891,1.69,1.654
3.293,2.943,3.256,2.761,2.557,2.238,1.891,1.69,1.654,1.621
2.943,3.256,2.761,2.557,2.238,1.891,1.69,1.654,1.621,1.609
3.256,2.761,2.557,2.238,1.891,1.69,1.654,1.621,1.609,1.744
2.761,2.557,2.238,1.891,1.69,1.654,1.621,1.609,1.744,1.763
2.557,2.238,1.891,1.69,1.654,1.621,1.609,1.744,1.763,1.726
2.238,1.891,1.69,1.654,1.621,1.609,1.744,1.763,1.726,1.87
1.891,1.69,1.654,1.621,1.609,1.744,1.763,1.726,1.87,1.652
1.69,1.654,1.621,1.609,1.744,1.763,1.726,1.87,1.652,1.848
1.654,1.621,1.609,1.744,1.763,1.726,1.87,1.652,1.848,1.942
1.621,1.609,1.744,1.763,1.726,1.87,1.652,1.848,1.942,1.619
1.609,1.744,1.763,1.726,1.87,1.652,1.848,1.942,1.619,1.612
1.744,1.763,1.726,1.87,1.652,1.848,1.942,1.619,1.612,1.944
1.763,1.726,1.87,1.652,1.848,1.942,1.619,1.612,1.944,1.815
1.726,1.87,1.652,1.848,1.942,1.619,1.612,1.944,1.815,2.104
1.87,1.652,1.848,1.942,1.619,1.612,1.944,1.815,2.104,2.256
1.652,1.848,1.942,1.619,1.612,1.944,1.815,2.104,2.256,2.37
1.848,1.942,1.619,1.612,1.944,1.815,2.104,2.256,2.37,2.03
1.942,1.619,1.612,1.944,1.815,2.104,2.256,2.37,2.03,1.919
1.619,1.612,1.944,1.815,2.104,2.256,2.37,2.03,1.919,1.629
1.612,1.944,1.815,2.104,2.256,2.37,2.03,1.919,1.629,1.404
1.944,1.815,2.104,2.256,2.37,2.03,1.919,1.629,1.404,1.379
1.815,2.104,2.256,2.37,2.03,1.919,1.629,1.404,1.379,2.477
2.104,2.256,2.37,2.03,1.919,1.629,1.404,1.379,2.477,2.819
2.256,2.37,2.03,1.919,1.629,1.404,1.379,2.477,2.819,4.213
2.37,2.03,1.919,1.629,1.404,1.379,2.477,2.819,4.213,2.748
2.03,1.919,1.629,1.404,1.379,2.477,2.819,4.213,2.748,2.64
1.919,1.629,1.404,1.379,2.477,2.819,4.213,2.748,2.64,2.556
1.629,1.404,1.379,2.477,2.819,4.213,2.748,2.64,2.556,2.151
1.404,1.379,2.477,2.819,4.213,2.748,2.64,2.556,2.151,2.068
1.379,2.477,2.819,4.213,2.748,2.64,2.556,2.151,2.068,3.179
2.477,2.819,4.213,2.748,2.64,2.556,2.151,2.068,3.179,5.784
2.819,4.213,2.748,2.64,2.556,2.151,2.068,3.179,5.784,4.07
4.213,2.748,2.64,2.556,2.151,2.068,3.179,5.784,4.07,3.02
2.748,2.64,2.556,2.151,2.068,3.179,5.784,4.07,3.02,3.118
2.64,2.556,2.151,2.068,3.179,5.784,4.07,3.02,3.118,6.617
2.556,2.151,2.068,3.179,5.784,4.07,3.02,3.118,6.617,12.99
2.151,2.068,3.179,5.784,4.07,3.02,3.118,6.617,12.99,32.029
2.068,3.179,5.784,4.07,3.02,3.118,6.617,12.99,32.029,31.9
3.179,5.784,4.07,3.02,3.118,6.617,12.99,32.029,31.9,21.233
5.784,4.07,3.02,3.118,6.617,12.99,32.029,31.9,21.233,14.368
4.07,3.02,3.118,6.617,12.99,32.029,31.9,21.233,14.368,10.43
3.02,3.118,6.617,12.99,32.029,31.9,21.233,14.368,10.43,8.533
3.118,6.617,12.99,32.029,31.9,21.233,14.368,10.43,8.533,7.331
6.617,12.99,32.029,31.9,21.233,14.368,10.43,8.533,7.331,7.687
12.99,32.029,31.9,21.233,14.368,10.43,8.533,7.331,7.687,20.661
32.029,31.9,21.233,14.368,10.43,8.533,7.331,7.687,20.661,18.689
31.9,21.233,14.368,10.43,8.533,7.331,7.687,20.661,18.689,11.533
21.233,14.368,10.43,8.533,7.331,7.687,20.661,18.689,11.533,7.91
14.368,10.43,8.533,7.331,7.687,20.661,18.689,11.533,7.91,6.348
10.43,8.533,7.331,7.687,20.661,18.689,11.533,7.91,6.348,5.102
8.533,7.331,7.687,20.661,18.689,11.533,7.91,6.348,5.102,4.252
7.331,7.687,20.661,18.689,11.533,7.91,6.348,5.102,4.252,3.642
7.687,20.661,18.689,11.533,7.91,6.348,5.102,4.252,3.642,3.23
20.661,18.689,11.533,7.91,6.348,5.102,4.252,3.642,3.23,2.905
18.689,11.533,7.91,6.348,5.102,4.252,3.642,3.23,2.905,3.279
11.533,7.91,6.348,5.102,4.252,3.642,3.23,2.905,3.279,4.702
7.91,6.348,5.102,4.252,3.642,3.23,2.905,3.279,4.702,3.064
6.348,5.102,4.252,3.642,3.23,2.905,3.279,4.702,3.064,2.479
5.102,4.252,3.642,3.23,2.905,3.279,4.702,3.064,2.479,2.274
4.252,3.642,3.23,2.905,3.279,4.702,3.064,2.479,2.274,4.884
3.642,3.23,2.905,3.279,4.702,3.064,2.479,2.274,4.884,4.61
3.23,2.905,3.279,4.702,3.064,2.479,2.274,4.884,4.61,3.111
2.905,3.279,4.702,3.064,2.479,2.274,4.884,4.61,3.111,2.494
3.279,4.702,3.064,2.479,2.274,4.884,4.61,3.111,2.494,2.209
4.702,3.064,2.479,2.274,4.884,4.61,3.111,2.494,2.209,1.994
3.064,2.479,2.274,4.884,4.61,3.111,2.494,2.209,1.994,1.793
2.479,2.274,4.884,4.61,3.111,2.494,2.209,1.994,1.793,1.601
2.274,4.884,4.61,3.111,2.494,2.209,1.994,1.793,1.601,1.585
4.884,4.61,3.111,2.494,2.209,1.994,1.793,1.601,1.585,1.446
4.61,3.111,2.494,2.209,1.994,1.793,1.601,1.585,1.446,1.308
3.111,2.494,2.209,1.994,1.793,1.601,1.585,1.446,1.308,1.286
2.494,2.209,1.994,1.793,1.601,1.585,1.446,1.308,1.286,1.193
2.209,1.994,1.793,1.601,1.585,1.446,1.308,1.286,1.193,1.057
1.994,1.793,1.601,1.585,1.446,1.308,1.286,1.193,1.057,1.028
1.793,1.601,1.585,1.446,1.308,1.286,1.193,1.057,1.028,1.114
1.601,1.585,1.446,1.308,1.286,1.193,1.057,1.028,1.114,1.046
1.585,1.446,1.308,1.286,1.193,1.057,1.028,1.114,1.046,0.896
1.446,1.308,1.286,1.193,1.057,1.028,1.114,1.046,0.896,0.816
1.308,1.286,1.193,1.057,1.028,1.114,1.046,0.896,0.816,0.746
1.286,1.193,1.057,1.028,1.114,1.046,0.896,0.816,0.746,0.742
1.193,1.057,1.028,1.114,1.046,0.896,0.816,0.746,0.742,0.674
1.057,1.028,1.114,1.046,0.896,0.816,0.746,0.742,0.674,0.672
1.028,1.114,1.046,0.896,0.816,0.746,0.742,0.674,0.672,0.599
1.114,1.046,0.896,0.816,0.746,0.742,0.674,0.672,0.599,0.627
1.046,0.896,0.816,0.746,0.742,0.674,0.672,0.599,0.627,0.595
0.896,0.816,0.746,0.742,0.674,0.672,0.599,0.627,0.595,0.564
0.816,0.746,0.742,0.674,0.672,0.599,0.627,0.595,0.564,0.574
0.746,0.742,0.674,0.672,0.599,0.627,0.595,0.564,0.574,0.372
0.742,0.674,0.672,0.599,0.627,0.595,0.564,0.574,0.372,0.346
0.674,0.672,0.599,0.627,0.595,0.564,0.574,0.372,0.346,0.337
0.672,0.599,0.627,0.595,0.564,0.574,0.372,0.346,0.337,0.372
0.599,0.627,0.595,0.564,0.574,0.372,0.346,0.337,0.372,0.333
0.627,0.595,0.564,0.574,0.372,0.346,0.337,0.372,0.333,0.551
0.595,0.564,0.574,0.372,0.346,0.337,0.372,0.333,0.551,1.606
0.564,0.574,0.372,0.346,0.337,0.372,0.333,0.551,1.606,1.065
0.574,0.372,0.346,0.337,0.372,0.333,0.551,1.606,1.065,0.708
0.372,0.346,0.337,0.372,0.333,0.551,1.606,1.065,0.708,0.512
0.346,0.337,0.372,0.333,0.551,1.606,1.065,0.708,0.512,0.458
0.337,0.372,0.333,0.551,1.606,1.065,0.708,0.512,0.458,0.418
0.372,0.333,0.551,1.606,1.065,0.708,0.512,0.458,0.418,0.442
0.333,0.551,1.606,1.065,0.708,0.512,0.458,0.418,0.442,0.832
0.551,1.606,1.065,0.708,0.512,0.458,0.418,0.442,0.832,1.08
1.606,1.065,0.708,0.512,0.458,0.418,0.442,0.832,1.08,0.825
1.065,0.708,0.512,0.458,0.418,0.442,0.832,1.08,0.825,0.616
0.708,0.512,0.458,0.418,0.442,0.832,1.08,0.825,0.616,1.162
0.512,0.458,0.418,0.442,0.832,1.08,0.825,0.616,1.162,1.819
0.458,0.418,0.442,0.832,1.08,0.825,0.616,1.162,1.819,0.958
0.418,0.442,0.832,1.08,0.825,0.616,1.162,1.819,0.958,0.773
0.442,0.832,1.08,0.825,0.616,1.162,1.819,0.958,0.773,0.666
0.832,1.08,0.825,0.616,1.162,1.819,0.958,0.773,0.666,0.897
1.08,0.825,0.616,1.162,1.819,0.958,0.773,0.666,0.897,0.621
0.825,0.616,1.162,1.819,0.958,0.773,0.666,0.897,0.621,0.465
0.616,1.162,1.819,0.958,0.773,0.666,0.897,0.621,0.465,0.488
1.162,1.819,0.958,0.773,0.666,0.897,0.621,0.465,0.488,0.386
1.819,0.958,0.773,0.666,0.897,0.621,0.465,0.488,0.386,0.761
0.958,0.773,0.666,0.897,0.621,0.465,0.488,0.386,0.761,0.913
0.773,0.666,0.897,0.621,0.465,0.488,0.386,0.761,0.913,0.648
0.666,0.897,0.621,0.465,0.488,0.386,0.761,0.913,0.648,0.561
0.897,0.621,0.465,0.488,0.386,0.761,0.913,0.648,0.561,0.543
0.621,0.465,0.488,0.386,0.761,0.913,0.648,0.561,0.543,0.542
0.465,0.488,0.386,0.761,0.913,0.648,0.561,0.543,0.542,0.598
0.488,0.386,0.761,0.913,0.648,0.561,0.543,0.542,0.598,1.315
0.386,0.761,0.913,0.648,0.561,0.543,0.542,0.598,1.315,1.157
0.761,0.913,0.648,0.561,0.543,0.542,0.598,1.315,1.157,0.945
0.913,0.648,0.561,0.543,0.542,0.598,1.315,1.157,0.945,0.766
0.648,0.561,0.543,0.542,0.598,1.315,1.157,0.945,0.766,0.676
0.561,0.543,0.542,0.598,1.315,1.157,0.945,0.766,0.676,0.794
0.543,0.542,0.598,1.315,1.157,0.945,0.766,0.676,0.794,0.627
0.542,0.598,1.315,1.157,0.945,0.766,0.676,0.794,0.627,0.625
0.598,1.315,1.157,0.945,0.766,0.676,0.794,0.627,0.625,0.584
1.315,1.157,0.945,0.766,0.676,0.794,0.627,0.625,0.584,0.563
1.157,0.945,0.766,0.676,0.794,0.627,0.625,0.584,0.563,0.569
0.945,0.766,0.676,0.794,0.627,0.625,0.584,0.563,0.569,0.52
0.766,0.676,0.794,0.627,0.625,0.584,0.563,0.569,0.52,0.488
0.676,0.794,0.627,0.625,0.584,0.563,0.569,0.52,0.488,0.64
0.794,0.627,0.625,0.584,0.563,0.569,0.52,0.488,0.64,2.224
0.627,0.625,0.584,0.563,0.569,0.52,0.488,0.64,2.224,1.474
0.625,0.584,0.563,0.569,0.52,0.488,0.64,2.224,1.474,1.257
0.584,0.563,0.569,0.52,0.488,0.64,2.224,1.474,1.257,1.321
0.563,0.569,0.52,0.488,0.64,2.224,1.474,1.257,1.321,1.271
0.569,0.52,0.488,0.64,2.224,1.474,1.257,1.321,1.271,1.679
0.52,0.488,0.64,2.224,1.474,1.257,1.321,1.271,1.679,0.939
0.488,0.64,2.224,1.474,1.257,1.321,1.271,1.679,0.939,1.028
0.64,2.224,1.474,1.257,1.321,1.271,1.679,0.939,1.028,1.41
2.224,1.474,1.257,1.321,1.271,1.679,0.939,1.028,1.41,2.968
1.474,1.257,1.321,1.271,1.679,0.939,1.028,1.41,2.968,3.104
1.257,1.321,1.271,1.679,0.939,1.028,1.41,2.968,3.104,2.764
1.321,1.271,1.679,0.939,1.028,1.41,2.968,3.104,2.764,2.516
1.271,1.679,0.939,1.028,1.41,2.968,3.104,2.764,2.516,1.992
1.679,0.939,1.028,1.41,2.968,3.104,2.764,2.516,1.992,1.697
0.939,1.028,1.41,2.968,3.104,2.764,2.516,1.992,1.697,1.427
1.028,1.41,2.968,3.104,2.764,2.516,1.992,1.697,1.427,1.245
1.41,2.968,3.104,2.764,2.516,1.992,1.697,1.427,1.245,1.151
2.968,3.104,2.764,2.516,1.992,1.697,1.427,1.245,1.151,1.096
3.104,2.764,2.516,1.992,1.697,1.427,1.245,1.151,1.096,0.91
2.764,2.516,1.992,1.697,1.427,1.245,1.151,1.096,0.91,0.878
2.516,1.992,1.697,1.427,1.245,1.151,1.096,0.91,0.878,0.943
1.992,1.697,1.427,1.245,1.151,1.096,0.91,0.878,0.943,1.047
1.697,1.427,1.245,1.151,1.096,0.91,0.878,0.943,1.047,1.07
1.427,1.245,1.151,1.096,0.91,0.878,0.943,1.047,1.07,0.912
1.245,1.151,1.096,0.91,0.878,0.943,1.047,1.07,0.912,1.065
1.151,1.096,0.91,0.878,0.943,1.047,1.07,0.912,1.065,0.76
1.096,0.91,0.878,0.943,1.047,1.07,0.912,1.065,0.76,0.726
0.91,0.878,0.943,1.047,1.07,0.912,1.065,0.76,0.726,1.275
0.878,0.943,1.047,1.07,0.912,1.065,0.76,0.726,1.275,1.769
0.943,1.047,1.07,0.912,1.065,0.76,0.726,1.275,1.769,1.61
1.047,1.07,0.912,1.065,0.76,0.726,1.275,1.769,1.61,1.704
1.07,0.912,1.065,0.76,0.726,1.275,1.769,1.61,1.704,2.654
0.912,1.065,0.76,0.726,1.275,1.769,1.61,1.704,2.654,2.265
1.065,0.76,0.726,1.275,1.769,1.61,1.704,2.654,2.265,1.679
0.76,0.726,1.275,1.769,1.61,1.704,2.654,2.265,1.679,1.592
0.726,1.275,1.769,1.61,1.704,2.654,2.265,1.679,1.592,1.543
1.275,1.769,1.61,1.704,2.654,2.265,1.679,1.592,1.543,1.619
1.769,1.61,1.704,2.654,2.265,1.679,1.592,1.543,1.619,1.379
1.61,1.704,2.654,2.265,1.679,1.592,1.543,1.619,1.379,2.328
1.704,2.654,2.265,1.679,1.592,1.543,1.619,1.379,2.328,1.628
2.654,2.265,1.679,1.592,1.543,1.619,1.379,2.328,1.628,1.342
2.265,1.679,1.592,1.543,1.619,1.379,2.328,1.628,1.342,1.381
1.679,1.592,1.543,1.619,1.379,2.328,1.628,1.342,1.381,1.308
1.592,1.543,1.619,1.379,2.328,1.628,1.342,1.381,1.308,1.136
1.543,1.619,1.379,2.328,1.628,1.342,1.381,1.308,1.136,1.09
1.619,1.379,2.328,1.628,1.342,1.381,1.308,1.136,1.09,1.03
1.379,2.328,1.628,1.342,1.381,1.308,1.136,1.09,1.03,1.106
2.328,1.628,1.342,1.381,1.308,1.136,1.09,1.03,1.106,1.11
1.628,1.342,1.381,1.308,1.136,1.09,1.03,1.106,1.11,1.069
1.342,1.381,1.308,1.136,1.09,1.03,1.106,1.11,1.069,1.014
1.381,1.308,1.136,1.09,1.03,1.106,1.11,1.069,1.014,1.01
1.308,1.136,1.09,1.03,1.106,1.11,1.069,1.014,1.01,1.009
1.136,1.09,1.03,1.106,1.11,1.069,1.014,1.01,1.009,1.011
1.09,1.03,1.106,1.11,1.069,1.014,1.01,1.009,1.011,0.992
1.03,1.106,1.11,1.069,1.014,1.01,1.009,1.011,0.992,1.411
1.106,1.11,1.069,1.014,1.01,1.009,1.011,0.992,1.411,1.484
1.11,1.069,1.014,1.01,1.009,1.011,0.992,1.411,1.484,1.413
1.069,1.014,1.01,1.009,1.011,0.992,1.411,1.484,1.413,1.74
1.014,1.01,1.009,1.011,0.992,1.411,1.484,1.413,1.74,3.061
1.01,1.009,1.011,0.992,1.411,1.484,1.413,1.74,3.061,2.088
1.009,1.011,0.992,1.411,1.484,1.413,1.74,3.061,2.088,2.154
1.011,0.992,1.411,1.484,1.413,1.74,3.061,2.088,2.154,2.131
0.992,1.411,1.484,1.413,1.74,3.061,2.088,2.154,2.131,2.183
1.411,1.484,1.413,1.74,3.061,2.088,2.154,2.131,2.183,1.769
1.484,1.413,1.74,3.061,2.088,2.154,2.131,2.183,1.769,1.541
1.413,1.74,3.061,2.088,2.154,2.131,2.183,1.769,1.541,1.399
1.74,3.061,2.088,2.154,2.131,2.183,1.769,1.541,1.399,1.381
3.061,2.088,2.154,2.131,2.183,1.769,1.541,1.399,1.381,1.301
2.088,2.154,2.131,2.183,1.769,1.541,1.399,1.381,1.301,1.24
2.154,2.131,2.183,1.769,1.541,1.399,1.381,1.301,1.24,1.2
2.131,2.183,1.769,1.541,1.399,1.381,1.301,1.24,1.2,1.306
2.183,1.769,1.541,1.399,1.381,1.301,1.24,1.2,1.306,1.654
1.769,1.541,1.399,1.381,1.301,1.24,1.2,1.306,1.654,1.509
1.541,1.399,1.381,1.301,1.24,1.2,1.306,1.654,1.509,1.344
1.399,1.381,1.301,1.24,1.2,1.306,1.654,1.509,1.344,1.241
1.381,1.301,1.24,1.2,1.306,1.654,1.509,1.344,1.241,1.222
1.301,1.24,1.2,1.306,1.654,1.509,1.344,1.241,1.222,1.075
1.24,1.2,1.306,1.654,1.509,1.344,1.241,1.222,1.075,0.913
1.2,1.306,1.654,1.509,1.344,1.241,1.222,1.075,0.913,0.579
1.306,1.654,1.509,1.344,1.241,1.222,1.075,0.913,0.579,1.074
1.654,1.509,1.344,1.241,1.222,1.075,0.913,0.579,1.074,1.06
1.509,1.344,1.241,1.222,1.075,0.913,0.579,1.074,1.06,0.984
1.344,1.241,1.222,1.075,0.913,0.579,1.074,1.06,0.984,0.967
1.241,1.222,1.075,0.913,0.579,1.074,1.06,0.984,0.967,0.985
1.222,1.075,0.913,0.579,1.074,1.06,0.984,0.967,0.985,0.825
1.075,0.913,0.579,1.074,1.06,0.984,0.967,0.985,0.825,0.886
0.913,0.579,1.074,1.06,0.984,0.967,0.985,0.825,0.886,1.246
0.579,1.074,1.06,0.984,0.967,0.985,0.825,0.886,1.246,1.2
1.074,1.06,0.984,0.967,0.985,0.825,0.886,1.246,1.2,1.077
1.06,0.984,0.967,0.985,0.825,0.886,1.246,1.2,1.077,1.214
0.984,0.967,0.985,0.825,0.886,1.246,1.2,1.077,1.214,4.315
0.967,0.985,0.825,0.886,1.246,1.2,1.077,1.214,4.315,5.629
0.985,0.825,0.886,1.246,1.2,1.077,1.214,4.315,5.629,3.757
0.825,0.886,1.246,1.2,1.077,1.214,4.315,5.629,3.757,2.691
0.886,1.246,1.2,1.077,1.214,4.315,5.629,3.757,2.691,2.379
1.246,1.2,1.077,1.214,4.315,5.629,3.757,2.691,2.379,2.195
1.2,1.077,1.214,4.315,5.629,3.757,2.691,2.379,2.195,2.219
1.077,1.214,4.315,5.629,3.757,2.691,2.379,2.195,2.219,2.076
1.214,4.315,5.629,3.757,2.691,2.379,2.195,2.219,2.076,1.818
4.315,5.629,3.757,2.691,2.379,2.195,2.219,2.076,1.818,1.699
5.629,3.757,2.691,2.379,2.195,2.219,2.076,1.818,1.699,1.627
3.757,2.691,2.379,2.195,2.219,2.076,1.818,1.699,1.627,1.491
2.691,2.379,2.195,2.219,2.076,1.818,1.699,1.627,1.491,1.463
2.379,2.195,2.219,2.076,1.818,1.699,1.627,1.491,1.463,1.491
2.195,2.219,2.076,1.818,1.699,1.627,1.491,1.463,1.491,1.941
2.219,2.076,1.818,1.699,1.627,1.491,1.463,1.491,1.941,1.854
2.076,1.818,1.699,1.627,1.491,1.463,1.491,1.941,1.854,1.693
1.818,1.699,1.627,1.491,1.463,1.491,1.941,1.854,1.693,1.568
1.699,1.627,1.491,1.463,1.491,1.941,1.854,1.693,1.568,1.535
1.627,1.491,1.463,1.491,1.941,1.854,1.693,1.568,1.535,1.464
1.491,1.463,1.491,1.941,1.854,1.693,1.568,1.535,1.464,1.461
1.463,1.491,1.941,1.854,1.693,1.568,1.535,1.464,1.461,1.312
1.491,1.941,1.854,1.693,1.568,1.535,1.464,1.461,1.312,1.309
1.941,1.854,1.693,1.568,1.535,1.464,1.461,1.312,1.309,1.275
1.854,1.693,1.568,1.535,1.464,1.461,1.312,1.309,1.275,1.201
1.693,1.568,1.535,1.464,1.461,1.312,1.309,1.275,1.201,1.202
1.568,1.535,1.464,1.461,1.312,1.309,1.275,1.201,1.202,1.283
1.535,1.464,1.461,1.312,1.309,1.275,1.201,1.202,1.283,1.373
1.464,1.461,1.312,1.309,1.275,1.201,1.202,1.283,1.373,1.307
1.461,1.312,1.309,1.275,1.201,1.202,1.283,1.373,1.307,1.284
1.312,1.309,1.275,1.201,1.202,1.283,1.373,1.307,1.284,1.248
1.309,1.275,1.201,1.202,1.283,1.373,1.307,1.284,1.248,1.331
1.275,1.201,1.202,1.283,1.373,1.307,1.284,1.248,1.331,1.396
1.201,1.202,1.283,1.373,1.307,1.284,1.248,1.331,1.396,1.301
1.202,1.283,1.373,1.307,1.284,1.248,1.331,1.396,1.301,1.242
1.283,1.373,1.307,1.284,1.248,1.331,1.396,1.301,1.242,1.178
1.373,1.307,1.284,1.248,1.331,1.396,1.301,1.242,1.178,1.426
1.307,1.284,1.248,1.331,1.396,1.301,1.242,1.178,1.426,1.379
1.284,1.248,1.331,1.396,1.301,1.242,1.178,1.426,1.379,1.345
1.248,1.331,1.396,1.301,1.242,1.178,1.426,1.379,1.345,1.35
1.331,1.396,1.301,1.242,1.178,1.426,1.379,1.345,1.35,1.522
1.396,1.301,1.242,1.178,1.426,1.379,1.345,1.35,1.522,1.593
1.301,1.242,1.178,1.426,1.379,1.345,1.35,1.522,1.593,1.772
1.242,1.178,1.426,1.379,1.345,1.35,1.522,1.593,1.772,1.644
1.178,1.426,1.379,1.345,1.35,1.522,1.593,1.772,1.644,1.514
1.426,1.379,1.345,1.35,1.522,1.593,1.772,1.644,1.514,1.48
1.379,1.345,1.35,1.522,1.593,1.772,1.644,1.514,1.48,1.326
1.345,1.35,1.522,1.593,1.772,1.644,1.514,1.48,1.326,1.186
1.35,1.522,1.593,1.772,1.644,1.514,1.48,1.326,1.186,1.073
1.522,1.593,1.772,1.644,1.514,1.48,1.326,1.186,1.073,1.203
1.593,1.772,1.644,1.514,1.48,1.326,1.186,1.073,1.203,1.238
1.772,1.644,1.514,1.48,1.326,1.186,1.073,1.203,1.238,1.219
1.644,1.514,1.48,1.326,1.186,1.073,1.203,1.238,1.219,1.053
1.514,1.48,1.326,1.186,1.073,1.203,1.238,1.219,1.053,1.203
1.48,1.326,1.186,1.073,1.203,1.238,1.219,1.053,1.203,1.098
1.326,1.186,1.073,1.203,1.238,1.219,1.053,1.203,1.098,1.095
1.186,1.073,1.203,1.238,1.219,1.053,1.203,1.098,1.095,1.118
1.073,1.203,1.238,1.219,1.053,1.203,1.098,1.095,1.118,1
1.203,1.238,1.219,1.053,1.203,1.098,1.095,1.118,1,1.093
1.238,1.219,1.053,1.203,1.098,1.095,1.118,1,1.093,1.053
1.219,1.053,1.203,1.098,1.095,1.118,1,1.093,1.053,1.191
1.053,1.203,1.098,1.095,1.118,1,1.093,1.053,1.191,1.422
1.203,1.098,1.095,1.118,1,1.093,1.053,1.191,1.422,1.513
1.098,1.095,1.118,1,1.093,1.053,1.191,1.422,1.513,1.455
1.095,1.118,1,1.093,1.053,1.191,1.422,1.513,1.455,1.36
1.118,1,1.093,1.053,1.191,1.422,1.513,1.455,1.36,1.273
1,1.093,1.053,1.191,1.422,1.513,1.455,1.36,1.273,1.234
1.093,1.053,1.191,1.422,1.513,1.455,1.36,1.273,1.234,1.516
1.053,1.191,1.422,1.513,1.455,1.36,1.273,1.234,1.516,1.422
1.191,1.422,1.513,1.455,1.36,1.273,1.234,1.516,1.422,1.633
1.422,1.513,1.455,1.36,1.273,1.234,1.516,1.422,1.633,1.648
1.513,1.455,1.36,1.273,1.234,1.516,1.422,1.633,1.648,1.423
1.455,1.36,1.273,1.234,1.516,1.422,1.633,1.648,1.423,1.434
1.36,1.273,1.234,1.516,1.422,1.633,1.648,1.423,1.434,1.389
1.273,1.234,1.516,1.422,1.633,1.648,1.423,1.434,1.389,1.508
1.234,1.516,1.422,1.633,1.648,1.423,1.434,1.389,1.508,1.498
1.516,1.422,1.633,1.648,1.423,1.434,1.389,1.508,1.498,1.351
1.422,1.633,1.648,1.423,1.434,1.389,1.508,1.498,1.351,1.298
1.633,1.648,1.423,1.434,1.389,1.508,1.498,1.351,1.298,1.234
1.648,1.423,1.434,1.389,1.508,1.498,1.351,1.298,1.234,1.189
1.423,1.434,1.389,1.508,1.498,1.351,1.298,1.234,1.189,1.187
1.434,1.389,1.508,1.498,1.351,1.298,1.234,1.189,1.187,1.141
1.389,1.508,1.498,1.351,1.298,1.234,1.189,1.187,1.141,1.221
1.508,1.498,1.351,1.298,1.234,1.189,1.187,1.141,1.221,1.117
1.498,1.351,1.298,1.234,1.189,1.187,1.141,1.221,1.117,1.037
1.351,1.298,1.234,1.189,1.187,1.141,1.221,1.117,1.037,1.11
1.298,1.234,1.189,1.187,1.141,1.221,1.117,1.037,1.11,1.022
1.234,1.189,1.187,1.141,1.221,1.117,1.037,1.11,1.022,0.942
1.189,1.187,1.141,1.221,1.117,1.037,1.11,1.022,0.942,0.928
1.187,1.141,1.221,1.117,1.037,1.11,1.022,0.942,0.928,0.897
1.141,1.221,1.117,1.037,1.11,1.022,0.942,0.928,0.897,0.87
1.221,1.117,1.037,1.11,1.022,0.942,0.928,0.897,0.87,0.925
1.117,1.037,1.11,1.022,0.942,0.928,0.897,0.87,0.925,0.853
1.037,1.11,1.022,0.942,0.928,0.897,0.87,0.925,0.853,0.807
1.11,1.022,0.942,0.928,0.897,0.87,0.925,0.853,0.807,0.768
1.022,0.942,0.928,0.897,0.87,0.925,0.853,0.807,0.768,0.782
0.942,0.928,0.897,0.87,0.925,0.853,0.807,0.768,0.782,0.807
0.928,0.897,0.87,0.925,0.853,0.807,0.768,0.782,0.807,0.899
0.897,0.87,0.925,0.853,0.807,0.768,0.782,0.807,0.899,0.855
0.87,0.925,0.853,0.807,0.768,0.782,0.807,0.899,0.855,0.915
0.925,0.853,0.807,0.768,0.782,0.807,0.899,0.855,0.915,1.232
0.853,0.807,0.768,0.782,0.807,0.899,0.855,0.915,1.232,1.038
0.807,0.768,0.782,0.807,0.899,0.855,0.915,1.232,1.038,0.884
0.768,0.782,0.807,0.899,0.855,0.915,1.232,1.038,0.884,0.854
0.782,0.807,0.899,0.855,0.915,1.232,1.038,0.884,0.854,0.885
0.807,0.899,0.855,0.915,1.232,1.038,0.884,0.854,0.885,1.042
0.899,0.855,0.915,1.232,1.038,0.884,0.854,0.885,1.042,1.009
0.855,0.915,1.232,1.038,0.884,0.854,0.885,1.042,1.009,1.001
0.915,1.232,1.038,0.884,0.854,0.885,1.042,1.009,1.001,0.867
1.232,1.038,0.884,0.854,0.885,1.042,1.009,1.001,0.867,0.816
1.038,0.884,0.854,0.885,1.042,1.009,1.001,0.867,0.816,0.777
0.884,0.854,0.885,1.042,1.009,1.001,0.867,0.816,0.777,0.813
0.854,0.885,1.042,1.009,1.001,0.867,0.816,0.777,0.813,0.669
0.885,1.042,1.009,1.001,0.867,0.816,0.777,0.813,0.669,0.676
1.042,1.009,1.001,0.867,0.816,0.777,0.813,0.669,0.676,0.702
1.009,1.001,0.867,0.816,0.777,0.813,0.669,0.676,0.702,0.652
1.001,0.867,0.816,0.777,0.813,0.669,0.676,0.702,0.652,0.611
0.867,0.816,0.777,0.813,0.669,0.676,0.702,0.652,0.611,0.589
0.816,0.777,0.813,0.669,0.676,0.702,0.652,0.611,0.589,0.623
0.777,0.813,0.669,0.676,0.702,0.652,0.611,0.589,0.623,0.617
0.813,0.669,0.676,0.702,0.652,0.611,0.589,0.623,0.617,0.608
0.669,0.676,0.702,0.652,0.611,0.589,0.623,0.617,0.608,0.623
0.676,0.702,0.652,0.611,0.589,0.623,0.617,0.608,0.623,0.734
0.702,0.652,0.611,0.589,0.623,0.617,0.608,0.623,0.734,0.693
0.652,0.611,0.589,0.623,0.617,0.608,0.623,0.734,0.693,0.693
0.611,0.589,0.623,0.617,0.608,0.623,0.734,0.693,0.693,0.699
0.589,0.623,0.617,0.608,0.623,0.734,0.693,0.693,0.699,0.796
0.623,0.617,0.608,0.623,0.734,0.693,0.693,0.699,0.796,0.897
0.617,0.608,0.623,0.734,0.693,0.693,0.699,0.796,0.897,0.901
0.608,0.623,0.734,0.693,0.693,0.699,0.796,0.897,0.901,0.777
0.623,0.734,0.693,0.693,0.699,0.796,0.897,0.901,0.777,1.032
0.734,0.693,0.693,0.699,0.796,0.897,0.901,0.777,1.032,1.065
0.693,0.693,0.699,0.796,0.897,0.901,0.777,1.032,1.065,0.941
0.693,0.699,0.796,0.897,0.901,0.777,1.032,1.065,0.941,0.928
0.699,0.796,0.897,0.901,0.777,1.032,1.065,0.941,0.928,0.948
0.796,0.897,0.901,0.777,1.032,1.065,0.941,0.928,0.948,0.811
0.897,0.901,0.777,1.032,1.065,0.941,0.928,0.948,0.811,0.843
0.901,0.777,1.032,1.065,0.941,0.928,0.948,0.811,0.843,0.728
0.777,1.032,1.065,0.941,0.928,0.948,0.811,0.843,0.728,0.73
1.032,1.065,0.941,0.928,0.948,0.811,0.843,0.728,0.73,0.855
1.065,0.941,0.928,0.948,0.811,0.843,0.728,0.73,0.855,1.345
0.941,0.928,0.948,0.811,0.843,0.728,0.73,0.855,1.345,1.367
0.928,0.948,0.811,0.843,0.728,0.73,0.855,1.345,1.367,1.124
0.948,0.811,0.843,0.728,0.73,0.855,1.345,1.367,1.124,1.018
0.811,0.843,0.728,0.73,0.855,1.345,1.367,1.124,1.018,1.749
0.843,0.728,0.73,0.855,1.345,1.367,1.124,1.018,1.749,1.923
0.728,0.73,0.855,1.345,1.367,1.124,1.018,1.749,1.923,1.422
0.73,0.855,1.345,1.367,1.124,1.018,1.749,1.923,1.422,1.219
0.855,1.345,1.367,1.124,1.018,1.749,1.923,1.422,1.219,1.095
1.345,1.367,1.124,1.018,1.749,1.923,1.422,1.219,1.095,1.038
1.367,1.124,1.018,1.749,1.923,1.422,1.219,1.095,1.038,1.038
1.124,1.018,1.749,1.923,1.422,1.219,1.095,1.038,1.038,1.138
1.018,1.749,1.923,1.422,1.219,1.095,1.038,1.038,1.138,1.191
1.749,1.923,1.422,1.219,1.095,1.038,1.038,1.138,1.191,1.377
1.923,1.422,1.219,1.095,1.038,1.038,1.138,1.191,1.377,1.232
1.422,1.219,1.095,1.038,1.038,1.138,1.191,1.377,1.232,1.098
1.219,1.095,1.038,1.038,1.138,1.191,1.377,1.232,1.098,1.041
1.095,1.038,1.038,1.138,1.191,1.377,1.232,1.098,1.041,0.948
1.038,1.038,1.138,1.191,1.377,1.232,1.098,1.041,0.948,0.837
1.038,1.138,1.191,1.377,1.232,1.098,1.041,0.948,0.837,0.835
1.138,1.191,1.377,1.232,1.098,1.041,0.948,0.837,0.835,1.434
1.191,1.377,1.232,1.098,1.041,0.948,0.837,0.835,1.434,1.659
1.377,1.232,1.098,1.041,0.948,0.837,0.835,1.434,1.659,1.19
1.232,1.098,1.041,0.948,0.837,0.835,1.434,1.659,1.19,1.002
1.098,1.041,0.948,0.837,0.835,1.434,1.659,1.19,1.002,0.858
1.041,0.948,0.837,0.835,1.434,1.659,1.19,1.002,0.858,0.779
0.948,0.837,0.835,1.434,1.659,1.19,1.002,0.858,0.779,1.22
0.837,0.835,1.434,1.659,1.19,1.002,0.858,0.779,1.22,1.681
0.835,1.434,1.659,1.19,1.002,0.858,0.779,1.22,1.681,0.995
1.434,1.659,1.19,1.002,0.858,0.779,1.22,1.681,0.995,4.428
1.659,1.19,1.002,0.858,0.779,1.22,1.681,0.995,4.428,4.852
1.19,1.002,0.858,0.779,1.22,1.681,0.995,4.428,4.852,3.618
1.002,0.858,0.779,1.22,1.681,0.995,4.428,4.852,3.618,2.916
0.858,0.779,1.22,1.681,0.995,4.428,4.852,3.618,2.916,2.259
0.779,1.22,1.681,0.995,4.428,4.852,3.618,2.916,2.259,1.828
1.22,1.681,0.995,4.428,4.852,3.618,2.916,2.259,1.828,1.561
1.681,0.995,4.428,4.852,3.618,2.916,2.259,1.828,1.561,1.394
0.995,4.428,4.852,3.618,2.916,2.259,1.828,1.561,1.394,1.384
4.428,4.852,3.618,2.916,2.259,1.828,1.561,1.394,1.384,1.348
4.852,3.618,2.916,2.259,1.828,1.561,1.394,1.384,1.348,1.135
3.618,2.916,2.259,1.828,1.561,1.394,1.384,1.348,1.135,0.983
2.916,2.259,1.828,1.561,1.394,1.384,1.348,1.135,0.983,0.908
2.259,1.828,1.561,1.394,1.384,1.348,1.135,0.983,0.908,0.813
1.828,1.561,1.394,1.384,1.348,1.135,0.983,0.908,0.813,0.745
1.561,1.394,1.384,1.348,1.135,0.983,0.908,0.813,0.745,0.858
1.394,1.384,1.348,1.135,0.983,0.908,0.813,0.745,0.858,0.771
1.384,1.348,1.135,0.983,0.908,0.813,0.745,0.858,0.771,0.723
1.348,1.135,0.983,0.908,0.813,0.745,0.858,0.771,0.723,0.68
1.135,0.983,0.908,0.813,0.745,0.858,0.771,0.723,0.68,0.656
0.983,0.908,0.813,0.745,0.858,0.771,0.723,0.68,0.656,0.639
0.908,0.813,0.745,0.858,0.771,0.723,0.68,0.656,0.639,0.59
0.813,0.745,0.858,0.771,0.723,0.68,0.656,0.639,0.59,0.697
0.745,0.858,0.771,0.723,0.68,0.656,0.639,0.59,0.697,0.525
0.858,0.771,0.723,0.68,0.656,0.639,0.59,0.697,0.525,0.594
0.771,0.723,0.68,0.656,0.639,0.59,0.697,0.525,0.594,0.544
0.723,0.68,0.656,0.639,0.59,0.697,0.525,0.594,0.544,0.5
0.68,0.656,0.639,0.59,0.697,0.525,0.594,0.544,0.5,0.374
0.656,0.639,0.59,0.697,0.525,0.594,0.544,0.5,0.374,0.517
0.639,0.59,0.697,0.525,0.594,0.544,0.5,0.374,0.517,0.459
0.59,0.697,0.525,0.594,0.544,0.5,0.374,0.517,0.459,0.465
0.697,0.525,0.594,0.544,0.5,0.374,0.517,0.459,0.465,0.384
0.525,0.594,0.544,0.5,0.374,0.517,0.459,0.465,0.384,0.453
0.594,0.544,0.5,0.374,0.517,0.459,0.465,0.384,0.453,0.509
0.544,0.5,0.374,0.517,0.459,0.465,0.384,0.453,0.509,0.678
0.5,0.374,0.517,0.459,0.465,0.384,0.453,0.509,0.678,0.653
0.374,0.517,0.459,0.465,0.384,0.453,0.509,0.678,0.653,0.501
0.517,0.459,0.465,0.384,0.453,0.509,0.678,0.653,0.501,0.433
0.459,0.465,0.384,0.453,0.509,0.678,0.653,0.501,0.433,0.379
0.465,0.384,0.453,0.509,0.678,0.653,0.501,0.433,0.379,0.437
0.384,0.453,0.509,0.678,0.653,0.501,0.433,0.379,0.437,0.435
0.453,0.509,0.678,0.653,0.501,0.433,0.379,0.437,0.435,0.391
0.509,0.678,0.653,0.501,0.433,0.379,0.437,0.435,0.391,0.593
0.678,0.653,0.501,0.433,0.379,0.437,0.435,0.391,0.593,1.78
0.653,0.501,0.433,0.379,0.437,0.435,0.391,0.593,1.78,1.338
0.501,0.433,0.379,0.437,0.435,0.391,0.593,1.78,1.338,2.891
0.433,0.379,0.437,0.435,0.391,0.593,1.78,1.338,2.891,1.951
0.379,0.437,0.435,0.391,0.593,1.78,1.338,2.891,1.951,1.077
0.437,0.435,0.391,0.593,1.78,1.338,2.891,1.951,1.077,1.007
0.435,0.391,0.593,1.78,1.338,2.891,1.951,1.077,1.007,0.807
0.391,0.593,1.78,1.338,2.891,1.951,1.077,1.007,0.807,0.682
0.593,1.78,1.338,2.891,1.951,1.077,1.007,0.807,0.682,0.629
1.78,1.338,2.891,1.951,1.077,1.007,0.807,0.682,0.629,0.541
1.338,2.891,1.951,1.077,1.007,0.807,0.682,0.629,0.541,0.483
2.891,1.951,1.077,1.007,0.807,0.682,0.629,0.541,0.483,0.438
1.951,1.077,1.007,0.807,0.682,0.629,0.541,0.483,0.438,0.562
1.077,1.007,0.807,0.682,0.629,0.541,0.483,0.438,0.562,0.885
1.007,0.807,0.682,0.629,0.541,0.483,0.438,0.562,0.885,0.69
0.807,0.682,0.629,0.541,0.483,0.438,0.562,0.885,0.69,0.591
0.682,0.629,0.541,0.483,0.438,0.562,0.885,0.69,0.591,0.588
0.629,0.541,0.483,0.438,0.562,0.885,0.69,0.591,0.588,0.55
0.541,0.483,0.438,0.562,0.885,0.69,0.591,0.588,0.55,0.532
0.483,0.438,0.562,0.885,0.69,0.591,0.588,0.55,0.532,0.573
0.438,0.562,0.885,0.69,0.591,0.588,0.55,0.532,0.573,1.396
0.562,0.885,0.69,0.591,0.588,0.55,0.532,0.573,1.396,1.588
0.885,0.69,0.591,0.588,0.55,0.532,0.573,1.396,1.588,0.858
0.69,0.591,0.588,0.55,0.532,0.573,1.396,1.588,0.858,0.768
0.591,0.588,0.55,0.532,0.573,1.396,1.588,0.858,0.768,0.607
0.588,0.55,0.532,0.573,1.396,1.588,0.858,0.768,0.607,0.688
0.55,0.532,0.573,1.396,1.588,0.858,0.768,0.607,0.688,0.755
0.532,0.573,1.396,1.588,0.858,0.768,0.607,0.688,0.755,0.643
0.573,1.396,1.588,0.858,0.768,0.607,0.688,0.755,0.643,0.564
1.396,1.588,0.858,0.768,0.607,0.688,0.755,0.643,0.564,0.542
1.588,0.858,0.768,0.607,0.688,0.755,0.643,0.564,0.542,0.526
0.858,0.768,0.607,0.688,0.755,0.643,0.564,0.542,0.526,0.494
0.768,0.607,0.688,0.755,0.643,0.564,0.542,0.526,0.494,0.467
0.607,0.688,0.755,0.643,0.564,0.542,0.526,0.494,0.467,0.458
0.688,0.755,0.643,0.564,0.542,0.526,0.494,0.467,0.458,0.471
0.755,0.643,0.564,0.542,0.526,0.494,0.467,0.458,0.471,0.434
0.643,0.564,0.542,0.526,0.494,0.467,0.458,0.471,0.434,0.481
0.564,0.542,0.526,0.494,0.467,0.458,0.471,0.434,0.481,0.507
0.542,0.526,0.494,0.467,0.458,0.471,0.434,0.481,0.507,0.607
0.526,0.494,0.467,0.458,0.471,0.434,0.481,0.507,0.607,0.604
0.494,0.467,0.458,0.471,0.434,0.481,0.507,0.607,0.604,0.552
0.467,0.458,0.471,0.434,0.481,0.507,0.607,0.604,0.552,0.437
0.458,0.471,0.434,0.481,0.507,0.607,0.604,0.552,0.437,0.393
0.471,0.434,0.481,0.507,0.607,0.604,0.552,0.437,0.393,0.391
0.434,0.481,0.507,0.607,0.604,0.552,0.437,0.393,0.391,0.383
0.481,0.507,0.607,0.604,0.552,0.437,0.393,0.391,0.383,0.359
0.507,0.607,0.604,0.552,0.437,0.393,0.391,0.383,0.359,0.375
0.607,0.604,0.552,0.437,0.393,0.391,0.383,0.359,0.375,0.39
0.604,0.552,0.437,0.393,0.391,0.383,0.359,0.375,0.39,0.577
0.552,0.437,0.393,0.391,0.383,0.359,0.375,0.39,0.577,0.996
0.437,0.393,0.391,0.383,0.359,0.375,0.39,0.577,0.996,0.603
0.393,0.391,0.383,0.359,0.375,0.39,0.577,0.996,0.603,0.465
0.391,0.383,0.359,0.375,0.39,0.577,0.996,0.603,0.465,0.368
0.383,0.359,0.375,0.39,0.577,0.996,0.603,0.465,0.368,0.418
0.359,0.375,0.39,0.577,0.996,0.603,0.465,0.368,0.418,0.502
0.375,0.39,0.577,0.996,0.603,0.465,0.368,0.418,0.502,0.48
0.39,0.577,0.996,0.603,0.465,0.368,0.418,0.502,0.48,0.38
0.577,0.996,0.603,0.465,0.368,0.418,0.502,0.48,0.38,0.392
0.996,0.603,0.465,0.368,0.418,0.502,0.48,0.38,0.392,0.37
0.603,0.465,0.368,0.418,0.502,0.48,0.38,0.392,0.37,0.341
0.465,0.368,0.418,0.502,0.48,0.38,0.392,0.37,0.341,0.619
0.368,0.418,0.502,0.48,0.38,0.392,0.37,0.341,0.619,0.727
0.418,0.502,0.48,0.38,0.392,0.37,0.341,0.619,0.727,0.493
0.502,0.48,0.38,0.392,0.37,0.341,0.619,0.727,0.493,0.384
0.48,0.38,0.392,0.37,0.341,0.619,0.727,0.493,0.384,0.456
0.38,0.392,0.37,0.341,0.619,0.727,0.493,0.384,0.456,3.698
0.392,0.37,0.341,0.619,0.727,0.493,0.384,0.456,3.698,3.018
0.37,0.341,0.619,0.727,0.493,0.384,0.456,3.698,3.018,1.633
0.341,0.619,0.727,0.493,0.384,0.456,3.698,3.018,1.633,1.319
0.619,0.727,0.493,0.384,0.456,3.698,3.018,1.633,1.319,0.913
0.727,0.493,0.384,0.456,3.698,3.018,1.633,1.319,0.913,0.801
0.493,0.384,0.456,3.698,3.018,1.633,1.319,0.913,0.801,0.966
0.384,0.456,3.698,3.018,1.633,1.319,0.913,0.801,0.966,1.244
0.456,3.698,3.018,1.633,1.319,0.913,0.801,0.966,1.244,1.347
3.698,3.018,1.633,1.319,0.913,0.801,0.966,1.244,1.347,1.111
3.018,1.633,1.319,0.913,0.801,0.966,1.244,1.347,1.111,1.442
1.633,1.319,0.913,0.801,0.966,1.244,1.347,1.111,1.442,1.265
1.319,0.913,0.801,0.966,1.244,1.347,1.111,1.442,1.265,1.025
0.913,0.801,0.966,1.244,1.347,1.111,1.442,1.265,1.025,0.822
0.801,0.966,1.244,1.347,1.111,1.442,1.265,1.025,0.822,0.807
0.966,1.244,1.347,1.111,1.442,1.265,1.025,0.822,0.807,0.771
1.244,1.347,1.111,1.442,1.265,1.025,0.822,0.807,0.771,0.743
1.347,1.111,1.442,1.265,1.025,0.822,0.807,0.771,0.743,0.725
1.111,1.442,1.265,1.025,0.822,0.807,0.771,0.743,0.725,0.676
1.442,1.265,1.025,0.822,0.807,0.771,0.743,0.725,0.676,0.71
1.265,1.025,0.822,0.807,0.771,0.743,0.725,0.676,0.71,0.879
1.025,0.822,0.807,0.771,0.743,0.725,0.676,0.71,0.879,0.866
0.822,0.807,0.771,0.743,0.725,0.676,0.71,0.879,0.866,0.694
0.807,0.771,0.743,0.725,0.676,0.71,0.879,0.866,0.694,0.596
0.771,0.743,0.725,0.676,0.71,0.879,0.866,0.694,0.596,0.65
0.743,0.725,0.676,0.71,0.879,0.866,0.694,0.596,0.65,0.62
0.725,0.676,0.71,0.879,0.866,0.694,0.596,0.65,0.62,0.604
0.676,0.71,0.879,0.866,0.694,0.596,0.65,0.62,0.604,0.62
0.71,0.879,0.866,0.694,0.596,0.65,0.62,0.604,0.62,0.512
0.879,0.866,0.694,0.596,0.65,0.62,0.604,0.62,0.512,0.514
0.866,0.694,0.596,0.65,0.62,0.604,0.62,0.512,0.514,0.529
0.694,0.596,0.65,0.62,0.604,0.62,0.512,0.514,0.529,0.587
0.596,0.65,0.62,0.604,0.62,0.512,0.514,0.529,0.587,1.079
0.65,0.62,0.604,0.62,0.512,0.514,0.529,0.587,1.079,0.909
0.62,0.604,0.62,0.512,0.514,0.529,0.587,1.079,0.909,1.047
0.604,0.62,0.512,0.514,0.529,0.587,1.079,0.909,1.047,1.53
0.62,0.512,0.514,0.529,0.587,1.079,0.909,1.047,1.53,1.483
0.512,0.514,0.529,0.587,1.079,0.909,1.047,1.53,1.483,1.148
0.514,0.529,0.587,1.079,0.909,1.047,1.53,1.483,1.148,1.044
0.529,0.587,1.079,0.909,1.047,1.53,1.483,1.148,1.044,1.176
0.587,1.079,0.909,1.047,1.53,1.483,1.148,1.044,1.176,3.526
1.079,0.909,1.047,1.53,1.483,1.148,1.044,1.176,3.526,4.752
0.909,1.047,1.53,1.483,1.148,1.044,1.176,3.526,4.752,3.505
1.047,1.53,1.483,1.148,1.044,1.176,3.526,4.752,3.505,2.179
1.53,1.483,1.148,1.044,1.176,3.526,4.752,3.505,2.179,1.657
1.483,1.148,1.044,1.176,3.526,4.752,3.505,2.179,1.657,1.384
1.148,1.044,1.176,3.526,4.752,3.505,2.179,1.657,1.384,1.292
1.044,1.176,3.526,4.752,3.505,2.179,1.657,1.384,1.292,1.237
1.176,3.526,4.752,3.505,2.179,1.657,1.384,1.292,1.237,1.112
3.526,4.752,3.505,2.179,1.657,1.384,1.292,1.237,1.112,1.011
4.752,3.505,2.179,1.657,1.384,1.292,1.237,1.112,1.011,1.173
3.505,2.179,1.657,1.384,1.292,1.237,1.112,1.011,1.173,1.08
2.179,1.657,1.384,1.292,1.237,1.112,1.011,1.173,1.08,1.015
1.657,1.384,1.292,1.237,1.112,1.011,1.173,1.08,1.015,0.998
1.384,1.292,1.237,1.112,1.011,1.173,1.08,1.015,0.998,0.946
1.292,1.237,1.112,1.011,1.173,1.08,1.015,0.998,0.946,0.984
1.237,1.112,1.011,1.173,1.08,1.015,0.998,0.946,0.984,0.917
1.112,1.011,1.173,1.08,1.015,0.998,0.946,0.984,0.917,0.866
1.011,1.173,1.08,1.015,0.998,0.946,0.984,0.917,0.866,0.856
1.173,1.08,1.015,0.998,0.946,0.984,0.917,0.866,0.856,0.897
1.08,1.015,0.998,0.946,0.984,0.917,0.866,0.856,0.897,0.94
1.015,0.998,0.946,0.984,0.917,0.866,0.856,0.897,0.94,0.846
0.998,0.946,0.984,0.917,0.866,0.856,0.897,0.94,0.846,0.729
0.946,0.984,0.917,0.866,0.856,0.897,0.94,0.846,0.729,0.804
0.984,0.917,0.866,0.856,0.897,0.94,0.846,0.729,0.804,0.724
0.917,0.866,0.856,0.897,0.94,0.846,0.729,0.804,0.724,0.744
0.866,0.856,0.897,0.94,0.846,0.729,0.804,0.724,0.744,0.709
0.856,0.897,0.94,0.846,0.729,0.804,0.724,0.744,0.709,1.466
0.897,0.94,0.846,0.729,0.804,0.724,0.744,0.709,1.466,2.682
0.94,0.846,0.729,0.804,0.724,0.744,0.709,1.466,2.682,1.82
0.846,0.729,0.804,0.724,0.744,0.709,1.466,2.682,1.82,1.401
0.729,0.804,0.724,0.744,0.709,1.466,2.682,1.82,1.401,1.248
0.804,0.724,0.744,0.709,1.466,2.682,1.82,1.401,1.248,1.13
0.724,0.744,0.709,1.466,2.682,1.82,1.401,1.248,1.13,1.049
0.744,0.709,1.466,2.682,1.82,1.401,1.248,1.13,1.049,1.032
0.709,1.466,2.682,1.82,1.401,1.248,1.13,1.049,1.032,1.016
1.466,2.682,1.82,1.401,1.248,1.13,1.049,1.032,1.016,0.959
2.682,1.82,1.401,1.248,1.13,1.049,1.032,1.016,0.959,0.875
1.82,1.401,1.248,1.13,1.049,1.032,1.016,0.959,0.875,0.868
1.401,1.248,1.13,1.049,1.032,1.016,0.959,0.875,0.868,0.84
1.248,1.13,1.049,1.032,1.016,0.959,0.875,0.868,0.84,0.861
1.13,1.049,1.032,1.016,0.959,0.875,0.868,0.84,0.861,0.845
1.049,1.032,1.016,0.959,0.875,0.868,0.84,0.861,0.845,0.821
1.032,1.016,0.959,0.875,0.868,0.84,0.861,0.845,0.821,0.97
1.016,0.959,0.875,0.868,0.84,0.861,0.845,0.821,0.97,1.65
0.959,0.875,0.868,0.84,0.861,0.845,0.821,0.97,1.65,1.601
0.875,0.868,0.84,0.861,0.845,0.821,0.97,1.65,1.601,1.437
0.868,0.84,0.861,0.845,0.821,0.97,1.65,1.601,1.437,1.296
0.84,0.861,0.845,0.821,0.97,1.65,1.601,1.437,1.296,1.115
0.861,0.845,0.821,0.97,1.65,1.601,1.437,1.296,1.115,0.955
0.845,0.821,0.97,1.65,1.601,1.437,1.296,1.115,0.955,1.124
0.821,0.97,1.65,1.601,1.437,1.296,1.115,0.955,1.124,1.942
0.97,1.65,1.601,1.437,1.296,1.115,0.955,1.124,1.942,2.137
1.65,1.601,1.437,1.296,1.115,0.955,1.124,1.942,2.137,2.11
1.601,1.437,1.296,1.115,0.955,1.124,1.942,2.137,2.11,2.054
1.437,1.296,1.115,0.955,1.124,1.942,2.137,2.11,2.054,1.705
1.296,1.115,0.955,1.124,1.942,2.137,2.11,2.054,1.705,1.578
1.115,0.955,1.124,1.942,2.137,2.11,2.054,1.705,1.578,2.117
0.955,1.124,1.942,2.137,2.11,2.054,1.705,1.578,2.117,2.998
1.124,1.942,2.137,2.11,2.054,1.705,1.578,2.117,2.998,2.896
1.942,2.137,2.11,2.054,1.705,1.578,2.117,2.998,2.896,2.379
2.137,2.11,2.054,1.705,1.578,2.117,2.998,2.896,2.379,2.208
2.11,2.054,1.705,1.578,2.117,2.998,2.896,2.379,2.208,1.832
2.054,1.705,1.578,2.117,2.998,2.896,2.379,2.208,1.832,1.697
1.705,1.578,2.117,2.998,2.896,2.379,2.208,1.832,1.697,2.314
1.578,2.117,2.998,2.896,2.379,2.208,1.832,1.697,2.314,1.961
2.117,2.998,2.896,2.379,2.208,1.832,1.697,2.314,1.961,1.465
2.998,2.896,2.379,2.208,1.832,1.697,2.314,1.961,1.465,1.036
2.896,2.379,2.208,1.832,1.697,2.314,1.961,1.465,1.036,1.055
2.379,2.208,1.832,1.697,2.314,1.961,1.465,1.036,1.055,1.207
2.208,1.832,1.697,2.314,1.961,1.465,1.036,1.055,1.207,1.548
1.832,1.697,2.314,1.961,1.465,1.036,1.055,1.207,1.548,1.542
1.697,2.314,1.961,1.465,1.036,1.055,1.207,1.548,1.542,1.49
2.314,1.961,1.465,1.036,1.055,1.207,1.548,1.542,1.49,1.441
1.961,1.465,1.036,1.055,1.207,1.548,1.542,1.49,1.441,1.392
1.465,1.036,1.055,1.207,1.548,1.542,1.49,1.441,1.392,1.35
1.036,1.055,1.207,1.548,1.542,1.49,1.441,1.392,1.35,1.269
1.055,1.207,1.548,1.542,1.49,1.441,1.392,1.35,1.269,1.2
1.207,1.548,1.542,1.49,1.441,1.392,1.35,1.269,1.2,1.549
1.548,1.542,1.49,1.441,1.392,1.35,1.269,1.2,1.549,7.852
1.542,1.49,1.441,1.392,1.35,1.269,1.2,1.549,7.852,22.866
1.49,1.441,1.392,1.35,1.269,1.2,1.549,7.852,22.866,14.196
1.441,1.392,1.35,1.269,1.2,1.549,7.852,22.866,14.196,8.916
1.392,1.35,1.269,1.2,1.549,7.852,22.866,14.196,8.916,6.656
1.35,1.269,1.2,1.549,7.852,22.866,14.196,8.916,6.656,5.93
1.269,1.2,1.549,7.852,22.866,14.196,8.916,6.656,5.93,5.074
1.2,1.549,7.852,22.866,14.196,8.916,6.656,5.93,5.074,4.493
1.549,7.852,22.866,14.196,8.916,6.656,5.93,5.074,4.493,4.073
7.852,22.866,14.196,8.916,6.656,5.93,5.074,4.493,4.073,3.575
22.866,14.196,8.916,6.656,5.93,5.074,4.493,4.073,3.575,3.188
14.196,8.916,6.656,5.93,5.074,4.493,4.073,3.575,3.188,2.881
8.916,6.656,5.93,5.074,4.493,4.073,3.575,3.188,2.881,2.599
6.656,5.93,5.074,4.493,4.073,3.575,3.188,2.881,2.599,2.482
5.93,5.074,4.493,4.073,3.575,3.188,2.881,2.599,2.482,2.322
5.074,4.493,4.073,3.575,3.188,2.881,2.599,2.482,2.322,2.124
4.493,4.073,3.575,3.188,2.881,2.599,2.482,2.322,2.124,1.969
4.073,3.575,3.188,2.881,2.599,2.482,2.322,2.124,1.969,1.882
3.575,3.188,2.881,2.599,2.482,2.322,2.124,1.969,1.882,1.928
3.188,2.881,2.599,2.482,2.322,2.124,1.969,1.882,1.928,1.794
2.881,2.599,2.482,2.322,2.124,1.969,1.882,1.928,1.794,1.85
2.599,2.482,2.322,2.124,1.969,1.882,1.928,1.794,1.85,1.892
2.482,2.322,2.124,1.969,1.882,1.928,1.794,1.85,1.892,1.763
2.322,2.124,1.969,1.882,1.928,1.794,1.85,1.892,1.763,1.749
2.124,1.969,1.882,1.928,1.794,1.85,1.892,1.763,1.749,1.568
1.969,1.882,1.928,1.794,1.85,1.892,1.763,1.749,1.568,1.446
1.882,1.928,1.794,1.85,1.892,1.763,1.749,1.568,1.446,1.39
1.928,1.794,1.85,1.892,1.763,1.749,1.568,1.446,1.39,1.091
1.794,1.85,1.892,1.763,1.749,1.568,1.446,1.39,1.091,1.125
1.85,1.892,1.763,1.749,1.568,1.446,1.39,1.091,1.125,1.066
1.892,1.763,1.749,1.568,1.446,1.39,1.091,1.125,1.066,1.325
1.763,1.749,1.568,1.446,1.39,1.091,1.125,1.066,1.325,1.468
1.749,1.568,1.446,1.39,1.091,1.125,1.066,1.325,1.468,1.565
1.568,1.446,1.39,1.091,1.125,1.066,1.325,1.468,1.565,1.434
1.446,1.39,1.091,1.125,1.066,1.325,1.468,1.565,1.434,1.381
1.39,1.091,1.125,1.066,1.325,1.468,1.565,1.434,1.381,1.26
1.091,1.125,1.066,1.325,1.468,1.565,1.434,1.381,1.26,1.297
1.125,1.066,1.325,1.468,1.565,1.434,1.381,1.26,1.297,1.116
1.066,1.325,1.468,1.565,1.434,1.381,1.26,1.297,1.116,1.187
1.325,1.468,1.565,1.434,1.381,1.26,1.297,1.116,1.187,1.127
1.468,1.565,1.434,1.381,1.26,1.297,1.116,1.187,1.127,1.168
1.565,1.434,1.381,1.26,1.297,1.116,1.187,1.127,1.168,0.992
1.434,1.381,1.26,1.297,1.116,1.187,1.127,1.168,0.992,1.138
1.381,1.26,1.297,1.116,1.187,1.127,1.168,0.992,1.138,1.1
1.26,1.297,1.116,1.187,1.127,1.168,0.992,1.138,1.1,1
1.297,1.116,1.187,1.127,1.168,0.992,1.138,1.1,1,1
1.116,1.187,1.127,1.168,0.992,1.138,1.1,1,1,1.332
1.187,1.127,1.168,0.992,1.138,1.1,1,1,1.332,1.301
1.127,1.168,0.992,1.138,1.1,1,1,1.332,1.301,1.208
1.168,0.992,1.138,1.1,1,1,1.332,1.301,1.208,1.163
0.992,1.138,1.1,1,1,1.332,1.301,1.208,1.163,1.261
1.138,1.1,1,1,1.332,1.301,1.208,1.163,1.261,1.314
1.1,1,1,1.332,1.301,1.208,1.163,1.261,1.314,2.561
1,1,1.332,1.301,1.208,1.163,1.261,1.314,2.561,2.305
1,1.332,1.301,1.208,1.163,1.261,1.314,2.561,2.305,1.967
1.332,1.301,1.208,1.163,1.261,1.314,2.561,2.305,1.967,1.739
1.301,1.208,1.163,1.261,1.314,2.561,2.305,1.967,1.739,1.719
1.208,1.163,1.261,1.314,2.561,2.305,1.967,1.739,1.719,1.84
1.163,1.261,1.314,2.561,2.305,1.967,1.739,1.719,1.84,1.975
1.261,1.314,2.561,2.305,1.967,1.739,1.719,1.84,1.975,2.21
1.314,2.561,2.305,1.967,1.739,1.719,1.84,1.975,2.21,2.341
2.561,2.305,1.967,1.739,1.719,1.84,1.975,2.21,2.341,2.651
2.305,1.967,1.739,1.719,1.84,1.975,2.21,2.341,2.651,2.23
1.967,1.739,1.719,1.84,1.975,2.21,2.341,2.651,2.23,2.057
1.739,1.719,1.84,1.975,2.21,2.341,2.651,2.23,2.057,1.916
1.719,1.84,1.975,2.21,2.341,2.651,2.23,2.057,1.916,1.969
1.84,1.975,2.21,2.341,2.651,2.23,2.057,1.916,1.969,2.174
1.975,2.21,2.341,2.651,2.23,2.057,1.916,1.969,2.174,2.446
2.21,2.341,2.651,2.23,2.057,1.916,1.969,2.174,2.446,2.451
2.341,2.651,2.23,2.057,1.916,1.969,2.174,2.446,2.451,2.209
2.651,2.23,2.057,1.916,1.969,2.174,2.446,2.451,2.209,1.98
2.23,2.057,1.916,1.969,2.174,2.446,2.451,2.209,1.98,1.804
2.057,1.916,1.969,2.174,2.446,2.451,2.209,1.98,1.804,1.705
1.916,1.969,2.174,2.446,2.451,2.209,1.98,1.804,1.705,1.624
1.969,2.174,2.446,2.451,2.209,1.98,1.804,1.705,1.624,1.541
2.174,2.446,2.451,2.209,1.98,1.804,1.705,1.624,1.541,1.495
2.446,2.451,2.209,1.98,1.804,1.705,1.624,1.541,1.495,1.493
2.451,2.209,1.98,1.804,1.705,1.624,1.541,1.495,1.493,1.547
2.209,1.98,1.804,1.705,1.624,1.541,1.495,1.493,1.547,1.648
1.98,1.804,1.705,1.624,1.541,1.495,1.493,1.547,1.648,2.133
1.804,1.705,1.624,1.541,1.495,1.493,1.547,1.648,2.133,4.082
1.705,1.624,1.541,1.495,1.493,1.547,1.648,2.133,4.082,9.452
1.624,1.541,1.495,1.493,1.547,1.648,2.133,4.082,9.452,7.269
1.541,1.495,1.493,1.547,1.648,2.133,4.082,9.452,7.269,5.784
1.495,1.493,1.547,1.648,2.133,4.082,9.452,7.269,5.784,4.932
1.493,1.547,1.648,2.133,4.082,9.452,7.269,5.784,4.932,4.673
1.547,1.648,2.133,4.082,9.452,7.269,5.784,4.932,4.673,3.969
1.648,2.133,4.082,9.452,7.269,5.784,4.932,4.673,3.969,3.559
2.133,4.082,9.452,7.269,5.784,4.932,4.673,3.969,3.559,3.287
4.082,9.452,7.269,5.784,4.932,4.673,3.969,3.559,3.287,3.292
9.452,7.269,5.784,4.932,4.673,3.969,3.559,3.287,3.292,2.822
7.269,5.784,4.932,4.673,3.969,3.559,3.287,3.292,2.822,2.753
5.784,4.932,4.673,3.969,3.559,3.287,3.292,2.822,2.753,2.364
4.932,4.673,3.969,3.559,3.287,3.292,2.822,2.753,2.364,2.209
4.673,3.969,3.559,3.287,3.292,2.822,2.753,2.364,2.209,2.029
3.969,3.559,3.287,3.292,2.822,2.753,2.364,2.209,2.029,1.913
3.559,3.287,3.292,2.822,2.753,2.364,2.209,2.029,1.913,1.777
3.287,3.292,2.822,2.753,2.364,2.209,2.029,1.913,1.777,1.674
3.292,2.822,2.753,2.364,2.209,2.029,1.913,1.777,1.674,1.67
2.822,2.753,2.364,2.209,2.029,1.913,1.777,1.674,1.67,1.584
2.753,2.364,2.209,2.029,1.913,1.777,1.674,1.67,1.584,1.475
2.364,2.209,2.029,1.913,1.777,1.674,1.67,1.584,1.475,1.421
2.209,2.029,1.913,1.777,1.674,1.67,1.584,1.475,1.421,1.303
2.029,1.913,1.777,1.674,1.67,1.584,1.475,1.421,1.303,1.411
1.913,1.777,1.674,1.67,1.584,1.475,1.421,1.303,1.411,1.532
1.777,1.674,1.67,1.584,1.475,1.421,1.303,1.411,1.532,1.411
1.674,1.67,1.584,1.475,1.421,1.303,1.411,1.532,1.411,1.096
1.67,1.584,1.475,1.421,1.303,1.411,1.532,1.411,1.096,1.115
1.584,1.475,1.421,1.303,1.411,1.532,1.411,1.096,1.115,1.144
1.475,1.421,1.303,1.411,1.532,1.411,1.096,1.115,1.144,3.665
1.421,1.303,1.411,1.532,1.411,1.096,1.115,1.144,3.665,2.127
1.303,1.411,1.532,1.411,1.096,1.115,1.144,3.665,2.127,1.565
1.411,1.532,1.411,1.096,1.115,1.144,3.665,2.127,1.565,2.126
1.532,1.411,1.096,1.115,1.144,3.665,2.127,1.565,2.126,1.885
1.411,1.096,1.115,1.144,3.665,2.127,1.565,2.126,1.885,2.019
1.096,1.115,1.144,3.665,2.127,1.565,2.126,1.885,2.019,2.227
1.115,1.144,3.665,2.127,1.565,2.126,1.885,2.019,2.227,1.688
1.144,3.665,2.127,1.565,2.126,1.885,2.019,2.227,1.688,1.656
3.665,2.127,1.565,2.126,1.885,2.019,2.227,1.688,1.656,1.499
2.127,1.565,2.126,1.885,2.019,2.227,1.688,1.656,1.499,1.324
1.565,2.126,1.885,2.019,2.227,1.688,1.656,1.499,1.324,1.294
2.126,1.885,2.019,2.227,1.688,1.656,1.499,1.324,1.294,1.276
1.885,2.019,2.227,1.688,1.656,1.499,1.324,1.294,1.276,1.116
2.019,2.227,1.688,1.656,1.499,1.324,1.294,1.276,1.116,1.055
2.227,1.688,1.656,1.499,1.324,1.294,1.276,1.116,1.055,1.02
1.688,1.656,1.499,1.324,1.294,1.276,1.116,1.055,1.02,0.933
1.656,1.499,1.324,1.294,1.276,1.116,1.055,1.02,0.933,0.816
1.499,1.324,1.294,1.276,1.116,1.055,1.02,0.933,0.816,0.762
1.324,1.294,1.276,1.116,1.055,1.02,0.933,0.816,0.762,0.666
1.294,1.276,1.116,1.055,1.02,0.933,0.816,0.762,0.666,0.726
1.276,1.116,1.055,1.02,0.933,0.816,0.762,0.666,0.726,0.866
1.116,1.055,1.02,0.933,0.816,0.762,0.666,0.726,0.866,0.682
1.055,1.02,0.933,0.816,0.762,0.666,0.726,0.866,0.682,0.678
1.02,0.933,0.816,0.762,0.666,0.726,0.866,0.682,0.678,0.713
0.933,0.816,0.762,0.666,0.726,0.866,0.682,0.678,0.713,0.596
0.816,0.762,0.666,0.726,0.866,0.682,0.678,0.713,0.596,0.574
0.762,0.666,0.726,0.866,0.682,0.678,0.713,0.596,0.574,0.616
0.666,0.726,0.866,0.682,0.678,0.713,0.596,0.574,0.616,0.59
0.726,0.866,0.682,0.678,0.713,0.596,0.574,0.616,0.59,0.505
0.866,0.682,0.678,0.713,0.596,0.574,0.616,0.59,0.505,0.571
0.682,0.678,0.713,0.596,0.574,0.616,0.59,0.505,0.571,0.579
0.678,0.713,0.596,0.574,0.616,0.59,0.505,0.571,0.579,0.463
0.713,0.596,0.574,0.616,0.59,0.505,0.571,0.579,0.463,0.591
0.596,0.574,0.616,0.59,0.505,0.571,0.579,0.463,0.591,0.541
0.574,0.616,0.59,0.505,0.571,0.579,0.463,0.591,0.541,0.433
0.616,0.59,0.505,0.571,0.579,0.463,0.591,0.541,0.433,0.46
0.59,0.505,0.571,0.579,0.463,0.591,0.541,0.433,0.46,0.45
0.505,0.571,0.579,0.463,0.591,0.541,0.433,0.46,0.45,0.339
0.571,0.579,0.463,0.591,0.541,0.433,0.46,0.45,0.339,0.316
0.579,0.463,0.591,0.541,0.433,0.46,0.45,0.339,0.316,0.442
0.463,0.591,0.541,0.433,0.46,0.45,0.339,0.316,0.442,0.58
0.591,0.541,0.433,0.46,0.45,0.339,0.316,0.442,0.58,1.405
0.541,0.433,0.46,0.45,0.339,0.316,0.442,0.58,1.405,0.7
0.433,0.46,0.45,0.339,0.316,0.442,0.58,1.405,0.7,0.646
0.46,0.45,0.339,0.316,0.442,0.58,1.405,0.7,0.646,0.534
0.45,0.339,0.316,0.442,0.58,1.405,0.7,0.646,0.534,0.762
0.339,0.316,0.442,0.58,1.405,0.7,0.646,0.534,0.762,0.769
0.316,0.442,0.58,1.405,0.7,0.646,0.534,0.762,0.769,0.549
0.442,0.58,1.405,0.7,0.646,0.534,0.762,0.769,0.549,0.551
0.58,1.405,0.7,0.646,0.534,0.762,0.769,0.549,0.551,0.498
1.405,0.7,0.646,0.534,0.762,0.769,0.549,0.551,0.498,0.531
0.7,0.646,0.534,0.762,0.769,0.549,0.551,0.498,0.531,0.619
0.646,0.534,0.762,0.769,0.549,0.551,0.498,0.531,0.619,0.636
0.534,0.762,0.769,0.549,0.551,0.498,0.531,0.619,0.636,0.583
0.762,0.769,0.549,0.551,0.498,0.531,0.619,0.636,0.583,0.744
0.769,0.549,0.551,0.498,0.531,0.619,0.636,0.583,0.744,1.214
0.549,0.551,0.498,0.531,0.619,0.636,0.583,0.744,1.214,1.091
0.551,0.498,0.531,0.619,0.636,0.583,0.744,1.214,1.091,0.894
0.498,0.531,0.619,0.636,0.583,0.744,1.214,1.091,0.894,0.698
0.531,0.619,0.636,0.583,0.744,1.214,1.091,0.894,0.698,0.695
0.619,0.636,0.583,0.744,1.214,1.091,0.894,0.698,0.695,0.64
0.636,0.583,0.744,1.214,1.091,0.894,0.698,0.695,0.64,0.585
0.583,0.744,1.214,1.091,0.894,0.698,0.695,0.64,0.585,0.532
0.744,1.214,1.091,0.894,0.698,0.695,0.64,0.585,0.532,0.515
1.214,1.091,0.894,0.698,0.695,0.64,0.585,0.532,0.515,0.482
1.091,0.894,0.698,0.695,0.64,0.585,0.532,0.515,0.482,0.447
0.894,0.698,0.695,0.64,0.585,0.532,0.515,0.482,0.447,0.438
0.698,0.695,0.64,0.585,0.532,0.515,0.482,0.447,0.438,0.444
0.695,0.64,0.585,0.532,0.515,0.482,0.447,0.438,0.444,0.445
0.64,0.585,0.532,0.515,0.482,0.447,0.438,0.444,0.445,0.623
0.585,0.532,0.515,0.482,0.447,0.438,0.444,0.445,0.623,0.678
0.532,0.515,0.482,0.447,0.438,0.444,0.445,0.623,0.678,0.441
0.515,0.482,0.447,0.438,0.444,0.445,0.623,0.678,0.441,0.456
0.482,0.447,0.438,0.444,0.445,0.623,0.678,0.441,0.456,0.393
0.447,0.438,0.444,0.445,0.623,0.678,0.441,0.456,0.393,0.474
0.438,0.444,0.445,0.623,0.678,0.441,0.456,0.393,0.474,0.381
0.444,0.445,0.623,0.678,0.441,0.456,0.393,0.474,0.381,0.517
0.445,0.623,0.678,0.441,0.456,0.393,0.474,0.381,0.517,0.398
0.623,0.678,0.441,0.456,0.393,0.474,0.381,0.517,0.398,0.472
0.678,0.441,0.456,0.393,0.474,0.381,0.517,0.398,0.472,0.36
0.441,0.456,0.393,0.474,0.381,0.517,0.398,0.472,0.36,0.466
0.456,0.393,0.474,0.381,0.517,0.398,0.472,0.36,0.466,0.347
0.393,0.474,0.381,0.517,0.398,0.472,0.36,0.466,0.347,0.372
0.474,0.381,0.517,0.398,0.472,0.36,0.466,0.347,0.372,0.336
0.381,0.517,0.398,0.472,0.36,0.466,0.347,0.372,0.336,0.298
0.517,0.398,0.472,0.36,0.466,0.347,0.372,0.336,0.298,0.284
0.398,0.472,0.36,0.466,0.347,0.372,0.336,0.298,0.284,0.245
0.472,0.36,0.466,0.347,0.372,0.336,0.298,0.284,0.245,0.367
0.36,0.466,0.347,0.372,0.336,0.298,0.284,0.245,0.367,0.288
0.466,0.347,0.372,0.336,0.298,0.284,0.245,0.367,0.288,0.283
0.347,0.372,0.336,0.298,0.284,0.245,0.367,0.288,0.283,0.352
0.372,0.336,0.298,0.284,0.245,0.367,0.288,0.283,0.352,0.343
0.336,0.298,0.284,0.245,0.367,0.288,0.283,0.352,0.343,0.347
0.298,0.284,0.245,0.367,0.288,0.283,0.352,0.343,0.347,0.33
0.284,0.245,0.367,0.288,0.283,0.352,0.343,0.347,0.33,0.334
0.245,0.367,0.288,0.283,0.352,0.343,0.347,0.33,0.334,0.339
0.367,0.288,0.283,0.352,0.343,0.347,0.33,0.334,0.339,0.27
0.288,0.283,0.352,0.343,0.347,0.33,0.334,0.339,0.27,0.298
0.283,0.352,0.343,0.347,0.33,0.334,0.339,0.27,0.298,0.228
0.352,0.343,0.347,0.33,0.334,0.339,0.27,0.298,0.228,0.227
0.343,0.347,0.33,0.334,0.339,0.27,0.298,0.228,0.227,0.171
0.347,0.33,0.334,0.339,0.27,0.298,0.228,0.227,0.171,0.56
0.33,0.334,0.339,0.27,0.298,0.228,0.227,0.171,0.56,0.32
0.334,0.339,0.27,0.298,0.228,0.227,0.171,0.56,0.32,0.243
0.339,0.27,0.298,0.228,0.227,0.171,0.56,0.32,0.243,0.214
0.27,0.298,0.228,0.227,0.171,0.56,0.32,0.243,0.214,0.233
0.298,0.228,0.227,0.171,0.56,0.32,0.243,0.214,0.233,0.233
0.228,0.227,0.171,0.56,0.32,0.243,0.214,0.233,0.233,0.278
0.227,0.171,0.56,0.32,0.243,0.214,0.233,0.233,0.278,0.325
0.171,0.56,0.32,0.243,0.214,0.233,0.233,0.278,0.325,0.803
0.56,0.32,0.243,0.214,0.233,0.233,0.278,0.325,0.803,1.506
0.32,0.243,0.214,0.233,0.233,0.278,0.325,0.803,1.506,1.467
0.243,0.214,0.233,0.233,0.278,0.325,0.803,1.506,1.467,0.979
0.214,0.233,0.233,0.278,0.325,0.803,1.506,1.467,0.979,0.726
0.233,0.233,0.278,0.325,0.803,1.506,1.467,0.979,0.726,0.535
0.233,0.278,0.325,0.803,1.506,1.467,0.979,0.726,0.535,0.548
0.278,0.325,0.803,1.506,1.467,0.979,0.726,0.535,0.548,0.549
0.325,0.803,1.506,1.467,0.979,0.726,0.535,0.548,0.549,0.689
0.803,1.506,1.467,0.979,0.726,0.535,0.548,0.549,0.689,0.821
1.506,1.467,0.979,0.726,0.535,0.548,0.549,0.689,0.821,0.661
1.467,0.979,0.726,0.535,0.548,0.549,0.689,0.821,0.661,0.64
0.979,0.726,0.535,0.548,0.549,0.689,0.821,0.661,0.64,0.545
0.726,0.535,0.548,0.549,0.689,0.821,0.661,0.64,0.545,0.553
0.535,0.548,0.549,0.689,0.821,0.661,0.64,0.545,0.553,0.494
0.548,0.549,0.689,0.821,0.661,0.64,0.545,0.553,0.494,0.52
0.549,0.689,0.821,0.661,0.64,0.545,0.553,0.494,0.52,0.464
0.689,0.821,0.661,0.64,0.545,0.553,0.494,0.52,0.464,0.476
0.821,0.661,0.64,0.545,0.553,0.494,0.52,0.464,0.476,0.43
0.661,0.64,0.545,0.553,0.494,0.52,0.464,0.476,0.43,0.508
0.64,0.545,0.553,0.494,0.52,0.464,0.476,0.43,0.508,0.451
0.545,0.553,0.494,0.52,0.464,0.476,0.43,0.508,0.451,0.474
0.553,0.494,0.52,0.464,0.476,0.43,0.508,0.451,0.474,0.51
0.494,0.52,0.464,0.476,0.43,0.508,0.451,0.474,0.51,0.526
0.52,0.464,0.476,0.43,0.508,0.451,0.474,0.51,0.526,0.526
0.464,0.476,0.43,0.508,0.451,0.474,0.51,0.526,0.526,0.535
0.476,0.43,0.508,0.451,0.474,0.51,0.526,0.526,0.535,0.478
0.43,0.508,0.451,0.474,0.51,0.526,0.526,0.535,0.478,0.796
0.508,0.451,0.474,0.51,0.526,0.526,0.535,0.478,0.796,0.326
0.451,0.474,0.51,0.526,0.526,0.535,0.478,0.796,0.326,0.351
0.474,0.51,0.526,0.526,0.535,0.478,0.796,0.326,0.351,0.348
0.51,0.526,0.526,0.535,0.478,0.796,0.326,0.351,0.348,0.368
0.526,0.526,0.535,0.478,0.796,0.326,0.351,0.348,0.368,0.353
0.526,0.535,0.478,0.796,0.326,0.351,0.348,0.368,0.353,0.338
0.535,0.478,0.796,0.326,0.351,0.348,0.368,0.353,0.338,0.336
0.478,0.796,0.326,0.351,0.348,0.368,0.353,0.338,0.336,0.331
0.796,0.326,0.351,0.348,0.368,0.353,0.338,0.336,0.331,0.318
0.326,0.351,0.348,0.368,0.353,0.338,0.336,0.331,0.318,0.347
0.351,0.348,0.368,0.353,0.338,0.336,0.331,0.318,0.347,0.842
0.348,0.368,0.353,0.338,0.336,0.331,0.318,0.347,0.842,0.619
0.368,0.353,0.338,0.336,0.331,0.318,0.347,0.842,0.619,0.405
0.353,0.338,0.336,0.331,0.318,0.347,0.842,0.619,0.405,0.411
0.338,0.336,0.331,0.318,0.347,0.842,0.619,0.405,0.411,0.404
0.336,0.331,0.318,0.347,0.842,0.619,0.405,0.411,0.404,0.45
0.331,0.318,0.347,0.842,0.619,0.405,0.411,0.404,0.45,0.339
0.318,0.347,0.842,0.619,0.405,0.411,0.404,0.45,0.339,0.282
0.347,0.842,0.619,0.405,0.411,0.404,0.45,0.339,0.282,0.386
0.842,0.619,0.405,0.411,0.404,0.45,0.339,0.282,0.386,0.405
0.619,0.405,0.411,0.404,0.45,0.339,0.282,0.386,0.405,0.339
0.405,0.411,0.404,0.45,0.339,0.282,0.386,0.405,0.339,0.385
0.411,0.404,0.45,0.339,0.282,0.386,0.405,0.339,0.385,0.355
0.404,0.45,0.339,0.282,0.386,0.405,0.339,0.385,0.355,0.617
0.45,0.339,0.282,0.386,0.405,0.339,0.385,0.355,0.617,0.55
0.339,0.282,0.386,0.405,0.339,0.385,0.355,0.617,0.55,0.487
0.282,0.386,0.405,0.339,0.385,0.355,0.617,0.55,0.487,0.548
0.386,0.405,0.339,0.385,0.355,0.617,0.55,0.487,0.548,0.393
0.405,0.339,0.385,0.355,0.617,0.55,0.487,0.548,0.393,0.316
0.339,0.385,0.355,0.617,0.55,0.487,0.548,0.393,0.316,0.405
0.385,0.355,0.617,0.55,0.487,0.548,0.393,0.316,0.405,0.321
0.355,0.617,0.55,0.487,0.548,0.393,0.316,0.405,0.321,0.45
0.617,0.55,0.487,0.548,0.393,0.316,0.405,0.321,0.45,0.975
