h1,h2,h3,h4,h5,h6,h7,h8,h9,h10
2.301,2.355,2.3,2.344,2.445,2.534,2.564,2.559,2.776,2.861
2.355,2.3,2.344,2.445,2.534,2.564,2.559,2.776,2.861,2.781
2.3,2.344,2.445,2.534,2.564,2.559,2.776,2.861,2.781,2.704
2.344,2.445,2.534,2.564,2.559,2.776,2.861,2.781,2.704,2.549
2.445,2.534,2.564,2.559,2.776,2.861,2.781,2.704,2.549,2.255
2.534,2.564,2.559,2.776,2.861,2.781,2.704,2.549,2.255,2.394
2.564,2.559,2.776,2.861,2.781,2.704,2.549,2.255,2.394,2.355
2.559,2.776,2.861,2.781,2.704,2.549,2.255,2.394,2.355,2.356
2.776,2.861,2.781,2.704,2.549,2.255,2.394,2.355,2.356,2.43
2.861,2.781,2.704,2.549,2.255,2.394,2.355,2.356,2.43,2.392
2.781,2.704,2.549,2.255,2.394,2.355,2.356,2.43,2.392,2.315
2.704,2.549,2.255,2.394,2.355,2.356,2.43,2.392,2.315,2.346
2.549,2.255,2.394,2.355,2.356,2.43,2.392,2.315,2.346,1.169
2.255,2.394,2.355,2.356,2.43,2.392,2.315,2.346,1.169,1.792
2.394,2.355,2.356,2.43,2.392,2.315,2.346,1.169,1.792,1.109
2.355,2.356,2.43,2.392,2.315,2.346,1.169,1.792,1.109,1.827
2.356,2.43,2.392,2.315,2.346,1.169,1.792,1.109,1.827,2.44
2.43,2.392,2.315,2.346,1.169,1.792,1.109,1.827,2.44,2.46
2.392,2.315,2.346,1.169,1.792,1.109,1.827,2.44,2.46,2.44
2.315,2.346,1.169,1.792,1.109,1.827,2.44,2.46,2.44,1.541
2.346,1.169,1.792,1.109,1.827,2.44,2.46,2.44,1.541,2.631
1.169,1.792,1.109,1.827,2.44,2.46,2.44,1.541,2.631,2.817
1.792,1.109,1.827,2.44,2.46,2.44,1.541,2.631,2.817,5.41
1.109,1.827,2.44,2.46,2.44,1.541,2.631,2.817,5.41,4.259
1.827,2.44,2.46,2.44,1.541,2.631,2.817,5.41,4.259,4.18
2.44,2.46,2.44,1.541,2.631,2.817,5.41,4.259,4.18,6.443
2.46,2.44,1.541,2.631,2.817,5.41,4.259,4.18,6.443,4.549
2.44,1.541,2.631,2.817,5.41,4.259,4.18,6.443,4.549,3.11
1.541,2.631,2.817,5.41,4.259,4.18,6.443,4.549,3.11,2.491
2.631,2.817,5.41,4.259,4.18,6.443,4.549,3.11,2.491,2.5
2.817,5.41,4.259,4.18,6.443,4.549,3.11,2.491,2.5,2.45
5.41,4.259,4.18,6.443,4.549,3.11,2.491,2.5,2.45,1.847
4.259,4.18,6.443,4.549,3.11,2.491,2.5,2.45,1.847,2.46
4.18,6.443,4.549,3.11,2.491,2.5,2.45,1.847,2.46,1.732
6.443,4.549,3.11,2.491,2.5,2.45,1.847,2.46,1.732,1.847
4.549,3.11,2.491,2.5,2.45,1.847,2.46,1.732,1.847,2.469
3.11,2.491,2.5,2.45,1.847,2.46,1.732,1.847,2.469,0.969
2.491,2.5,2.45,1.847,2.46,1.732,1.847,2.469,0.969,1.732
2.5,2.45,1.847,2.46,1.732,1.847,2.469,0.969,1.732,4.881
2.45,1.847,2.46,1.732,1.847,2.469,0.969,1.732,4.881,11.407
1.847,2.46,1.732,1.847,2.469,0.969,1.732,4.881,11.407,10.562
2.46,1.732,1.847,2.469,0.969,1.732,4.881,11.407,10.562,10.336
1.732,1.847,2.469,0.969,1.732,4.881,11.407,10.562,10.336,8.463
1.847,2.469,0.969,1.732,4.881,11.407,10.562,10.336,8.463,8
2.469,0.969,1.732,4.881,11.407,10.562,10.336,8.463,8,5.844
0.969,1.732,4.881,11.407,10.562,10.336,8.463,8,5.844,4.622
1.732,4.881,11.407,10.562,10.336,8.463,8,5.844,4.622,2.352
4.881,11.407,10.562,10.336,8.463,8,5.844,4.622,2.352,3.995
11.407,10.562,10.336,8.463,8,5.844,4.622,2.352,3.995,2.773
10.562,10.336,8.463,8,5.844,4.622,2.352,3.995,2.773,0.656
10.336,8.463,8,5.844,4.622,2.352,3.995,2.773,0.656,2.23
8.463,8,5.844,4.622,2.352,3.995,2.773,0.656,2.23,3.021
8,5.844,4.622,2.352,3.995,2.773,0.656,2.23,3.021,3.021
5.844,4.622,2.352,3.995,2.773,0.656,2.23,3.021,3.021,3.22
4.622,2.352,3.995,2.773,0.656,2.23,3.021,3.021,3.22,2.175
2.352,3.995,2.773,0.656,2.23,3.021,3.021,3.22,2.175,1.982
3.995,2.773,0.656,2.23,3.021,3.021,3.22,2.175,1.982,2.087
2.773,0.656,2.23,3.021,3.021,3.22,2.175,1.982,2.087,1.982
0.656,2.23,3.021,3.021,3.22,2.175,1.982,2.087,1.982,1.786
2.23,3.021,3.021,3.22,2.175,1.982,2.087,1.982,1.786,1.566
3.021,3.021,3.22,2.175,1.982,2.087,1.982,1.786,1.566,2.032
3.021,3.22,2.175,1.982,2.087,1.982,1.786,1.566,2.032,2.059
3.22,2.175,1.982,2.087,1.982,1.786,1.566,2.032,2.059,2.029
2.175,1.982,2.087,1.982,1.786,1.566,2.032,2.059,2.029,1.589
1.982,2.087,1.982,1.786,1.566,2.032,2.059,2.029,1.589,6.08
2.087,1.982,1.786,1.566,2.032,2.059,2.029,1.589,6.08,31.636
1.982,1.786,1.566,2.032,2.059,2.029,1.589,6.08,31.636,21.574
1.786,1.566,2.032,2.059,2.029,1.589,6.08,31.636,21.574,12.576
1.566,2.032,2.059,2.029,1.589,6.08,31.636,21.574,12.576,36.278
2.032,2.059,2.029,1.589,6.08,31.636,21.574,12.576,36.278,20.5
2.059,2.029,1.589,6.08,31.636,21.574,12.576,36.278,20.5,13
2.029,1.589,6.08,31.636,21.574,12.576,36.278,20.5,13,21.4
1.589,6.08,31.636,21.574,12.576,36.278,20.5,13,21.4,26.505
6.08,31.636,21.574,12.576,36.278,20.5,13,21.4,26.505,15.25
31.636,21.574,12.576,36.278,20.5,13,21.4,26.505,15.25,8.322
21.574,12.576,36.278,20.5,13,21.4,26.505,15.25,8.322,6.287
12.576,36.278,20.5,13,21.4,26.505,15.25,8.322,6.287,2.236
36.278,20.5,13,21.4,26.505,15.25,8.322,6.287,2.236,1.194
20.5,13,21.4,26.505,15.25,8.322,6.287,2.236,1.194,3.579
13,21.4,26.505,15.25,8.322,6.287,2.236,1.194,3.579,2.855
21.4,26.505,15.25,8.322,6.287,2.236,1.194,3.579,2.855,2.604
26.505,15.25,8.322,6.287,2.236,1.194,3.579,2.855,2.604,2.091
15.25,8.322,6.287,2.236,1.194,3.579,2.855,2.604,2.091,6.825
8.322,6.287,2.236,1.194,3.579,2.855,2.604,2.091,6.825,4.974
6.287,2.236,1.194,3.579,2.855,2.604,2.091,6.825,4.974,4.989
2.236,1.194,3.579,2.855,2.604,2.091,6.825,4.974,4.989,5.627
1.194,3.579,2.855,2.604,2.091,6.825,4.974,4.989,5.627,5.112
3.579,2.855,2.604,2.091,6.825,4.974,4.989,5.627,5.112,4.869
2.855,2.604,2.091,6.825,4.974,4.989,5.627,5.112,4.869,5.93
2.604,2.091,6.825,4.974,4.989,5.627,5.112,4.869,5.93,7.713
2.091,6.825,4.974,4.989,5.627,5.112,4.869,5.93,7.713,7.58
6.825,4.974,4.989,5.627,5.112,4.869,5.93,7.713,7.58,5.984
4.974,4.989,5.627,5.112,4.869,5.93,7.713,7.58,5.984,5.381
4.989,5.627,5.112,4.869,5.93,7.713,7.58,5.984,5.381,6.724
5.627,5.112,4.869,5.93,7.713,7.58,5.984,5.381,6.724,4.488
5.112,4.869,5.93,7.713,7.58,5.984,5.381,6.724,4.488,4.72
4.869,5.93,7.713,7.58,5.984,5.381,6.724,4.488,4.72,8.394
5.93,7.713,7.58,5.984,5.381,6.724,4.488,4.72,8.394,4.582
7.713,7.58,5.984,5.381,6.724,4.488,4.72,8.394,4.582,6.828
7.58,5.984,5.381,6.724,4.488,4.72,8.394,4.582,6.828,8.054
5.984,5.381,6.724,4.488,4.72,8.394,4.582,6.828,8.054,7.553
5.381,6.724,4.488,4.72,8.394,4.582,6.828,8.054,7.553,5.56
6.724,4.488,4.72,8.394,4.582,6.828,8.054,7.553,5.56,6.402
4.488,4.72,8.394,4.582,6.828,8.054,7.553,5.56,6.402,7.454
4.72,8.394,4.582,6.828,8.054,7.553,5.56,6.402,7.454,5.553
8.394,4.582,6.828,8.054,7.553,5.56,6.402,7.454,5.553,4.384
4.582,6.828,8.054,7.553,5.56,6.402,7.454,5.553,4.384,4.565
6.828,8.054,7.553,5.56,6.402,7.454,5.553,4.384,4.565,5.02
8.054,7.553,5.56,6.402,7.454,5.553,4.384,4.565,5.02,4.878
7.553,5.56,6.402,7.454,5.553,4.384,4.565,5.02,4.878,4.515
5.56,6.402,7.454,5.553,4.384,4.565,5.02,4.878,4.515,4.303
6.402,7.454,5.553,4.384,4.565,5.02,4.878,4.515,4.303,4.408
7.454,5.553,4.384,4.565,5.02,4.878,4.515,4.303,4.408,3.607
5.553,4.384,4.565,5.02,4.878,4.515,4.303,4.408,3.607,3.169
4.384,4.565,5.02,4.878,4.515,4.303,4.408,3.607,3.169,3
4.565,5.02,4.878,4.515,4.303,4.408,3.607,3.169,3,3.473
5.02,4.878,4.515,4.303,4.408,3.607,3.169,3,3.473,3.518
4.878,4.515,4.303,4.408,3.607,3.169,3,3.473,3.518,3.5
4.515,4.303,4.408,3.607,3.169,3,3.473,3.518,3.5,4.66
4.303,4.408,3.607,3.169,3,3.473,3.518,3.5,4.66,6.003
4.408,3.607,3.169,3,3.473,3.518,3.5,4.66,6.003,8.404
3.607,3.169,3,3.473,3.518,3.5,4.66,6.003,8.404,10.2
3.169,3,3.473,3.518,3.5,4.66,6.003,8.404,10.2,5.705
3,3.473,3.518,3.5,4.66,6.003,8.404,10.2,5.705,6.074
3.473,3.518,3.5,4.66,6.003,8.404,10.2,5.705,6.074,4.653
3.518,3.5,4.66,6.003,8.404,10.2,5.705,6.074,4.653,4.88
3.5,4.66,6.003,8.404,10.2,5.705,6.074,4.653,4.88,3.891
4.66,6.003,8.404,10.2,5.705,6.074,4.653,4.88,3.891,5.588
6.003,8.404,10.2,5.705,6.074,4.653,4.88,3.891,5.588,7.934
8.404,10.2,5.705,6.074,4.653,4.88,3.891,5.588,7.934,6.494
10.2,5.705,6.074,4.653,4.88,3.891,5.588,7.934,6.494,5.831
5.705,6.074,4.653,4.88,3.891,5.588,7.934,6.494,5.831,4.484
6.074,4.653,4.88,3.891,5.588,7.934,6.494,5.831,4.484,6.201
4.653,4.88,3.891,5.588,7.934,6.494,5.831,4.484,6.201,10.125
4.88,3.891,5.588,7.934,6.494,5.831,4.484,6.201,10.125,11.305
3.891,5.588,7.934,6.494,5.831,4.484,6.201,10.125,11.305,9.77
5.588,7.934,6.494,5.831,4.484,6.201,10.125,11.305,9.77,6.363
7.934,6.494,5.831,4.484,6.201,10.125,11.305,9.77,6.363,5.768
6.494,5.831,4.484,6.201,10.125,11.305,9.77,6.363,5.768,5.414
5.831,4.484,6.201,10.125,11.305,9.77,6.363,5.768,5.414,6.352
4.484,6.201,10.125,11.305,9.77,6.363,5.768,5.414,6.352,5.031
6.201,10.125,11.305,9.77,6.363,5.768,5.414,6.352,5.031,4.205
10.125,11.305,9.77,6.363,5.768,5.414,6.352,5.031,4.205,4.583
11.305,9.77,6.363,5.768,5.414,6.352,5.031,4.205,4.583,4.764
9.77,6.363,5.768,5.414,6.352,5.031,4.205,4.583,4.764,4.792
6.363,5.768,5.414,6.352,5.031,4.205,4.583,4.764,4.792,3.905
5.768,5.414,6.352,5.031,4.205,4.583,4.764,4.792,3.905,4.188
5.414,6.352,5.031,4.205,4.583,4.764,4.792,3.905,4.188,4.726
6.352,5.031,4.205,4.583,4.764,4.792,3.905,4.188,4.726,5.421
5.031,4.205,4.583,4.764,4.792,3.905,4.188,4.726,5.421,7.088
4.205,4.583,4.764,4.792,3.905,4.188,4.726,5.421,7.088,10.93
4.583,4.764,4.792,3.905,4.188,4.726,5.421,7.088,10.93,11.224
4.764,4.792,3.905,4.188,4.726,5.421,7.088,10.93,11.224,7.979
4.792,3.905,4.188,4.726,5.421,7.088,10.93,11.224,7.979,2.37
3.905,4.188,4.726,5.421,7.088,10.93,11.224,7.979,2.37,5.317
4.188,4.726,5.421,7.088,10.93,11.224,7.979,2.37,5.317,4.287
4.726,5.421,7.088,10.93,11.224,7.979,2.37,5.317,4.287,4.02
5.421,7.088,10.93,11.224,7.979,2.37,5.317,4.287,4.02,4.24
7.088,10.93,11.224,7.979,2.37,5.317,4.287,4.02,4.24,4.313
10.93,11.224,7.979,2.37,5.317,4.287,4.02,4.24,4.313,4.525
11.224,7.979,2.37,5.317,4.287,4.02,4.24,4.313,4.525,4.125
7.979,2.37,5.317,4.287,4.02,4.24,4.313,4.525,4.125,3.121
2.37,5.317,4.287,4.02,4.24,4.313,4.525,4.125,3.121,3.88
5.317,4.287,4.02,4.24,4.313,4.525,4.125,3.121,3.88,4.462
4.287,4.02,4.24,4.313,4.525,4.125,3.121,3.88,4.462,3.7
4.02,4.24,4.313,4.525,4.125,3.121,3.88,4.462,3.7,3.7
4.24,4.313,4.525,4.125,3.121,3.88,4.462,3.7,3.7,2.474
4.313,4.525,4.125,3.121,3.88,4.462,3.7,3.7,2.474,3.38
4.525,4.125,3.121,3.88,4.462,3.7,3.7,2.474,3.38,3.064
4.125,3.121,3.88,4.462,3.7,3.7,2.474,3.38,3.064,2.52
3.121,3.88,4.462,3.7,3.7,2.474,3.38,3.064,2.52,3.689
3.88,4.462,3.7,3.7,2.474,3.38,3.064,2.52,3.689,2.85
4.462,3.7,3.7,2.474,3.38,3.064,2.52,3.689,2.85,3.7
3.7,3.7,2.474,3.38,3.064,2.52,3.689,2.85,3.7,2.274
3.7,2.474,3.38,3.064,2.52,3.689,2.85,3.7,2.274,3.4
2.474,3.38,3.064,2.52,3.689,2.85,3.7,2.274,3.4,4.326
3.38,3.064,2.52,3.689,2.85,3.7,2.274,3.4,4.326,3.4
3.064,2.52,3.689,2.85,3.7,2.274,3.4,4.326,3.4,2.173
2.52,3.689,2.85,3.7,2.274,3.4,4.326,3.4,2.173,2.902
3.689,2.85,3.7,2.274,3.4,4.326,3.4,2.173,2.902,4.32
2.85,3.7,2.274,3.4,4.326,3.4,2.173,2.902,4.32,2.374
3.7,2.274,3.4,4.326,3.4,2.173,2.902,4.32,2.374,3.1
2.274,3.4,4.326,3.4,2.173,2.902,4.32,2.374,3.1,2.019
3.4,4.326,3.4,2.173,2.902,4.32,2.374,3.1,2.019,2.656
4.326,3.4,2.173,2.902,4.32,2.374,3.1,2.019,2.656,2.313
3.4,2.173,2.902,4.32,2.374,3.1,2.019,2.656,2.313,3.12
2.173,2.902,4.32,2.374,3.1,2.019,2.656,2.313,3.12,1.36
2.902,4.32,2.374,3.1,2.019,2.656,2.313,3.12,1.36,3.117
4.32,2.374,3.1,2.019,2.656,2.313,3.12,1.36,3.117,2.136
2.374,3.1,2.019,2.656,2.313,3.12,1.36,3.117,2.136,1.666
3.1,2.019,2.656,2.313,3.12,1.36,3.117,2.136,1.666,2.517
2.019,2.656,2.313,3.12,1.36,3.117,2.136,1.666,2.517,1.992
2.656,2.313,3.12,1.36,3.117,2.136,1.666,2.517,1.992,2.86
2.313,3.12,1.36,3.117,2.136,1.666,2.517,1.992,2.86,2.522
3.12,1.36,3.117,2.136,1.666,2.517,1.992,2.86,2.522,5.343
1.36,3.117,2.136,1.666,2.517,1.992,2.86,2.522,5.343,9.939
3.117,2.136,1.666,2.517,1.992,2.86,2.522,5.343,9.939,6.027
2.136,1.666,2.517,1.992,2.86,2.522,5.343,9.939,6.027,3.436
1.666,2.517,1.992,2.86,2.522,5.343,9.939,6.027,3.436,4.026
2.517,1.992,2.86,2.522,5.343,9.939,6.027,3.436,4.026,2.706
1.992,2.86,2.522,5.343,9.939,6.027,3.436,4.026,2.706,3.394
2.86,2.522,5.343,9.939,6.027,3.436,4.026,2.706,3.394,3.1
2.522,5.343,9.939,6.027,3.436,4.026,2.706,3.394,3.1,3
5.343,9.939,6.027,3.436,4.026,2.706,3.394,3.1,3,3.875
9.939,6.027,3.436,4.026,2.706,3.394,3.1,3,3.875,3.2
6.027,3.436,4.026,2.706,3.394,3.1,3,3.875,3.2,11.824
3.436,4.026,2.706,3.394,3.1,3,3.875,3.2,11.824,3.4
4.026,2.706,3.394,3.1,3,3.875,3.2,11.824,3.4,2.149
2.706,3.394,3.1,3,3.875,3.2,11.824,3.4,2.149,4.913
3.394,3.1,3,3.875,3.2,11.824,3.4,2.149,4.913,3.3
3.1,3,3.875,3.2,11.824,3.4,2.149,4.913,3.3,3.5
3,3.875,3.2,11.824,3.4,2.149,4.913,3.3,3.5,4.689
3.875,3.2,11.824,3.4,2.149,4.913,3.3,3.5,4.689,3.8
3.2,11.824,3.4,2.149,4.913,3.3,3.5,4.689,3.8,3.6
11.824,3.4,2.149,4.913,3.3,3.5,4.689,3.8,3.6,2.701
3.4,2.149,4.913,3.3,3.5,4.689,3.8,3.6,2.701,2.076
2.149,4.913,3.3,3.5,4.689,3.8,3.6,2.701,2.076,2.301
4.913,3.3,3.5,4.689,3.8,3.6,2.701,2.076,2.301,2.174
3.3,3.5,4.689,3.8,3.6,2.701,2.076,2.301,2.174,3
3.5,4.689,3.8,3.6,2.701,2.076,2.301,2.174,3,2.074
4.689,3.8,3.6,2.701,2.076,2.301,2.174,3,2.074,2.29
3.8,3.6,2.701,2.076,2.301,2.174,3,2.074,2.29,1.974
3.6,2.701,2.076,2.301,2.174,3,2.074,2.29,1.974,2.201
2.701,2.076,2.301,2.174,3,2.074,2.29,1.974,2.201,3.1
2.076,2.301,2.174,3,2.074,2.29,1.974,2.201,3.1,1.387
2.301,2.174,3,2.074,2.29,1.974,2.201,3.1,1.387,1.938
2.174,3,2.074,2.29,1.974,2.201,3.1,1.387,1.938,2.344
3,2.074,2.29,1.974,2.201,3.1,1.387,1.938,2.344,3.9
2.074,2.29,1.974,2.201,3.1,1.387,1.938,2.344,3.9,2.886
2.29,1.974,2.201,3.1,1.387,1.938,2.344,3.9,2.886,2.336
1.974,2.201,3.1,1.387,1.938,2.344,3.9,2.886,2.336,2.144
2.201,3.1,1.387,1.938,2.344,3.9,2.886,2.336,2.144,1.24
3.1,1.387,1.938,2.344,3.9,2.886,2.336,2.144,1.24,1.603
1.387,1.938,2.344,3.9,2.886,2.336,2.144,1.24,1.603,2.159
1.938,2.344,3.9,2.886,2.336,2.144,1.24,1.603,2.159,2
2.344,3.9,2.886,2.336,2.144,1.24,1.603,2.159,2,2.368
3.9,2.886,2.336,2.144,1.24,1.603,2.159,2,2.368,2.171
2.886,2.336,2.144,1.24,1.603,2.159,2,2.368,2.171,0.867
2.336,2.144,1.24,1.603,2.159,2,2.368,2.171,0.867,1.962
2.144,1.24,1.603,2.159,2,2.368,2.171,0.867,1.962,1.26
1.24,1.603,2.159,2,2.368,2.171,0.867,1.962,1.26,2.219
1.603,2.159,2,2.368,2.171,0.867,1.962,1.26,2.219,1.326
2.159,2,2.368,2.171,0.867,1.962,1.26,2.219,1.326,1.438
2,2.368,2.171,0.867,1.962,1.26,2.219,1.326,1.438,1.374
2.368,2.171,0.867,1.962,1.26,2.219,1.326,1.438,1.374,2.858
2.171,0.867,1.962,1.26,2.219,1.326,1.438,1.374,2.858,1.436
0.867,1.962,1.26,2.219,1.326,1.438,1.374,2.858,1.436,3.2
1.962,1.26,2.219,1.326,1.438,1.374,2.858,1.436,3.2,2.482
1.26,2.219,1.326,1.438,1.374,2.858,1.436,3.2,2.482,1.649
2.219,1.326,1.438,1.374,2.858,1.436,3.2,2.482,1.649,0.816
1.326,1.438,1.374,2.858,1.436,3.2,2.482,1.649,0.816,2.782
1.438,1.374,2.858,1.436,3.2,2.482,1.649,0.816,2.782,5.744
1.374,2.858,1.436,3.2,2.482,1.649,0.816,2.782,5.744,3.122
2.858,1.436,3.2,2.482,1.649,0.816,2.782,5.744,3.122,3.035
1.436,3.2,2.482,1.649,0.816,2.782,5.744,3.122,3.035,1.949
3.2,2.482,1.649,0.816,2.782,5.744,3.122,3.035,1.949,1.941
2.482,1.649,0.816,2.782,5.744,3.122,3.035,1.949,1.941,1.227
1.649,0.816,2.782,5.744,3.122,3.035,1.949,1.941,1.227,1.947
0.816,2.782,5.744,3.122,3.035,1.949,1.941,1.227,1.947,1.239
2.782,5.744,3.122,3.035,1.949,1.941,1.227,1.947,1.239,1.984
5.744,3.122,3.035,1.949,1.941,1.227,1.947,1.239,1.984,1.872
3.122,3.035,1.949,1.941,1.227,1.947,1.239,1.984,1.872,0.871
3.035,1.949,1.941,1.227,1.947,1.239,1.984,1.872,0.871,2.262
1.949,1.941,1.227,1.947,1.239,1.984,1.872,0.871,2.262,1.154
1.941,1.227,1.947,1.239,1.984,1.872,0.871,2.262,1.154,2.307
1.227,1.947,1.239,1.984,1.872,0.871,2.262,1.154,2.307,1.801
1.947,1.239,1.984,1.872,0.871,2.262,1.154,2.307,1.801,1.508
1.239,1.984,1.872,0.871,2.262,1.154,2.307,1.801,1.508,2.006
1.984,1.872,0.871,2.262,1.154,2.307,1.801,1.508,2.006,4.301
1.872,0.871,2.262,1.154,2.307,1.801,1.508,2.006,4.301,2.306
0.871,2.262,1.154,2.307,1.801,1.508,2.006,4.301,2.306,2.871
2.262,1.154,2.307,1.801,1.508,2.006,4.301,2.306,2.871,1.731
1.154,2.307,1.801,1.508,2.006,4.301,2.306,2.871,1.731,2.129
2.307,1.801,1.508,2.006,4.301,2.306,2.871,1.731,2.129,2.619
1.801,1.508,2.006,4.301,2.306,2.871,1.731,2.129,2.619,2.53
1.508,2.006,4.301,2.306,2.871,1.731,2.129,2.619,2.53,1.767
2.006,4.301,2.306,2.871,1.731,2.129,2.619,2.53,1.767,1.752
4.301,2.306,2.871,1.731,2.129,2.619,2.53,1.767,1.752,2.671
2.306,2.871,1.731,2.129,2.619,2.53,1.767,1.752,2.671,2.285
2.871,1.731,2.129,2.619,2.53,1.767,1.752,2.671,2.285,2.498
1.731,2.129,2.619,2.53,1.767,1.752,2.671,2.285,2.498,2.042
2.129,2.619,2.53,1.767,1.752,2.671,2.285,2.498,2.042,4.734
2.619,2.53,1.767,1.752,2.671,2.285,2.498,2.042,4.734,3.5
2.53,1.767,1.752,2.671,2.285,2.498,2.042,4.734,3.5,4.287
1.767,1.752,2.671,2.285,2.498,2.042,4.734,3.5,4.287,3.4
1.752,2.671,2.285,2.498,2.042,4.734,3.5,4.287,3.4,3.5
2.671,2.285,2.498,2.042,4.734,3.5,4.287,3.4,3.5,7.574
2.285,2.498,2.042,4.734,3.5,4.287,3.4,3.5,7.574,7.3
2.498,2.042,4.734,3.5,4.287,3.4,3.5,7.574,7.3,4.945
2.042,4.734,3.5,4.287,3.4,3.5,7.574,7.3,4.945,3.5
4.734,3.5,4.287,3.4,3.5,7.574,7.3,4.945,3.5,3.475
3.5,4.287,3.4,3.5,7.574,7.3,4.945,3.5,3.475,3.5
4.287,3.4,3.5,7.574,7.3,4.945,3.5,3.475,3.5,2.717
3.4,3.5,7.574,7.3,4.945,3.5,3.475,3.5,2.717,2.693
3.5,7.574,7.3,4.945,3.5,3.475,3.5,2.717,2.693,3.5
7.574,7.3,4.945,3.5,3.475,3.5,2.717,2.693,3.5,2.029
7.3,4.945,3.5,3.475,3.5,2.717,2.693,3.5,2.029,2.683
4.945,3.5,3.475,3.5,2.717,2.693,3.5,2.029,2.683,3.47
3.5,3.475,3.5,2.717,2.693,3.5,2.029,2.683,3.47,2.829
3.475,3.5,2.717,2.693,3.5,2.029,2.683,3.47,2.829,2.713
3.5,2.717,2.693,3.5,2.029,2.683,3.47,2.829,2.713,3.5
2.717,2.693,3.5,2.029,2.683,3.47,2.829,2.713,3.5,2.042
2.693,3.5,2.029,2.683,3.47,2.829,2.713,3.5,2.042,2.7
3.5,2.029,2.683,3.47,2.829,2.713,3.5,2.042,2.7,2.829
2.029,2.683,3.47,2.829,2.713,3.5,2.042,2.7,2.829,2.713
2.683,3.47,2.829,2.713,3.5,2.042,2.7,2.829,2.713,3.5
3.47,2.829,2.713,3.5,2.042,2.7,2.829,2.713,3.5,3.5
2.829,2.713,3.5,2.042,2.7,2.829,2.713,3.5,3.5,3.5
2.713,3.5,2.042,2.7,2.829,2.713,3.5,3.5,3.5,3.4
3.5,2.042,2.7,2.829,2.713,3.5,3.5,3.5,3.4,2.84
2.042,2.7,2.829,2.713,3.5,3.5,3.5,3.4,2.84,3.475
2.7,2.829,2.713,3.5,3.5,3.5,3.4,2.84,3.475,2.713
2.829,2.713,3.5,3.5,3.5,3.4,2.84,3.475,2.713,4.287
2.713,3.5,3.5,3.5,3.4,2.84,3.475,2.713,4.287,4.16
3.5,3.5,3.5,3.4,2.84,3.475,2.713,4.287,4.16,3.987
3.5,3.5,3.4,2.84,3.475,2.713,4.287,4.16,3.987,3.5
3.5,3.4,2.84,3.475,2.713,4.287,4.16,3.987,3.5,3.475
3.4,2.84,3.475,2.713,4.287,4.16,3.987,3.5,3.475,3.2
2.84,3.475,2.713,4.287,4.16,3.987,3.5,3.475,3.2,3.2
3.475,2.713,4.287,4.16,3.987,3.5,3.475,3.2,3.2,2.899
2.713,4.287,4.16,3.987,3.5,3.475,3.2,3.2,2.899,3.501
4.287,4.16,3.987,3.5,3.475,3.2,3.2,2.899,3.501,3.2
4.16,3.987,3.5,3.475,3.2,3.2,2.899,3.501,3.2,3.671
3.987,3.5,3.475,3.2,3.2,2.899,3.501,3.2,3.671,2.529
3.5,3.475,3.2,3.2,2.899,3.501,3.2,3.671,2.529,3.2
3.475,3.2,3.2,2.899,3.501,3.2,3.671,2.529,3.2,2.413
3.2,3.2,2.899,3.501,3.2,3.671,2.529,3.2,2.413,2.54
3.2,2.899,3.501,3.2,3.671,2.529,3.2,2.413,2.54,3.2
2.899,3.501,3.2,3.671,2.529,3.2,2.413,2.54,3.2,2.894
3.501,3.2,3.671,2.529,3.2,2.413,2.54,3.2,2.894,3.206
3.2,3.671,2.529,3.2,2.413,2.54,3.2,2.894,3.206,3.206
3.671,2.529,3.2,2.413,2.54,3.2,2.894,3.206,3.206,2.066
2.529,3.2,2.413,2.54,3.2,2.894,3.206,3.206,2.066,3.2
3.2,2.413,2.54,3.2,2.894,3.206,3.206,2.066,3.2,2.014
2.413,2.54,3.2,2.894,3.206,3.206,2.066,3.2,2.014,2.53
2.54,3.2,2.894,3.206,3.206,2.066,3.2,2.014,2.53,2.268
3.2,2.894,3.206,3.206,2.066,3.2,2.014,2.53,2.268,2.132
2.894,3.206,3.206,2.066,3.2,2.014,2.53,2.268,2.132,2.703
3.206,3.206,2.066,3.2,2.014,2.53,2.268,2.132,2.703,2.993
3.206,2.066,3.2,2.014,2.53,2.268,2.132,2.703,2.993,2.726
2.066,3.2,2.014,2.53,2.268,2.132,2.703,2.993,2.726,2.109
3.2,2.014,2.53,2.268,2.132,2.703,2.993,2.726,2.109,2.437
2.014,2.53,2.268,2.132,2.703,2.993,2.726,2.109,2.437,2.54
2.53,2.268,2.132,2.703,2.993,2.726,2.109,2.437,2.54,2.673
2.268,2.132,2.703,2.993,2.726,2.109,2.437,2.54,2.673,3.234
2.132,2.703,2.993,2.726,2.109,2.437,2.54,2.673,3.234,2.425
2.703,2.993,2.726,2.109,2.437,2.54,2.673,3.234,2.425,2.32
2.993,2.726,2.109,2.437,2.54,2.673,3.234,2.425,2.32,2.36
2.726,2.109,2.437,2.54,2.673,3.234,2.425,2.32,2.36,2.42
2.109,2.437,2.54,2.673,3.234,2.425,2.32,2.36,2.42,2.32
2.437,2.54,2.673,3.234,2.425,2.32,2.36,2.42,2.32,3.038
2.54,2.673,3.234,2.425,2.32,2.36,2.42,2.32,3.038,2.42
2.673,3.234,2.425,2.32,2.36,2.42,2.32,3.038,2.42,2.536
3.234,2.425,2.32,2.36,2.42,2.32,3.038,2.42,2.536,2.72
2.425,2.32,2.36,2.42,2.32,3.038,2.42,2.536,2.72,2.594
2.32,2.36,2.42,2.32,3.038,2.42,2.536,2.72,2.594,2.95
2.36,2.42,2.32,3.038,2.42,2.536,2.72,2.594,2.95,1.569
2.42,2.32,3.038,2.42,2.536,2.72,2.594,2.95,1.569,1.967
2.32,3.038,2.42,2.536,2.72,2.594,2.95,1.569,1.967,2.56
3.038,2.42,2.536,2.72,2.594,2.95,1.569,1.967,2.56,1.619
2.42,2.536,2.72,2.594,2.95,1.569,1.967,2.56,1.619,1.581
2.536,2.72,2.594,2.95,1.569,1.967,2.56,1.619,1.581,1.869
2.72,2.594,2.95,1.569,1.967,2.56,1.619,1.581,1.869,2.465
2.594,2.95,1.569,1.967,2.56,1.619,1.581,1.869,2.465,4.231
2.95,1.569,1.967,2.56,1.619,1.581,1.869,2.465,4.231,4.437
1.569,1.967,2.56,1.619,1.581,1.869,2.465,4.231,4.437,2.209
1.967,2.56,1.619,1.581,1.869,2.465,4.231,4.437,2.209,1.655
2.56,1.619,1.581,1.869,2.465,4.231,4.437,2.209,1.655,2.198
1.619,1.581,1.869,2.465,4.231,4.437,2.209,1.655,2.198,2.14
1.581,1.869,2.465,4.231,4.437,2.209,1.655,2.198,2.14,1.26
1.869,2.465,4.231,4.437,2.209,1.655,2.198,2.14,1.26,2.58
2.465,4.231,4.437,2.209,1.655,2.198,2.14,1.26,2.58,1.979
4.231,4.437,2.209,1.655,2.198,2.14,1.26,2.58,1.979,1.979
4.437,2.209,1.655,2.198,2.14,1.26,2.58,1.979,1.979,1.642
2.209,1.655,2.198,2.14,1.26,2.58,1.979,1.979,1.642,1.431
1.655,2.198,2.14,1.26,2.58,1.979,1.979,1.642,1.431,1.978
2.198,2.14,1.26,2.58,1.979,1.979,1.642,1.431,1.978,1.3
2.14,1.26,2.58,1.979,1.979,1.642,1.431,1.978,1.3,1.26
1.26,2.58,1.979,1.979,1.642,1.431,1.978,1.3,1.26,1.813
2.58,1.979,1.979,1.642,1.431,1.978,1.3,1.26,1.813,1.26
1.979,1.979,1.642,1.431,1.978,1.3,1.26,1.813,1.26,1.978
1.979,1.642,1.431,1.978,1.3,1.26,1.813,1.26,1.978,0.994
1.642,1.431,1.978,1.3,1.26,1.813,1.26,1.978,0.994,1.466
1.431,1.978,1.3,1.26,1.813,1.26,1.978,0.994,1.466,1.261
1.978,1.3,1.26,1.813,1.26,1.978,0.994,1.466,1.261,1.26
1.3,1.26,1.813,1.26,1.978,0.994,1.466,1.261,1.26,1.655
1.26,1.813,1.26,1.978,0.994,1.466,1.261,1.26,1.655,1.42
1.813,1.26,1.978,0.994,1.466,1.261,1.26,1.655,1.42,1.3
1.26,1.978,0.994,1.466,1.261,1.26,1.655,1.42,1.3,2.006
1.978,0.994,1.466,1.261,1.26,1.655,1.42,1.3,2.006,1.26
0.994,1.466,1.261,1.26,1.655,1.42,1.3,2.006,1.26,1.2
1.466,1.261,1.26,1.655,1.42,1.3,2.006,1.26,1.2,1.2
1.261,1.26,1.655,1.42,1.3,2.006,1.26,1.2,1.2,1.26
1.26,1.655,1.42,1.3,2.006,1.26,1.2,1.2,1.26,1.005
1.655,1.42,1.3,2.006,1.26,1.2,1.2,1.26,1.005,2.555
1.42,1.3,2.006,1.26,1.2,1.2,1.26,1.005,2.555,1.873
1.3,2.006,1.26,1.2,1.2,1.26,1.005,2.555,1.873,1.978
2.006,1.26,1.2,1.2,1.26,1.005,2.555,1.873,1.978,1.978
1.26,1.2,1.2,1.26,1.005,2.555,1.873,1.978,1.978,1.582
1.2,1.2,1.26,1.005,2.555,1.873,1.978,1.978,1.582,9.304
1.2,1.26,1.005,2.555,1.873,1.978,1.978,1.582,9.304,16.029
1.26,1.005,2.555,1.873,1.978,1.978,1.582,9.304,16.029,14.9
1.005,2.555,1.873,1.978,1.978,1.582,9.304,16.029,14.9,6.339
2.555,1.873,1.978,1.978,1.582,9.304,16.029,14.9,6.339,4.86
1.873,1.978,1.978,1.582,9.304,16.029,14.9,6.339,4.86,2.018
1.978,1.978,1.582,9.304,16.029,14.9,6.339,4.86,2.018,2.591
1.978,1.582,9.304,16.029,14.9,6.339,4.86,2.018,2.591,1.813
1.582,9.304,16.029,14.9,6.339,4.86,2.018,2.591,1.813,2.002
9.304,16.029,14.9,6.339,4.86,2.018,2.591,1.813,2.002,2.685
16.029,14.9,6.339,4.86,2.018,2.591,1.813,2.002,2.685,2.037
14.9,6.339,4.86,2.018,2.591,1.813,2.002,2.685,2.037,1.921
6.339,4.86,2.018,2.591,1.813,2.002,2.685,2.037,1.921,2.025
4.86,2.018,2.591,1.813,2.002,2.685,2.037,1.921,2.025,0.972
2.018,2.591,1.813,2.002,2.685,2.037,1.921,2.025,0.972,2.222
2.591,1.813,2.002,2.685,2.037,1.921,2.025,0.972,2.222,1.261
1.813,2.002,2.685,2.037,1.921,2.025,0.972,2.222,1.261,2.04
2.002,2.685,2.037,1.921,2.025,0.972,2.222,1.261,2.04,1.932
2.685,2.037,1.921,2.025,0.972,2.222,1.261,2.04,1.932,1.775
2.037,1.921,2.025,0.972,2.222,1.261,2.04,1.932,1.775,2.314
1.921,2.025,0.972,2.222,1.261,2.04,1.932,1.775,2.314,1.261
2.025,0.972,2.222,1.261,2.04,1.932,1.775,2.314,1.261,1.921
0.972,2.222,1.261,2.04,1.932,1.775,2.314,1.261,1.921,1.261
2.222,1.261,2.04,1.932,1.775,2.314,1.261,1.921,1.261,2.048
1.261,2.04,1.932,1.775,2.314,1.261,1.921,1.261,2.048,1.261
2.04,1.932,1.775,2.314,1.261,1.921,1.261,2.048,1.261,1.261
1.932,1.775,2.314,1.261,1.921,1.261,2.048,1.261,1.261,1.921
1.775,2.314,1.261,1.921,1.261,2.048,1.261,1.261,1.921,1.261
2.314,1.261,1.921,1.261,2.048,1.261,1.261,1.921,1.261,1.261
1.261,1.921,1.261,2.048,1.261,1.261,1.921,1.261,1.261,1.261
1.921,1.261,2.048,1.261,1.261,1.921,1.261,1.261,1.261,2.048
1.261,2.048,1.261,1.261,1.921,1.261,1.261,1.261,2.048,1.261
2.048,1.261,1.261,1.921,1.261,1.261,1.261,2.048,1.261,0.474
1.261,1.261,1.921,1.261,1.261,1.261,2.048,1.261,0.474,1.261
1.261,1.921,1.261,1.261,1.261,2.048,1.261,0.474,1.261,1.261
1.921,1.261,1.261,1.261,2.048,1.261,0.474,1.261,1.261,1.261
1.261,1.261,1.261,2.048,1.261,0.474,1.261,1.261,1.261,1.501
1.261,1.261,2.048,1.261,0.474,1.261,1.261,1.261,1.501,0.737
1.261,2.048,1.261,0.474,1.261,1.261,1.261,1.501,0.737,1.513
2.048,1.261,0.474,1.261,1.261,1.261,1.501,0.737,1.513,0.853
1.261,0.474,1.261,1.261,1.261,1.501,0.737,1.513,0.853,0.749
0.474,1.261,1.261,1.261,1.501,0.737,1.513,0.853,0.749,0.656
1.261,1.261,1.261,1.501,0.737,1.513,0.853,0.749,0.656,1.958
1.261,1.261,1.501,0.737,1.513,0.853,0.749,0.656,1.958,0.888
1.261,1.501,0.737,1.513,0.853,0.749,0.656,1.958,0.888,0.969
1.501,0.737,1.513,0.853,0.749,0.656,1.958,0.888,0.969,0.992
0.737,1.513,0.853,0.749,0.656,1.958,0.888,0.969,0.992,0.899
1.513,0.853,0.749,0.656,1.958,0.888,0.969,0.992,0.899,0.714
0.853,0.749,0.656,1.958,0.888,0.969,0.992,0.899,0.714,0.947
0.749,0.656,1.958,0.888,0.969,0.992,0.899,0.714,0.947,0.846
0.656,1.958,0.888,0.969,0.992,0.899,0.714,0.947,0.846,1.617
1.958,0.888,0.969,0.992,0.899,0.714,0.947,0.846,1.617,1.042
0.888,0.969,0.992,0.899,0.714,0.947,0.846,1.617,1.042,1.874
0.969,0.992,0.899,0.714,0.947,0.846,1.617,1.042,1.874,1.04
0.992,0.899,0.714,0.947,0.846,1.617,1.042,1.874,1.04,1.659
0.899,0.714,0.947,0.846,1.617,1.042,1.874,1.04,1.659,1.538
0.714,0.947,0.846,1.617,1.042,1.874,1.04,1.659,1.538,0.845
0.947,0.846,1.617,1.042,1.874,1.04,1.659,1.538,0.845,2.553
0.846,1.617,1.042,1.874,1.04,1.659,1.538,0.845,2.553,1.652
1.617,1.042,1.874,1.04,1.659,1.538,0.845,2.553,1.652,1.654
1.042,1.874,1.04,1.659,1.538,0.845,2.553,1.652,1.654,0.946
1.874,1.04,1.659,1.538,0.845,2.553,1.652,1.654,0.946,0.856
1.04,1.659,1.538,0.845,2.553,1.652,1.654,0.946,0.856,0.856
1.659,1.538,0.845,2.553,1.652,1.654,0.946,0.856,0.856,0.947
1.538,0.845,2.553,1.652,1.654,0.946,0.856,0.856,0.947,1.854
0.845,2.553,1.652,1.654,0.946,0.856,0.856,0.947,1.854,1.004
2.553,1.652,1.654,0.946,0.856,0.856,0.947,1.854,1.004,1.316
1.652,1.654,0.946,0.856,0.856,0.947,1.854,1.004,1.316,0.934
1.654,0.946,0.856,0.856,0.947,1.854,1.004,1.316,0.934,1.236
0.946,0.856,0.856,0.947,1.854,1.004,1.316,0.934,1.236,1.617
0.856,0.856,0.947,1.854,1.004,1.316,0.934,1.236,1.617,1.362
0.856,0.947,1.854,1.004,1.316,0.934,1.236,1.617,1.362,1.195
0.947,1.854,1.004,1.316,0.934,1.236,1.617,1.362,1.195,1.049
1.854,1.004,1.316,0.934,1.236,1.617,1.362,1.195,1.049,1.024
1.004,1.316,0.934,1.236,1.617,1.362,1.195,1.049,1.024,0.654
1.316,0.934,1.236,1.617,1.362,1.195,1.049,1.024,0.654,1.652
0.934,1.236,1.617,1.362,1.195,1.049,1.024,0.654,1.652,1.285
1.236,1.617,1.362,1.195,1.049,1.024,0.654,1.652,1.285,0.691
1.617,1.362,1.195,1.049,1.024,0.654,1.652,1.285,0.691,1.928
1.362,1.195,1.049,1.024,0.654,1.652,1.285,0.691,1.928,0.893
1.195,1.049,1.024,0.654,1.652,1.285,0.691,1.928,0.893,0.587
1.049,1.024,0.654,1.652,1.285,0.691,1.928,0.893,0.587,1.037
1.024,0.654,1.652,1.285,0.691,1.928,0.893,0.587,1.037,1.713
0.654,1.652,1.285,0.691,1.928,0.893,0.587,1.037,1.713,0.923
1.652,1.285,0.691,1.928,0.893,0.587,1.037,1.713,0.923,2.207
1.285,0.691,1.928,0.893,0.587,1.037,1.713,0.923,2.207,1.571
0.691,1.928,0.893,0.587,1.037,1.713,0.923,2.207,1.571,2.979
1.928,0.893,0.587,1.037,1.713,0.923,2.207,1.571,2.979,5.759
0.893,0.587,1.037,1.713,0.923,2.207,1.571,2.979,5.759,7.15
0.587,1.037,1.713,0.923,2.207,1.571,2.979,5.759,7.15,7.392
1.037,1.713,0.923,2.207,1.571,2.979,5.759,7.15,7.392,9.964
1.713,0.923,2.207,1.571,2.979,5.759,7.15,7.392,9.964,9.024
0.923,2.207,1.571,2.979,5.759,7.15,7.392,9.964,9.024,9.886
2.207,1.571,2.979,5.759,7.15,7.392,9.964,9.024,9.886,6.756
1.571,2.979,5.759,7.15,7.392,9.964,9.024,9.886,6.756,5.182
2.979,5.759,7.15,7.392,9.964,9.024,9.886,6.756,5.182,3.703
5.759,7.15,7.392,9.964,9.024,9.886,6.756,5.182,3.703,3.565
7.15,7.392,9.964,9.024,9.886,6.756,5.182,3.703,3.565,2.431
7.392,9.964,9.024,9.886,6.756,5.182,3.703,3.565,2.431,2.993
9.964,9.024,9.886,6.756,5.182,3.703,3.565,2.431,2.993,2.036
9.024,9.886,6.756,5.182,3.703,3.565,2.431,2.993,2.036,2.282
9.886,6.756,5.182,3.703,3.565,2.431,2.993,2.036,2.282,1.64
6.756,5.182,3.703,3.565,2.431,2.993,2.036,2.282,1.64,2.302
5.182,3.703,3.565,2.431,2.993,2.036,2.282,1.64,2.302,2.319
3.703,3.565,2.431,2.993,2.036,2.282,1.64,2.302,2.319,2.298
3.565,2.431,2.993,2.036,2.282,1.64,2.302,2.319,2.298,4.962
2.431,2.993,2.036,2.282,1.64,2.302,2.319,2.298,4.962,5.182
2.993,2.036,2.282,1.64,2.302,2.319,2.298,4.962,5.182,4.079
2.036,2.282,1.64,2.302,2.319,2.298,4.962,5.182,4.079,3.658
2.282,1.64,2.302,2.319,2.298,4.962,5.182,4.079,3.658,4.291
1.64,2.302,2.319,2.298,4.962,5.182,4.079,3.658,4.291,3.909
2.302,2.319,2.298,4.962,5.182,4.079,3.658,4.291,3.909,2.71
2.319,2.298,4.962,5.182,4.079,3.658,4.291,3.909,2.71,2.899
2.298,4.962,5.182,4.079,3.658,4.291,3.909,2.71,2.899,2.296
4.962,5.182,4.079,3.658,4.291,3.909,2.71,2.899,2.296,2.295
5.182,4.079,3.658,4.291,3.909,2.71,2.899,2.296,2.295,2.295
4.079,3.658,4.291,3.909,2.71,2.899,2.296,2.295,2.295,2.295
3.658,4.291,3.909,2.71,2.899,2.296,2.295,2.295,2.295,1.162
4.291,3.909,2.71,2.899,2.296,2.295,2.295,2.295,1.162,1.282
3.909,2.71,2.899,2.296,2.295,2.295,2.295,1.162,1.282,2.646
2.71,2.899,2.296,2.295,2.295,2.295,1.162,1.282,2.646,1.262
2.899,2.296,2.295,2.295,2.295,1.162,1.282,2.646,1.262,1.954
2.296,2.295,2.295,2.295,1.162,1.282,2.646,1.262,1.954,1.953
2.295,2.295,2.295,1.162,1.282,2.646,1.262,1.954,1.953,1.972
2.295,2.295,1.162,1.282,2.646,1.262,1.954,1.953,1.972,1.951
2.295,1.162,1.282,2.646,1.262,1.954,1.953,1.972,1.951,2.113
1.162,1.282,2.646,1.262,1.954,1.953,1.972,1.951,2.113,2.383
1.282,2.646,1.262,1.954,1.953,1.972,1.951,2.113,2.383,1.295
2.646,1.262,1.954,1.953,1.972,1.951,2.113,2.383,1.295,2.175
1.262,1.954,1.953,1.972,1.951,2.113,2.383,1.295,2.175,2.406
1.954,1.953,1.972,1.951,2.113,2.383,1.295,2.175,2.406,1.272
1.953,1.972,1.951,2.113,2.383,1.295,2.175,2.406,1.272,2.175
1.972,1.951,2.113,2.383,1.295,2.175,2.406,1.272,2.175,1.503
1.951,2.113,2.383,1.295,2.175,2.406,1.272,2.175,1.503,1.503
2.113,2.383,1.295,2.175,2.406,1.272,2.175,1.503,1.503,1.503
2.383,1.295,2.175,2.406,1.272,2.175,1.503,1.503,1.503,1.503
1.295,2.175,2.406,1.272,2.175,1.503,1.503,1.503,1.503,1.503
2.175,2.406,1.272,2.175,1.503,1.503,1.503,1.503,1.503,1.515
2.406,1.272,2.175,1.503,1.503,1.503,1.503,1.503,1.515,0.832
1.272,2.175,1.503,1.503,1.503,1.503,1.503,1.515,0.832,1.503
2.175,1.503,1.503,1.503,1.503,1.503,1.515,0.832,1.503,1.446
1.503,1.503,1.503,1.503,1.503,1.515,0.832,1.503,1.446,1.503
1.503,1.503,1.503,1.503,1.515,0.832,1.503,1.446,1.503,1.503
1.503,1.503,1.503,1.515,0.832,1.503,1.446,1.503,1.503,0.832
1.503,1.503,1.515,0.832,1.503,1.446,1.503,1.503,0.832,1.528
1.503,1.515,0.832,1.503,1.446,1.503,1.503,0.832,1.528,2.224
1.515,0.832,1.503,1.446,1.503,1.503,0.832,1.528,2.224,2.229
0.832,1.503,1.446,1.503,1.503,0.832,1.528,2.224,2.229,1.553
1.503,1.446,1.503,1.503,0.832,1.528,2.224,2.229,1.553,2.905
1.446,1.503,1.503,0.832,1.528,2.224,2.229,1.553,2.905,2.881
1.503,1.503,0.832,1.528,2.224,2.229,1.553,2.905,2.881,2.186
1.503,0.832,1.528,2.224,2.229,1.553,2.905,2.881,2.186,1.531
0.832,1.528,2.224,2.229,1.553,2.905,2.881,2.186,1.531,1.755
1.528,2.224,2.229,1.553,2.905,2.881,2.186,1.531,1.755,2.626
2.224,2.229,1.553,2.905,2.881,2.186,1.531,1.755,2.626,3.529
2.229,1.553,2.905,2.881,2.186,1.531,1.755,2.626,3.529,2.846
1.553,2.905,2.881,2.186,1.531,1.755,2.626,3.529,2.846,2.858
2.905,2.881,2.186,1.531,1.755,2.626,3.529,2.846,2.858,3.656
2.881,2.186,1.531,1.755,2.626,3.529,2.846,2.858,3.656,2.996
2.186,1.531,1.755,2.626,3.529,2.846,2.858,3.656,2.996,1.561
1.531,1.755,2.626,3.529,2.846,2.858,3.656,2.996,1.561,1.504
1.755,2.626,3.529,2.846,2.858,3.656,2.996,1.561,1.504,2.279
2.626,3.529,2.846,2.858,3.656,2.996,1.561,1.504,2.279,1.59
3.529,2.846,2.858,3.656,2.996,1.561,1.504,2.279,1.59,1.611
2.846,2.858,3.656,2.996,1.561,1.504,2.279,1.59,1.611,0.879
2.858,3.656,2.996,1.561,1.504,2.279,1.59,1.611,0.879,0.887
3.656,2.996,1.561,1.504,2.279,1.59,1.611,0.879,0.887,0.883
2.996,1.561,1.504,2.279,1.59,1.611,0.879,0.887,0.883,0.885
1.561,1.504,2.279,1.59,1.611,0.879,0.887,0.883,0.885,0.828
1.504,2.279,1.59,1.611,0.879,0.887,0.883,0.885,0.828,1.608
2.279,1.59,1.611,0.879,0.887,0.883,0.885,0.828,1.608,1.607
1.59,1.611,0.879,0.887,0.883,0.885,0.828,1.608,1.607,1.614
1.611,0.879,0.887,0.883,0.885,0.828,1.608,1.607,1.614,0.884
0.879,0.887,0.883,0.885,0.828,1.608,1.607,1.614,0.884,0.153
0.887,0.883,0.885,0.828,1.608,1.607,1.614,0.884,0.153,0.833
0.883,0.885,0.828,1.608,1.607,1.614,0.884,0.153,0.833,0.851
0.885,0.828,1.608,1.607,1.614,0.884,0.153,0.833,0.851,0.857
0.828,1.608,1.607,1.614,0.884,0.153,0.833,0.851,0.857,0.146
1.608,1.607,1.614,0.884,0.153,0.833,0.851,0.857,0.146,0.124
1.607,1.614,0.884,0.153,0.833,0.851,0.857,0.146,0.124,0.88
1.614,0.884,0.153,0.833,0.851,0.857,0.146,0.124,0.88,0.859
0.884,0.153,0.833,0.851,0.857,0.146,0.124,0.88,0.859,1.612
0.153,0.833,0.851,0.857,0.146,0.124,0.88,0.859,1.612,3.047
0.833,0.851,0.857,0.146,0.124,0.88,0.859,1.612,3.047,0.865
0.851,0.857,0.146,0.124,0.88,0.859,1.612,3.047,0.865,1.604
0.857,0.146,0.124,0.88,0.859,1.612,3.047,0.865,1.604,1.586
0.146,0.124,0.88,0.859,1.612,3.047,0.865,1.604,1.586,0.852
0.124,0.88,0.859,1.612,3.047,0.865,1.604,1.586,0.852,0.846
0.88,0.859,1.612,3.047,0.865,1.604,1.586,0.852,0.846,0.782
0.859,1.612,3.047,0.865,1.604,1.586,0.852,0.846,0.782,3.047
1.612,3.047,0.865,1.604,1.586,0.852,0.846,0.782,3.047,1.561
3.047,0.865,1.604,1.586,0.852,0.846,0.782,3.047,1.561,0.833
0.865,1.604,1.586,0.852,0.846,0.782,3.047,1.561,0.833,1.573
1.604,1.586,0.852,0.846,0.782,3.047,1.561,0.833,1.573,0.857
1.586,0.852,0.846,0.782,3.047,1.561,0.833,1.573,0.857,0.86
0.852,0.846,0.782,3.047,1.561,0.833,1.573,0.857,0.86,2.331
0.846,0.782,3.047,1.561,0.833,1.573,0.857,0.86,2.331,1.516
0.782,3.047,1.561,0.833,1.573,0.857,0.86,2.331,1.516,2.314
3.047,1.561,0.833,1.573,0.857,0.86,2.331,1.516,2.314,4.57
1.561,0.833,1.573,0.857,0.86,2.331,1.516,2.314,4.57,4.582
0.833,1.573,0.857,0.86,2.331,1.516,2.314,4.57,4.582,3.089
1.573,0.857,0.86,2.331,1.516,2.314,4.57,4.582,3.089,3.101
0.857,0.86,2.331,1.516,2.314,4.57,4.582,3.089,3.101,4.64
0.86,2.331,1.516,2.314,4.57,4.582,3.089,3.101,4.64,3.124
2.331,1.516,2.314,4.57,4.582,3.089,3.101,4.64,3.124,1.596
1.516,2.314,4.57,4.582,3.089,3.101,4.64,3.124,1.596,1.721
2.314,4.57,4.582,3.089,3.101,4.64,3.124,1.596,1.721,0.942
4.57,4.582,3.089,3.101,4.64,3.124,1.596,1.721,0.942,0.945
4.582,3.089,3.101,4.64,3.124,1.596,1.721,0.942,0.945,0.896
3.089,3.101,4.64,3.124,1.596,1.721,0.942,0.945,0.896,0.896
3.101,4.64,3.124,1.596,1.721,0.942,0.945,0.896,0.896,0.896
4.64,3.124,1.596,1.721,0.942,0.945,0.896,0.896,0.896,0.896
3.124,1.596,1.721,0.942,0.945,0.896,0.896,0.896,0.896,0.896
1.596,1.721,0.942,0.945,0.896,0.896,0.896,0.896,0.896,2.424
1.721,0.942,0.945,0.896,0.896,0.896,0.896,0.896,2.424,1.715
0.942,0.945,0.896,0.896,0.896,0.896,0.896,2.424,1.715,0.94
0.945,0.896,0.896,0.896,0.896,0.896,2.424,1.715,0.94,0.947
0.896,0.896,0.896,0.896,0.896,2.424,1.715,0.94,0.947,1.674
0.896,0.896,0.896,0.896,2.424,1.715,0.94,0.947,1.674,0.921
0.896,0.896,0.896,2.424,1.715,0.94,0.947,1.674,0.921,1.664
0.896,0.896,2.424,1.715,0.94,0.947,1.674,0.921,1.664,1.261
0.896,2.424,1.715,0.94,0.947,1.674,0.921,1.664,1.261,1.62
2.424,1.715,0.94,0.947,1.674,0.921,1.664,1.261,1.62,0.856
1.715,0.94,0.947,1.674,0.921,1.664,1.261,1.62,0.856,1.397
0.94,0.947,1.674,0.921,1.664,1.261,1.62,0.856,1.397,0.555
0.947,1.674,0.921,1.664,1.261,1.62,0.856,1.397,0.555,0.656
1.674,0.921,1.664,1.261,1.62,0.856,1.397,0.555,0.656,1.42
0.921,1.664,1.261,1.62,0.856,1.397,0.555,0.656,1.42,0.668
1.664,1.261,1.62,0.856,1.397,0.555,0.656,1.42,0.668,0.68
1.261,1.62,0.856,1.397,0.555,0.656,1.42,0.668,0.68,1.433
1.62,0.856,1.397,0.555,0.656,1.42,0.668,0.68,1.433,0.691
0.856,1.397,0.555,0.656,1.42,0.668,0.68,1.433,0.691,0.691
1.397,0.555,0.656,1.42,0.668,0.68,1.433,0.691,0.691,0.703
0.555,0.656,1.42,0.668,0.68,1.433,0.691,0.691,0.703,4.365
0.656,1.42,0.668,0.68,1.433,0.691,0.691,0.703,4.365,2.861
1.42,0.668,0.68,1.433,0.691,0.691,0.703,4.365,2.861,2.132
0.668,0.68,1.433,0.691,0.691,0.703,4.365,2.861,2.132,2.861
0.68,1.433,0.691,0.691,0.703,4.365,2.861,2.132,2.861,3.613
1.433,0.691,0.691,0.703,4.365,2.861,2.132,2.861,3.613,2.132
0.691,0.691,0.703,4.365,2.861,2.132,2.861,3.613,2.132,1.994
0.691,0.703,4.365,2.861,2.132,2.861,3.613,2.132,1.994,0.662
0.703,4.365,2.861,2.132,2.861,3.613,2.132,1.994,0.662,1.414
4.365,2.861,2.132,2.861,3.613,2.132,1.994,0.662,1.414,1.414
2.861,2.132,2.861,3.613,2.132,1.994,0.662,1.414,1.414,2.155
2.132,2.861,3.613,2.132,1.994,0.662,1.414,1.414,2.155,0.708
2.861,3.613,2.132,1.994,0.662,1.414,1.414,2.155,0.708,2.155
3.613,2.132,1.994,0.662,1.414,1.414,2.155,0.708,2.155,0.731
2.132,1.994,0.662,1.414,1.414,2.155,0.708,2.155,0.731,2.178
1.994,0.662,1.414,1.414,2.155,0.708,2.155,0.731,2.178,0.916
0.662,1.414,1.414,2.155,0.708,2.155,0.731,2.178,0.916,2.942
1.414,1.414,2.155,0.708,2.155,0.731,2.178,0.916,2.942,1.599
1.414,2.155,0.708,2.155,0.731,2.178,0.916,2.942,1.599,0.916
2.155,0.708,2.155,0.731,2.178,0.916,2.942,1.599,0.916,2.27
0.708,2.155,0.731,2.178,0.916,2.942,1.599,0.916,2.27,0.916
2.155,0.731,2.178,0.916,2.942,1.599,0.916,2.27,0.916,1.599
0.731,2.178,0.916,2.942,1.599,0.916,2.27,0.916,1.599,1.588
2.178,0.916,2.942,1.599,0.916,2.27,0.916,1.599,1.588,0.928
0.916,2.942,1.599,0.916,2.27,0.916,1.599,1.588,0.928,1.599
2.942,1.599,0.916,2.27,0.916,1.599,1.588,0.928,1.599,1.599
1.599,0.916,2.27,0.916,1.599,1.588,0.928,1.599,1.599,0.916
0.916,2.27,0.916,1.599,1.588,0.928,1.599,1.599,0.916,1.599
2.27,0.916,1.599,1.588,0.928,1.599,1.599,0.916,1.599,1.599
0.916,1.599,1.588,0.928,1.599,1.599,0.916,1.599,1.599,1.599
1.599,1.588,0.928,1.599,1.599,0.916,1.599,1.599,1.599,0.928
1.588,0.928,1.599,1.599,0.916,1.599,1.599,1.599,0.928,1.599
0.928,1.599,1.599,0.916,1.599,1.599,1.599,0.928,1.599,2.942
1.599,1.599,0.916,1.599,1.599,1.599,0.928,1.599,2.942,4.284
1.599,0.916,1.599,1.599,1.599,0.928,1.599,2.942,4.284,3.613
0.916,1.599,1.599,1.599,0.928,1.599,2.942,4.284,3.613,2.27
1.599,1.599,1.599,0.928,1.599,2.942,4.284,3.613,2.27,1.599
1.599,1.599,0.928,1.599,2.942,4.284,3.613,2.27,1.599,1.599
1.599,0.928,1.599,2.942,4.284,3.613,2.27,1.599,1.599,1.599
0.928,1.599,2.942,4.284,3.613,2.27,1.599,1.599,1.599,1.513
1.599,2.942,4.284,3.613,2.27,1.599,1.599,1.599,1.513,2.942
2.942,4.284,3.613,2.27,1.599,1.599,1.599,1.513,2.942,2.132
4.284,3.613,2.27,1.599,1.599,1.599,1.513,2.942,2.132,1.599
3.613,2.27,1.599,1.599,1.599,1.513,2.942,2.132,1.599,2.27
2.27,1.599,1.599,1.599,1.513,2.942,2.132,1.599,2.27,1.611
1.599,1.599,1.599,1.513,2.942,2.132,1.599,2.27,1.611,1.599
1.599,1.599,1.513,2.942,2.132,1.599,2.27,1.611,1.599,2.467
1.599,1.513,2.942,2.132,1.599,2.27,1.611,1.599,2.467,1.414
1.513,2.942,2.132,1.599,2.27,1.611,1.599,2.467,1.414,1.599
2.942,2.132,1.599,2.27,1.611,1.599,2.467,1.414,1.599,2.615
2.132,1.599,2.27,1.611,1.599,2.467,1.414,1.599,2.615,2.527
1.599,2.27,1.611,1.599,2.467,1.414,1.599,2.615,2.527,2.377
2.27,1.611,1.599,2.467,1.414,1.599,2.615,2.527,2.377,1.705
1.611,1.599,2.467,1.414,1.599,2.615,2.527,2.377,1.705,1.959
1.599,2.467,1.414,1.599,2.615,2.527,2.377,1.705,1.959,2.236
2.467,1.414,1.599,2.615,2.527,2.377,1.705,1.959,2.236,1.353
1.414,1.599,2.615,2.527,2.377,1.705,1.959,2.236,1.353,2.166
1.599,2.615,2.527,2.377,1.705,1.959,2.236,1.353,2.166,2.853
2.615,2.527,2.377,1.705,1.959,2.236,1.353,2.166,2.853,1.557
2.527,2.377,1.705,1.959,2.236,1.353,2.166,2.853,1.557,2.27
2.377,1.705,1.959,2.236,1.353,2.166,2.853,1.557,2.27,2.282
1.705,1.959,2.236,1.353,2.166,2.853,1.557,2.27,2.282,2.282
1.959,2.236,1.353,2.166,2.853,1.557,2.27,2.282,2.282,1.622
2.236,1.353,2.166,2.853,1.557,2.27,2.282,2.282,1.622,1.491
1.353,2.166,2.853,1.557,2.27,2.282,2.282,1.622,1.491,0.92
2.166,2.853,1.557,2.27,2.282,2.282,1.622,1.491,0.92,2.239
2.853,1.557,2.27,2.282,2.282,1.622,1.491,0.92,2.239,2.239
1.557,2.27,2.282,2.282,1.622,1.491,0.92,2.239,2.239,3.558
2.27,2.282,2.282,1.622,1.491,0.92,2.239,2.239,3.558,2.91
2.282,2.282,1.622,1.491,0.92,2.239,2.239,3.558,2.91,4.89
2.282,1.622,1.491,0.92,2.239,2.239,3.558,2.91,4.89,8.423
1.622,1.491,0.92,2.239,2.239,3.558,2.91,4.89,8.423,7.115
1.491,0.92,2.239,2.239,3.558,2.91,4.89,8.423,7.115,3.747
0.92,2.239,2.239,3.558,2.91,4.89,8.423,7.115,3.747,3.759
2.239,2.239,3.558,2.91,4.89,8.423,7.115,3.747,3.759,3.076
2.239,3.558,2.91,4.89,8.423,7.115,3.747,3.759,3.076,2.302
3.558,2.91,4.89,8.423,7.115,3.747,3.759,3.076,2.302,3.076
2.91,4.89,8.423,7.115,3.747,3.759,3.076,2.302,3.076,5.113
4.89,8.423,7.115,3.747,3.759,3.076,2.302,3.076,5.113,4.967
8.423,7.115,3.747,3.759,3.076,2.302,3.076,5.113,4.967,3.669
7.115,3.747,3.759,3.076,2.302,3.076,5.113,4.967,3.669,2.986
3.747,3.759,3.076,2.302,3.076,5.113,4.967,3.669,2.986,4.296
3.759,3.076,2.302,3.076,5.113,4.967,3.669,2.986,4.296,3.076
3.076,2.302,3.076,5.113,4.967,3.669,2.986,4.296,3.076,3.076
2.302,3.076,5.113,4.967,3.669,2.986,4.296,3.076,3.076,2.139
3.076,5.113,4.967,3.669,2.986,4.296,3.076,3.076,2.139,2.822
5.113,4.967,3.669,2.986,4.296,3.076,3.076,2.139,2.822,3.505
4.967,3.669,2.986,4.296,3.076,3.076,2.139,2.822,3.505,3.505
3.669,2.986,4.296,3.076,3.076,2.139,2.822,3.505,3.505,6.356
2.986,4.296,3.076,3.076,2.139,2.822,3.505,3.505,6.356,4.307
4.296,3.076,3.076,2.139,2.822,3.505,3.505,6.356,4.307,3.613
3.076,3.076,2.139,2.822,3.505,3.505,6.356,4.307,3.613,2.919
3.076,2.139,2.822,3.505,3.505,6.356,4.307,3.613,2.919,2.93
2.139,2.822,3.505,3.505,6.356,4.307,3.613,2.919,2.93,2.93
2.822,3.505,3.505,6.356,4.307,3.613,2.919,2.93,2.93,2.919
3.505,3.505,6.356,4.307,3.613,2.919,2.93,2.93,2.919,2.93
3.505,6.356,4.307,3.613,2.919,2.93,2.93,2.919,2.93,2.247
6.356,4.307,3.613,2.919,2.93,2.93,2.919,2.93,2.247,2.247
4.307,3.613,2.919,2.93,2.93,2.919,2.93,2.247,2.247,2.93
3.613,2.919,2.93,2.93,2.919,2.93,2.247,2.247,2.93,2.247
2.919,2.93,2.93,2.919,2.93,2.247,2.247,2.93,2.247,2.93
2.93,2.93,2.919,2.93,2.247,2.247,2.93,2.247,2.93,2.942
2.93,2.919,2.93,2.247,2.247,2.93,2.247,2.93,2.942,2.259
2.919,2.93,2.247,2.247,2.93,2.247,2.93,2.942,2.259,2.161
2.93,2.247,2.247,2.93,2.247,2.93,2.942,2.259,2.161,2.259
2.247,2.247,2.93,2.247,2.93,2.942,2.259,2.161,2.259,2.27
2.247,2.93,2.247,2.93,2.942,2.259,2.161,2.259,2.27,2.27
2.93,2.247,2.93,2.942,2.259,2.161,2.259,2.27,2.27,2.27
2.247,2.93,2.942,2.259,2.161,2.259,2.27,2.27,2.27,2.27
2.93,2.942,2.259,2.161,2.259,2.27,2.27,2.27,2.27,2.282
2.942,2.259,2.161,2.259,2.27,2.27,2.27,2.27,2.282,2.942
2.259,2.161,2.259,2.27,2.27,2.27,2.27,2.282,2.942,2.282
2.161,2.259,2.27,2.27,2.27,2.27,2.282,2.942,2.282,2.953
2.259,2.27,2.27,2.27,2.27,2.282,2.942,2.282,2.953,2.294
2.27,2.27,2.27,2.27,2.282,2.942,2.282,2.953,2.294,2.942
2.27,2.27,2.27,2.282,2.942,2.282,2.953,2.294,2.942,2.294
2.27,2.27,2.282,2.942,2.282,2.953,2.294,2.942,2.294,3.613
2.27,2.282,2.942,2.282,2.953,2.294,2.942,2.294,3.613,2.294
2.282,2.942,2.282,2.953,2.294,2.942,2.294,3.613,2.294,2.305
2.942,2.282,2.953,2.294,2.942,2.294,3.613,2.294,2.305,1.372
2.282,2.953,2.294,2.942,2.294,3.613,2.294,2.305,1.372,2.032
2.953,2.294,2.942,2.294,3.613,2.294,2.305,1.372,2.032,2.032
2.294,2.942,2.294,3.613,2.294,2.305,1.372,2.032,2.032,2.032
2.942,2.294,3.613,2.294,2.305,1.372,2.032,2.032,2.032,1.396
2.294,3.613,2.294,2.305,1.372,2.032,2.032,2.032,1.396,2.044
3.613,2.294,2.305,1.372,2.032,2.032,2.032,1.396,2.044,2.692
2.294,2.305,1.372,2.032,2.032,2.032,1.396,2.044,2.692,1.407
2.305,1.372,2.032,2.032,2.032,1.396,2.044,2.692,1.407,2.703
1.372,2.032,2.032,2.032,1.396,2.044,2.692,1.407,2.703,2.19
2.032,2.032,2.032,1.396,2.044,2.692,1.407,2.703,2.19,4.112
2.032,2.032,1.396,2.044,2.692,1.407,2.703,2.19,4.112,7.989
2.032,1.396,2.044,2.692,1.407,2.703,2.19,4.112,7.989,5.419
1.396,2.044,2.692,1.407,2.703,2.19,4.112,7.989,5.419,2.827
2.044,2.692,1.407,2.703,2.19,4.112,7.989,5.419,2.827,2.827
2.692,1.407,2.703,2.19,4.112,7.989,5.419,2.827,2.827,2.179
1.407,2.703,2.19,4.112,7.989,5.419,2.827,2.827,2.179,2.19
2.703,2.19,4.112,7.989,5.419,2.827,2.827,2.179,2.19,1.542
2.19,4.112,7.989,5.419,2.827,2.827,2.179,2.19,1.542,2.19
4.112,7.989,5.419,2.827,2.827,2.179,2.19,1.542,2.19,1.554
7.989,5.419,2.827,2.827,2.179,2.19,1.542,2.19,1.554,2.19
5.419,2.827,2.827,2.179,2.19,1.542,2.19,1.554,2.19,1.602
2.827,2.827,2.179,2.19,1.542,2.19,1.554,2.19,1.602,1.613
2.827,2.179,2.19,1.542,2.19,1.554,2.19,1.602,1.613,1.613
2.179,2.19,1.542,2.19,1.554,2.19,1.602,1.613,1.613,1.525
2.19,1.542,2.19,1.554,2.19,1.602,1.613,1.613,1.525,1.525
1.542,2.19,1.554,2.19,1.602,1.613,1.613,1.525,1.525,2.162
2.19,1.554,2.19,1.602,1.613,1.613,1.525,1.525,2.162,1.525
1.554,2.19,1.602,1.613,1.613,1.525,1.525,2.162,1.525,1.525
2.19,1.602,1.613,1.613,1.525,1.525,2.162,1.525,1.525,2.162
1.602,1.613,1.613,1.525,1.525,2.162,1.525,1.525,2.162,1.525
1.613,1.613,1.525,1.525,2.162,1.525,1.525,2.162,1.525,1.433
1.613,1.525,1.525,2.162,1.525,1.525,2.162,1.525,1.433,1.433
1.525,1.525,2.162,1.525,1.525,2.162,1.525,1.433,1.433,1.433
1.525,2.162,1.525,1.525,2.162,1.525,1.433,1.433,1.433,2.07
2.162,1.525,1.525,2.162,1.525,1.433,1.433,1.433,2.07,1.433
1.525,1.525,2.162,1.525,1.433,1.433,1.433,2.07,1.433,1.433
1.525,2.162,1.525,1.433,1.433,1.433,2.07,1.433,1.433,2.07
2.162,1.525,1.433,1.433,1.433,2.07,1.433,1.433,2.07,1.525
1.525,1.433,1.433,1.433,2.07,1.433,1.433,2.07,1.525,1.525
1.433,1.433,1.433,2.07,1.433,1.433,2.07,1.525,1.525,0.818
1.433,1.433,2.07,1.433,1.433,2.07,1.525,1.525,0.818,1.525
1.433,2.07,1.433,1.433,2.07,1.525,1.525,0.818,1.525,1.525
2.07,1.433,1.433,2.07,1.525,1.525,0.818,1.525,1.525,1.525
1.433,1.433,2.07,1.525,1.525,0.818,1.525,1.525,1.525,1.455
1.433,2.07,1.525,1.525,0.818,1.525,1.525,1.525,1.455,2.162
2.07,1.525,1.525,0.818,1.525,1.525,1.525,1.455,2.162,1.525
1.525,1.525,0.818,1.525,1.525,1.525,1.455,2.162,1.525,1.525
1.525,0.818,1.525,1.525,1.525,1.455,2.162,1.525,1.525,1.525
0.818,1.525,1.525,1.525,1.455,2.162,1.525,1.525,1.525,2.173
1.525,1.525,1.525,1.455,2.162,1.525,1.525,1.525,2.173,1.525
1.525,1.525,1.455,2.162,1.525,1.525,1.525,2.173,1.525,1.525
1.525,1.455,2.162,1.525,1.525,1.525,2.173,1.525,1.525,1.455
1.455,2.162,1.525,1.525,1.525,2.173,1.525,1.525,1.455,1.525
2.162,1.525,1.525,1.525,2.173,1.525,1.525,1.455,1.525,1.525
1.525,1.525,1.525,2.173,1.525,1.525,1.455,1.525,1.525,1.525
1.525,1.525,2.173,1.525,1.525,1.455,1.525,1.525,1.525,1.62
1.525,2.173,1.525,1.525,1.455,1.525,1.525,1.525,1.62,1.62
2.173,1.525,1.525,1.455,1.525,1.525,1.525,1.62,1.62,1.62
1.525,1.525,1.455,1.525,1.525,1.525,1.62,1.62,1.62,1.62
1.525,1.455,1.525,1.525,1.525,1.62,1.62,1.62,1.62,1.62
1.455,1.525,1.525,1.525,1.62,1.62,1.62,1.62,1.62,1.62
1.525,1.525,1.525,1.62,1.62,1.62,1.62,1.62,1.62,2.268
1.525,1.525,1.62,1.62,1.62,1.62,1.62,1.62,2.268,3.683
1.525,1.62,1.62,1.62,1.62,1.62,1.62,2.268,3.683,4.344
1.62,1.62,1.62,1.62,1.62,1.62,2.268,3.683,4.344,9.355
1.62,1.62,1.62,1.62,1.62,2.268,3.683,4.344,9.355,19.379
1.62,1.62,1.62,1.62,2.268,3.683,4.344,9.355,19.379,15.296
1.62,1.62,1.62,2.268,3.683,4.344,9.355,19.379,15.296,7.216
1.62,1.62,2.268,3.683,4.344,9.355,19.379,15.296,7.216,4.457
1.62,2.268,3.683,4.344,9.355,19.379,15.296,7.216,4.457,4.308
2.268,3.683,4.344,9.355,19.379,15.296,7.216,4.457,4.308,6.23
3.683,4.344,9.355,19.379,15.296,7.216,4.457,4.308,6.23,8.336
4.344,9.355,19.379,15.296,7.216,4.457,4.308,6.23,8.336,6.276
9.355,19.379,15.296,7.216,4.457,4.308,6.23,8.336,6.276,6.982
19.379,15.296,7.216,4.457,4.308,6.23,8.336,6.276,6.982,8.738
15.296,7.216,4.457,4.308,6.23,8.336,6.276,6.982,8.738,6.724
7.216,4.457,4.308,6.23,8.336,6.276,6.982,8.738,6.724,5.477
4.457,4.308,6.23,8.336,6.276,6.982,8.738,6.724,5.477,11.519
4.308,6.23,8.336,6.276,6.982,8.738,6.724,5.477,11.519,26.544
6.23,8.336,6.276,6.982,8.738,6.724,5.477,11.519,26.544,18.512
8.336,6.276,6.982,8.738,6.724,5.477,11.519,26.544,18.512,10.456
6.276,6.982,8.738,6.724,5.477,11.519,26.544,18.512,10.456,7.419
6.982,8.738,6.724,5.477,11.519,26.544,18.512,10.456,7.419,5.739
8.738,6.724,5.477,11.519,26.544,18.512,10.456,7.419,5.739,6.751
6.724,5.477,11.519,26.544,18.512,10.456,7.419,5.739,6.751,6.247
5.477,11.519,26.544,18.512,10.456,7.419,5.739,6.751,6.247,4.011
11.519,26.544,18.512,10.456,7.419,5.739,6.751,6.247,4.011,4.683
26.544,18.512,10.456,7.419,5.739,6.751,6.247,4.011,4.683,4.683
18.512,10.456,7.419,5.739,6.751,6.247,4.011,4.683,4.683,4.011
10.456,7.419,5.739,6.751,6.247,4.011,4.683,4.683,4.011,3.34
7.419,5.739,6.751,6.247,4.011,4.683,4.683,4.011,3.34,3.34
5.739,6.751,6.247,4.011,4.683,4.683,4.011,3.34,3.34,3.246
6.751,6.247,4.011,4.683,4.683,4.011,3.34,3.34,3.246,3.34
6.247,4.011,4.683,4.683,4.011,3.34,3.34,3.246,3.34,3.341
4.011,4.683,4.683,4.011,3.34,3.34,3.246,3.34,3.341,3.34
4.683,4.683,4.011,3.34,3.34,3.246,3.34,3.341,3.34,2.669
4.683,4.011,3.34,3.34,3.246,3.34,3.341,3.34,2.669,5.395
4.011,3.34,3.34,3.246,3.34,3.341,3.34,2.669,5.395,8.857
3.34,3.34,3.246,3.34,3.341,3.34,2.669,5.395,8.857,7.514
3.34,3.246,3.34,3.341,3.34,2.669,5.395,8.857,7.514,6.261
3.246,3.34,3.341,3.34,2.669,5.395,8.857,7.514,6.261,5.639
3.34,3.341,3.34,2.669,5.395,8.857,7.514,6.261,5.639,4.922
3.341,3.34,2.669,5.395,8.857,7.514,6.261,5.639,4.922,4.204
3.34,2.669,5.395,8.857,7.514,6.261,5.639,4.922,4.204,4.158
2.669,5.395,8.857,7.514,6.261,5.639,4.922,4.204,4.158,4.342
5.395,8.857,7.514,6.261,5.639,4.922,4.204,4.158,4.342,4.342
8.857,7.514,6.261,5.639,4.922,4.204,4.158,4.342,4.342,3.805
7.514,6.261,5.639,4.922,4.204,4.158,4.342,4.342,3.805,5.812
6.261,5.639,4.922,4.204,4.158,4.342,4.342,3.805,5.812,3.613
5.639,4.922,4.204,4.158,4.342,4.342,3.805,5.812,3.613,5.083
4.922,4.204,4.158,4.342,4.342,3.805,5.812,3.613,5.083,4.354
4.204,4.158,4.342,4.342,3.805,5.812,3.613,5.083,4.354,3.515
4.158,4.342,4.342,3.805,5.812,3.613,5.083,4.354,3.515,4.482
4.342,4.342,3.805,5.812,3.613,5.083,4.354,3.515,4.482,3.753
4.342,3.805,5.812,3.613,5.083,4.354,3.515,4.482,3.753,4.494
3.805,5.812,3.613,5.083,4.354,3.515,4.482,3.753,4.494,3.012
5.812,3.613,5.083,4.354,3.515,4.482,3.753,4.494,3.012,4.494
3.613,5.083,4.354,3.515,4.482,3.753,4.494,3.012,4.494,3.753
5.083,4.354,3.515,4.482,3.753,4.494,3.012,4.494,3.753,4.636
4.354,3.515,4.482,3.753,4.494,3.012,4.494,3.753,4.636,3.154
3.515,4.482,3.753,4.494,3.012,4.494,3.753,4.636,3.154,3.895
4.482,3.753,4.494,3.012,4.494,3.753,4.636,3.154,3.895,3.154
3.753,4.494,3.012,4.494,3.753,4.636,3.154,3.895,3.154,3.895
4.494,3.012,4.494,3.753,4.636,3.154,3.895,3.154,3.895,3.064
3.012,4.494,3.753,4.636,3.154,3.895,3.154,3.895,3.064,3.154
4.494,3.753,4.636,3.154,3.895,3.154,3.895,3.064,3.154,3.895
3.753,4.636,3.154,3.895,3.154,3.895,3.064,3.154,3.895,3.154
4.636,3.154,3.895,3.154,3.895,3.064,3.154,3.895,3.154,3.064
3.154,3.895,3.154,3.895,3.064,3.154,3.895,3.154,3.064,3.076
3.895,3.154,3.895,3.064,3.154,3.895,3.154,3.064,3.076,3.076
3.154,3.895,3.064,3.154,3.895,3.154,3.064,3.076,3.076,2.347
3.895,3.064,3.154,3.895,3.154,3.064,3.076,3.076,2.347,3.076
3.064,3.154,3.895,3.154,3.064,3.076,3.076,2.347,3.076,2.599
3.154,3.895,3.154,3.064,3.076,3.076,2.347,3.076,2.599,2.465
3.895,3.154,3.064,3.076,3.076,2.347,3.076,2.599,2.465,3.322
3.154,3.064,3.076,3.076,2.347,3.076,2.599,2.465,3.322,3.08
3.064,3.076,3.076,2.347,3.076,2.599,2.465,3.322,3.08,2.465
3.076,3.076,2.347,3.076,2.599,2.465,3.322,3.08,2.465,3.935
3.076,2.347,3.076,2.599,2.465,3.322,3.08,2.465,3.935,3.206
2.347,3.076,2.599,2.465,3.322,3.08,2.465,3.935,3.206,3.514
3.076,2.599,2.465,3.322,3.08,2.465,3.935,3.206,3.514,3.612
2.599,2.465,3.322,3.08,2.465,3.935,3.206,3.514,3.612,2.871
2.465,3.322,3.08,2.465,3.935,3.206,3.514,3.612,2.871,2.871
3.322,3.08,2.465,3.935,3.206,3.514,3.612,2.871,2.871,2.785
3.08,2.465,3.935,3.206,3.514,3.612,2.871,2.871,2.785,2.13
2.465,3.935,3.206,3.514,3.612,2.871,2.871,2.785,2.13,2.882
3.935,3.206,3.514,3.612,2.871,2.871,2.785,2.13,2.882,2.871
3.206,3.514,3.612,2.871,2.871,2.785,2.13,2.882,2.871,2.871
3.514,3.612,2.871,2.871,2.785,2.13,2.882,2.871,2.871,2.882
3.612,2.871,2.871,2.785,2.13,2.882,2.871,2.871,2.882,2.882
2.871,2.871,2.785,2.13,2.882,2.871,2.871,2.882,2.882,2.13
2.871,2.785,2.13,2.882,2.871,2.871,2.882,2.882,2.13,2.13
2.785,2.13,2.882,2.871,2.871,2.882,2.882,2.13,2.13,2.871
2.13,2.882,2.871,2.871,2.882,2.882,2.13,2.13,2.871,2.13
2.882,2.871,2.871,2.882,2.882,2.13,2.13,2.871,2.13,2.13
2.871,2.871,2.882,2.882,2.13,2.13,2.871,2.13,2.13,2.13
2.871,2.882,2.882,2.13,2.13,2.871,2.13,2.13,2.13,1.389
2.882,2.882,2.13,2.13,2.871,2.13,2.13,2.13,1.389,2.174
2.882,2.13,2.13,2.871,2.13,2.13,2.13,1.389,2.174,2.882
2.13,2.13,2.871,2.13,2.13,2.13,1.389,2.174,2.882,2.13
2.13,2.871,2.13,2.13,2.13,1.389,2.174,2.882,2.13,2.13
2.871,2.13,2.13,2.13,1.389,2.174,2.882,2.13,2.13,2.13
2.13,2.13,2.13,1.389,2.174,2.882,2.13,2.13,2.13,2.13
2.13,2.13,1.389,2.174,2.882,2.13,2.13,2.13,2.13,2.13
2.13,1.389,2.174,2.882,2.13,2.13,2.13,2.13,2.13,3.076
1.389,2.174,2.882,2.13,2.13,2.13,2.13,2.13,3.076,1.378
2.174,2.882,2.13,2.13,2.13,2.13,2.13,3.076,1.378,2.13
2.882,2.13,2.13,2.13,2.13,2.13,3.076,1.378,2.13,1.389
2.13,2.13,2.13,2.13,2.13,3.076,1.378,2.13,1.389,1.433
2.13,2.13,2.13,2.13,3.076,1.378,2.13,1.389,1.433,1.433
2.13,2.13,2.13,3.076,1.378,2.13,1.389,1.433,1.433,1.18
2.13,2.13,3.076,1.378,2.13,1.389,1.433,1.433,1.18,1.921
2.13,3.076,1.378,2.13,1.389,1.433,1.433,1.18,1.921,1.18
3.076,1.378,2.13,1.389,1.433,1.433,1.18,1.921,1.18,1.18
1.378,2.13,1.389,1.433,1.433,1.18,1.921,1.18,1.18,1.18
2.13,1.389,1.433,1.433,1.18,1.921,1.18,1.18,1.18,1.18
1.389,1.433,1.433,1.18,1.921,1.18,1.18,1.18,1.18,1.18
1.433,1.433,1.18,1.921,1.18,1.18,1.18,1.18,1.18,1.18
1.433,1.18,1.921,1.18,1.18,1.18,1.18,1.18,1.18,1.932
1.18,1.921,1.18,1.18,1.18,1.18,1.18,1.18,1.932,1.123
1.921,1.18,1.18,1.18,1.18,1.18,1.18,1.932,1.123,0.832
1.18,1.18,1.18,1.18,1.18,1.18,1.932,1.123,0.832,1.033
1.18,1.18,1.18,1.18,1.18,1.932,1.123,0.832,1.033,1.033
1.18,1.18,1.18,1.18,1.932,1.123,0.832,1.033,1.033,1.727
1.18,1.18,1.18,1.932,1.123,0.832,1.033,1.033,1.727,1.033
1.18,1.18,1.932,1.123,0.832,1.033,1.033,1.727,1.033,1.525
1.18,1.932,1.123,0.832,1.033,1.033,1.727,1.033,1.525,0.773
1.932,1.123,0.832,1.033,1.033,1.727,1.033,1.525,0.773,0.773
1.123,0.832,1.033,1.033,1.727,1.033,1.525,0.773,0.773,1.033
0.832,1.033,1.033,1.727,1.033,1.525,0.773,0.773,1.033,1.785
1.033,1.033,1.727,1.033,1.525,0.773,0.773,1.033,1.785,1.584
1.033,1.727,1.033,1.525,0.773,0.773,1.033,1.785,1.584,1.033
1.727,1.033,1.525,0.773,0.773,1.033,1.785,1.584,1.033,1.785
1.033,1.525,0.773,0.773,1.033,1.785,1.584,1.033,1.785,1.785
1.525,0.773,0.773,1.033,1.785,1.584,1.033,1.785,1.785,1.033
0.773,0.773,1.033,1.785,1.584,1.033,1.785,1.785,1.033,2.581
0.773,1.033,1.785,1.584,1.033,1.785,1.785,1.033,2.581,1.829
1.033,1.785,1.584,1.033,1.785,1.785,1.033,2.581,1.829,1.829
1.785,1.584,1.033,1.785,1.785,1.033,2.581,1.829,1.829,1.829
1.584,1.033,1.785,1.785,1.033,2.581,1.829,1.829,1.829,1.829
1.033,1.785,1.785,1.033,2.581,1.829,1.829,1.829,1.829,1.088
1.785,1.785,1.033,2.581,1.829,1.829,1.829,1.829,1.088,1.829
1.785,1.033,2.581,1.829,1.829,1.829,1.829,1.088,1.829,1.959
1.033,2.581,1.829,1.829,1.829,1.829,1.088,1.829,1.959,2.7
2.581,1.829,1.829,1.829,1.829,1.088,1.829,1.959,2.7,1.207
1.829,1.829,1.829,1.829,1.088,1.829,1.959,2.7,1.207,1.219
1.829,1.829,1.829,1.088,1.829,1.959,2.7,1.207,1.219,2.7
1.829,1.829,1.088,1.829,1.959,2.7,1.207,1.219,2.7,1.959
1.829,1.088,1.829,1.959,2.7,1.207,1.219,2.7,1.959,1.959
1.088,1.829,1.959,2.7,1.207,1.219,2.7,1.959,1.959,2.335
1.829,1.959,2.7,1.207,1.219,2.7,1.959,1.959,2.335,1.606
1.959,2.7,1.207,1.219,2.7,1.959,1.959,2.335,1.606,2.335
2.7,1.207,1.219,2.7,1.959,1.959,2.335,1.606,2.335,1.606
1.207,1.219,2.7,1.959,1.959,2.335,1.606,2.335,1.606,3.076
1.219,2.7,1.959,1.959,2.335,1.606,2.335,1.606,3.076,1.606
2.7,1.959,1.959,2.335,1.606,2.335,1.606,3.076,1.606,1.618
1.959,1.959,2.335,1.606,2.335,1.606,3.076,1.606,1.618,2.347
1.959,2.335,1.606,2.335,1.606,3.076,1.606,1.618,2.347,3.076
2.335,1.606,2.335,1.606,3.076,1.606,1.618,2.347,3.076,2.347
1.606,2.335,1.606,3.076,1.606,1.618,2.347,3.076,2.347,2.347
2.335,1.606,3.076,1.606,1.618,2.347,3.076,2.347,2.347,2.347
1.606,3.076,1.606,1.618,2.347,3.076,2.347,2.347,2.347,3.805
3.076,1.606,1.618,2.347,3.076,2.347,2.347,2.347,3.805,3.076
1.606,1.618,2.347,3.076,2.347,2.347,2.347,3.805,3.076,3.076
1.618,2.347,3.076,2.347,2.347,2.347,3.805,3.076,3.076,3.076
2.347,3.076,2.347,2.347,2.347,3.805,3.076,3.076,3.076,3.076
3.076,2.347,2.347,2.347,3.805,3.076,3.076,3.076,3.076,2.347
2.347,2.347,2.347,3.805,3.076,3.076,3.076,3.076,2.347,3.076
2.347,2.347,3.805,3.076,3.076,3.076,3.076,2.347,3.076,3.076
2.347,3.805,3.076,3.076,3.076,3.076,2.347,3.076,3.076,3.076
3.805,3.076,3.076,3.076,3.076,2.347,3.076,3.076,3.076,3.076
3.076,3.076,3.076,3.076,2.347,3.076,3.076,3.076,3.076,2.166
3.076,3.076,3.076,2.347,3.076,3.076,3.076,3.076,2.166,1.583
3.076,3.076,2.347,3.076,3.076,3.076,3.076,2.166,1.583,1.583
3.076,2.347,3.076,3.076,3.076,3.076,2.166,1.583,1.583,1.647
2.347,3.076,3.076,3.076,3.076,2.166,1.583,1.583,1.647,1.728
3.076,3.076,3.076,3.076,2.166,1.583,1.583,1.647,1.728,2.41
3.076,3.076,3.076,2.166,1.583,1.583,1.647,1.728,2.41,1.056
3.076,3.076,2.166,1.583,1.583,1.647,1.728,2.41,1.056,1.739
3.076,2.166,1.583,1.583,1.647,1.728,2.41,1.056,1.739,1.728
2.166,1.583,1.583,1.647,1.728,2.41,1.056,1.739,1.728,1.068
1.583,1.583,1.647,1.728,2.41,1.056,1.739,1.728,1.068,1.056
1.583,1.647,1.728,2.41,1.056,1.739,1.728,1.068,1.056,2.41
1.647,1.728,2.41,1.056,1.739,1.728,1.068,1.056,2.41,1.068
1.728,2.41,1.056,1.739,1.728,1.068,1.056,2.41,1.068,1.739
2.41,1.056,1.739,1.728,1.068,1.056,2.41,1.068,1.739,1.056
1.056,1.739,1.728,1.068,1.056,2.41,1.068,1.739,1.056,1.739
1.739,1.728,1.068,1.056,2.41,1.068,1.739,1.056,1.739,1.068
1.728,1.068,1.056,2.41,1.068,1.739,1.056,1.739,1.068,1.068
1.068,1.056,2.41,1.068,1.739,1.056,1.739,1.068,1.068,1.065
1.056,2.41,1.068,1.739,1.056,1.739,1.068,1.068,1.065,1.068
2.41,1.068,1.739,1.056,1.739,1.068,1.068,1.065,1.068,1.739
1.068,1.739,1.056,1.739,1.068,1.068,1.065,1.068,1.739,3.082
1.739,1.056,1.739,1.068,1.068,1.065,1.068,1.739,3.082,1.739
1.056,1.739,1.068,1.068,1.065,1.068,1.739,3.082,1.739,1.751
1.739,1.068,1.068,1.065,1.068,1.739,3.082,1.739,1.751,1.068
1.068,1.068,1.065,1.068,1.739,3.082,1.739,1.751,1.068,1.068
1.068,1.065,1.068,1.739,3.082,1.739,1.751,1.068,1.068,1.739
1.065,1.068,1.739,3.082,1.739,1.751,1.068,1.068,1.739,1.751
1.068,1.739,3.082,1.739,1.751,1.068,1.068,1.739,1.751,1.068
1.739,3.082,1.739,1.751,1.068,1.068,1.739,1.751,1.068,1.751
3.082,1.739,1.751,1.068,1.068,1.739,1.751,1.068,1.751,1.739
1.739,1.751,1.068,1.068,1.739,1.751,1.068,1.751,1.739,1.751
1.751,1.068,1.068,1.739,1.751,1.068,1.751,1.739,1.751,1.068
1.068,1.068,1.739,1.751,1.068,1.751,1.739,1.751,1.068,1.045
1.068,1.739,1.751,1.068,1.751,1.739,1.751,1.068,1.045,1.647
1.739,1.751,1.068,1.751,1.739,1.751,1.068,1.045,1.647,0.964
1.751,1.068,1.751,1.739,1.751,1.068,1.045,1.647,0.964,1.658
1.068,1.751,1.739,1.751,1.068,1.045,1.647,0.964,1.658,1.67
1.751,1.739,1.751,1.068,1.045,1.647,0.964,1.658,1.67,0.987
1.739,1.751,1.068,1.045,1.647,0.964,1.658,1.67,0.987,0.998
1.751,1.068,1.045,1.647,0.964,1.658,1.67,0.987,0.998,1.01
1.068,1.045,1.647,0.964,1.658,1.67,0.987,0.998,1.01,1.022
1.045,1.647,0.964,1.658,1.67,0.987,0.998,1.01,1.022,1.033
1.647,0.964,1.658,1.67,0.987,0.998,1.01,1.022,1.033,1.045
0.964,1.658,1.67,0.987,0.998,1.01,1.022,1.033,1.045,0.916
1.658,1.67,0.987,0.998,1.01,1.022,1.033,1.045,0.916,0.928
1.67,0.987,0.998,1.01,1.022,1.033,1.045,0.916,0.928,0.939
0.987,0.998,1.01,1.022,1.033,1.045,0.916,0.928,0.939,0.951
0.998,1.01,1.022,1.033,1.045,0.916,0.928,0.939,0.951,0.825
1.01,1.022,1.033,1.045,0.916,0.928,0.939,0.951,0.825,0.836
1.022,1.033,1.045,0.916,0.928,0.939,0.951,0.825,0.836,0.859
1.033,1.045,0.916,0.928,0.939,0.951,0.825,0.836,0.859,0.8
1.045,0.916,0.928,0.939,0.951,0.825,0.836,0.859,0.8,0.736
0.916,0.928,0.939,0.951,0.825,0.836,0.859,0.8,0.736,0.74
0.928,0.939,0.951,0.825,0.836,0.859,0.8,0.736,0.74,0.771
0.939,0.951,0.825,0.836,0.859,0.8,0.736,0.74,0.771,0.771
0.951,0.825,0.836,0.859,0.8,0.736,0.74,0.771,0.771,0.794
0.825,0.836,0.859,0.8,0.736,0.74,0.771,0.771,0.794,0.805
0.836,0.859,0.8,0.736,0.74,0.771,0.771,0.794,0.805,0.817
0.859,0.8,0.736,0.74,0.771,0.771,0.794,0.805,0.817,0.82
0.8,0.736,0.74,0.771,0.771,0.794,0.805,0.817,0.82,0.822
0.736,0.74,0.771,0.771,0.794,0.805,0.817,0.82,0.822,0.75
0.74,0.771,0.771,0.794,0.805,0.817,0.82,0.822,0.75,0.692
0.771,0.771,0.794,0.805,0.817,0.82,0.822,0.75,0.692,0.703
0.771,0.794,0.805,0.817,0.82,0.822,0.75,0.692,0.703,0.703
0.794,0.805,0.817,0.82,0.822,0.75,0.692,0.703,0.703,0.703
0.805,0.817,0.82,0.822,0.75,0.692,0.703,0.703,0.703,0.726
0.817,0.82,0.822,0.75,0.692,0.703,0.703,0.703,0.726,0.843
0.82,0.822,0.75,0.692,0.703,0.703,0.703,0.726,0.843,0.755
0.822,0.75,0.692,0.703,0.703,0.703,0.726,0.843,0.755,0.743
0.75,0.692,0.703,0.703,0.703,0.726,0.843,0.755,0.743,0.755
0.692,0.703,0.703,0.703,0.726,0.843,0.755,0.743,0.755,1.345
0.703,0.703,0.703,0.726,0.843,0.755,0.743,0.755,1.345,0.755
0.703,0.703,0.726,0.843,0.755,0.743,0.755,1.345,0.755,1.935
0.703,0.726,0.843,0.755,0.743,0.755,1.345,0.755,1.935,1.935
0.726,0.843,0.755,0.743,0.755,1.345,0.755,1.935,1.935,1.345
0.843,0.755,0.743,0.755,1.345,0.755,1.935,1.935,1.345,1.345
0.755,0.743,0.755,1.345,0.755,1.935,1.935,1.345,1.345,1.345
0.743,0.755,1.345,0.755,1.935,1.935,1.345,1.345,1.345,1.345
0.755,1.345,0.755,1.935,1.935,1.345,1.345,1.345,1.345,0.755
1.345,0.755,1.935,1.935,1.345,1.345,1.345,1.345,0.755,1.345
0.755,1.935,1.935,1.345,1.345,1.345,1.345,0.755,1.345,1.345
1.935,1.935,1.345,1.345,1.345,1.345,0.755,1.345,1.345,0.755
1.935,1.345,1.345,1.345,1.345,0.755,1.345,1.345,0.755,1.345
1.345,1.345,1.345,1.345,0.755,1.345,1.345,0.755,1.345,0.749
1.345,1.345,1.345,0.755,1.345,1.345,0.755,1.345,0.749,0.749
1.345,1.345,0.755,1.345,1.345,0.755,1.345,0.749,0.749,0.755
1.345,0.755,1.345,1.345,0.755,1.345,0.749,0.749,0.755,0.755
0.755,1.345,1.345,0.755,1.345,0.749,0.749,0.755,0.755,1.345
1.345,1.345,0.755,1.345,0.749,0.749,0.755,0.755,1.345,0.743
1.345,0.755,1.345,0.749,0.749,0.755,0.755,1.345,0.743,0.755
0.755,1.345,0.749,0.749,0.755,0.755,1.345,0.743,0.755,0.755
1.345,0.749,0.749,0.755,0.755,1.345,0.743,0.755,0.755,0.755
0.749,0.749,0.755,0.755,1.345,0.743,0.755,0.755,0.755,0.743
0.749,0.755,0.755,1.345,0.743,0.755,0.755,0.755,0.743,0.755
0.755,0.755,1.345,0.743,0.755,0.755,0.755,0.743,0.755,0.755
0.755,1.345,0.743,0.755,0.755,0.755,0.743,0.755,0.755,0.755
1.345,0.743,0.755,0.755,0.755,0.743,0.755,0.755,0.755,0.755
0.743,0.755,0.755,0.755,0.743,0.755,0.755,0.755,0.755,0.743
0.755,0.755,0.755,0.743,0.755,0.755,0.755,0.755,0.743,0.755
0.755,0.755,0.743,0.755,0.755,0.755,0.755,0.743,0.755,0.755
0.755,0.743,0.755,0.755,0.755,0.755,0.743,0.755,0.755,0.653
0.743,0.755,0.755,0.755,0.755,0.743,0.755,0.755,0.653,1.243
0.755,0.755,0.755,0.755,0.743,0.755,0.755,0.653,1.243,1.243
0.755,0.755,0.755,0.743,0.755,0.755,0.653,1.243,1.243,0.653
0.755,0.755,0.743,0.755,0.755,0.653,1.243,1.243,0.653,0.653
0.755,0.743,0.755,0.755,0.653,1.243,1.243,0.653,0.653,0.653
0.743,0.755,0.755,0.653,1.243,1.243,0.653,0.653,0.653,0.653
0.755,0.755,0.653,1.243,1.243,0.653,0.653,0.653,0.653,1.255
0.755,0.653,1.243,1.243,0.653,0.653,0.653,0.653,1.255,1.243
0.653,1.243,1.243,0.653,0.653,0.653,0.653,1.255,1.243,1.243
1.243,1.243,0.653,0.653,0.653,0.653,1.255,1.243,1.243,1.243
1.243,0.653,0.653,0.653,0.653,1.255,1.243,1.243,1.243,1.243
0.653,0.653,0.653,0.653,1.255,1.243,1.243,1.243,1.243,0.653
0.653,0.653,0.653,1.255,1.243,1.243,1.243,1.243,0.653,0.653
0.653,0.653,1.255,1.243,1.243,1.243,1.243,0.653,0.653,1.255
0.653,1.255,1.243,1.243,1.243,1.243,0.653,0.653,1.255,0.653
1.255,1.243,1.243,1.243,1.243,0.653,0.653,1.255,0.653,0.653
1.243,1.243,1.243,1.243,0.653,0.653,1.255,0.653,0.653,1.243
1.243,1.243,1.243,0.653,0.653,1.255,0.653,0.653,1.243,0.653
1.243,1.243,0.653,0.653,1.255,0.653,0.653,1.243,0.653,0.653
1.243,0.653,0.653,1.255,0.653,0.653,1.243,0.653,0.653,0.653
0.653,0.653,1.255,0.653,0.653,1.243,0.653,0.653,0.653,1.243
0.653,1.255,0.653,0.653,1.243,0.653,0.653,0.653,1.243,0.653
1.255,0.653,0.653,1.243,0.653,0.653,0.653,1.243,0.653,1.243
0.653,0.653,1.243,0.653,0.653,0.653,1.243,0.653,1.243,1.255
0.653,1.243,0.653,0.653,0.653,1.243,0.653,1.243,1.255,0.599
1.243,0.653,0.653,0.653,1.243,0.653,1.243,1.255,0.599,0.599
0.653,0.653,0.653,1.243,0.653,1.243,1.255,0.599,0.599,1.189
0.653,0.653,1.243,0.653,1.243,1.255,0.599,0.599,1.189,0.599
0.653,1.243,0.653,1.243,1.255,0.599,0.599,1.189,0.599,1.189
1.243,0.653,1.243,1.255,0.599,0.599,1.189,0.599,1.189,0.599
0.653,1.243,1.255,0.599,0.599,1.189,0.599,1.189,0.599,0.548
1.243,1.255,0.599,0.599,1.189,0.599,1.189,0.599,0.548,1.138
1.255,0.599,0.599,1.189,0.599,1.189,0.599,0.548,1.138,1.15
0.599,0.599,1.189,0.599,1.189,0.599,0.548,1.138,1.15,1.729
0.599,1.189,0.599,1.189,0.599,0.548,1.138,1.15,1.729,3.523
1.189,0.599,1.189,0.599,0.548,1.138,1.15,1.729,3.523,3.511
0.599,1.189,0.599,0.548,1.138,1.15,1.729,3.523,3.511,2.33
1.189,0.599,0.548,1.138,1.15,1.729,3.523,3.511,2.33,1.15
0.599,0.548,1.138,1.15,1.729,3.523,3.511,2.33,1.15,0.548
0.548,1.138,1.15,1.729,3.523,3.511,2.33,1.15,0.548,1.138
1.138,1.15,1.729,3.523,3.511,2.33,1.15,0.548,1.138,0.548
1.15,1.729,3.523,3.511,2.33,1.15,0.548,1.138,0.548,1.138
1.729,3.523,3.511,2.33,1.15,0.548,1.138,0.548,1.138,1.15
3.523,3.511,2.33,1.15,0.548,1.138,0.548,1.138,1.15,1.138
3.511,2.33,1.15,0.548,1.138,0.548,1.138,1.15,1.138,1.15
2.33,1.15,0.548,1.138,0.548,1.138,1.15,1.138,1.15,1.138
1.15,0.548,1.138,0.548,1.138,1.15,1.138,1.15,1.138,1.138
0.548,1.138,0.548,1.138,1.15,1.138,1.15,1.138,1.138,2.342
1.138,0.548,1.138,1.15,1.138,1.15,1.138,1.138,2.342,2.33
0.548,1.138,1.15,1.138,1.15,1.138,1.138,2.342,2.33,2.932
1.138,1.15,1.138,1.15,1.138,1.138,2.342,2.33,2.932,2.33
1.15,1.138,1.15,1.138,1.138,2.342,2.33,2.932,2.33,2.435
1.138,1.15,1.138,1.138,2.342,2.33,2.932,2.33,2.435,1.185
1.15,1.138,1.138,2.342,2.33,2.932,2.33,2.435,1.185,1.902
1.138,1.138,2.342,2.33,2.932,2.33,2.435,1.185,1.902,1.127
1.138,2.342,2.33,2.932,2.33,2.435,1.185,1.902,1.127,2.492
2.342,2.33,2.932,2.33,2.435,1.185,1.902,1.127,2.492,3.083
2.33,2.932,2.33,2.435,1.185,1.902,1.127,2.492,3.083,3.777
2.932,2.33,2.435,1.185,1.902,1.127,2.492,3.083,3.777,3.106
2.33,2.435,1.185,1.902,1.127,2.492,3.083,3.777,3.106,3.117
2.435,1.185,1.902,1.127,2.492,3.083,3.777,3.106,3.117,3.129
1.185,1.902,1.127,2.492,3.083,3.777,3.106,3.117,3.129,2.55
1.902,1.127,2.492,3.083,3.777,3.106,3.117,3.129,2.55,1.844
1.127,2.492,3.083,3.777,3.106,3.117,3.129,2.55,1.844,1.254
2.492,3.083,3.777,3.106,3.117,3.129,2.55,1.844,1.254,1.15
3.083,3.777,3.106,3.117,3.129,2.55,1.844,1.254,1.15,1.844
3.777,3.106,3.117,3.129,2.55,1.844,1.254,1.15,1.844,1.254
3.106,3.117,3.129,2.55,1.844,1.254,1.15,1.844,1.254,1.161
3.117,3.129,2.55,1.844,1.254,1.15,1.844,1.254,1.161,0.594
3.129,2.55,1.844,1.254,1.15,1.844,1.254,1.161,0.594,1.914
2.55,1.844,1.254,1.15,1.844,1.254,1.161,0.594,1.914,1.833
1.844,1.254,1.15,1.844,1.254,1.161,0.594,1.914,1.833,1.879
1.254,1.15,1.844,1.254,1.161,0.594,1.914,1.833,1.879,3.21
1.15,1.844,1.254,1.161,0.594,1.914,1.833,1.879,3.21,4.53
1.844,1.254,1.161,0.594,1.914,1.833,1.879,3.21,4.53,1.891
1.254,1.161,0.594,1.914,1.833,1.879,3.21,4.53,1.891,1.614
1.161,0.594,1.914,1.833,1.879,3.21,4.53,1.891,1.614,0.964
0.594,1.914,1.833,1.879,3.21,4.53,1.891,1.614,0.964,0.889
1.914,1.833,1.879,3.21,4.53,1.891,1.614,0.964,0.889,0.889
1.833,1.879,3.21,4.53,1.891,1.614,0.964,0.889,0.889,0.889
1.879,3.21,4.53,1.891,1.614,0.964,0.889,0.889,0.889,0.889
3.21,4.53,1.891,1.614,0.964,0.889,0.889,0.889,0.889,0.889
4.53,1.891,1.614,0.964,0.889,0.889,0.889,0.889,0.889,0.889
1.891,1.614,0.964,0.889,0.889,0.889,0.889,0.889,0.889,0.889
1.614,0.964,0.889,0.889,0.889,0.889,0.889,0.889,0.889,0.889
0.964,0.889,0.889,0.889,0.889,0.889,0.889,0.889,0.889,0.889
0.889,0.889,0.889,0.889,0.889,0.889,0.889,0.889,0.889,0.889
0.889,0.889,0.889,0.889,0.889,0.889,0.889,0.889,0.889,0.889
0.889,0.889,0.889,0.889,0.889,0.889,0.889,0.889,0.889,0.889
0.889,0.889,0.889,0.889,0.889,0.889,0.889,0.889,0.889,0.889
0.889,0.889,0.889,0.889,0.889,0.889,0.889,0.889,0.889,0.889
0.889,0.889,0.889,0.889,0.889,0.889,0.889,0.889,0.889,0.737
0.889,0.889,0.889,0.889,0.889,0.889,0.889,0.889,0.737,0.71
0.889,0.889,0.889,0.889,0.889,0.889,0.889,0.737,0.71,0.722
0.889,0.889,0.889,0.889,0.889,0.889,0.737,0.71,0.722,0.71
0.889,0.889,0.889,0.889,0.889,0.737,0.71,0.722,0.71,0.708
0.889,0.889,0.889,0.889,0.737,0.71,0.722,0.71,0.708,1.427
0.889,0.889,0.889,0.737,0.71,0.722,0.71,0.708,1.427,1.324
0.889,0.889,0.737,0.71,0.722,0.71,0.708,1.427,1.324,2.789
0.889,0.737,0.71,0.722,0.71,0.708,1.427,1.324,2.789,2.023
0.737,0.71,0.722,0.71,0.708,1.427,1.324,2.789,2.023,1.876
0.71,0.722,0.71,0.708,1.427,1.324,2.789,2.023,1.876,1.304
0.722,0.71,0.708,1.427,1.324,2.789,2.023,1.876,1.304,1.933
0.71,0.708,1.427,1.324,2.789,2.023,1.876,1.304,1.933,1.925
0.708,1.427,1.324,2.789,2.023,1.876,1.304,1.933,1.925,0.577
1.427,1.324,2.789,2.023,1.876,1.304,1.933,1.925,0.577,1.91
1.324,2.789,2.023,1.876,1.304,1.933,1.925,0.577,1.91,1.305
2.789,2.023,1.876,1.304,1.933,1.925,0.577,1.91,1.305,1.257
2.023,1.876,1.304,1.933,1.925,0.577,1.91,1.305,1.257,0.634
1.876,1.304,1.933,1.925,0.577,1.91,1.305,1.257,0.634,1.33
1.304,1.933,1.925,0.577,1.91,1.305,1.257,0.634,1.33,1.177
1.933,1.925,0.577,1.91,1.305,1.257,0.634,1.33,1.177,1.301
1.925,0.577,1.91,1.305,1.257,0.634,1.33,1.177,1.301,1.293
0.577,1.91,1.305,1.257,0.634,1.33,1.177,1.301,1.293,0.567
1.91,1.305,1.257,0.634,1.33,1.177,1.301,1.293,0.567,1.946
1.305,1.257,0.634,1.33,1.177,1.301,1.293,0.567,1.946,1.198
1.257,0.634,1.33,1.177,1.301,1.293,0.567,1.946,1.198,1.943
0.634,1.33,1.177,1.301,1.293,0.567,1.946,1.198,1.943,1.296
1.33,1.177,1.301,1.293,0.567,1.946,1.198,1.943,1.296,2.676
1.177,1.301,1.293,0.567,1.946,1.198,1.943,1.296,2.676,4.7
1.301,1.293,0.567,1.946,1.198,1.943,1.296,2.676,4.7,4.099
1.293,0.567,1.946,1.198,1.943,1.296,2.676,4.7,4.099,2.532
0.567,1.946,1.198,1.943,1.296,2.676,4.7,4.099,2.532,2.582
1.946,1.198,1.943,1.296,2.676,4.7,4.099,2.532,2.582,1.894
1.198,1.943,1.296,2.676,4.7,4.099,2.532,2.582,1.894,1.902
1.943,1.296,2.676,4.7,4.099,2.532,2.582,1.894,1.902,1.897
1.296,2.676,4.7,4.099,2.532,2.582,1.894,1.902,1.897,1.281
2.676,4.7,4.099,2.532,2.582,1.894,1.902,1.897,1.281,1.89
4.7,4.099,2.532,2.582,1.894,1.902,1.897,1.281,1.89,2.61
4.099,2.532,2.582,1.894,1.902,1.897,1.281,1.89,2.61,2.5
2.532,2.582,1.894,1.902,1.897,1.281,1.89,2.61,2.5,2.593
2.582,1.894,1.902,1.897,1.281,1.89,2.61,2.5,2.593,1.864
1.894,1.902,1.897,1.281,1.89,2.61,2.5,2.593,1.864,1.877
1.902,1.897,1.281,1.89,2.61,2.5,2.593,1.864,1.877,1.877
1.897,1.281,1.89,2.61,2.5,2.593,1.864,1.877,1.877,1.921
1.281,1.89,2.61,2.5,2.593,1.864,1.877,1.877,1.921,1.223
1.89,2.61,2.5,2.593,1.864,1.877,1.877,1.921,1.223,1.165
2.61,2.5,2.593,1.864,1.877,1.877,1.921,1.223,1.165,1.983
2.5,2.593,1.864,1.877,1.877,1.921,1.223,1.165,1.983,0.542
2.593,1.864,1.877,1.877,1.921,1.223,1.165,1.983,0.542,1.872
1.864,1.877,1.877,1.921,1.223,1.165,1.983,0.542,1.872,1.157
1.877,1.877,1.921,1.223,1.165,1.983,0.542,1.872,1.157,1.25
1.877,1.921,1.223,1.165,1.983,0.542,1.872,1.157,1.25,0.547
1.921,1.223,1.165,1.983,0.542,1.872,1.157,1.25,0.547,1.171
1.223,1.165,1.983,0.542,1.872,1.157,1.25,0.547,1.171,1.256
1.165,1.983,0.542,1.872,1.157,1.25,0.547,1.171,1.256,1.888
1.983,0.542,1.872,1.157,1.25,0.547,1.171,1.256,1.888,1.275
0.542,1.872,1.157,1.25,0.547,1.171,1.256,1.888,1.275,1.17
1.872,1.157,1.25,0.547,1.171,1.256,1.888,1.275,1.17,1.276
1.157,1.25,0.547,1.171,1.256,1.888,1.275,1.17,1.276,1.175
1.25,0.547,1.171,1.256,1.888,1.275,1.17,1.276,1.175,1.287
0.547,1.171,1.256,1.888,1.275,1.17,1.276,1.175,1.287,1.185
1.171,1.256,1.888,1.275,1.17,1.276,1.175,1.287,1.185,0.56
1.256,1.888,1.275,1.17,1.276,1.175,1.287,1.185,0.56,1.275
1.888,1.275,1.17,1.276,1.175,1.287,1.185,0.56,1.275,1.239
1.275,1.17,1.276,1.175,1.287,1.185,0.56,1.275,1.239,1.237
1.17,1.276,1.175,1.287,1.185,0.56,1.275,1.239,1.237,1.29
1.276,1.175,1.287,1.185,0.56,1.275,1.239,1.237,1.29,0.576
1.175,1.287,1.185,0.56,1.275,1.239,1.237,1.29,0.576,1.202
1.287,1.185,0.56,1.275,1.239,1.237,1.29,0.576,1.202,1.283
1.185,0.56,1.275,1.239,1.237,1.29,0.576,1.202,1.283,0.578
0.56,1.275,1.239,1.237,1.29,0.576,1.202,1.283,0.578,0.577
1.275,1.239,1.237,1.29,0.576,1.202,1.283,0.578,0.577,1.187
1.239,1.237,1.29,0.576,1.202,1.283,0.578,0.577,1.187,0.574
1.237,1.29,0.576,1.202,1.283,0.578,0.577,1.187,0.574,1.291
1.29,0.576,1.202,1.283,0.578,0.577,1.187,0.574,1.291,0.536
0.576,1.202,1.283,0.578,0.577,1.187,0.574,1.291,0.536,0.522
1.202,1.283,0.578,0.577,1.187,0.574,1.291,0.536,0.522,1.135
1.283,0.578,0.577,1.187,0.574,1.291,0.536,0.522,1.135,1.238
0.578,0.577,1.187,0.574,1.291,0.536,0.522,1.135,1.238,0.522
0.577,1.187,0.574,1.291,0.536,0.522,1.135,1.238,0.522,0.53
1.187,0.574,1.291,0.536,0.522,1.135,1.238,0.522,0.53,0.534
0.574,1.291,0.536,0.522,1.135,1.238,0.522,0.53,0.534,1.15
1.291,0.536,0.522,1.135,1.238,0.522,0.53,0.534,1.15,0.539
0.536,0.522,1.135,1.238,0.522,0.53,0.534,1.15,0.539,0.587
0.522,1.135,1.238,0.522,0.53,0.534,1.15,0.539,0.587,1.211
1.135,1.238,0.522,0.53,0.534,1.15,0.539,0.587,1.211,1.878
1.238,0.522,0.53,0.534,1.15,0.539,0.587,1.211,1.878,2.593
0.522,0.53,0.534,1.15,0.539,0.587,1.211,1.878,2.593,1.196
0.53,0.534,1.15,0.539,0.587,1.211,1.878,2.593,1.196,0.496
0.534,1.15,0.539,0.587,1.211,1.878,2.593,1.196,0.496,0.5
1.15,0.539,0.587,1.211,1.878,2.593,1.196,0.496,0.5,0.496
0.539,0.587,1.211,1.878,2.593,1.196,0.496,0.5,0.496,0.492
0.587,1.211,1.878,2.593,1.196,0.496,0.5,0.496,0.492,0.488
1.211,1.878,2.593,1.196,0.496,0.5,0.496,0.492,0.488,0.484
1.878,2.593,1.196,0.496,0.5,0.496,0.492,0.488,0.484,0.48
2.593,1.196,0.496,0.5,0.496,0.492,0.488,0.484,0.48,0.477
1.196,0.496,0.5,0.496,0.492,0.488,0.484,0.48,0.477,0.473
0.496,0.5,0.496,0.492,0.488,0.484,0.48,0.477,0.473,0.469
0.5,0.496,0.492,0.488,0.484,0.48,0.477,0.473,0.469,0.465
0.496,0.492,0.488,0.484,0.48,0.477,0.473,0.469,0.465,0.461
0.492,0.488,0.484,0.48,0.477,0.473,0.469,0.465,0.461,0.457
0.488,0.484,0.48,0.477,0.473,0.469,0.465,0.461,0.457,0.453
0.484,0.48,0.477,0.473,0.469,0.465,0.461,0.457,0.453,0.449
0.48,0.477,0.473,0.469,0.465,0.461,0.457,0.453,0.449,0.445
0.477,0.473,0.469,0.465,0.461,0.457,0.453,0.449,0.445,0.441
0.473,0.469,0.465,0.461,0.457,0.453,0.449,0.445,0.441,0.437
0.469,0.465,0.461,0.457,0.453,0.449,0.445,0.441,0.437,0.433
0.465,0.461,0.457,0.453,0.449,0.445,0.441,0.437,0.433,0.429
0.461,0.457,0.453,0.449,0.445,0.441,0.437,0.433,0.429,0.685
0.457,0.453,0.449,0.445,0.441,0.437,0.433,0.429,0.685,0.685
0.453,0.449,0.445,0.441,0.437,0.433,0.429,0.685,0.685,0.685
0.449,0.445,0.441,0.437,0.433,0.429,0.685,0.685,0.685,2.365
0.445,0.441,0.437,0.433,0.429,0.685,0.685,0.685,2.365,5.844
0.441,0.437,0.433,0.429,0.685,0.685,0.685,2.365,5.844,1.841
0.437,0.433,0.429,0.685,0.685,0.685,2.365,5.844,1.841,0.647
0.433,0.429,0.685,0.685,0.685,2.365,5.844,1.841,0.647,1.223
0.429,0.685,0.685,0.685,2.365,5.844,1.841,0.647,1.223,0.587
0.685,0.685,0.685,2.365,5.844,1.841,0.647,1.223,0.587,0.615
0.685,0.685,2.365,5.844,1.841,0.647,1.223,0.587,0.615,0.594
0.685,2.365,5.844,1.841,0.647,1.223,0.587,0.615,0.594,0.619
2.365,5.844,1.841,0.647,1.223,0.587,0.615,0.594,0.619,0.599
5.844,1.841,0.647,1.223,0.587,0.615,0.594,0.619,0.599,1.329
1.841,0.647,1.223,0.587,0.615,0.594,0.619,0.599,1.329,0.606
0.647,1.223,0.587,0.615,0.594,0.619,0.599,1.329,0.606,0.579
1.223,0.587,0.615,0.594,0.619,0.599,1.329,0.606,0.579,1.114
0.587,0.615,0.594,0.619,0.599,1.329,0.606,0.579,1.114,5.962
0.615,0.594,0.619,0.599,1.329,0.606,0.579,1.114,5.962,5.921
0.594,0.619,0.599,1.329,0.606,0.579,1.114,5.962,5.921,2.67
0.619,0.599,1.329,0.606,0.579,1.114,5.962,5.921,2.67,1.908
0.599,1.329,0.606,0.579,1.114,5.962,5.921,2.67,1.908,1.318
1.329,0.606,0.579,1.114,5.962,5.921,2.67,1.908,1.318,1.227
0.606,0.579,1.114,5.962,5.921,2.67,1.908,1.318,1.227,1.319
0.579,1.114,5.962,5.921,2.67,1.908,1.318,1.227,1.319,0.602
1.114,5.962,5.921,2.67,1.908,1.318,1.227,1.319,0.602,1.215
5.962,5.921,2.67,1.908,1.318,1.227,1.319,0.602,1.215,1.324
5.921,2.67,1.908,1.318,1.227,1.319,0.602,1.215,1.324,0.627
2.67,1.908,1.318,1.227,1.319,0.602,1.215,1.324,0.627,0.674
1.908,1.318,1.227,1.319,0.602,1.215,1.324,0.627,0.674,0.653
1.318,1.227,1.319,0.602,1.215,1.324,0.627,0.674,0.653,0.653
1.227,1.319,0.602,1.215,1.324,0.627,0.674,0.653,0.653,0.653
1.319,0.602,1.215,1.324,0.627,0.674,0.653,0.653,0.653,0.653
0.602,1.215,1.324,0.627,0.674,0.653,0.653,0.653,0.653,0.653
1.215,1.324,0.627,0.674,0.653,0.653,0.653,0.653,0.653,0.653
1.324,0.627,0.674,0.653,0.653,0.653,0.653,0.653,0.653,0.613
0.627,0.674,0.653,0.653,0.653,0.653,0.653,0.653,0.613,0.653
0.674,0.653,0.653,0.653,0.653,0.653,0.653,0.613,0.653,0.632
0.653,0.653,0.653,0.653,0.653,0.653,0.613,0.653,0.632,0.612
0.653,0.653,0.653,0.653,0.653,0.613,0.653,0.632,0.612,0.609
0.653,0.653,0.653,0.653,0.613,0.653,0.632,0.612,0.609,0.606
0.653,0.653,0.653,0.613,0.653,0.632,0.612,0.609,0.606,0.639
0.653,0.653,0.613,0.653,0.632,0.612,0.609,0.606,0.639,1.29
0.653,0.613,0.653,0.632,0.612,0.609,0.606,0.639,1.29,1.386
0.613,0.653,0.632,0.612,0.609,0.606,0.639,1.29,1.386,0.675
0.653,0.632,0.612,0.609,0.606,0.639,1.29,1.386,0.675,1.446
0.632,0.612,0.609,0.606,0.639,1.29,1.386,0.675,1.446,1.353
0.612,0.609,0.606,0.639,1.29,1.386,0.675,1.446,1.353,1.477
0.609,0.606,0.639,1.29,1.386,0.675,1.446,1.353,1.477,1.371
0.606,0.639,1.29,1.386,0.675,1.446,1.353,1.477,1.371,0.722
0.639,1.29,1.386,0.675,1.446,1.353,1.477,1.371,0.722,0.737
1.29,1.386,0.675,1.446,1.353,1.477,1.371,0.722,0.737,0.789
1.386,0.675,1.446,1.353,1.477,1.371,0.722,0.737,0.789,0.731
0.675,1.446,1.353,1.477,1.371,0.722,0.737,0.789,0.731,0.613
1.446,1.353,1.477,1.371,0.722,0.737,0.789,0.731,0.613,0.613
1.353,1.477,1.371,0.722,0.737,0.789,0.731,0.613,0.613,0.613
1.477,1.371,0.722,0.737,0.789,0.731,0.613,0.613,0.613,0.613
1.371,0.722,0.737,0.789,0.731,0.613,0.613,0.613,0.613,0.613
0.722,0.737,0.789,0.731,0.613,0.613,0.613,0.613,0.613,0.613
0.737,0.789,0.731,0.613,0.613,0.613,0.613,0.613,0.613,0.613
0.789,0.731,0.613,0.613,0.613,0.613,0.613,0.613,0.613,0.613
0.731,0.613,0.613,0.613,0.613,0.613,0.613,0.613,0.613,0.613
0.613,0.613,0.613,0.613,0.613,0.613,0.613,0.613,0.613,0.613
0.613,0.613,0.613,0.613,0.613,0.613,0.613,0.613,0.613,0.613
0.613,0.613,0.613,0.613,0.613,0.613,0.613,0.613,0.613,0.613
0.613,0.613,0.613,0.613,0.613,0.613,0.613,0.613,0.613,0.613
0.613,0.613,0.613,0.613,0.613,0.613,0.613,0.613,0.613,0.613
0.613,0.613,0.613,0.613,0.613,0.613,0.613,0.613,0.613,0.613
0.613,0.613,0.613,0.613,0.613,0.613,0.613,0.613,0.613,0.613
0.613,0.613,0.613,0.613,0.613,0.613,0.613,0.613,0.613,0.613
0.613,0.613,0.613,0.613,0.613,0.613,0.613,0.613,0.613,0.613
0.613,0.613,0.613,0.613,0.613,0.613,0.613,0.613,0.613,0.613
0.613,0.613,0.613,0.613,0.613,0.613,0.613,0.613,0.613,0.613
0.613,0.613,0.613,0.613,0.613,0.613,0.613,0.613,0.613,0.613
0.613,0.613,0.613,0.613,0.613,0.613,0.613,0.613,0.613,0.613
0.613,0.613,0.613,0.613,0.613,0.613,0.613,0.613,0.613,0.613
0.613,0.613,0.613,0.613,0.613,0.613,0.613,0.613,0.613,0.613
0.613,0.613,0.613,0.613,0.613,0.613,0.613,0.613,0.613,0.613
0.613,0.613,0.613,0.613,0.613,0.613,0.613,0.613,0.613,0.613
0.613,0.613,0.613,0.613,0.613,0.613,0.613,0.613,0.613,0.613
0.613,0.613,0.613,0.613,0.613,0.613,0.613,0.613,0.613,0.613
0.613,0.613,0.613,0.613,0.613,0.613,0.613,0.613,0.613,0.613
0.613,0.613,0.613,0.613,0.613,0.613,0.613,0.613,0.613,0.613
0.613,0.613,0.613,0.613,0.613,0.613,0.613,0.613,0.613,0.613
0.613,0.613,0.613,0.613,0.613,0.613,0.613,0.613,0.613,0.613
0.613,0.613,0.613,0.613,0.613,0.613,0.613,0.613,0.613,0.613
0.613,0.613,0.613,0.613,0.613,0.613,0.613,0.613,0.613,0.613
0.613,0.613,0.613,0.613,0.613,0.613,0.613,0.613,0.613,0.613
0.613,0.613,0.613,0.613,0.613,0.613,0.613,0.613,0.613,0.613
0.613,0.613,0.613,0.613,0.613,0.613,0.613,0.613,0.613,0.613
0.613,0.613,0.613,0.613,0.613,0.613,0.613,0.613,0.613,0.613
0.613,0.613,0.613,0.613,0.613,0.613,0.613,0.613,0.613,0.613
0.613,0.613,0.613,0.613,0.613,0.613,0.613,0.613,0.613,0.613
0.613,0.613,0.613,0.613,0.613,0.613,0.613,0.613,0.613,0.613
0.613,0.613,0.613,0.613,0.613,0.613,0.613,0.613,0.613,0.613
0.613,0.613,0.613,0.613,0.613,0.613,0.613,0.613,0.613,0.613
0.613,0.613,0.613,0.613,0.613,0.613,0.613,0.613,0.613,0.613
0.613,0.613,0.613,0.613,0.613,0.613,0.613,0.613,0.613,0.613
0.613,0.613,0.613,0.613,0.613,0.613,0.613,0.613,0.613,0.613
0.613,0.613,0.613,0.613,0.613,0.613,0.613,0.613,0.613,0.613
0.613,0.613,0.613,0.613,0.613,0.613,0.613,0.613,0.613,1.884
0.613,0.613,0.613,0.613,0.613,0.613,0.613,0.613,1.884,1.975
0.613,0.613,0.613,0.613,0.613,0.613,0.613,1.884,1.975,4.203
0.613,0.613,0.613,0.613,0.613,0.613,1.884,1.975,4.203,4.793
0.613,0.613,0.613,0.613,0.613,1.884,1.975,4.203,4.793,3.396
0.613,0.613,0.613,0.613,1.884,1.975,4.203,4.793,3.396,1.278
0.613,0.613,0.613,1.884,1.975,4.203,4.793,3.396,1.278,1.364
0.613,0.613,1.884,1.975,4.203,4.793,3.396,1.278,1.364,1.886
0.613,1.884,1.975,4.203,4.793,3.396,1.278,1.364,1.886,1.881
1.884,1.975,4.203,4.793,3.396,1.278,1.364,1.886,1.881,4.028
1.975,4.203,4.793,3.396,1.278,1.364,1.886,1.881,4.028,3.249
4.203,4.793,3.396,1.278,1.364,1.886,1.881,4.028,3.249,3.08
4.793,3.396,1.278,1.364,1.886,1.881,4.028,3.249,3.08,8.243
3.396,1.278,1.364,1.886,1.881,4.028,3.249,3.08,8.243,10.315
1.278,1.364,1.886,1.881,4.028,3.249,3.08,8.243,10.315,9.07
1.364,1.886,1.881,4.028,3.249,3.08,8.243,10.315,9.07,6.858
1.886,1.881,4.028,3.249,3.08,8.243,10.315,9.07,6.858,3.977
1.881,4.028,3.249,3.08,8.243,10.315,9.07,6.858,3.977,3.206
4.028,3.249,3.08,8.243,10.315,9.07,6.858,3.977,3.206,3.145
3.249,3.08,8.243,10.315,9.07,6.858,3.977,3.206,3.145,1.651
3.08,8.243,10.315,9.07,6.858,3.977,3.206,3.145,1.651,1.646
8.243,10.315,9.07,6.858,3.977,3.206,3.145,1.651,1.646,1.726
10.315,9.07,6.858,3.977,3.206,3.145,1.651,1.646,1.726,1.387
9.07,6.858,3.977,3.206,3.145,1.651,1.646,1.726,1.387,2.03
6.858,3.977,3.206,3.145,1.651,1.646,1.726,1.387,2.03,1.101
3.977,3.206,3.145,1.651,1.646,1.726,1.387,2.03,1.101,1.814
3.206,3.145,1.651,1.646,1.726,1.387,2.03,1.101,1.814,1.188
3.145,1.651,1.646,1.726,1.387,2.03,1.101,1.814,1.188,1.181
1.651,1.646,1.726,1.387,2.03,1.101,1.814,1.188,1.181,2.572
1.646,1.726,1.387,2.03,1.101,1.814,1.188,1.181,2.572,6.657
1.726,1.387,2.03,1.101,1.814,1.188,1.181,2.572,6.657,4.002
1.387,2.03,1.101,1.814,1.188,1.181,2.572,6.657,4.002,2.572
2.03,1.101,1.814,1.188,1.181,2.572,6.657,4.002,2.572,2.571
1.101,1.814,1.188,1.181,2.572,6.657,4.002,2.572,2.571,2.596
1.814,1.188,1.181,2.572,6.657,4.002,2.572,2.571,2.596,2.481
1.188,1.181,2.572,6.657,4.002,2.572,2.571,2.596,2.481,4.023
1.181,2.572,6.657,4.002,2.572,2.571,2.596,2.481,4.023,3.939
2.572,6.657,4.002,2.572,2.571,2.596,2.481,4.023,3.939,3.321
6.657,4.002,2.572,2.571,2.596,2.481,4.023,3.939,3.321,3.982
4.002,2.572,2.571,2.596,2.481,4.023,3.939,3.321,3.982,9.13
2.572,2.571,2.596,2.481,4.023,3.939,3.321,3.982,9.13,10.006
2.571,2.596,2.481,4.023,3.939,3.321,3.982,9.13,10.006,7.794
2.596,2.481,4.023,3.939,3.321,3.982,9.13,10.006,7.794,5.521
2.481,4.023,3.939,3.321,3.982,9.13,10.006,7.794,5.521,4.841
4.023,3.939,3.321,3.982,9.13,10.006,7.794,5.521,4.841,4.834
3.939,3.321,3.982,9.13,10.006,7.794,5.521,4.841,4.834,3.384
3.321,3.982,9.13,10.006,7.794,5.521,4.841,4.834,3.384,2.573
3.982,9.13,10.006,7.794,5.521,4.841,4.834,3.384,2.573,3.265
9.13,10.006,7.794,5.521,4.841,4.834,3.384,2.573,3.265,2.544
10.006,7.794,5.521,4.841,4.834,3.384,2.573,3.265,2.544,2.514
7.794,5.521,4.841,4.834,3.384,2.573,3.265,2.544,2.514,2.531
5.521,4.841,4.834,3.384,2.573,3.265,2.544,2.514,2.531,4.866
4.841,4.834,3.384,2.573,3.265,2.544,2.514,2.531,4.866,11.895
4.834,3.384,2.573,3.265,2.544,2.514,2.531,4.866,11.895,11.157
3.384,2.573,3.265,2.544,2.514,2.531,4.866,11.895,11.157,9.879
2.573,3.265,2.544,2.514,2.531,4.866,11.895,11.157,9.879,15.016
3.265,2.544,2.514,2.531,4.866,11.895,11.157,9.879,15.016,24.777
2.544,2.514,2.531,4.866,11.895,11.157,9.879,15.016,24.777,27.527
2.514,2.531,4.866,11.895,11.157,9.879,15.016,24.777,27.527,20.966
2.531,4.866,11.895,11.157,9.879,15.016,24.777,27.527,20.966,29.395
4.866,11.895,11.157,9.879,15.016,24.777,27.527,20.966,29.395,21.81
11.895,11.157,9.879,15.016,24.777,27.527,20.966,29.395,21.81,14.107
11.157,9.879,15.016,24.777,27.527,20.966,29.395,21.81,14.107,11.709
9.879,15.016,24.777,27.527,20.966,29.395,21.81,14.107,11.709,10.112
15.016,24.777,27.527,20.966,29.395,21.81,14.107,11.709,10.112,5.777
24.777,27.527,20.966,29.395,21.81,14.107,11.709,10.112,5.777,5.49
27.527,20.966,29.395,21.81,14.107,11.709,10.112,5.777,5.49,5.856
20.966,29.395,21.81,14.107,11.709,10.112,5.777,5.49,5.856,11.062
29.395,21.81,14.107,11.709,10.112,5.777,5.49,5.856,11.062,16.373
21.81,14.107,11.709,10.112,5.777,5.49,5.856,11.062,16.373,14.992
14.107,11.709,10.112,5.777,5.49,5.856,11.062,16.373,14.992,11.826
11.709,10.112,5.777,5.49,5.856,11.062,16.373,14.992,11.826,7.654
10.112,5.777,5.49,5.856,11.062,16.373,14.992,11.826,7.654,7.778
5.777,5.49,5.856,11.062,16.373,14.992,11.826,7.654,7.778,7.049
5.49,5.856,11.062,16.373,14.992,11.826,7.654,7.778,7.049,6.977
5.856,11.062,16.373,14.992,11.826,7.654,7.778,7.049,6.977,6.233
11.062,16.373,14.992,11.826,7.654,7.778,7.049,6.977,6.233,5.752
16.373,14.992,11.826,7.654,7.778,7.049,6.977,6.233,5.752,5.673
14.992,11.826,7.654,7.778,7.049,6.977,6.233,5.752,5.673,4.282
11.826,7.654,7.778,7.049,6.977,6.233,5.752,5.673,4.282,5.098
7.654,7.778,7.049,6.977,6.233,5.752,5.673,4.282,5.098,3.57
7.778,7.049,6.977,6.233,5.752,5.673,4.282,5.098,3.57,4.427
7.049,6.977,6.233,5.752,5.673,4.282,5.098,3.57,4.427,4.115
6.977,6.233,5.752,5.673,4.282,5.098,3.57,4.427,4.115,3.945
6.233,5.752,5.673,4.282,5.098,3.57,4.427,4.115,3.945,3.12
5.752,5.673,4.282,5.098,3.57,4.427,4.115,3.945,3.12,4.027
5.673,4.282,5.098,3.57,4.427,4.115,3.945,3.12,4.027,4.084
4.282,5.098,3.57,4.427,4.115,3.945,3.12,4.027,4.084,3.377
5.098,3.57,4.427,4.115,3.945,3.12,4.027,4.084,3.377,3.864
3.57,4.427,4.115,3.945,3.12,4.027,4.084,3.377,3.864,3.449
4.427,4.115,3.945,3.12,4.027,4.084,3.377,3.864,3.449,3.46
4.115,3.945,3.12,4.027,4.084,3.377,3.864,3.449,3.46,2.801
3.945,3.12,4.027,4.084,3.377,3.864,3.449,3.46,2.801,3.46
3.12,4.027,4.084,3.377,3.864,3.449,3.46,2.801,3.46,3.453
4.027,4.084,3.377,3.864,3.449,3.46,2.801,3.46,3.453,3.451
4.084,3.377,3.864,3.449,3.46,2.801,3.46,3.453,3.451,2.702
3.377,3.864,3.449,3.46,2.801,3.46,3.453,3.451,2.702,2.807
3.864,3.449,3.46,2.801,3.46,3.453,3.451,2.702,2.807,2.414
3.449,3.46,2.801,3.46,3.453,3.451,2.702,2.807,2.414,2.415
3.46,2.801,3.46,3.453,3.451,2.702,2.807,2.414,2.415,3.041
2.801,3.46,3.453,3.451,2.702,2.807,2.414,2.415,3.041,3.131
3.46,3.453,3.451,2.702,2.807,2.414,2.415,3.041,3.131,4.363
3.453,3.451,2.702,2.807,2.414,2.415,3.041,3.131,4.363,10.096
3.451,2.702,2.807,2.414,2.415,3.041,3.131,4.363,10.096,9.489
2.702,2.807,2.414,2.415,3.041,3.131,4.363,10.096,9.489,7.496
2.807,2.414,2.415,3.041,3.131,4.363,10.096,9.489,7.496,6.71
2.414,2.415,3.041,3.131,4.363,10.096,9.489,7.496,6.71,4.632
2.415,3.041,3.131,4.363,10.096,9.489,7.496,6.71,4.632,5.902
3.041,3.131,4.363,10.096,9.489,7.496,6.71,4.632,5.902,5.873
3.131,4.363,10.096,9.489,7.496,6.71,4.632,5.902,5.873,4.403
4.363,10.096,9.489,7.496,6.71,4.632,5.902,5.873,4.403,4.446
10.096,9.489,7.496,6.71,4.632,5.902,5.873,4.403,4.446,3.655
9.489,7.496,6.71,4.632,5.902,5.873,4.403,4.446,3.655,3.694
7.496,6.71,4.632,5.902,5.873,4.403,4.446,3.655,3.694,3.509
6.71,4.632,5.902,5.873,4.403,4.446,3.655,3.694,3.509,4.101
4.632,5.902,5.873,4.403,4.446,3.655,3.694,3.509,4.101,6.026
5.902,5.873,4.403,4.446,3.655,3.694,3.509,4.101,6.026,5.371
5.873,4.403,4.446,3.655,3.694,3.509,4.101,6.026,5.371,4.114
4.403,4.446,3.655,3.694,3.509,4.101,6.026,5.371,4.114,4.021
4.446,3.655,3.694,3.509,4.101,6.026,5.371,4.114,4.021,3.464
3.655,3.694,3.509,4.101,6.026,5.371,4.114,4.021,3.464,4.075
3.694,3.509,4.101,6.026,5.371,4.114,4.021,3.464,4.075,3.36
3.509,4.101,6.026,5.371,4.114,4.021,3.464,4.075,3.36,4.078
4.101,6.026,5.371,4.114,4.021,3.464,4.075,3.36,4.078,5.339
6.026,5.371,4.114,4.021,3.464,4.075,3.36,4.078,5.339,5.457
5.371,4.114,4.021,3.464,4.075,3.36,4.078,5.339,5.457,4.859
4.114,4.021,3.464,4.075,3.36,4.078,5.339,5.457,4.859,4.867
4.021,3.464,4.075,3.36,4.078,5.339,5.457,4.859,4.867,10.15
3.464,4.075,3.36,4.078,5.339,5.457,4.859,4.867,10.15,9.609
4.075,3.36,4.078,5.339,5.457,4.859,4.867,10.15,9.609,8.037
3.36,4.078,5.339,5.457,4.859,4.867,10.15,9.609,8.037,6.843
4.078,5.339,5.457,4.859,4.867,10.15,9.609,8.037,6.843,5.453
5.339,5.457,4.859,4.867,10.15,9.609,8.037,6.843,5.453,4.041
5.457,4.859,4.867,10.15,9.609,8.037,6.843,5.453,4.041,4.224
4.859,4.867,10.15,9.609,8.037,6.843,5.453,4.041,4.224,6.134
4.867,10.15,9.609,8.037,6.843,5.453,4.041,4.224,6.134,6.828
10.15,9.609,8.037,6.843,5.453,4.041,4.224,6.134,6.828,6.076
9.609,8.037,6.843,5.453,4.041,4.224,6.134,6.828,6.076,4.837
8.037,6.843,5.453,4.041,4.224,6.134,6.828,6.076,4.837,4.837
6.843,5.453,4.041,4.224,6.134,6.828,6.076,4.837,4.837,4.822
5.453,4.041,4.224,6.134,6.828,6.076,4.837,4.837,4.822,3.5
4.041,4.224,6.134,6.828,6.076,4.837,4.837,4.822,3.5,3.36
4.224,6.134,6.828,6.076,4.837,4.837,4.822,3.5,3.36,4.066
6.134,6.828,6.076,4.837,4.837,4.822,3.5,3.36,4.066,4.018
6.828,6.076,4.837,4.837,4.822,3.5,3.36,4.066,4.018,3.405
6.076,4.837,4.837,4.822,3.5,3.36,4.066,4.018,3.405,8.85
4.837,4.837,4.822,3.5,3.36,4.066,4.018,3.405,8.85,8.066
4.837,4.822,3.5,3.36,4.066,4.018,3.405,8.85,8.066,5.47
4.822,3.5,3.36,4.066,4.018,3.405,8.85,8.066,5.47,4.832
3.5,3.36,4.066,4.018,3.405,8.85,8.066,5.47,4.832,3.387
3.36,4.066,4.018,3.405,8.85,8.066,5.47,4.832,3.387,3.36
4.066,4.018,3.405,8.85,8.066,5.47,4.832,3.387,3.36,4.066
4.018,3.405,8.85,8.066,5.47,4.832,3.387,3.36,4.066,4.018
3.405,8.85,8.066,5.47,4.832,3.387,3.36,4.066,4.018,4.467
8.85,8.066,5.47,4.832,3.387,3.36,4.066,4.018,4.467,6.781
8.066,5.47,4.832,3.387,3.36,4.066,4.018,4.467,6.781,14.382
5.47,4.832,3.387,3.36,4.066,4.018,4.467,6.781,14.382,10.5
4.832,3.387,3.36,4.066,4.018,4.467,6.781,14.382,10.5,6.6
3.387,3.36,4.066,4.018,4.467,6.781,14.382,10.5,6.6,6.235
3.36,4.066,4.018,4.467,6.781,14.382,10.5,6.6,6.235,4.811
4.066,4.018,4.467,6.781,14.382,10.5,6.6,6.235,4.811,4.028
4.018,4.467,6.781,14.382,10.5,6.6,6.235,4.811,4.028,3.927
4.467,6.781,14.382,10.5,6.6,6.235,4.811,4.028,3.927,4.019
6.781,14.382,10.5,6.6,6.235,4.811,4.028,3.927,4.019,4.668
14.382,10.5,6.6,6.235,4.811,4.028,3.927,4.019,4.668,4.039
10.5,6.6,6.235,4.811,4.028,3.927,4.019,4.668,4.039,3.973
6.6,6.235,4.811,4.028,3.927,4.019,4.668,4.039,3.973,4.691
6.235,4.811,4.028,3.927,4.019,4.668,4.039,3.973,4.691,4.119
4.811,4.028,3.927,4.019,4.668,4.039,3.973,4.691,4.119,3.481
4.028,3.927,4.019,4.668,4.039,3.973,4.691,4.119,3.481,4.695
3.927,4.019,4.668,4.039,3.973,4.691,4.119,3.481,4.695,9.614
4.019,4.668,4.039,3.973,4.691,4.119,3.481,4.695,9.614,9.564
4.668,4.039,3.973,4.691,4.119,3.481,4.695,9.614,9.564,11.954
4.039,3.973,4.691,4.119,3.481,4.695,9.614,9.564,11.954,6.964
3.973,4.691,4.119,3.481,4.695,9.614,9.564,11.954,6.964,5.243
4.691,4.119,3.481,4.695,9.614,9.564,11.954,6.964,5.243,4.595
4.119,3.481,4.695,9.614,9.564,11.954,6.964,5.243,4.595,5.183
3.481,4.695,9.614,9.564,11.954,6.964,5.243,4.595,5.183,4.923
4.695,9.614,9.564,11.954,6.964,5.243,4.595,5.183,4.923,6.701
9.614,9.564,11.954,6.964,5.243,4.595,5.183,4.923,6.701,6.399
9.564,11.954,6.964,5.243,4.595,5.183,4.923,6.701,6.399,21.096
11.954,6.964,5.243,4.595,5.183,4.923,6.701,6.399,21.096,25.967
6.964,5.243,4.595,5.183,4.923,6.701,6.399,21.096,25.967,15.243
5.243,4.595,5.183,4.923,6.701,6.399,21.096,25.967,15.243,16.724
4.595,5.183,4.923,6.701,6.399,21.096,25.967,15.243,16.724,9.596
5.183,4.923,6.701,6.399,21.096,25.967,15.243,16.724,9.596,10.21
4.923,6.701,6.399,21.096,25.967,15.243,16.724,9.596,10.21,11.647
6.701,6.399,21.096,25.967,15.243,16.724,9.596,10.21,11.647,8.279
6.399,21.096,25.967,15.243,16.724,9.596,10.21,11.647,8.279,10.137
21.096,25.967,15.243,16.724,9.596,10.21,11.647,8.279,10.137,10.033
25.967,15.243,16.724,9.596,10.21,11.647,8.279,10.137,10.033,9.367
15.243,16.724,9.596,10.21,11.647,8.279,10.137,10.033,9.367,6.74
16.724,9.596,10.21,11.647,8.279,10.137,10.033,9.367,6.74,6.833
9.596,10.21,11.647,8.279,10.137,10.033,9.367,6.74,6.833,6.729
10.21,11.647,8.279,10.137,10.033,9.367,6.74,6.833,6.729,6.235
11.647,8.279,10.137,10.033,9.367,6.74,6.833,6.729,6.235,5.436
8.279,10.137,10.033,9.367,6.74,6.833,6.729,6.235,5.436,5.54
10.137,10.033,9.367,6.74,6.833,6.729,6.235,5.436,5.54,5.529
10.033,9.367,6.74,6.833,6.729,6.235,5.436,5.54,5.529,5.444
9.367,6.74,6.833,6.729,6.235,5.436,5.54,5.529,5.444,4.857
6.74,6.833,6.729,6.235,5.436,5.54,5.529,5.444,4.857,5.534
6.833,6.729,6.235,5.436,5.54,5.529,5.444,4.857,5.534,5.529
6.729,6.235,5.436,5.54,5.529,5.444,4.857,5.534,5.529,4.945
6.235,5.436,5.54,5.529,5.444,4.857,5.534,5.529,4.945,5.651
5.436,5.54,5.529,5.444,4.857,5.534,5.529,4.945,5.651,4.161
5.54,5.529,5.444,4.857,5.534,5.529,4.945,5.651,4.161,6.982
5.529,5.444,4.857,5.534,5.529,4.945,5.651,4.161,6.982,4.945
5.444,4.857,5.534,5.529,4.945,5.651,4.161,6.982,4.945,4.32
4.857,5.534,5.529,4.945,5.651,4.161,6.982,4.945,4.32,4.169
5.534,5.529,4.945,5.651,4.161,6.982,4.945,4.32,4.169,4.933
5.529,4.945,5.651,4.161,6.982,4.945,4.32,4.169,4.933,3.602
4.945,5.651,4.161,6.982,4.945,4.32,4.169,4.933,3.602,4.313
5.651,4.161,6.982,4.945,4.32,4.169,4.933,3.602,4.313,4.22
4.161,6.982,4.945,4.32,4.169,4.933,3.602,4.313,4.22,4.313
6.982,4.945,4.32,4.169,4.933,3.602,4.313,4.22,4.313,5.539
4.945,4.32,4.169,4.933,3.602,4.313,4.22,4.313,5.539,4.313
4.32,4.169,4.933,3.602,4.313,4.22,4.313,5.539,4.313,4.324
4.169,4.933,3.602,4.313,4.22,4.313,5.539,4.313,4.324,4.933
4.933,3.602,4.313,4.22,4.313,5.539,4.313,4.324,4.933,3.602
3.602,4.313,4.22,4.313,5.539,4.313,4.324,4.933,3.602,4.208
4.313,4.22,4.313,5.539,4.313,4.324,4.933,3.602,4.208,4.337
4.22,4.313,5.539,4.313,4.324,4.933,3.602,4.208,4.337,3.611
4.313,5.539,4.313,4.324,4.933,3.602,4.208,4.337,3.611,4.227
5.539,4.313,4.324,4.933,3.602,4.208,4.337,3.611,4.227,3.557
4.313,4.324,4.933,3.602,4.208,4.337,3.611,4.227,3.557,3.548
4.324,4.933,3.602,4.208,4.337,3.611,4.227,3.557,3.548,4.991
4.933,3.602,4.208,4.337,3.611,4.227,3.557,3.548,4.991,5.026
3.602,4.208,4.337,3.611,4.227,3.557,3.548,4.991,5.026,4.16
4.208,4.337,3.611,4.227,3.557,3.548,4.991,5.026,4.16,3.484
4.337,3.611,4.227,3.557,3.548,4.991,5.026,4.16,3.484,3.913
3.611,4.227,3.557,3.548,4.991,5.026,4.16,3.484,3.913,3.809
4.227,3.557,3.548,4.991,5.026,4.16,3.484,3.913,3.809,4.725
3.557,3.548,4.991,5.026,4.16,3.484,3.913,3.809,4.725,3.168
3.548,4.991,5.026,4.16,3.484,3.913,3.809,4.725,3.168,3.844
4.991,5.026,4.16,3.484,3.913,3.809,4.725,3.168,3.844,3.277
5.026,4.16,3.484,3.913,3.809,4.725,3.168,3.844,3.277,3.185
4.16,3.484,3.913,3.809,4.725,3.168,3.844,3.277,3.185,3.197
3.484,3.913,3.809,4.725,3.168,3.844,3.277,3.185,3.197,2.385
3.913,3.809,4.725,3.168,3.844,3.277,3.185,3.197,2.385,3.184
3.809,4.725,3.168,3.844,3.277,3.185,3.197,2.385,3.184,3.35
4.725,3.168,3.844,3.277,3.185,3.197,2.385,3.184,3.35,3.246
3.168,3.844,3.277,3.185,3.197,2.385,3.184,3.35,3.246,2.508
3.844,3.277,3.185,3.197,2.385,3.184,3.35,3.246,2.508,3.268
3.277,3.185,3.197,2.385,3.184,3.35,3.246,2.508,3.268,1.84
3.185,3.197,2.385,3.184,3.35,3.246,2.508,3.268,1.84,2.626
3.197,2.385,3.184,3.35,3.246,2.508,3.268,1.84,2.626,2.529
2.385,3.184,3.35,3.246,2.508,3.268,1.84,2.626,2.529,2.609
3.184,3.35,3.246,2.508,3.268,1.84,2.626,2.529,2.609,3.346
3.35,3.246,2.508,3.268,1.84,2.626,2.529,2.609,3.346,3.383
3.246,2.508,3.268,1.84,2.626,2.529,2.609,3.346,3.383,3.371
2.508,3.268,1.84,2.626,2.529,2.609,3.346,3.383,3.371,2.62
3.268,1.84,2.626,2.529,2.609,3.346,3.383,3.371,2.62,3.377
1.84,2.626,2.529,2.609,3.346,3.383,3.371,2.62,3.377,3.89
2.626,2.529,2.609,3.346,3.383,3.371,2.62,3.377,3.89,3.315
2.529,2.609,3.346,3.383,3.371,2.62,3.377,3.89,3.315,2.516
2.609,3.346,3.383,3.371,2.62,3.377,3.89,3.315,2.516,2.612
3.346,3.383,3.371,2.62,3.377,3.89,3.315,2.516,2.612,1.808
3.383,3.371,2.62,3.377,3.89,3.315,2.516,2.612,1.808,1.81
3.371,2.62,3.377,3.89,3.315,2.516,2.612,1.808,1.81,2.458
2.62,3.377,3.89,3.315,2.516,2.612,1.808,1.81,2.458,3.292
3.377,3.89,3.315,2.516,2.612,1.808,1.81,2.458,3.292,5.234
3.89,3.315,2.516,2.612,1.808,1.81,2.458,3.292,5.234,5.13
3.315,2.516,2.612,1.808,1.81,2.458,3.292,5.234,5.13,4.301
2.516,2.612,1.808,1.81,2.458,3.292,5.234,5.13,4.301,2.866
2.612,1.808,1.81,2.458,3.292,5.234,5.13,4.301,2.866,2.773
1.808,1.81,2.458,3.292,5.234,5.13,4.301,2.866,2.773,2.074
1.81,2.458,3.292,5.234,5.13,4.301,2.866,2.773,2.074,2.086
2.458,3.292,5.234,5.13,4.301,2.866,2.773,2.074,2.086,4.102
3.292,5.234,5.13,4.301,2.866,2.773,2.074,2.086,4.102,4.82
5.234,5.13,4.301,2.866,2.773,2.074,2.086,4.102,4.82,2.933
5.13,4.301,2.866,2.773,2.074,2.086,4.102,4.82,2.933,2.063
4.301,2.866,2.773,2.074,2.086,4.102,4.82,2.933,2.063,2.067
2.866,2.773,2.074,2.086,4.102,4.82,2.933,2.063,2.067,5.171
2.773,2.074,2.086,4.102,4.82,2.933,2.063,2.067,5.171,6.669
2.074,2.086,4.102,4.82,2.933,2.063,2.067,5.171,6.669,5.257
2.086,4.102,4.82,2.933,2.063,2.067,5.171,6.669,5.257,2.862
4.102,4.82,2.933,2.063,2.067,5.171,6.669,5.257,2.862,2.859
4.82,2.933,2.063,2.067,5.171,6.669,5.257,2.862,2.859,2.164
2.933,2.063,2.067,5.171,6.669,5.257,2.862,2.859,2.164,3.692
2.063,2.067,5.171,6.669,5.257,2.862,2.859,2.164,3.692,2.974
2.067,5.171,6.669,5.257,2.862,2.859,2.164,3.692,2.974,2.895
5.171,6.669,5.257,2.862,2.859,2.164,3.692,2.974,2.895,3.602
6.669,5.257,2.862,2.859,2.164,3.692,2.974,2.895,3.602,2.074
5.257,2.862,2.859,2.164,3.692,2.974,2.895,3.602,2.074,2.896
2.862,2.859,2.164,3.692,2.974,2.895,3.602,2.074,2.896,1.264
2.859,2.164,3.692,2.974,2.895,3.602,2.074,2.896,1.264,2.54
2.164,3.692,2.974,2.895,3.602,2.074,2.896,1.264,2.54,2.545
3.692,2.974,2.895,3.602,2.074,2.896,1.264,2.54,2.545,1.771
2.974,2.895,3.602,2.074,2.896,1.264,2.54,2.545,1.771,2.908
2.895,3.602,2.074,2.896,1.264,2.54,2.545,1.771,2.908,2.792
3.602,2.074,2.896,1.264,2.54,2.545,1.771,2.908,2.792,2.334
2.074,2.896,1.264,2.54,2.545,1.771,2.908,2.792,2.334,2.62
2.896,1.264,2.54,2.545,1.771,2.908,2.792,2.334,2.62,1.44
1.264,2.54,2.545,1.771,2.908,2.792,2.334,2.62,1.44,2.146
2.54,2.545,1.771,2.908,2.792,2.334,2.62,1.44,2.146,1.908
2.545,1.771,2.908,2.792,2.334,2.62,1.44,2.146,1.908,1.44
1.771,2.908,2.792,2.334,2.62,1.44,2.146,1.908,1.44,1.44
2.908,2.792,2.334,2.62,1.44,2.146,1.908,1.44,1.44,1.533
2.792,2.334,2.62,1.44,2.146,1.908,1.44,1.44,1.533,1.44
2.334,2.62,1.44,2.146,1.908,1.44,1.44,1.533,1.44,1.533
2.62,1.44,2.146,1.908,1.44,1.44,1.533,1.44,1.533,1.533
1.44,2.146,1.908,1.44,1.44,1.533,1.44,1.533,1.533,1.44
2.146,1.908,1.44,1.44,1.533,1.44,1.533,1.533,1.44,1.533
1.908,1.44,1.44,1.533,1.44,1.533,1.533,1.44,1.533,1.44
1.44,1.44,1.533,1.44,1.533,1.533,1.44,1.533,1.44,1.44
1.44,1.533,1.44,1.533,1.533,1.44,1.533,1.44,1.44,2.25
1.533,1.44,1.533,1.533,1.44,1.533,1.44,1.44,2.25,3.662
1.44,1.533,1.533,1.44,1.533,1.44,1.44,2.25,3.662,3.886
1.533,1.533,1.44,1.533,1.44,1.44,2.25,3.662,3.886,3.076
1.533,1.44,1.533,1.44,1.44,2.25,3.662,3.886,3.076,2.266
1.44,1.533,1.44,1.44,2.25,3.662,3.886,3.076,2.266,2.37
1.533,1.44,1.44,2.25,3.662,3.886,3.076,2.266,2.37,2.254
1.44,1.44,2.25,3.662,3.886,3.076,2.266,2.37,2.254,2.382
1.44,2.25,3.662,3.886,3.076,2.266,2.37,2.254,2.382,2.27
2.25,3.662,3.886,3.076,2.266,2.37,2.254,2.382,2.27,2.945
3.662,3.886,3.076,2.266,2.37,2.254,2.382,2.27,2.945,3.08
3.886,3.076,2.266,2.37,2.254,2.382,2.27,2.945,3.08,3.08
3.076,2.266,2.37,2.254,2.382,2.27,2.945,3.08,3.08,1.575
2.266,2.37,2.254,2.382,2.27,2.945,3.08,3.08,1.575,1.44
2.37,2.254,2.382,2.27,2.945,3.08,3.08,1.575,1.44,1.43
2.254,2.382,2.27,2.945,3.08,3.08,1.575,1.44,1.43,1.44
2.382,2.27,2.945,3.08,3.08,1.575,1.44,1.43,1.44,0.734
2.27,2.945,3.08,3.08,1.575,1.44,1.43,1.44,0.734,1.44
2.945,3.08,3.08,1.575,1.44,1.43,1.44,0.734,1.44,0.623
3.08,3.08,1.575,1.44,1.43,1.44,0.734,1.44,0.623,1.44
3.08,1.575,1.44,1.43,1.44,0.734,1.44,0.623,1.44,0.746
1.575,1.44,1.43,1.44,0.734,1.44,0.623,1.44,0.746,1.433
1.44,1.43,1.44,0.734,1.44,0.623,1.44,0.746,1.433,0.623
1.43,1.44,0.734,1.44,0.623,1.44,0.746,1.433,0.623,0.596
1.44,0.734,1.44,0.623,1.44,0.746,1.433,0.623,0.596,0.932
0.734,1.44,0.623,1.44,0.746,1.433,0.623,0.596,0.932,0.932
1.44,0.623,1.44,0.746,1.433,0.623,0.596,0.932,0.932,0.932
0.623,1.44,0.746,1.433,0.623,0.596,0.932,0.932,0.932,0.747
1.44,0.746,1.433,0.623,0.596,0.932,0.932,0.932,0.747,0.641
0.746,1.433,0.623,0.596,0.932,0.932,0.932,0.747,0.641,0.747
1.433,0.623,0.596,0.932,0.932,0.932,0.747,0.641,0.747,0.637
0.623,0.596,0.932,0.932,0.932,0.747,0.641,0.747,0.637,1.44
0.596,0.932,0.932,0.932,0.747,0.641,0.747,0.637,1.44,0.75
0.932,0.932,0.932,0.747,0.641,0.747,0.637,1.44,0.75,1.44
0.932,0.932,0.747,0.641,0.747,0.637,1.44,0.75,1.44,1.433
0.932,0.747,0.641,0.747,0.637,1.44,0.75,1.44,1.433,0.63
0.747,0.641,0.747,0.637,1.44,0.75,1.44,1.433,0.63,2.933
0.641,0.747,0.637,1.44,0.75,1.44,1.433,0.63,2.933,2.25
0.747,0.637,1.44,0.75,1.44,1.433,0.63,2.933,2.25,0.864
0.637,1.44,0.75,1.44,1.433,0.63,2.933,2.25,0.864,0.864
1.44,0.75,1.44,1.433,0.63,2.933,2.25,0.864,0.864,0.864
0.75,1.44,1.433,0.63,2.933,2.25,0.864,0.864,0.864,0.864
1.44,1.433,0.63,2.933,2.25,0.864,0.864,0.864,0.864,1.44
1.433,0.63,2.933,2.25,0.864,0.864,0.864,0.864,1.44,1.44
0.63,2.933,2.25,0.864,0.864,0.864,0.864,1.44,1.44,2.204
2.933,2.25,0.864,0.864,0.864,0.864,1.44,1.44,2.204,1.486
2.25,0.864,0.864,0.864,0.864,1.44,1.44,2.204,1.486,0.63
0.864,0.864,0.864,0.864,1.44,1.44,2.204,1.486,0.63,0.641
0.864,0.864,0.864,1.44,1.44,2.204,1.486,0.63,0.641,0.757
0.864,0.864,1.44,1.44,2.204,1.486,0.63,0.641,0.757,1.552
0.864,1.44,1.44,2.204,1.486,0.63,0.641,0.757,1.552,0.87
1.44,1.44,2.204,1.486,0.63,0.641,0.757,1.552,0.87,1.465
1.44,2.204,1.486,0.63,0.641,0.757,1.552,0.87,1.465,1.336
2.204,1.486,0.63,0.641,0.757,1.552,0.87,1.465,1.336,1.356
1.486,0.63,0.641,0.757,1.552,0.87,1.465,1.336,1.356,2.177
0.63,0.641,0.757,1.552,0.87,1.465,1.336,1.356,2.177,2.126
0.641,0.757,1.552,0.87,1.465,1.336,1.356,2.177,2.126,1.366
0.757,1.552,0.87,1.465,1.336,1.356,2.177,2.126,1.366,1.357
1.552,0.87,1.465,1.336,1.356,2.177,2.126,1.366,1.357,2.028
0.87,1.465,1.336,1.356,2.177,2.126,1.366,1.357,2.028,0.607
1.465,1.336,1.356,2.177,2.126,1.366,1.357,2.028,0.607,1.495
1.336,1.356,2.177,2.126,1.366,1.357,2.028,0.607,1.495,1.449
1.356,2.177,2.126,1.366,1.357,2.028,0.607,1.495,1.449,1.564
2.177,2.126,1.366,1.357,2.028,0.607,1.495,1.449,1.564,1.637
2.126,1.366,1.357,2.028,0.607,1.495,1.449,1.564,1.637,1.564
1.366,1.357,2.028,0.607,1.495,1.449,1.564,1.637,1.564,1.553
1.357,2.028,0.607,1.495,1.449,1.564,1.637,1.564,1.553,1.655
2.028,0.607,1.495,1.449,1.564,1.637,1.564,1.553,1.655,1.544
0.607,1.495,1.449,1.564,1.637,1.564,1.553,1.655,1.544,0.939
1.495,1.449,1.564,1.637,1.564,1.553,1.655,1.544,0.939,1.533
1.449,1.564,1.637,1.564,1.553,1.655,1.544,0.939,1.533,0.875
1.564,1.637,1.564,1.553,1.655,1.544,0.939,1.533,0.875,0.841
1.637,1.564,1.553,1.655,1.544,0.939,1.533,0.875,0.841,0.775
1.564,1.553,1.655,1.544,0.939,1.533,0.875,0.841,0.775,0.807
1.553,1.655,1.544,0.939,1.533,0.875,0.841,0.775,0.807,0.831
1.655,1.544,0.939,1.533,0.875,0.841,0.775,0.807,0.831,0.936
1.544,0.939,1.533,0.875,0.841,0.775,0.807,0.831,0.936,0.814
0.939,1.533,0.875,0.841,0.775,0.807,0.831,0.936,0.814,1.525
1.533,0.875,0.841,0.775,0.807,0.831,0.936,0.814,1.525,1.549
0.875,0.841,0.775,0.807,0.831,0.936,0.814,1.525,1.549,1.549
0.841,0.775,0.807,0.831,0.936,0.814,1.525,1.549,1.549,1.549
0.775,0.807,0.831,0.936,0.814,1.525,1.549,1.549,1.549,0.912
0.807,0.831,0.936,0.814,1.525,1.549,1.549,1.549,0.912,2.162
0.831,0.936,0.814,1.525,1.549,1.549,1.549,0.912,2.162,2.278
0.936,0.814,1.525,1.549,1.549,1.549,0.912,2.162,2.278,1.513
0.814,1.525,1.549,1.549,1.549,0.912,2.162,2.278,1.513,1.537
1.525,1.549,1.549,1.549,0.912,2.162,2.278,1.513,1.537,2.862
1.549,1.549,1.549,0.912,2.162,2.278,1.513,1.537,2.862,2.843
1.549,1.549,0.912,2.162,2.278,1.513,1.537,2.862,2.843,1.525
1.549,0.912,2.162,2.278,1.513,1.537,2.862,2.843,1.525,2.243
0.912,2.162,2.278,1.513,1.537,2.862,2.843,1.525,2.243,1.476
2.162,2.278,1.513,1.537,2.862,2.843,1.525,2.243,1.476,2.057
2.278,1.513,1.537,2.862,2.843,1.525,2.243,1.476,2.057,1.953
1.513,1.537,2.862,2.843,1.525,2.243,1.476,2.057,1.953,1.406
1.537,2.862,2.843,1.525,2.243,1.476,2.057,1.953,1.406,1.433
2.862,2.843,1.525,2.243,1.476,2.057,1.953,1.406,1.433,2.124
2.843,1.525,2.243,1.476,2.057,1.953,1.406,1.433,2.124,1.44
1.525,2.243,1.476,2.057,1.953,1.406,1.433,2.124,1.44,2.151
2.243,1.476,2.057,1.953,1.406,1.433,2.124,1.44,2.151,1.348
1.476,2.057,1.953,1.406,1.433,2.124,1.44,2.151,1.348,1.341
2.057,1.953,1.406,1.433,2.124,1.44,2.151,1.348,1.341,1.409
1.953,1.406,1.433,2.124,1.44,2.151,1.348,1.341,1.409,1.315
1.406,1.433,2.124,1.44,2.151,1.348,1.341,1.409,1.315,1.558
1.433,2.124,1.44,2.151,1.348,1.341,1.409,1.315,1.558,1.558
2.124,1.44,2.151,1.348,1.341,1.409,1.315,1.558,1.558,1.558
1.44,2.151,1.348,1.341,1.409,1.315,1.558,1.558,1.558,1.558
2.151,1.348,1.341,1.409,1.315,1.558,1.558,1.558,1.558,1.122
1.348,1.341,1.409,1.315,1.558,1.558,1.558,1.558,1.122,1.113
1.341,1.409,1.315,1.558,1.558,1.558,1.558,1.122,1.113,1.25
1.409,1.315,1.558,1.558,1.558,1.558,1.122,1.113,1.25,1.157
1.315,1.558,1.558,1.558,1.558,1.122,1.113,1.25,1.157,1.875
1.558,1.558,1.558,1.558,1.122,1.113,1.25,1.157,1.875,1.192
1.558,1.558,1.558,1.122,1.113,1.25,1.157,1.875,1.192,1.828
1.558,1.558,1.122,1.113,1.25,1.157,1.875,1.192,1.828,1.134
1.558,1.122,1.113,1.25,1.157,1.875,1.192,1.828,1.134,1.037
1.122,1.113,1.25,1.157,1.875,1.192,1.828,1.134,1.037,1.163
1.113,1.25,1.157,1.875,1.192,1.828,1.134,1.037,1.163,1.134
1.25,1.157,1.875,1.192,1.828,1.134,1.037,1.163,1.134,1.134
1.157,1.875,1.192,1.828,1.134,1.037,1.163,1.134,1.134,1.163
1.875,1.192,1.828,1.134,1.037,1.163,1.134,1.134,1.163,1.175
1.192,1.828,1.134,1.037,1.163,1.134,1.134,1.163,1.175,1.93
1.828,1.134,1.037,1.163,1.134,1.134,1.163,1.175,1.93,1.25
1.134,1.037,1.163,1.134,1.134,1.163,1.175,1.93,1.25,1.171
1.037,1.163,1.134,1.134,1.163,1.175,1.93,1.25,1.171,1.1
1.163,1.134,1.134,1.163,1.175,1.93,1.25,1.171,1.1,1.918
1.134,1.134,1.163,1.175,1.93,1.25,1.171,1.1,1.918,1.2
1.134,1.163,1.175,1.93,1.25,1.171,1.1,1.918,1.2,1.2
1.163,1.175,1.93,1.25,1.171,1.1,1.918,1.2,1.2,2.653
1.175,1.93,1.25,1.171,1.1,1.918,1.2,1.2,2.653,3.977
1.93,1.25,1.171,1.1,1.918,1.2,1.2,2.653,3.977,3.249
1.25,1.171,1.1,1.918,1.2,1.2,2.653,3.977,3.249,2.581
1.171,1.1,1.918,1.2,1.2,2.653,3.977,3.249,2.581,1.814
1.1,1.918,1.2,1.2,2.653,3.977,3.249,2.581,1.814,1.186
1.918,1.2,1.2,2.653,3.977,3.249,2.581,1.814,1.186,1.852
1.2,1.2,2.653,3.977,3.249,2.581,1.814,1.186,1.852,1.059
1.2,2.653,3.977,3.249,2.581,1.814,1.186,1.852,1.059,1.175
2.653,3.977,3.249,2.581,1.814,1.186,1.852,1.059,1.175,1.285
3.977,3.249,2.581,1.814,1.186,1.852,1.059,1.175,1.285,1.215
3.249,2.581,1.814,1.186,1.852,1.059,1.175,1.285,1.215,1.25
2.581,1.814,1.186,1.852,1.059,1.175,1.285,1.215,1.25,1.262
1.814,1.186,1.852,1.059,1.175,1.285,1.215,1.25,1.262,1.25
1.186,1.852,1.059,1.175,1.285,1.215,1.25,1.262,1.25,1.25
1.852,1.059,1.175,1.285,1.215,1.25,1.262,1.25,1.25,1.262
1.059,1.175,1.285,1.215,1.25,1.262,1.25,1.25,1.262,1.829
1.175,1.285,1.215,1.25,1.262,1.25,1.25,1.262,1.829,1.944
1.285,1.215,1.25,1.262,1.25,1.25,1.262,1.829,1.944,1.123
1.215,1.25,1.262,1.25,1.25,1.262,1.829,1.944,1.123,1.146
1.25,1.262,1.25,1.25,1.262,1.829,1.944,1.123,1.146,1.192
1.262,1.25,1.25,1.262,1.829,1.944,1.123,1.146,1.192,1.204
1.25,1.25,1.262,1.829,1.944,1.123,1.146,1.192,1.204,1.204
1.25,1.262,1.829,1.944,1.123,1.146,1.192,1.204,1.204,1.84
1.262,1.829,1.944,1.123,1.146,1.192,1.204,1.204,1.84,1.944
1.829,1.944,1.123,1.146,1.192,1.204,1.204,1.84,1.944,1.204
1.944,1.123,1.146,1.192,1.204,1.204,1.84,1.944,1.204,1.84
1.123,1.146,1.192,1.204,1.204,1.84,1.944,1.204,1.84,1.215
1.146,1.192,1.204,1.204,1.84,1.944,1.204,1.84,1.215,1.944
1.192,1.204,1.204,1.84,1.944,1.204,1.84,1.215,1.944,2.581
1.204,1.204,1.84,1.944,1.204,1.84,1.215,1.944,2.581,1.852
1.204,1.84,1.944,1.204,1.84,1.215,1.944,2.581,1.852,1.84
1.84,1.944,1.204,1.84,1.215,1.944,2.581,1.852,1.84,1.956
1.944,1.204,1.84,1.215,1.944,2.581,1.852,1.84,1.956,5.313
1.204,1.84,1.215,1.944,2.581,1.852,1.84,1.956,5.313,5.289
1.84,1.215,1.944,2.581,1.852,1.84,1.956,5.313,5.289,4.465
1.215,1.944,2.581,1.852,1.84,1.956,5.313,5.289,4.465,3.076
1.944,2.581,1.852,1.84,1.956,5.313,5.289,4.465,3.076,1.687
2.581,1.852,1.84,1.956,5.313,5.289,4.465,3.076,1.687,2.917
1.852,1.84,1.956,5.313,5.289,4.465,3.076,1.687,2.917,2.211
1.84,1.956,5.313,5.289,4.465,3.076,1.687,2.917,2.211,2.393
1.956,5.313,5.289,4.465,3.076,1.687,2.917,2.211,2.393,2.223
5.313,5.289,4.465,3.076,1.687,2.917,2.211,2.393,2.223,1.016
5.289,4.465,3.076,1.687,2.917,2.211,2.393,2.223,1.016,1.027
4.465,3.076,1.687,2.917,2.211,2.393,2.223,1.016,1.027,2.234
3.076,1.687,2.917,2.211,2.393,2.223,1.016,1.027,2.234,1.71
1.687,2.917,2.211,2.393,2.223,1.016,1.027,2.234,1.71,3.6
2.917,2.211,2.393,2.223,1.016,1.027,2.234,1.71,3.6,7.173
2.211,2.393,2.223,1.016,1.027,2.234,1.71,3.6,7.173,9.098
2.393,2.223,1.016,1.027,2.234,1.71,3.6,7.173,9.098,5.842
2.223,1.016,1.027,2.234,1.71,3.6,7.173,9.098,5.842,4.294
1.016,1.027,2.234,1.71,3.6,7.173,9.098,5.842,4.294,3.77
1.027,2.234,1.71,3.6,7.173,9.098,5.842,4.294,3.77,2.77
2.234,1.71,3.6,7.173,9.098,5.842,4.294,3.77,2.77,2.738
1.71,3.6,7.173,9.098,5.842,4.294,3.77,2.77,2.738,2.663
3.6,7.173,9.098,5.842,4.294,3.77,2.77,2.738,2.663,3.18
7.173,9.098,5.842,4.294,3.77,2.77,2.738,2.663,3.18,3.822
9.098,5.842,4.294,3.77,2.77,2.738,2.663,3.18,3.822,4.777
5.842,4.294,3.77,2.77,2.738,2.663,3.18,3.822,4.777,5.933
4.294,3.77,2.77,2.738,2.663,3.18,3.822,4.777,5.933,4.462
3.77,2.77,2.738,2.663,3.18,3.822,4.777,5.933,4.462,3.797
2.77,2.738,2.663,3.18,3.822,4.777,5.933,4.462,3.797,4.833
2.738,2.663,3.18,3.822,4.777,5.933,4.462,3.797,4.833,4.118
2.663,3.18,3.822,4.777,5.933,4.462,3.797,4.833,4.118,3.494
3.18,3.822,4.777,5.933,4.462,3.797,4.833,4.118,3.494,3.492
3.822,4.777,5.933,4.462,3.797,4.833,4.118,3.494,3.492,2.793
4.777,5.933,4.462,3.797,4.833,4.118,3.494,3.492,2.793,2.06
5.933,4.462,3.797,4.833,4.118,3.494,3.492,2.793,2.06,2.07
4.462,3.797,4.833,4.118,3.494,3.492,2.793,2.06,2.07,2.753
3.797,4.833,4.118,3.494,3.492,2.793,2.06,2.07,2.753,2.07
4.833,4.118,3.494,3.492,2.793,2.06,2.07,2.753,2.07,7.575
4.118,3.494,3.492,2.793,2.06,2.07,2.753,2.07,7.575,5.181
3.494,3.492,2.793,2.06,2.07,2.753,2.07,7.575,5.181,3.396
3.492,2.793,2.06,2.07,2.753,2.07,7.575,5.181,3.396,3.413
2.793,2.06,2.07,2.753,2.07,7.575,5.181,3.396,3.413,2.811
2.06,2.07,2.753,2.07,7.575,5.181,3.396,3.413,2.811,2.791
2.07,2.753,2.07,7.575,5.181,3.396,3.413,2.811,2.791,1.522
2.753,2.07,7.575,5.181,3.396,3.413,2.811,2.791,1.522,2.143
2.07,7.575,5.181,3.396,3.413,2.811,2.791,1.522,2.143,2.735
7.575,5.181,3.396,3.413,2.811,2.791,1.522,2.143,2.735,2.139
5.181,3.396,3.413,2.811,2.791,1.522,2.143,2.735,2.139,2.103
3.396,3.413,2.811,2.791,1.522,2.143,2.735,2.139,2.103,7.839
3.413,2.811,2.791,1.522,2.143,2.735,2.139,2.103,7.839,18.738
2.811,2.791,1.522,2.143,2.735,2.139,2.103,7.839,18.738,18.143
2.791,1.522,2.143,2.735,2.139,2.103,7.839,18.738,18.143,15.436
1.522,2.143,2.735,2.139,2.103,7.839,18.738,18.143,15.436,12.114
2.143,2.735,2.139,2.103,7.839,18.738,18.143,15.436,12.114,8.572
2.735,2.139,2.103,7.839,18.738,18.143,15.436,12.114,8.572,8.043
2.139,2.103,7.839,18.738,18.143,15.436,12.114,8.572,8.043,6.668
2.103,7.839,18.738,18.143,15.436,12.114,8.572,8.043,6.668,6.293
7.839,18.738,18.143,15.436,12.114,8.572,8.043,6.668,6.293,4.084
18.738,18.143,15.436,12.114,8.572,8.043,6.668,6.293,4.084,6.115
18.143,15.436,12.114,8.572,8.043,6.668,6.293,4.084,6.115,7.636
15.436,12.114,8.572,8.043,6.668,6.293,4.084,6.115,7.636,5.97
12.114,8.572,8.043,6.668,6.293,4.084,6.115,7.636,5.97,5.484
8.572,8.043,6.668,6.293,4.084,6.115,7.636,5.97,5.484,4.803
8.043,6.668,6.293,4.084,6.115,7.636,5.97,5.484,4.803,4.135
6.668,6.293,4.084,6.115,7.636,5.97,5.484,4.803,4.135,4.13
6.293,4.084,6.115,7.636,5.97,5.484,4.803,4.135,4.13,4.818
4.084,6.115,7.636,5.97,5.484,4.803,4.135,4.13,4.818,6.827
6.115,7.636,5.97,5.484,4.803,4.135,4.13,4.818,6.827,5.525
7.636,5.97,5.484,4.803,4.135,4.13,4.818,6.827,5.525,4.825
5.97,5.484,4.803,4.135,4.13,4.818,6.827,5.525,4.825,5.536
5.484,4.803,4.135,4.13,4.818,6.827,5.525,4.825,5.536,5.468
4.803,4.135,4.13,4.818,6.827,5.525,4.825,5.536,5.468,5.487
4.135,4.13,4.818,6.827,5.525,4.825,5.536,5.468,5.487,4.119
4.13,4.818,6.827,5.525,4.825,5.536,5.468,5.487,4.119,3.508
4.818,6.827,5.525,4.825,5.536,5.468,5.487,4.119,3.508,4.858
6.827,5.525,4.825,5.536,5.468,5.487,4.119,3.508,4.858,9.288
5.525,4.825,5.536,5.468,5.487,4.119,3.508,4.858,9.288,8.609
4.825,5.536,5.468,5.487,4.119,3.508,4.858,9.288,8.609,6.62
5.536,5.468,5.487,4.119,3.508,4.858,9.288,8.609,6.62,4.825
5.468,5.487,4.119,3.508,4.858,9.288,8.609,6.62,4.825,5.543
5.487,4.119,3.508,4.858,9.288,8.609,6.62,4.825,5.543,8.196
4.119,3.508,4.858,9.288,8.609,6.62,4.825,5.543,8.196,8.197
3.508,4.858,9.288,8.609,6.62,4.825,5.543,8.196,8.197,8.259
4.858,9.288,8.609,6.62,4.825,5.543,8.196,8.197,8.259,11.62
9.288,8.609,6.62,4.825,5.543,8.196,8.197,8.259,11.62,9.336
8.609,6.62,4.825,5.543,8.196,8.197,8.259,11.62,9.336,7.25
6.62,4.825,5.543,8.196,8.197,8.259,11.62,9.336,7.25,7.789
4.825,5.543,8.196,8.197,8.259,11.62,9.336,7.25,7.789,8.714
5.543,8.196,8.197,8.259,11.62,9.336,7.25,7.789,8.714,9.348
8.196,8.197,8.259,11.62,9.336,7.25,7.789,8.714,9.348,8.973
8.197,8.259,11.62,9.336,7.25,7.789,8.714,9.348,8.973,8.992
8.259,11.62,9.336,7.25,7.789,8.714,9.348,8.973,8.992,7.523
11.62,9.336,7.25,7.789,8.714,9.348,8.973,8.992,7.523,7.464
9.336,7.25,7.789,8.714,9.348,8.973,8.992,7.523,7.464,8.597
7.25,7.789,8.714,9.348,8.973,8.992,7.523,7.464,8.597,14.237
7.789,8.714,9.348,8.973,8.992,7.523,7.464,8.597,14.237,11.335
8.714,9.348,8.973,8.992,7.523,7.464,8.597,14.237,11.335,13.516
9.348,8.973,8.992,7.523,7.464,8.597,14.237,11.335,13.516,12.036
8.973,8.992,7.523,7.464,8.597,14.237,11.335,13.516,12.036,9.266
8.992,7.523,7.464,8.597,14.237,11.335,13.516,12.036,9.266,7.317
7.523,7.464,8.597,14.237,11.335,13.516,12.036,9.266,7.317,6.601
7.464,8.597,14.237,11.335,13.516,12.036,9.266,7.317,6.601,5.933
8.597,14.237,11.335,13.516,12.036,9.266,7.317,6.601,5.933,5.889
14.237,11.335,13.516,12.036,9.266,7.317,6.601,5.933,5.889,5.429
11.335,13.516,12.036,9.266,7.317,6.601,5.933,5.889,5.429,6.036
13.516,12.036,9.266,7.317,6.601,5.933,5.889,5.429,6.036,6.57
12.036,9.266,7.317,6.601,5.933,5.889,5.429,6.036,6.57,6.66
9.266,7.317,6.601,5.933,5.889,5.429,6.036,6.57,6.66,6.057
7.317,6.601,5.933,5.889,5.429,6.036,6.57,6.66,6.057,8.104
6.601,5.933,5.889,5.429,6.036,6.57,6.66,6.057,8.104,14.792
5.933,5.889,5.429,6.036,6.57,6.66,6.057,8.104,14.792,17.201
5.889,5.429,6.036,6.57,6.66,6.057,8.104,14.792,17.201,10.563
5.429,6.036,6.57,6.66,6.057,8.104,14.792,17.201,10.563,8.25
6.036,6.57,6.66,6.057,8.104,14.792,17.201,10.563,8.25,7.049
6.57,6.66,6.057,8.104,14.792,17.201,10.563,8.25,7.049,6.182
6.66,6.057,8.104,14.792,17.201,10.563,8.25,7.049,6.182,6.246
6.057,8.104,14.792,17.201,10.563,8.25,7.049,6.182,6.246,4.669
8.104,14.792,17.201,10.563,8.25,7.049,6.182,6.246,4.669,5.455
14.792,17.201,10.563,8.25,7.049,6.182,6.246,4.669,5.455,5.445
17.201,10.563,8.25,7.049,6.182,6.246,4.669,5.455,5.445,4.78
10.563,8.25,7.049,6.182,6.246,4.669,5.455,5.445,4.78,4.713
8.25,7.049,6.182,6.246,4.669,5.455,5.445,4.78,4.713,4.724
7.049,6.182,6.246,4.669,5.455,5.445,4.78,4.713,4.724,5.481
6.182,6.246,4.669,5.455,5.445,4.78,4.713,4.724,5.481,4.68
6.246,4.669,5.455,5.445,4.78,4.713,4.724,5.481,4.68,5.421
4.669,5.455,5.445,4.78,4.713,4.724,5.481,4.68,5.421,4.788
5.455,5.445,4.78,4.713,4.724,5.481,4.68,5.421,4.788,3.988
5.445,4.78,4.713,4.724,5.481,4.68,5.421,4.788,3.988,5.115
4.78,4.713,4.724,5.481,4.68,5.421,4.788,3.988,5.115,3.963
4.713,4.724,5.481,4.68,5.421,4.788,3.988,5.115,3.963,4.771
4.724,5.481,4.68,5.421,4.788,3.988,5.115,3.963,4.771,3.995
5.481,4.68,5.421,4.788,3.988,5.115,3.963,4.771,3.995,3.973
4.68,5.421,4.788,3.988,5.115,3.963,4.771,3.995,3.973,3.166
5.421,4.788,3.988,5.115,3.963,4.771,3.995,3.973,3.166,3.961
4.788,3.988,5.115,3.963,4.771,3.995,3.973,3.166,3.961,3.272
3.988,5.115,3.963,4.771,3.995,3.973,3.166,3.961,3.272,3.95
5.115,3.963,4.771,3.995,3.973,3.166,3.961,3.272,3.95,3.14
3.963,4.771,3.995,3.973,3.166,3.961,3.272,3.95,3.14,3.181
4.771,3.995,3.973,3.166,3.961,3.272,3.95,3.14,3.181,3.3
3.995,3.973,3.166,3.961,3.272,3.95,3.14,3.181,3.3,3.311
3.973,3.166,3.961,3.272,3.95,3.14,3.181,3.3,3.311,2.566
3.166,3.961,3.272,3.95,3.14,3.181,3.3,3.311,2.566,4.815
3.961,3.272,3.95,3.14,3.181,3.3,3.311,2.566,4.815,4.805
3.272,3.95,3.14,3.181,3.3,3.311,2.566,4.815,4.805,3.309
3.95,3.14,3.181,3.3,3.311,2.566,4.815,4.805,3.309,3.306
3.14,3.181,3.3,3.311,2.566,4.815,4.805,3.309,3.306,2.602
3.181,3.3,3.311,2.566,4.815,4.805,3.309,3.306,2.602,2.513
3.3,3.311,2.566,4.815,4.805,3.309,3.306,2.602,2.513,2.649
3.311,2.566,4.815,4.805,3.309,3.306,2.602,2.513,2.649,3.466
2.566,4.815,4.805,3.309,3.306,2.602,2.513,2.649,3.466,2.629
4.815,4.805,3.309,3.306,2.602,2.513,2.649,3.466,2.629,3.36
4.805,3.309,3.306,2.602,2.513,2.649,3.466,2.629,3.36,1.943
3.309,3.306,2.602,2.513,2.649,3.466,2.629,3.36,1.943,1.596
3.306,2.602,2.513,2.649,3.466,2.629,3.36,1.943,1.596,1.593
2.602,2.513,2.649,3.466,2.629,3.36,1.943,1.596,1.593,1.581
2.513,2.649,3.466,2.629,3.36,1.943,1.596,1.593,1.581,1.596
2.649,3.466,2.629,3.36,1.943,1.596,1.593,1.581,1.596,1.596
3.466,2.629,3.36,1.943,1.596,1.593,1.581,1.596,1.596,1.564
2.629,3.36,1.943,1.596,1.593,1.581,1.596,1.596,1.564,2.289
3.36,1.943,1.596,1.593,1.581,1.596,1.596,1.564,2.289,2.328
1.943,1.596,1.593,1.581,1.596,1.596,1.564,2.289,2.328,1.629
1.596,1.593,1.581,1.596,1.596,1.564,2.289,2.328,1.629,3.099
1.593,1.581,1.596,1.596,1.564,2.289,2.328,1.629,3.099,1.586
1.581,1.596,1.596,1.564,2.289,2.328,1.629,3.099,1.586,1.605
1.596,1.596,1.564,2.289,2.328,1.629,3.099,1.586,1.605,1.591
1.596,1.564,2.289,2.328,1.629,3.099,1.586,1.605,1.591,1.598
1.564,2.289,2.328,1.629,3.099,1.586,1.605,1.591,1.598,2.322
2.289,2.328,1.629,3.099,1.586,1.605,1.591,1.598,2.322,1.596
2.328,1.629,3.099,1.586,1.605,1.591,1.598,2.322,1.596,1.556
1.629,3.099,1.586,1.605,1.591,1.598,2.322,1.596,1.556,1.583
3.099,1.586,1.605,1.591,1.598,2.322,1.596,1.556,1.583,1.581
1.586,1.605,1.591,1.598,2.322,1.596,1.556,1.583,1.581,2.37
1.605,1.591,1.598,2.322,1.596,1.556,1.583,1.581,2.37,1.586
1.591,1.598,2.322,1.596,1.556,1.583,1.581,2.37,1.586,1.6
1.598,2.322,1.596,1.556,1.583,1.581,2.37,1.586,1.6,1.591
2.322,1.596,1.556,1.583,1.581,2.37,1.586,1.6,1.591,0.804
1.596,1.556,1.583,1.581,2.37,1.586,1.6,1.591,0.804,2.36
1.556,1.583,1.581,2.37,1.586,1.6,1.591,0.804,2.36,2.352
1.583,1.581,2.37,1.586,1.6,1.591,0.804,2.36,2.352,1.605
1.581,2.37,1.586,1.6,1.591,0.804,2.36,2.352,1.605,1.608
2.37,1.586,1.6,1.591,0.804,2.36,2.352,1.605,1.608,1.55
1.586,1.6,1.591,0.804,2.36,2.352,1.605,1.608,1.55,1.639
1.6,1.591,0.804,2.36,2.352,1.605,1.608,1.55,1.639,2.416
1.591,0.804,2.36,2.352,1.605,1.608,1.55,1.639,2.416,0.855
0.804,2.36,2.352,1.605,1.608,1.55,1.639,2.416,0.855,1.62
2.36,2.352,1.605,1.608,1.55,1.639,2.416,0.855,1.62,2.906
2.352,1.605,1.608,1.55,1.639,2.416,0.855,1.62,2.906,2.246
1.605,1.608,1.55,1.639,2.416,0.855,1.62,2.906,2.246,0.856
1.608,1.55,1.639,2.416,0.855,1.62,2.906,2.246,0.856,1.64
1.55,1.639,2.416,0.855,1.62,2.906,2.246,0.856,1.64,0.866
1.639,2.416,0.855,1.62,2.906,2.246,0.856,1.64,0.866,0.866
2.416,0.855,1.62,2.906,2.246,0.856,1.64,0.866,0.866,1.62
0.855,1.62,2.906,2.246,0.856,1.64,0.866,0.866,1.62,0.856
1.62,2.906,2.246,0.856,1.64,0.866,0.866,1.62,0.856,0.868
2.906,2.246,0.856,1.64,0.866,0.866,1.62,0.856,0.868,0.8
2.246,0.856,1.64,0.866,0.866,1.62,0.856,0.868,0.8,0.8
0.856,1.64,0.866,0.866,1.62,0.856,0.868,0.8,0.8,0.8
1.64,0.866,0.866,1.62,0.856,0.868,0.8,0.8,0.8,0.8
0.866,0.866,1.62,0.856,0.868,0.8,0.8,0.8,0.8,0.82
0.866,1.62,0.856,0.868,0.8,0.8,0.8,0.8,0.82,0.82
1.62,0.856,0.868,0.8,0.8,0.8,0.8,0.82,0.82,0.82
0.856,0.868,0.8,0.8,0.8,0.8,0.82,0.82,0.82,0.81
0.868,0.8,0.8,0.8,0.8,0.82,0.82,0.82,0.81,0.81
0.8,0.8,0.8,0.8,0.82,0.82,0.82,0.81,0.81,2.326
0.8,0.8,0.8,0.82,0.82,0.82,0.81,0.81,2.326,0.779
0.8,0.8,0.82,0.82,0.82,0.81,0.81,2.326,0.779,1.564
0.8,0.82,0.82,0.82,0.81,0.81,2.326,0.779,1.564,0.789
0.82,0.82,0.82,0.81,0.81,2.326,0.779,1.564,0.789,0.784
0.82,0.82,0.81,0.81,2.326,0.779,1.564,0.789,0.784,2.272
0.82,0.81,0.81,2.326,0.779,1.564,0.789,0.784,2.272,3.96
0.81,0.81,2.326,0.779,1.564,0.789,0.784,2.272,3.96,1.493
0.81,2.326,0.779,1.564,0.789,0.784,2.272,3.96,1.493,3.134
2.326,0.779,1.564,0.789,0.784,2.272,3.96,1.493,3.134,1.525
0.779,1.564,0.789,0.784,2.272,3.96,1.493,3.134,1.525,1.554
1.564,0.789,0.784,2.272,3.96,1.493,3.134,1.525,1.554,1.594
0.789,0.784,2.272,3.96,1.493,3.134,1.525,1.554,1.594,2.401
0.784,2.272,3.96,1.493,3.134,1.525,1.554,1.594,2.401,3.85
2.272,3.96,1.493,3.134,1.525,1.554,1.594,2.401,3.85,1.616
3.96,1.493,3.134,1.525,1.554,1.594,2.401,3.85,1.616,1.241
1.493,3.134,1.525,1.554,1.594,2.401,3.85,1.616,1.241,1.591
3.134,1.525,1.554,1.594,2.401,3.85,1.616,1.241,1.591,0.46
1.525,1.554,1.594,2.401,3.85,1.616,1.241,1.591,0.46,1.584
1.554,1.594,2.401,3.85,1.616,1.241,1.591,0.46,1.584,0.794
1.594,2.401,3.85,1.616,1.241,1.591,0.46,1.584,0.794,1.565
2.401,3.85,1.616,1.241,1.591,0.46,1.584,0.794,1.565,0.799
3.85,1.616,1.241,1.591,0.46,1.584,0.794,1.565,0.799,2.407
1.616,1.241,1.591,0.46,1.584,0.794,1.565,0.799,2.407,2.348
1.241,1.591,0.46,1.584,0.794,1.565,0.799,2.407,2.348,1.586
1.591,0.46,1.584,0.794,1.565,0.799,2.407,2.348,1.586,2.396
0.46,1.584,0.794,1.565,0.799,2.407,2.348,1.586,2.396,2.396
1.584,0.794,1.565,0.799,2.407,2.348,1.586,2.396,2.396,2.426
0.794,1.565,0.799,2.407,2.348,1.586,2.396,2.396,2.426,1.544
1.565,0.799,2.407,2.348,1.586,2.396,2.396,2.426,1.544,1.617
0.799,2.407,2.348,1.586,2.396,2.396,2.426,1.544,1.617,1.564
2.407,2.348,1.586,2.396,2.396,2.426,1.544,1.617,1.564,1.621
2.348,1.586,2.396,2.396,2.426,1.544,1.617,1.564,1.621,0.792
1.586,2.396,2.396,2.426,1.544,1.617,1.564,1.621,0.792,1.56
2.396,2.396,2.426,1.544,1.617,1.564,1.621,0.792,1.56,0.782
2.396,2.426,1.544,1.617,1.564,1.621,0.792,1.56,0.782,1.675
2.426,1.544,1.617,1.564,1.621,0.792,1.56,0.782,1.675,1.625
1.544,1.617,1.564,1.621,0.792,1.56,0.782,1.675,1.625,2.984
1.617,1.564,1.621,0.792,1.56,0.782,1.675,1.625,2.984,2.219
1.564,1.621,0.792,1.56,0.782,1.675,1.625,2.984,2.219,0.761
1.621,0.792,1.56,0.782,1.675,1.625,2.984,2.219,0.761,1.557
0.792,1.56,0.782,1.675,1.625,2.984,2.219,0.761,1.557,0.794
1.56,0.782,1.675,1.625,2.984,2.219,0.761,1.557,0.794,0.85
0.782,1.675,1.625,2.984,2.219,0.761,1.557,0.794,0.85,0.86
1.675,1.625,2.984,2.219,0.761,1.557,0.794,0.85,0.86,1.393
1.625,2.984,2.219,0.761,1.557,0.794,0.85,0.86,1.393,1.371
2.984,2.219,0.761,1.557,0.794,0.85,0.86,1.393,1.371,0.571
2.219,0.761,1.557,0.794,0.85,0.86,1.393,1.371,0.571,0.606
0.761,1.557,0.794,0.85,0.86,1.393,1.371,0.571,0.606,1.37
1.557,0.794,0.85,0.86,1.393,1.371,0.571,0.606,1.37,1.378
0.794,0.85,0.86,1.393,1.371,0.571,0.606,1.37,1.378,1.428
0.85,0.86,1.393,1.371,0.571,0.606,1.37,1.378,1.428,0.709
0.86,1.393,1.371,0.571,0.606,1.37,1.378,1.428,0.709,1.443
1.393,1.371,0.571,0.606,1.37,1.378,1.428,0.709,1.443,1.308
1.371,0.571,0.606,1.37,1.378,1.428,0.709,1.443,1.308,0.522
0.571,0.606,1.37,1.378,1.428,0.709,1.443,1.308,0.522,0.556
0.606,1.37,1.378,1.428,0.709,1.443,1.308,0.522,0.556,1.377
1.37,1.378,1.428,0.709,1.443,1.308,0.522,0.556,1.377,1.295
1.378,1.428,0.709,1.443,1.308,0.522,0.556,1.377,1.295,1.345
1.428,0.709,1.443,1.308,0.522,0.556,1.377,1.295,1.345,1.39
0.709,1.443,1.308,0.522,0.556,1.377,1.295,1.345,1.39,4
1.443,1.308,0.522,0.556,1.377,1.295,1.345,1.39,4,3.2
1.308,0.522,0.556,1.377,1.295,1.345,1.39,4,3.2,2.125
0.522,0.556,1.377,1.295,1.345,1.39,4,3.2,2.125,2.534
0.556,1.377,1.295,1.345,1.39,4,3.2,2.125,2.534,1.765
1.377,1.295,1.345,1.39,4,3.2,2.125,2.534,1.765,1.311
1.295,1.345,1.39,4,3.2,2.125,2.534,1.765,1.311,1.397
1.345,1.39,4,3.2,2.125,2.534,1.765,1.311,1.397,2.892
1.39,4,3.2,2.125,2.534,1.765,1.311,1.397,2.892,2.093
4,3.2,2.125,2.534,1.765,1.311,1.397,2.892,2.093,1.387
3.2,2.125,2.534,1.765,1.311,1.397,2.892,2.093,1.387,2.159
2.125,2.534,1.765,1.311,1.397,2.892,2.093,1.387,2.159,1.436
2.534,1.765,1.311,1.397,2.892,2.093,1.387,2.159,1.436,1.395
1.765,1.311,1.397,2.892,2.093,1.387,2.159,1.436,1.395,1.403
1.311,1.397,2.892,2.093,1.387,2.159,1.436,1.395,1.403,0.723
1.397,2.892,2.093,1.387,2.159,1.436,1.395,1.403,0.723,1.443
2.892,2.093,1.387,2.159,1.436,1.395,1.403,0.723,1.443,2.523
2.093,1.387,2.159,1.436,1.395,1.403,0.723,1.443,2.523,1.863
1.387,2.159,1.436,1.395,1.403,0.723,1.443,2.523,1.863,1.411
2.159,1.436,1.395,1.403,0.723,1.443,2.523,1.863,1.411,1.309
1.436,1.395,1.403,0.723,1.443,2.523,1.863,1.411,1.309,1.988
1.395,1.403,0.723,1.443,2.523,1.863,1.411,1.309,1.988,3.319
1.403,0.723,1.443,2.523,1.863,1.411,1.309,1.988,3.319,2.562
0.723,1.443,2.523,1.863,1.411,1.309,1.988,3.319,2.562,1.979
1.443,2.523,1.863,1.411,1.309,1.988,3.319,2.562,1.979,1.979
2.523,1.863,1.411,1.309,1.988,3.319,2.562,1.979,1.979,1.961
1.863,1.411,1.309,1.988,3.319,2.562,1.979,1.979,1.961,1.531
1.411,1.309,1.988,3.319,2.562,1.979,1.979,1.961,1.531,1.54
1.309,1.988,3.319,2.562,1.979,1.979,1.961,1.531,1.54,1.607
1.988,3.319,2.562,1.979,1.979,1.961,1.531,1.54,1.607,1.499
3.319,2.562,1.979,1.979,1.961,1.531,1.54,1.607,1.499,1.551
2.562,1.979,1.979,1.961,1.531,1.54,1.607,1.499,1.551,3.591
1.979,1.979,1.961,1.531,1.54,1.607,1.499,1.551,3.591,2.922
1.979,1.961,1.531,1.54,1.607,1.499,1.551,3.591,2.922,2.866
1.961,1.531,1.54,1.607,1.499,1.551,3.591,2.922,2.866,2.237
1.531,1.54,1.607,1.499,1.551,3.591,2.922,2.866,2.237,1.544
1.54,1.607,1.499,1.551,3.591,2.922,2.866,2.237,1.544,2.227
1.607,1.499,1.551,3.591,2.922,2.866,2.237,1.544,2.227,4.226
1.499,1.551,3.591,2.922,2.866,2.237,1.544,2.227,4.226,4.208
1.551,3.591,2.922,2.866,2.237,1.544,2.227,4.226,4.208,3.52
3.591,2.922,2.866,2.237,1.544,2.227,4.226,4.208,3.52,1.628
2.922,2.866,2.237,1.544,2.227,4.226,4.208,3.52,1.628,2.835
2.866,2.237,1.544,2.227,4.226,4.208,3.52,1.628,2.835,2.921
2.237,1.544,2.227,4.226,4.208,3.52,1.628,2.835,2.921,2.154
1.544,2.227,4.226,4.208,3.52,1.628,2.835,2.921,2.154,2.232
2.227,4.226,4.208,3.52,1.628,2.835,2.921,2.154,2.232,2.249
4.226,4.208,3.52,1.628,2.835,2.921,2.154,2.232,2.249,1.599
4.208,3.52,1.628,2.835,2.921,2.154,2.232,2.249,1.599,1.892
3.52,1.628,2.835,2.921,2.154,2.232,2.249,1.599,1.892,2.618
1.628,2.835,2.921,2.154,2.232,2.249,1.599,1.892,2.618,1.928
2.835,2.921,2.154,2.232,2.249,1.599,1.892,2.618,1.928,1.565
2.921,2.154,2.232,2.249,1.599,1.892,2.618,1.928,1.565,2.233
2.154,2.232,2.249,1.599,1.892,2.618,1.928,1.565,2.233,0.871
2.232,2.249,1.599,1.892,2.618,1.928,1.565,2.233,0.871,1.593
2.249,1.599,1.892,2.618,1.928,1.565,2.233,0.871,1.593,0.92
1.599,1.892,2.618,1.928,1.565,2.233,0.871,1.593,0.92,1.598
1.892,2.618,1.928,1.565,2.233,0.871,1.593,0.92,1.598,1.596
2.618,1.928,1.565,2.233,0.871,1.593,0.92,1.598,1.596,1.591
1.928,1.565,2.233,0.871,1.593,0.92,1.598,1.596,1.591,1.65
1.565,2.233,0.871,1.593,0.92,1.598,1.596,1.591,1.65,1.598
2.233,0.871,1.593,0.92,1.598,1.596,1.591,1.65,1.598,0.868
0.871,1.593,0.92,1.598,1.596,1.591,1.65,1.598,0.868,1.604
1.593,0.92,1.598,1.596,1.591,1.65,1.598,0.868,1.604,1.602
0.92,1.598,1.596,1.591,1.65,1.598,0.868,1.604,1.602,1.574
1.598,1.596,1.591,1.65,1.598,0.868,1.604,1.602,1.574,0.935
1.596,1.591,1.65,1.598,0.868,1.604,1.602,1.574,0.935,1.586
1.591,1.65,1.598,0.868,1.604,1.602,1.574,0.935,1.586,0.926
1.65,1.598,0.868,1.604,1.602,1.574,0.935,1.586,0.926,1.604
1.598,0.868,1.604,1.602,1.574,0.935,1.586,0.926,1.604,0.94
0.868,1.604,1.602,1.574,0.935,1.586,0.926,1.604,0.94,1.553
1.604,1.602,1.574,0.935,1.586,0.926,1.604,0.94,1.553,1.675
1.602,1.574,0.935,1.586,0.926,1.604,0.94,1.553,1.675,0.87
1.574,0.935,1.586,0.926,1.604,0.94,1.553,1.675,0.87,1.581
0.935,1.586,0.926,1.604,0.94,1.553,1.675,0.87,1.581,0.958
1.586,0.926,1.604,0.94,1.553,1.675,0.87,1.581,0.958,0.902
0.926,1.604,0.94,1.553,1.675,0.87,1.581,0.958,0.902,2.304
1.604,0.94,1.553,1.675,0.87,1.581,0.958,0.902,2.304,1.586
0.94,1.553,1.675,0.87,1.581,0.958,0.902,2.304,1.586,1.593
1.553,1.675,0.87,1.581,0.958,0.902,2.304,1.586,1.593,1.63
1.675,0.87,1.581,0.958,0.902,2.304,1.586,1.593,1.63,1.586
0.87,1.581,0.958,0.902,2.304,1.586,1.593,1.63,1.586,0.968
1.581,0.958,0.902,2.304,1.586,1.593,1.63,1.586,0.968,1.474
0.958,0.902,2.304,1.586,1.593,1.63,1.586,0.968,1.474,1.63
0.902,2.304,1.586,1.593,1.63,1.586,0.968,1.474,1.63,1.576
2.304,1.586,1.593,1.63,1.586,0.968,1.474,1.63,1.576,1.593
1.586,1.593,1.63,1.586,0.968,1.474,1.63,1.576,1.593,1.586
1.593,1.63,1.586,0.968,1.474,1.63,1.576,1.593,1.586,2.951
1.63,1.586,0.968,1.474,1.63,1.576,1.593,1.586,2.951,2.301
1.586,0.968,1.474,1.63,1.576,1.593,1.586,2.951,2.301,2.187
0.968,1.474,1.63,1.576,1.593,1.586,2.951,2.301,2.187,2.266
1.474,1.63,1.576,1.593,1.586,2.951,2.301,2.187,2.266,2.934
1.63,1.576,1.593,1.586,2.951,2.301,2.187,2.266,2.934,1.938
1.576,1.593,1.586,2.951,2.301,2.187,2.266,2.934,1.938,2.666
1.593,1.586,2.951,2.301,2.187,2.266,2.934,1.938,2.666,2.026
1.586,2.951,2.301,2.187,2.266,2.934,1.938,2.666,2.026,1.522
2.951,2.301,2.187,2.266,2.934,1.938,2.666,2.026,1.522,2.053
2.301,2.187,2.266,2.934,1.938,2.666,2.026,1.522,2.053,2.651
2.187,2.266,2.934,1.938,2.666,2.026,1.522,2.053,2.651,1.943
2.266,2.934,1.938,2.666,2.026,1.522,2.053,2.651,1.943,1.552
2.934,1.938,2.666,2.026,1.522,2.053,2.651,1.943,1.552,2.622
1.938,2.666,2.026,1.522,2.053,2.651,1.943,1.552,2.622,2.033
2.666,2.026,1.522,2.053,2.651,1.943,1.552,2.622,2.033,2.659
2.026,1.522,2.053,2.651,1.943,1.552,2.622,2.033,2.659,2.676
1.522,2.053,2.651,1.943,1.552,2.622,2.033,2.659,2.676,2.654
2.053,2.651,1.943,1.552,2.622,2.033,2.659,2.676,2.654,1.94
2.651,1.943,1.552,2.622,2.033,2.659,2.676,2.654,1.94,3.345
1.943,1.552,2.622,2.033,2.659,2.676,2.654,1.94,3.345,4.171
1.552,2.622,2.033,2.659,2.676,2.654,1.94,3.345,4.171,4.613
2.622,2.033,2.659,2.676,2.654,1.94,3.345,4.171,4.613,2.703
2.033,2.659,2.676,2.654,1.94,3.345,4.171,4.613,2.703,3.301
2.659,2.676,2.654,1.94,3.345,4.171,4.613,2.703,3.301,1.481
2.676,2.654,1.94,3.345,4.171,4.613,2.703,3.301,1.481,2.449
2.654,1.94,3.345,4.171,4.613,2.703,3.301,1.481,2.449,1.89
1.94,3.345,4.171,4.613,2.703,3.301,1.481,2.449,1.89,1.871
3.345,4.171,4.613,2.703,3.301,1.481,2.449,1.89,1.871,1.597
4.171,4.613,2.703,3.301,1.481,2.449,1.89,1.871,1.597,1.853
4.613,2.703,3.301,1.481,2.449,1.89,1.871,1.597,1.853,2.574
2.703,3.301,1.481,2.449,1.89,1.871,1.597,1.853,2.574,1.856
3.301,1.481,2.449,1.89,1.871,1.597,1.853,2.574,1.856,1.576
1.481,2.449,1.89,1.871,1.597,1.853,2.574,1.856,1.576,1.823
2.449,1.89,1.871,1.597,1.853,2.574,1.856,1.576,1.823,1.546
1.89,1.871,1.597,1.853,2.574,1.856,1.576,1.823,1.546,1.453
1.871,1.597,1.853,2.574,1.856,1.576,1.823,1.546,1.453,1.456
1.597,1.853,2.574,1.856,1.576,1.823,1.546,1.453,1.456,0.799
1.853,2.574,1.856,1.576,1.823,1.546,1.453,1.456,0.799,2.219
2.574,1.856,1.576,1.823,1.546,1.453,1.456,0.799,2.219,1.498
1.856,1.576,1.823,1.546,1.453,1.456,0.799,2.219,1.498,1.526
1.576,1.823,1.546,1.453,1.456,0.799,2.219,1.498,1.526,4.304
1.823,1.546,1.453,1.456,0.799,2.219,1.498,1.526,4.304,9.385
1.546,1.453,1.456,0.799,2.219,1.498,1.526,4.304,9.385,7.279
1.453,1.456,0.799,2.219,1.498,1.526,4.304,9.385,7.279,4.216
1.456,0.799,2.219,1.498,1.526,4.304,9.385,7.279,4.216,3.941
0.799,2.219,1.498,1.526,4.304,9.385,7.279,4.216,3.941,3.917
2.219,1.498,1.526,4.304,9.385,7.279,4.216,3.941,3.917,2.802
1.498,1.526,4.304,9.385,7.279,4.216,3.941,3.917,2.802,2.179
1.526,4.304,9.385,7.279,4.216,3.941,3.917,2.802,2.179,2.576
4.304,9.385,7.279,4.216,3.941,3.917,2.802,2.179,2.576,2.193
9.385,7.279,4.216,3.941,3.917,2.802,2.179,2.576,2.193,1.843
7.279,4.216,3.941,3.917,2.802,2.179,2.576,2.193,1.843,1.811
4.216,3.941,3.917,2.802,2.179,2.576,2.193,1.843,1.811,2.05
3.941,3.917,2.802,2.179,2.576,2.193,1.843,1.811,2.05,1.414
3.917,2.802,2.179,2.576,2.193,1.843,1.811,2.05,1.414,1.501
2.802,2.179,2.576,2.193,1.843,1.811,2.05,1.414,1.501,2.149
2.179,2.576,2.193,1.843,1.811,2.05,1.414,1.501,2.149,1.513
2.576,2.193,1.843,1.811,2.05,1.414,1.501,2.149,1.513,1.484
2.193,1.843,1.811,2.05,1.414,1.501,2.149,1.513,1.484,2.018
1.843,1.811,2.05,1.414,1.501,2.149,1.513,1.484,2.018,2.095
1.811,2.05,1.414,1.501,2.149,1.513,1.484,2.018,2.095,3.46
2.05,1.414,1.501,2.149,1.513,1.484,2.018,2.095,3.46,2.835
1.414,1.501,2.149,1.513,1.484,2.018,2.095,3.46,2.835,4.201
1.501,2.149,1.513,1.484,2.018,2.095,3.46,2.835,4.201,2.882
2.149,1.513,1.484,2.018,2.095,3.46,2.835,4.201,2.882,2.88
1.513,1.484,2.018,2.095,3.46,2.835,4.201,2.882,2.88,2.086
1.484,2.018,2.095,3.46,2.835,4.201,2.882,2.88,2.086,2.193
2.018,2.095,3.46,2.835,4.201,2.882,2.88,2.086,2.193,2.24
2.095,3.46,2.835,4.201,2.882,2.88,2.086,2.193,2.24,1.462
3.46,2.835,4.201,2.882,2.88,2.086,2.193,2.24,1.462,2.266
2.835,4.201,2.882,2.88,2.086,2.193,2.24,1.462,2.266,3.438
4.201,2.882,2.88,2.086,2.193,2.24,1.462,2.266,3.438,14.528
2.882,2.88,2.086,2.193,2.24,1.462,2.266,3.438,14.528,19.516
2.88,2.086,2.193,2.24,1.462,2.266,3.438,14.528,19.516,14.035
2.086,2.193,2.24,1.462,2.266,3.438,14.528,19.516,14.035,8.06
2.193,2.24,1.462,2.266,3.438,14.528,19.516,14.035,8.06,6.663
2.24,1.462,2.266,3.438,14.528,19.516,14.035,8.06,6.663,4.327
1.462,2.266,3.438,14.528,19.516,14.035,8.06,6.663,4.327,4.091
2.266,3.438,14.528,19.516,14.035,8.06,6.663,4.327,4.091,4.153
3.438,14.528,19.516,14.035,8.06,6.663,4.327,4.091,4.153,3.448
14.528,19.516,14.035,8.06,6.663,4.327,4.091,4.153,3.448,4.176
19.516,14.035,8.06,6.663,4.327,4.091,4.153,3.448,4.176,3.448
14.035,8.06,6.663,4.327,4.091,4.153,3.448,4.176,3.448,2.794
8.06,6.663,4.327,4.091,4.153,3.448,4.176,3.448,2.794,3.441
6.663,4.327,4.091,4.153,3.448,4.176,3.448,2.794,3.441,2.11
4.327,4.091,4.153,3.448,4.176,3.448,2.794,3.441,2.11,2.765
4.091,4.153,3.448,4.176,3.448,2.794,3.441,2.11,2.765,2.811
4.153,3.448,4.176,3.448,2.794,3.441,2.11,2.765,2.811,2.759
3.448,4.176,3.448,2.794,3.441,2.11,2.765,2.811,2.759,2.808
4.176,3.448,2.794,3.441,2.11,2.765,2.811,2.759,2.808,3.443
3.448,2.794,3.441,2.11,2.765,2.811,2.759,2.808,3.443,2.08
2.794,3.441,2.11,2.765,2.811,2.759,2.808,3.443,2.08,1.992
3.441,2.11,2.765,2.811,2.759,2.808,3.443,2.08,1.992,2.05
2.11,2.765,2.811,2.759,2.808,3.443,2.08,1.992,2.05,2.047
2.765,2.811,2.759,2.808,3.443,2.08,1.992,2.05,2.047,2.1
2.811,2.759,2.808,3.443,2.08,1.992,2.05,2.047,2.1,2.094
2.759,2.808,3.443,2.08,1.992,2.05,2.047,2.1,2.094,2.855
2.808,3.443,2.08,1.992,2.05,2.047,2.1,2.094,2.855,1.448
3.443,2.08,1.992,2.05,2.047,2.1,2.094,2.855,1.448,3.51
2.08,1.992,2.05,2.047,2.1,2.094,2.855,1.448,3.51,4.15
1.992,2.05,2.047,2.1,2.094,2.855,1.448,3.51,4.15,3.456
2.05,2.047,2.1,2.094,2.855,1.448,3.51,4.15,3.456,3.441
2.047,2.1,2.094,2.855,1.448,3.51,4.15,3.456,3.441,2.776
2.1,2.094,2.855,1.448,3.51,4.15,3.456,3.441,2.776,6.954
2.094,2.855,1.448,3.51,4.15,3.456,3.441,2.776,6.954,5.59
2.855,1.448,3.51,4.15,3.456,3.441,2.776,6.954,5.59,5.567
1.448,3.51,4.15,3.456,3.441,2.776,6.954,5.59,5.567,8.837
3.51,4.15,3.456,3.441,2.776,6.954,5.59,5.567,8.837,11.515
4.15,3.456,3.441,2.776,6.954,5.59,5.567,8.837,11.515,10.838
3.456,3.441,2.776,6.954,5.59,5.567,8.837,11.515,10.838,8.149
3.441,2.776,6.954,5.59,5.567,8.837,11.515,10.838,8.149,6.8
2.776,6.954,5.59,5.567,8.837,11.515,10.838,8.149,6.8,6.839
6.954,5.59,5.567,8.837,11.515,10.838,8.149,6.8,6.839,7.52
5.59,5.567,8.837,11.515,10.838,8.149,6.8,6.839,7.52,7.536
5.567,8.837,11.515,10.838,8.149,6.8,6.839,7.52,7.536,5.531
8.837,11.515,10.838,8.149,6.8,6.839,7.52,7.536,5.531,5.745
11.515,10.838,8.149,6.8,6.839,7.52,7.536,5.531,5.745,11.291
10.838,8.149,6.8,6.839,7.52,7.536,5.531,5.745,11.291,19.303
8.149,6.8,6.839,7.52,7.536,5.531,5.745,11.291,19.303,17.403
6.8,6.839,7.52,7.536,5.531,5.745,11.291,19.303,17.403,20.964
6.839,7.52,7.536,5.531,5.745,11.291,19.303,17.403,20.964,18.987
7.52,7.536,5.531,5.745,11.291,19.303,17.403,20.964,18.987,12.474
7.536,5.531,5.745,11.291,19.303,17.403,20.964,18.987,12.474,8.608
5.531,5.745,11.291,19.303,17.403,20.964,18.987,12.474,8.608,7.527
5.745,11.291,19.303,17.403,20.964,18.987,12.474,8.608,7.527,7.445
11.291,19.303,17.403,20.964,18.987,12.474,8.608,7.527,7.445,6.985
19.303,17.403,20.964,18.987,12.474,8.608,7.527,7.445,6.985,5.677
17.403,20.964,18.987,12.474,8.608,7.527,7.445,6.985,5.677,5.397
20.964,18.987,12.474,8.608,7.527,7.445,6.985,5.677,5.397,3.43
18.987,12.474,8.608,7.527,7.445,6.985,5.677,5.397,3.43,8.312
12.474,8.608,7.527,7.445,6.985,5.677,5.397,3.43,8.312,4.402
8.608,7.527,7.445,6.985,5.677,5.397,3.43,8.312,4.402,5.213
7.527,7.445,6.985,5.677,5.397,3.43,8.312,4.402,5.213,5.399
7.445,6.985,5.677,5.397,3.43,8.312,4.402,5.213,5.399,6.115
6.985,5.677,5.397,3.43,8.312,4.402,5.213,5.399,6.115,5.246
5.677,5.397,3.43,8.312,4.402,5.213,5.399,6.115,5.246,4.367
5.397,3.43,8.312,4.402,5.213,5.399,6.115,5.246,4.367,4.422
3.43,8.312,4.402,5.213,5.399,6.115,5.246,4.367,4.422,5.194
8.312,4.402,5.213,5.399,6.115,5.246,4.367,4.422,5.194,3.66
4.402,5.213,5.399,6.115,5.246,4.367,4.422,5.194,3.66,3.641
5.213,5.399,6.115,5.246,4.367,4.422,5.194,3.66,3.641,3.65
5.399,6.115,5.246,4.367,4.422,5.194,3.66,3.641,3.65,5.239
6.115,5.246,4.367,4.422,5.194,3.66,3.641,3.65,5.239,5.279
5.246,4.367,4.422,5.194,3.66,3.641,3.65,5.239,5.279,3.68
4.367,4.422,5.194,3.66,3.641,3.65,5.239,5.279,3.68,4.441
4.422,5.194,3.66,3.641,3.65,5.239,5.279,3.68,4.441,3.612
5.194,3.66,3.641,3.65,5.239,5.279,3.68,4.441,3.612,5.355
3.66,3.641,3.65,5.239,5.279,3.68,4.441,3.612,5.355,4.566
3.641,3.65,5.239,5.279,3.68,4.441,3.612,5.355,4.566,4.44
3.65,5.239,5.279,3.68,4.441,3.612,5.355,4.566,4.44,3.638
5.239,5.279,3.68,4.441,3.612,5.355,4.566,4.44,3.638,4.545
5.279,3.68,4.441,3.612,5.355,4.566,4.44,3.638,4.545,2.776
3.68,4.441,3.612,5.355,4.566,4.44,3.638,4.545,2.776,3.66
4.441,3.612,5.355,4.566,4.44,3.638,4.545,2.776,3.66,3.575
3.612,5.355,4.566,4.44,3.638,4.545,2.776,3.66,3.575,4.574
5.355,4.566,4.44,3.638,4.545,2.776,3.66,3.575,4.574,3.67
4.566,4.44,3.638,4.545,2.776,3.66,3.575,4.574,3.67,3.609
4.44,3.638,4.545,2.776,3.66,3.575,4.574,3.67,3.609,2.702
3.638,4.545,2.776,3.66,3.575,4.574,3.67,3.609,2.702,2.871
4.545,2.776,3.66,3.575,4.574,3.67,3.609,2.702,2.871,2.744
2.776,3.66,3.575,4.574,3.67,3.609,2.702,2.871,2.744,3.277
3.66,3.575,4.574,3.67,3.609,2.702,2.871,2.744,3.277,3.607
3.575,4.574,3.67,3.609,2.702,2.871,2.744,3.277,3.607,1.587
4.574,3.67,3.609,2.702,2.871,2.744,3.277,3.607,1.587,2.832
3.67,3.609,2.702,2.871,2.744,3.277,3.607,1.587,2.832,2.783
3.609,2.702,2.871,2.744,3.277,3.607,1.587,2.832,2.783,1.992
2.702,2.871,2.744,3.277,3.607,1.587,2.832,2.783,1.992,2.073
2.871,2.744,3.277,3.607,1.587,2.832,2.783,1.992,2.073,2.073
2.744,3.277,3.607,1.587,2.832,2.783,1.992,2.073,2.073,2.084
3.277,3.607,1.587,2.832,2.783,1.992,2.073,2.073,2.084,2.021
3.607,1.587,2.832,2.783,1.992,2.073,2.073,2.084,2.021,2.837
1.587,2.832,2.783,1.992,2.073,2.073,2.084,2.021,2.837,2.918
2.832,2.783,1.992,2.073,2.073,2.084,2.021,2.837,2.918,1.955
2.783,1.992,2.073,2.073,2.084,2.021,2.837,2.918,1.955,2.81
1.992,2.073,2.073,2.084,2.021,2.837,2.918,1.955,2.81,2.871
2.073,2.073,2.084,2.021,2.837,2.918,1.955,2.81,2.871,2.128
2.073,2.084,2.021,2.837,2.918,1.955,2.81,2.871,2.128,2.793
2.084,2.021,2.837,2.918,1.955,2.81,2.871,2.128,2.793,1.197
2.021,2.837,2.918,1.955,2.81,2.871,2.128,2.793,1.197,2.098
2.837,2.918,1.955,2.81,2.871,2.128,2.793,1.197,2.098,2.099
2.918,1.955,2.81,2.871,2.128,2.793,1.197,2.098,2.099,1.226
1.955,2.81,2.871,2.128,2.793,1.197,2.098,2.099,1.226,2.02
2.81,2.871,2.128,2.793,1.197,2.098,2.099,1.226,2.02,2.121
2.871,2.128,2.793,1.197,2.098,2.099,1.226,2.02,2.121,1.391
2.128,2.793,1.197,2.098,2.099,1.226,2.02,2.121,1.391,1.923
2.793,1.197,2.098,2.099,1.226,2.02,2.121,1.391,1.923,0.84
1.197,2.098,2.099,1.226,2.02,2.121,1.391,1.923,0.84,0.821
2.098,2.099,1.226,2.02,2.121,1.391,1.923,0.84,0.821,1.614
2.099,1.226,2.02,2.121,1.391,1.923,0.84,0.821,1.614,2.375
1.226,2.02,2.121,1.391,1.923,0.84,0.821,1.614,2.375,1.574
2.02,2.121,1.391,1.923,0.84,0.821,1.614,2.375,1.574,3.081
2.121,1.391,1.923,0.84,0.821,1.614,2.375,1.574,3.081,1.565
1.391,1.923,0.84,0.821,1.614,2.375,1.574,3.081,1.565,2.29
1.923,0.84,0.821,1.614,2.375,1.574,3.081,1.565,2.29,0.762
0.84,0.821,1.614,2.375,1.574,3.081,1.565,2.29,0.762,2.429
0.821,1.614,2.375,1.574,3.081,1.565,2.29,0.762,2.429,1.6
1.614,2.375,1.574,3.081,1.565,2.29,0.762,2.429,1.6,3.106
2.375,1.574,3.081,1.565,2.29,0.762,2.429,1.6,3.106,2.812
1.574,3.081,1.565,2.29,0.762,2.429,1.6,3.106,2.812,1.881
3.081,1.565,2.29,0.762,2.429,1.6,3.106,2.812,1.881,1.541
1.565,2.29,0.762,2.429,1.6,3.106,2.812,1.881,1.541,1.454
2.29,0.762,2.429,1.6,3.106,2.812,1.881,1.541,1.454,1.554
0.762,2.429,1.6,3.106,2.812,1.881,1.541,1.454,1.554,1.65
2.429,1.6,3.106,2.812,1.881,1.541,1.454,1.554,1.65,3.047
1.6,3.106,2.812,1.881,1.541,1.454,1.554,1.65,3.047,2.947
3.106,2.812,1.881,1.541,1.454,1.554,1.65,3.047,2.947,2.148
2.812,1.881,1.541,1.454,1.554,1.65,3.047,2.947,2.148,1.696
1.881,1.541,1.454,1.554,1.65,3.047,2.947,2.148,1.696,1.584
1.541,1.454,1.554,1.65,3.047,2.947,2.148,1.696,1.584,1.566
1.454,1.554,1.65,3.047,2.947,2.148,1.696,1.584,1.566,1.578
1.554,1.65,3.047,2.947,2.148,1.696,1.584,1.566,1.578,1.61
1.65,3.047,2.947,2.148,1.696,1.584,1.566,1.578,1.61,1.66
3.047,2.947,2.148,1.696,1.584,1.566,1.578,1.61,1.66,1.238
2.947,2.148,1.696,1.584,1.566,1.578,1.61,1.66,1.238,1.238
2.148,1.696,1.584,1.566,1.578,1.61,1.66,1.238,1.238,1.238
1.696,1.584,1.566,1.578,1.61,1.66,1.238,1.238,1.238,1.238
1.584,1.566,1.578,1.61,1.66,1.238,1.238,1.238,1.238,1.238
1.566,1.578,1.61,1.66,1.238,1.238,1.238,1.238,1.238,1.238
1.578,1.61,1.66,1.238,1.238,1.238,1.238,1.238,1.238,0.81
1.61,1.66,1.238,1.238,1.238,1.238,1.238,1.238,0.81,0.76
1.66,1.238,1.238,1.238,1.238,1.238,1.238,0.81,0.76,0.77
1.238,1.238,1.238,1.238,1.238,1.238,0.81,0.76,0.77,0.864
1.238,1.238,1.238,1.238,1.238,0.81,0.76,0.77,0.864,0.864
1.238,1.238,1.238,1.238,0.81,0.76,0.77,0.864,0.864,12.946
1.238,1.238,1.238,0.81,0.76,0.77,0.864,0.864,12.946,9.849
1.238,1.238,0.81,0.76,0.77,0.864,0.864,12.946,9.849,3.646
1.238,0.81,0.76,0.77,0.864,0.864,12.946,9.849,3.646,2.895
0.81,0.76,0.77,0.864,0.864,12.946,9.849,3.646,2.895,2.035
0.76,0.77,0.864,0.864,12.946,9.849,3.646,2.895,2.035,1.319
0.77,0.864,0.864,12.946,9.849,3.646,2.895,2.035,1.319,2.075
0.864,0.864,12.946,9.849,3.646,2.895,2.035,1.319,2.075,2.101
0.864,12.946,9.849,3.646,2.895,2.035,1.319,2.075,2.101,2.827
12.946,9.849,3.646,2.895,2.035,1.319,2.075,2.101,2.827,6.82
9.849,3.646,2.895,2.035,1.319,2.075,2.101,2.827,6.82,5.185
3.646,2.895,2.035,1.319,2.075,2.101,2.827,6.82,5.185,2.873
2.895,2.035,1.319,2.075,2.101,2.827,6.82,5.185,2.873,2.08
2.035,1.319,2.075,2.101,2.827,6.82,5.185,2.873,2.08,2.001
1.319,2.075,2.101,2.827,6.82,5.185,2.873,2.08,2.001,2.143
2.075,2.101,2.827,6.82,5.185,2.873,2.08,2.001,2.143,1.471
2.101,2.827,6.82,5.185,2.873,2.08,2.001,2.143,1.471,1.533
2.827,6.82,5.185,2.873,2.08,2.001,2.143,1.471,1.533,1.471
6.82,5.185,2.873,2.08,2.001,2.143,1.471,1.533,1.471,1.461
5.185,2.873,2.08,2.001,2.143,1.471,1.533,1.471,1.461,0.759
2.873,2.08,2.001,2.143,1.471,1.533,1.471,1.461,0.759,0.652
2.08,2.001,2.143,1.471,1.533,1.471,1.461,0.759,0.652,1.464
2.001,2.143,1.471,1.533,1.471,1.461,0.759,0.652,1.464,0.732
2.143,1.471,1.533,1.471,1.461,0.759,0.652,1.464,0.732,0.678
1.471,1.533,1.471,1.461,0.759,0.652,1.464,0.732,0.678,0.701
1.533,1.471,1.461,0.759,0.652,1.464,0.732,0.678,0.701,0.701
1.471,1.461,0.759,0.652,1.464,0.732,0.678,0.701,0.701,0.684
1.461,0.759,0.652,1.464,0.732,0.678,0.701,0.701,0.684,1.5
0.759,0.652,1.464,0.732,0.678,0.701,0.701,0.684,1.5,1.471
0.652,1.464,0.732,0.678,0.701,0.701,0.684,1.5,1.471,0.725
1.464,0.732,0.678,0.701,0.701,0.684,1.5,1.471,0.725,1.5
0.732,0.678,0.701,0.701,0.684,1.5,1.471,0.725,1.5,0.712
0.678,0.701,0.701,0.684,1.5,1.471,0.725,1.5,0.712,1.464
0.701,0.701,0.684,1.5,1.471,0.725,1.5,0.712,1.464,0.665
0.701,0.684,1.5,1.471,0.725,1.5,0.712,1.464,0.665,1.387
0.684,1.5,1.471,0.725,1.5,0.712,1.464,0.665,1.387,0.746
1.5,1.471,0.725,1.5,0.712,1.464,0.665,1.387,0.746,1.477
1.471,0.725,1.5,0.712,1.464,0.665,1.387,0.746,1.477,0.66
0.725,1.5,0.712,1.464,0.665,1.387,0.746,1.477,0.66,1.412
1.5,0.712,1.464,0.665,1.387,0.746,1.477,0.66,1.412,1.459
0.712,1.464,0.665,1.387,0.746,1.477,0.66,1.412,1.459,0.642
1.464,0.665,1.387,0.746,1.477,0.66,1.412,1.459,0.642,2.169
0.665,1.387,0.746,1.477,0.66,1.412,1.459,0.642,2.169,1.429
1.387,0.746,1.477,0.66,1.412,1.459,0.642,2.169,1.429,1.437
0.746,1.477,0.66,1.412,1.459,0.642,2.169,1.429,1.437,1.416
1.477,0.66,1.412,1.459,0.642,2.169,1.429,1.437,1.416,1.48
0.66,1.412,1.459,0.642,2.169,1.429,1.437,1.416,1.48,1.45
1.412,1.459,0.642,2.169,1.429,1.437,1.416,1.48,1.45,0.711
1.459,0.642,2.169,1.429,1.437,1.416,1.48,1.45,0.711,1.443
0.642,2.169,1.429,1.437,1.416,1.48,1.45,0.711,1.443,0.727
2.169,1.429,1.437,1.416,1.48,1.45,0.711,1.443,0.727,1.447
1.429,1.437,1.416,1.48,1.45,0.711,1.443,0.727,1.447,0.832
1.437,1.416,1.48,1.45,0.711,1.443,0.727,1.447,0.832,0.803
1.416,1.48,1.45,0.711,1.443,0.727,1.447,0.832,0.803,0.803
1.48,1.45,0.711,1.443,0.727,1.447,0.832,0.803,0.803,0.909
1.45,0.711,1.443,0.727,1.447,0.832,0.803,0.803,0.909,1.619
0.711,1.443,0.727,1.447,0.832,0.803,0.803,0.909,1.619,2.192
1.443,0.727,1.447,0.832,0.803,0.803,0.909,1.619,2.192,0.929
0.727,1.447,0.832,0.803,0.803,0.909,1.619,2.192,0.929,1.62
1.447,0.832,0.803,0.803,0.909,1.619,2.192,0.929,1.62,0.857
0.832,0.803,0.803,0.909,1.619,2.192,0.929,1.62,0.857,1.532
0.803,0.803,0.909,1.619,2.192,0.929,1.62,0.857,1.532,0.897
0.803,0.909,1.619,2.192,0.929,1.62,0.857,1.532,0.897,1.542
0.909,1.619,2.192,0.929,1.62,0.857,1.532,0.897,1.542,1.567
1.619,2.192,0.929,1.62,0.857,1.532,0.897,1.542,1.567,1.53
2.192,0.929,1.62,0.857,1.532,0.897,1.542,1.567,1.53,1.544
0.929,1.62,0.857,1.532,0.897,1.542,1.567,1.53,1.544,1.535
1.62,0.857,1.532,0.897,1.542,1.567,1.53,1.544,1.535,0.908
0.857,1.532,0.897,1.542,1.567,1.53,1.544,1.535,0.908,2.281
1.532,0.897,1.542,1.567,1.53,1.544,1.535,0.908,2.281,2.151
0.897,1.542,1.567,1.53,1.544,1.535,0.908,2.281,2.151,2.946
1.542,1.567,1.53,1.544,1.535,0.908,2.281,2.151,2.946,2.236
1.567,1.53,1.544,1.535,0.908,2.281,2.151,2.946,2.236,2.825
1.53,1.544,1.535,0.908,2.281,2.151,2.946,2.236,2.825,2.216
1.544,1.535,0.908,2.281,2.151,2.946,2.236,2.825,2.216,2.215
1.535,0.908,2.281,2.151,2.946,2.236,2.825,2.216,2.215,4.239
0.908,2.281,2.151,2.946,2.236,2.825,2.216,2.215,4.239,4.274
2.281,2.151,2.946,2.236,2.825,2.216,2.215,4.239,4.274,3.56
2.151,2.946,2.236,2.825,2.216,2.215,4.239,4.274,3.56,2.881
2.946,2.236,2.825,2.216,2.215,4.239,4.274,3.56,2.881,2.29
2.236,2.825,2.216,2.215,4.239,4.274,3.56,2.881,2.29,2.289
2.825,2.216,2.215,4.239,4.274,3.56,2.881,2.29,2.289,2.232
2.216,2.215,4.239,4.274,3.56,2.881,2.29,2.289,2.232,2.187
2.215,4.239,4.274,3.56,2.881,2.29,2.289,2.232,2.187,1.651
4.239,4.274,3.56,2.881,2.29,2.289,2.232,2.187,1.651,1.625
4.274,3.56,2.881,2.29,2.289,2.232,2.187,1.651,1.625,2.25
3.56,2.881,2.29,2.289,2.232,2.187,1.651,1.625,2.25,2.238
2.881,2.29,2.289,2.232,2.187,1.651,1.625,2.25,2.238,2.248
2.29,2.289,2.232,2.187,1.651,1.625,2.25,2.238,2.248,2.241
2.289,2.232,2.187,1.651,1.625,2.25,2.238,2.248,2.241,2.26
2.232,2.187,1.651,1.625,2.25,2.238,2.248,2.241,2.26,2.91
2.187,1.651,1.625,2.25,2.238,2.248,2.241,2.26,2.91,2.22
1.651,1.625,2.25,2.238,2.248,2.241,2.26,2.91,2.22,2.25
1.625,2.25,2.238,2.248,2.241,2.26,2.91,2.22,2.25,2.253
2.25,2.238,2.248,2.241,2.26,2.91,2.22,2.25,2.253,2.25
2.238,2.248,2.241,2.26,2.91,2.22,2.25,2.253,2.25,1.63
2.248,2.241,2.26,2.91,2.22,2.25,2.253,2.25,1.63,1.602
2.241,2.26,2.91,2.22,2.25,2.253,2.25,1.63,1.602,2.23
2.26,2.91,2.22,2.25,2.253,2.25,1.63,1.602,2.23,2.3
2.91,2.22,2.25,2.253,2.25,1.63,1.602,2.23,2.3,1.625
2.22,2.25,2.253,2.25,1.63,1.602,2.23,2.3,1.625,1.51
2.25,2.253,2.25,1.63,1.602,2.23,2.3,1.625,1.51,1.57
2.253,2.25,1.63,1.602,2.23,2.3,1.625,1.51,1.57,1.564
2.25,1.63,1.602,2.23,2.3,1.625,1.51,1.57,1.564,1.532
1.63,1.602,2.23,2.3,1.625,1.51,1.57,1.564,1.532,1.591
1.602,2.23,2.3,1.625,1.51,1.57,1.564,1.532,1.591,1.532
2.23,2.3,1.625,1.51,1.57,1.564,1.532,1.591,1.532,2.233
2.3,1.625,1.51,1.57,1.564,1.532,1.591,1.532,2.233,2.226
1.625,1.51,1.57,1.564,1.532,1.591,1.532,2.233,2.226,2.198
1.51,1.57,1.564,1.532,1.591,1.532,2.233,2.226,2.198,1.578
1.57,1.564,1.532,1.591,1.532,2.233,2.226,2.198,1.578,2.151
1.564,1.532,1.591,1.532,2.233,2.226,2.198,1.578,2.151,1.569
1.532,1.591,1.532,2.233,2.226,2.198,1.578,2.151,1.569,2.203
1.591,1.532,2.233,2.226,2.198,1.578,2.151,1.569,2.203,2.869
1.532,2.233,2.226,2.198,1.578,2.151,1.569,2.203,2.869,2.866
2.233,2.226,2.198,1.578,2.151,1.569,2.203,2.869,2.866,2.272
2.226,2.198,1.578,2.151,1.569,2.203,2.869,2.866,2.272,2.23
2.198,1.578,2.151,1.569,2.203,2.869,2.866,2.272,2.23,2.195
1.578,2.151,1.569,2.203,2.869,2.866,2.272,2.23,2.195,2.165
2.151,1.569,2.203,2.869,2.866,2.272,2.23,2.195,2.165,1.587
1.569,2.203,2.869,2.866,2.272,2.23,2.195,2.165,1.587,2.212
2.203,2.869,2.866,2.272,2.23,2.195,2.165,1.587,2.212,1.55
2.869,2.866,2.272,2.23,2.195,2.165,1.587,2.212,1.55,2.183
2.866,2.272,2.23,2.195,2.165,1.587,2.212,1.55,2.183,1.619
2.272,2.23,2.195,2.165,1.587,2.212,1.55,2.183,1.619,6.83
2.23,2.195,2.165,1.587,2.212,1.55,2.183,1.619,6.83,6.883
2.195,2.165,1.587,2.212,1.55,2.183,1.619,6.83,6.883,4.195
2.165,1.587,2.212,1.55,2.183,1.619,6.83,6.883,4.195,2.827
1.587,2.212,1.55,2.183,1.619,6.83,6.883,4.195,2.827,2.813
2.212,1.55,2.183,1.619,6.83,6.883,4.195,2.827,2.813,2.849
1.55,2.183,1.619,6.83,6.883,4.195,2.827,2.813,2.849,2.216
2.183,1.619,6.83,6.883,4.195,2.827,2.813,2.849,2.216,2.237
1.619,6.83,6.883,4.195,2.827,2.813,2.849,2.216,2.237,2.223
6.83,6.883,4.195,2.827,2.813,2.849,2.216,2.237,2.223,2.172
6.883,4.195,2.827,2.813,2.849,2.216,2.237,2.223,2.172,2.201
4.195,2.827,2.813,2.849,2.216,2.237,2.223,2.172,2.201,2.17
2.827,2.813,2.849,2.216,2.237,2.223,2.172,2.201,2.17,2.295
2.813,2.849,2.216,2.237,2.223,2.172,2.201,2.17,2.295,2.182
2.849,2.216,2.237,2.223,2.172,2.201,2.17,2.295,2.182,2.89
2.216,2.237,2.223,2.172,2.201,2.17,2.295,2.182,2.89,4.904
2.237,2.223,2.172,2.201,2.17,2.295,2.182,2.89,4.904,4.277
2.223,2.172,2.201,2.17,2.295,2.182,2.89,4.904,4.277,3.514
2.172,2.201,2.17,2.295,2.182,2.89,4.904,4.277,3.514,4.202
2.201,2.17,2.295,2.182,2.89,4.904,4.277,3.514,4.202,6.983
2.17,2.295,2.182,2.89,4.904,4.277,3.514,4.202,6.983,6.915
2.295,2.182,2.89,4.904,4.277,3.514,4.202,6.983,6.915,4.873
2.182,2.89,4.904,4.277,3.514,4.202,6.983,6.915,4.873,4.87
2.89,4.904,4.277,3.514,4.202,6.983,6.915,4.873,4.87,4.273
4.904,4.277,3.514,4.202,6.983,6.915,4.873,4.87,4.273,3.597
4.277,3.514,4.202,6.983,6.915,4.873,4.87,4.273,3.597,2.84
3.514,4.202,6.983,6.915,4.873,4.87,4.273,3.597,2.84,4.329
4.202,6.983,6.915,4.873,4.87,4.273,3.597,2.84,4.329,4.177
6.983,6.915,4.873,4.87,4.273,3.597,2.84,4.329,4.177,7.025
6.915,4.873,4.87,4.273,3.597,2.84,4.329,4.177,7.025,6.441
4.873,4.87,4.273,3.597,2.84,4.329,4.177,7.025,6.441,5.97
4.87,4.273,3.597,2.84,4.329,4.177,7.025,6.441,5.97,4.568
4.273,3.597,2.84,4.329,4.177,7.025,6.441,5.97,4.568,4.192
3.597,2.84,4.329,4.177,7.025,6.441,5.97,4.568,4.192,2.857
2.84,4.329,4.177,7.025,6.441,5.97,4.568,4.192,2.857,3.489
4.329,4.177,7.025,6.441,5.97,4.568,4.192,2.857,3.489,2.966
4.177,7.025,6.441,5.97,4.568,4.192,2.857,3.489,2.966,2.26
7.025,6.441,5.97,4.568,4.192,2.857,3.489,2.966,2.26,2.156
6.441,5.97,4.568,4.192,2.857,3.489,2.966,2.26,2.156,2.866
5.97,4.568,4.192,2.857,3.489,2.966,2.26,2.156,2.866,2.307
4.568,4.192,2.857,3.489,2.966,2.26,2.156,2.866,2.307,2.158
4.192,2.857,3.489,2.966,2.26,2.156,2.866,2.307,2.158,2.859
2.857,3.489,2.966,2.26,2.156,2.866,2.307,2.158,2.859,4.83
3.489,2.966,2.26,2.156,2.866,2.307,2.158,2.859,4.83,3.975
2.966,2.26,2.156,2.866,2.307,2.158,2.859,4.83,3.975,4.045
2.26,2.156,2.866,2.307,2.158,2.859,4.83,3.975,4.045,3.615
2.156,2.866,2.307,2.158,2.859,4.83,3.975,4.045,3.615,2.53
2.866,2.307,2.158,2.859,4.83,3.975,4.045,3.615,2.53,2.835
2.307,2.158,2.859,4.83,3.975,4.045,3.615,2.53,2.835,3.458
2.158,2.859,4.83,3.975,4.045,3.615,2.53,2.835,3.458,2.124
2.859,4.83,3.975,4.045,3.615,2.53,2.835,3.458,2.124,3.436
4.83,3.975,4.045,3.615,2.53,2.835,3.458,2.124,3.436,4.821
3.975,4.045,3.615,2.53,2.835,3.458,2.124,3.436,4.821,4.076
4.045,3.615,2.53,2.835,3.458,2.124,3.436,4.821,4.076,3.455
3.615,2.53,2.835,3.458,2.124,3.436,4.821,4.076,3.455,2.845
2.53,2.835,3.458,2.124,3.436,4.821,4.076,3.455,2.845,2.739
2.835,3.458,2.124,3.436,4.821,4.076,3.455,2.845,2.739,2.121
3.458,2.124,3.436,4.821,4.076,3.455,2.845,2.739,2.121,2.11
2.124,3.436,4.821,4.076,3.455,2.845,2.739,2.121,2.11,2.118
3.436,4.821,4.076,3.455,2.845,2.739,2.121,2.11,2.118,2.117
4.821,4.076,3.455,2.845,2.739,2.121,2.11,2.118,2.117,2.727
4.076,3.455,2.845,2.739,2.121,2.11,2.118,2.117,2.727,2.811
3.455,2.845,2.739,2.121,2.11,2.118,2.117,2.727,2.811,2.72
2.845,2.739,2.121,2.11,2.118,2.117,2.727,2.811,2.72,2.109
2.739,2.121,2.11,2.118,2.117,2.727,2.811,2.72,2.109,2.109
2.121,2.11,2.118,2.117,2.727,2.811,2.72,2.109,2.109,2.718
2.11,2.118,2.117,2.727,2.811,2.72,2.109,2.109,2.718,2.816
2.118,2.117,2.727,2.811,2.72,2.109,2.109,2.718,2.816,2.317
2.117,2.727,2.811,2.72,2.109,2.109,2.718,2.816,2.317,2.317
2.727,2.811,2.72,2.109,2.109,2.718,2.816,2.317,2.317,2.321
2.811,2.72,2.109,2.109,2.718,2.816,2.317,2.317,2.321,2.321
2.72,2.109,2.109,2.718,2.816,2.317,2.317,2.321,2.321,2.321
2.109,2.109,2.718,2.816,2.317,2.317,2.321,2.321,2.321,2.04
2.109,2.718,2.816,2.317,2.317,2.321,2.321,2.321,2.04,3.429
2.718,2.816,2.317,2.317,2.321,2.321,2.321,2.04,3.429,15.147
2.816,2.317,2.317,2.321,2.321,2.321,2.04,3.429,15.147,18.771
2.317,2.317,2.321,2.321,2.321,2.04,3.429,15.147,18.771,16.195
2.317,2.321,2.321,2.321,2.04,3.429,15.147,18.771,16.195,14.763
2.321,2.321,2.321,2.04,3.429,15.147,18.771,16.195,14.763,19.501
2.321,2.321,2.04,3.429,15.147,18.771,16.195,14.763,19.501,16.187
2.321,2.04,3.429,15.147,18.771,16.195,14.763,19.501,16.187,20.914
2.04,3.429,15.147,18.771,16.195,14.763,19.501,16.187,20.914,28.362
3.429,15.147,18.771,16.195,14.763,19.501,16.187,20.914,28.362,21.102
15.147,18.771,16.195,14.763,19.501,16.187,20.914,28.362,21.102,14.306
18.771,16.195,14.763,19.501,16.187,20.914,28.362,21.102,14.306,11.063
16.195,14.763,19.501,16.187,20.914,28.362,21.102,14.306,11.063,9.745
14.763,19.501,16.187,20.914,28.362,21.102,14.306,11.063,9.745,8.252
19.501,16.187,20.914,28.362,21.102,14.306,11.063,9.745,8.252,8.234
16.187,20.914,28.362,21.102,14.306,11.063,9.745,8.252,8.234,6.913
20.914,28.362,21.102,14.306,11.063,9.745,8.252,8.234,6.913,6.725
28.362,21.102,14.306,11.063,9.745,8.252,8.234,6.913,6.725,6.798
21.102,14.306,11.063,9.745,8.252,8.234,6.913,6.725,6.798,6.572
14.306,11.063,9.745,8.252,8.234,6.913,6.725,6.798,6.572,6.44
11.063,9.745,8.252,8.234,6.913,6.725,6.798,6.572,6.44,6.176
9.745,8.252,8.234,6.913,6.725,6.798,6.572,6.44,6.176,9.099
8.252,8.234,6.913,6.725,6.798,6.572,6.44,6.176,9.099,9.048
8.234,6.913,6.725,6.798,6.572,6.44,6.176,9.099,9.048,9.672
6.913,6.725,6.798,6.572,6.44,6.176,9.099,9.048,9.672,20.803
6.725,6.798,6.572,6.44,6.176,9.099,9.048,9.672,20.803,18.058
6.798,6.572,6.44,6.176,9.099,9.048,9.672,20.803,18.058,7.546
6.572,6.44,6.176,9.099,9.048,9.672,20.803,18.058,7.546,6.836
6.44,6.176,9.099,9.048,9.672,20.803,18.058,7.546,6.836,6.724
6.176,9.099,9.048,9.672,20.803,18.058,7.546,6.836,6.724,6.231
9.099,9.048,9.672,20.803,18.058,7.546,6.836,6.724,6.231,6.116
9.048,9.672,20.803,18.058,7.546,6.836,6.724,6.231,6.116,13.067
9.672,20.803,18.058,7.546,6.836,6.724,6.231,6.116,13.067,17.416
20.803,18.058,7.546,6.836,6.724,6.231,6.116,13.067,17.416,10.527
18.058,7.546,6.836,6.724,6.231,6.116,13.067,17.416,10.527,13.653
7.546,6.836,6.724,6.231,6.116,13.067,17.416,10.527,13.653,13.036
6.836,6.724,6.231,6.116,13.067,17.416,10.527,13.653,13.036,13.855
6.724,6.231,6.116,13.067,17.416,10.527,13.653,13.036,13.855,25.035
6.231,6.116,13.067,17.416,10.527,13.653,13.036,13.855,25.035,25.292
6.116,13.067,17.416,10.527,13.653,13.036,13.855,25.035,25.292,17.871
13.067,17.416,10.527,13.653,13.036,13.855,25.035,25.292,17.871,14.913
17.416,10.527,13.653,13.036,13.855,25.035,25.292,17.871,14.913,11.511
10.527,13.653,13.036,13.855,25.035,25.292,17.871,14.913,11.511,9.534
13.653,13.036,13.855,25.035,25.292,17.871,14.913,11.511,9.534,8.804
13.036,13.855,25.035,25.292,17.871,14.913,11.511,9.534,8.804,8.885
13.855,25.035,25.292,17.871,14.913,11.511,9.534,8.804,8.885,9.768
25.035,25.292,17.871,14.913,11.511,9.534,8.804,8.885,9.768,6.308
25.292,17.871,14.913,11.511,9.534,8.804,8.885,9.768,6.308,7.62
17.871,14.913,11.511,9.534,8.804,8.885,9.768,6.308,7.62,6.994
14.913,11.511,9.534,8.804,8.885,9.768,6.308,7.62,6.994,5.35
11.511,9.534,8.804,8.885,9.768,6.308,7.62,6.994,5.35,6.218
9.534,8.804,8.885,9.768,6.308,7.62,6.994,5.35,6.218,4.813
8.804,8.885,9.768,6.308,7.62,6.994,5.35,6.218,4.813,4.915
8.885,9.768,6.308,7.62,6.994,5.35,6.218,4.813,4.915,4.878
9.768,6.308,7.62,6.994,5.35,6.218,4.813,4.915,4.878,4.951
6.308,7.62,6.994,5.35,6.218,4.813,4.915,4.878,4.951,4.28
7.62,6.994,5.35,6.218,4.813,4.915,4.878,4.951,4.28,4.95
6.994,5.35,6.218,4.813,4.915,4.878,4.951,4.28,4.95,4.956
5.35,6.218,4.813,4.915,4.878,4.951,4.28,4.95,4.956,6.784
6.218,4.813,4.915,4.878,4.951,4.28,4.95,4.956,6.784,9.806
4.813,4.915,4.878,4.951,4.28,4.95,4.956,6.784,9.806,16.839
4.915,4.878,4.951,4.28,4.95,4.956,6.784,9.806,16.839,19.27
4.878,4.951,4.28,4.95,4.956,6.784,9.806,16.839,19.27,16.525
4.951,4.28,4.95,4.956,6.784,9.806,16.839,19.27,16.525,12.068
4.28,4.95,4.956,6.784,9.806,16.839,19.27,16.525,12.068,9.883
4.95,4.956,6.784,9.806,16.839,19.27,16.525,12.068,9.883,7.588
4.956,6.784,9.806,16.839,19.27,16.525,12.068,9.883,7.588,6.972
6.784,9.806,16.839,19.27,16.525,12.068,9.883,7.588,6.972,6.553
9.806,16.839,19.27,16.525,12.068,9.883,7.588,6.972,6.553,6.331
16.839,19.27,16.525,12.068,9.883,7.588,6.972,6.553,6.331,6.369
19.27,16.525,12.068,9.883,7.588,6.972,6.553,6.331,6.369,4.771
16.525,12.068,9.883,7.588,6.972,6.553,6.331,6.369,4.771,4.771
12.068,9.883,7.588,6.972,6.553,6.331,6.369,4.771,4.771,4.42
9.883,7.588,6.972,6.553,6.331,6.369,4.771,4.771,4.42,4.421
7.588,6.972,6.553,6.331,6.369,4.771,4.771,4.42,4.421,4.391
6.972,6.553,6.331,6.369,4.771,4.771,4.42,4.421,4.391,4.433
6.553,6.331,6.369,4.771,4.771,4.42,4.421,4.391,4.433,3.739
6.331,6.369,4.771,4.771,4.42,4.421,4.391,4.433,3.739,4.439
6.369,4.771,4.771,4.42,4.421,4.391,4.433,3.739,4.439,2.922
4.771,4.771,4.42,4.421,4.391,4.433,3.739,4.439,2.922,3.629
4.771,4.42,4.421,4.391,4.433,3.739,4.439,2.922,3.629,3.736
4.42,4.421,4.391,4.433,3.739,4.439,2.922,3.629,3.736,4.311
4.421,4.391,4.433,3.739,4.439,2.922,3.629,3.736,4.311,3.717
4.391,4.433,3.739,4.439,2.922,3.629,3.736,4.311,3.717,3.59
4.433,3.739,4.439,2.922,3.629,3.736,4.311,3.717,3.59,4.422
3.739,4.439,2.922,3.629,3.736,4.311,3.717,3.59,4.422,3.709
4.439,2.922,3.629,3.736,4.311,3.717,3.59,4.422,3.709,3.608
2.922,3.629,3.736,4.311,3.717,3.59,4.422,3.709,3.608,3.479
3.629,3.736,4.311,3.717,3.59,4.422,3.709,3.608,3.479,3.49
3.736,4.311,3.717,3.59,4.422,3.709,3.608,3.479,3.49,3.214
4.311,3.717,3.59,4.422,3.709,3.608,3.479,3.49,3.214,4.059
3.717,3.59,4.422,3.709,3.608,3.479,3.49,3.214,4.059,4.069
3.59,4.422,3.709,3.608,3.479,3.49,3.214,4.059,4.069,2.947
4.422,3.709,3.608,3.479,3.49,3.214,4.059,4.069,2.947,3.552
3.709,3.608,3.479,3.49,3.214,4.059,4.069,2.947,3.552,2.842
3.608,3.479,3.49,3.214,4.059,4.069,2.947,3.552,2.842,2.728
3.479,3.49,3.214,4.059,4.069,2.947,3.552,2.842,2.728,3.736
3.49,3.214,4.059,4.069,2.947,3.552,2.842,2.728,3.736,3.613
3.214,4.059,4.069,2.947,3.552,2.842,2.728,3.736,3.613,3.699
4.059,4.069,2.947,3.552,2.842,2.728,3.736,3.613,3.699,2.067
4.069,2.947,3.552,2.842,2.728,3.736,3.613,3.699,2.067,3.72
2.947,3.552,2.842,2.728,3.736,3.613,3.699,2.067,3.72,2.904
3.552,2.842,2.728,3.736,3.613,3.699,2.067,3.72,2.904,2.082
2.842,2.728,3.736,3.613,3.699,2.067,3.72,2.904,2.082,2.902
2.728,3.736,3.613,3.699,2.067,3.72,2.904,2.082,2.902,2.904
3.736,3.613,3.699,2.067,3.72,2.904,2.082,2.902,2.904,2.901
3.613,3.699,2.067,3.72,2.904,2.082,2.902,2.904,2.901,2.905
3.699,2.067,3.72,2.904,2.082,2.902,2.904,2.901,2.905,2.195
2.067,3.72,2.904,2.082,2.902,2.904,2.901,2.905,2.195,2.079
3.72,2.904,2.082,2.902,2.904,2.901,2.905,2.195,2.079,2.896
2.904,2.082,2.902,2.904,2.901,2.905,2.195,2.079,2.896,4.427
2.082,2.902,2.904,2.901,2.905,2.195,2.079,2.896,4.427,4.412
2.902,2.904,2.901,2.905,2.195,2.079,2.896,4.427,4.412,4.211
2.904,2.901,2.905,2.195,2.079,2.896,4.427,4.412,4.211,3.475
2.901,2.905,2.195,2.079,2.896,4.427,4.412,4.211,3.475,1.917
2.905,2.195,2.079,2.896,4.427,4.412,4.211,3.475,1.917,2.083
2.195,2.079,2.896,4.427,4.412,4.211,3.475,1.917,2.083,2.897
2.079,2.896,4.427,4.412,4.211,3.475,1.917,2.083,2.897,1.345
2.896,4.427,4.412,4.211,3.475,1.917,2.083,2.897,1.345,2.888
4.427,4.412,4.211,3.475,1.917,2.083,2.897,1.345,2.888,4.427
4.412,4.211,3.475,1.917,2.083,2.897,1.345,2.888,4.427,2.896
4.211,3.475,1.917,2.083,2.897,1.345,2.888,4.427,2.896,2.895
3.475,1.917,2.083,2.897,1.345,2.888,4.427,2.896,2.895,2.182
1.917,2.083,2.897,1.345,2.888,4.427,2.896,2.895,2.182,2.07
2.083,2.897,1.345,2.888,4.427,2.896,2.895,2.182,2.07,3.727
2.897,1.345,2.888,4.427,2.896,2.895,2.182,2.07,3.727,3.615
1.345,2.888,4.427,2.896,2.895,2.182,2.07,3.727,3.615,3.72
2.888,4.427,2.896,2.895,2.182,2.07,3.727,3.615,3.72,3.482
4.427,2.896,2.895,2.182,2.07,3.727,3.615,3.72,3.482,2.679
2.896,2.895,2.182,2.07,3.727,3.615,3.72,3.482,2.679,2.192
2.895,2.182,2.07,3.727,3.615,3.72,3.482,2.679,2.192,2.077
2.182,2.07,3.727,3.615,3.72,3.482,2.679,2.192,2.077,2.197
2.07,3.727,3.615,3.72,3.482,2.679,2.192,2.077,2.197,1.314
3.727,3.615,3.72,3.482,2.679,2.192,2.077,2.197,1.314,1.372
3.615,3.72,3.482,2.679,2.192,2.077,2.197,1.314,1.372,1.65
3.72,3.482,2.679,2.192,2.077,2.197,1.314,1.372,1.65,1.6
3.482,2.679,2.192,2.077,2.197,1.314,1.372,1.65,1.6,2.385
2.679,2.192,2.077,2.197,1.314,1.372,1.65,1.6,2.385,4.035
2.192,2.077,2.197,1.314,1.372,1.65,1.6,2.385,4.035,9.077
2.077,2.197,1.314,1.372,1.65,1.6,2.385,4.035,9.077,7.699
2.197,1.314,1.372,1.65,1.6,2.385,4.035,9.077,7.699,6.886
1.314,1.372,1.65,1.6,2.385,4.035,9.077,7.699,6.886,3.7
1.372,1.65,1.6,2.385,4.035,9.077,7.699,6.886,3.7,3.772
1.65,1.6,2.385,4.035,9.077,7.699,6.886,3.7,3.772,2.052
1.6,2.385,4.035,9.077,7.699,6.886,3.7,3.772,2.052,2.218
2.385,4.035,9.077,7.699,6.886,3.7,3.772,2.052,2.218,2.105
4.035,9.077,7.699,6.886,3.7,3.772,2.052,2.218,2.105,3.741
9.077,7.699,6.886,3.7,3.772,2.052,2.218,2.105,3.741,2.112
7.699,6.886,3.7,3.772,2.052,2.218,2.105,3.741,2.112,2.929
6.886,3.7,3.772,2.052,2.218,2.105,3.741,2.112,2.929,1.392
3.7,3.772,2.052,2.218,2.105,3.741,2.112,2.929,1.392,2.225
3.772,2.052,2.218,2.105,3.741,2.112,2.929,1.392,2.225,1.95
2.052,2.218,2.105,3.741,2.112,2.929,1.392,2.225,1.95,1.39
2.218,2.105,3.741,2.112,2.929,1.392,2.225,1.95,1.39,2.92
2.105,3.741,2.112,2.929,1.392,2.225,1.95,1.39,2.92,1.6
3.741,2.112,2.929,1.392,2.225,1.95,1.39,2.92,1.6,1.598
2.112,2.929,1.392,2.225,1.95,1.39,2.92,1.6,1.598,1.594
2.929,1.392,2.225,1.95,1.39,2.92,1.6,1.598,1.594,1.595
1.392,2.225,1.95,1.39,2.92,1.6,1.598,1.594,1.595,0.782
2.225,1.95,1.39,2.92,1.6,1.598,1.594,1.595,0.782,0.889
1.95,1.39,2.92,1.6,1.598,1.594,1.595,0.782,0.889,1.59
1.39,2.92,1.6,1.598,1.594,1.595,0.782,0.889,1.59,0.771
2.92,1.6,1.598,1.594,1.595,0.782,0.889,1.59,0.771,0.85
1.6,1.598,1.594,1.595,0.782,0.889,1.59,0.771,0.85,1.653
1.598,1.594,1.595,0.782,0.889,1.59,0.771,0.85,1.653,2.348
1.594,1.595,0.782,0.889,1.59,0.771,0.85,1.653,2.348,1.656
1.595,0.782,0.889,1.59,0.771,0.85,1.653,2.348,1.656,1.54
0.782,0.889,1.59,0.771,0.85,1.653,2.348,1.656,1.54,1.457
0.889,1.59,0.771,0.85,1.653,2.348,1.656,1.54,1.457,0.8
1.59,0.771,0.85,1.653,2.348,1.656,1.54,1.457,0.8,1.566
0.771,0.85,1.653,2.348,1.656,1.54,1.457,0.8,1.566,1.541
0.85,1.653,2.348,1.656,1.54,1.457,0.8,1.566,1.541,0.759
1.653,2.348,1.656,1.54,1.457,0.8,1.566,1.541,0.759,1.55
2.348,1.656,1.54,1.457,0.8,1.566,1.541,0.759,1.55,1.545
1.656,1.54,1.457,0.8,1.566,1.541,0.759,1.55,1.545,1.544
1.54,1.457,0.8,1.566,1.541,0.759,1.55,1.545,1.544,1.545
1.457,0.8,1.566,1.541,0.759,1.55,1.545,1.544,1.545,1.546
0.8,1.566,1.541,0.759,1.55,1.545,1.544,1.545,1.546,1.217
1.566,1.541,0.759,1.55,1.545,1.544,1.545,1.546,1.217,1.544
1.541,0.759,1.55,1.545,1.544,1.545,1.546,1.217,1.544,2.353
0.759,1.55,1.545,1.544,1.545,1.546,1.217,1.544,2.353,1.539
1.55,1.545,1.544,1.545,1.546,1.217,1.544,2.353,1.539,1.538
1.545,1.544,1.545,1.546,1.217,1.544,2.353,1.539,1.538,0.728
1.544,1.545,1.546,1.217,1.544,2.353,1.539,1.538,0.728,0.831
1.545,1.546,1.217,1.544,2.353,1.539,1.538,0.728,0.831,1.537
1.546,1.217,1.544,2.353,1.539,1.538,0.728,0.831,1.537,1.538
1.217,1.544,2.353,1.539,1.538,0.728,0.831,1.537,1.538,0.719
1.544,2.353,1.539,1.538,0.728,0.831,1.537,1.538,0.719,1.539
2.353,1.539,1.538,0.728,0.831,1.537,1.538,0.719,1.539,1.539
1.539,1.538,0.728,0.831,1.537,1.538,0.719,1.539,1.539,0.843
1.538,0.728,0.831,1.537,1.538,0.719,1.539,1.539,0.843,1.537
0.728,0.831,1.537,1.538,0.719,1.539,1.539,0.843,1.537,0.74
0.831,1.537,1.538,0.719,1.539,1.539,0.843,1.537,0.74,1.646
1.537,1.538,0.719,1.539,1.539,0.843,1.537,0.74,1.646,0.838
1.538,0.719,1.539,1.539,0.843,1.537,0.74,1.646,0.838,0.837
0.719,1.539,1.539,0.843,1.537,0.74,1.646,0.838,0.837,0.837
1.539,1.539,0.843,1.537,0.74,1.646,0.838,0.837,0.837,2.03
1.539,0.843,1.537,0.74,1.646,0.838,0.837,0.837,2.03,1.515
0.843,1.537,0.74,1.646,0.838,0.837,0.837,2.03,1.515,2.333
1.537,0.74,1.646,0.838,0.837,0.837,2.03,1.515,2.333,3.687
0.74,1.646,0.838,0.837,0.837,2.03,1.515,2.333,3.687,4.236
1.646,0.838,0.837,0.837,2.03,1.515,2.333,3.687,4.236,2.904
0.838,0.837,0.837,2.03,1.515,2.333,3.687,4.236,2.904,2.198
0.837,0.837,2.03,1.515,2.333,3.687,4.236,2.904,2.198,4.437
0.837,2.03,1.515,2.333,3.687,4.236,2.904,2.198,4.437,13.698
2.03,1.515,2.333,3.687,4.236,2.904,2.198,4.437,13.698,9.271
1.515,2.333,3.687,4.236,2.904,2.198,4.437,13.698,9.271,8.454
2.333,3.687,4.236,2.904,2.198,4.437,13.698,9.271,8.454,2.968
3.687,4.236,2.904,2.198,4.437,13.698,9.271,8.454,2.968,2.483
4.236,2.904,2.198,4.437,13.698,9.271,8.454,2.968,2.483,3.948
2.904,2.198,4.437,13.698,9.271,8.454,2.968,2.483,3.948,1.726
2.198,4.437,13.698,9.271,8.454,2.968,2.483,3.948,1.726,2.189
4.437,13.698,9.271,8.454,2.968,2.483,3.948,1.726,2.189,1.371
13.698,9.271,8.454,2.968,2.483,3.948,1.726,2.189,1.371,3.605
9.271,8.454,2.968,2.483,3.948,1.726,2.189,1.371,3.605,3.726
8.454,2.968,2.483,3.948,1.726,2.189,1.371,3.605,3.726,2.594
2.968,2.483,3.948,1.726,2.189,1.371,3.605,3.726,2.594,2.227
2.483,3.948,1.726,2.189,1.371,3.605,3.726,2.594,2.227,1.362
3.948,1.726,2.189,1.371,3.605,3.726,2.594,2.227,1.362,2.07
1.726,2.189,1.371,3.605,3.726,2.594,2.227,1.362,2.07,2.085
2.189,1.371,3.605,3.726,2.594,2.227,1.362,2.07,2.085,2.2
1.371,3.605,3.726,2.594,2.227,1.362,2.07,2.085,2.2,2.897
3.605,3.726,2.594,2.227,1.362,2.07,2.085,2.2,2.897,2.07
3.726,2.594,2.227,1.362,2.07,2.085,2.2,2.897,2.07,2.188
2.594,2.227,1.362,2.07,2.085,2.2,2.897,2.07,2.188,1.366
2.227,1.362,2.07,2.085,2.2,2.897,2.07,2.188,1.366,1.377
1.362,2.07,2.085,2.2,2.897,2.07,2.188,1.366,1.377,1.26
2.07,2.085,2.2,2.897,2.07,2.188,1.366,1.377,1.26,1.383
2.085,2.2,2.897,2.07,2.188,1.366,1.377,1.26,1.383,3.688
2.2,2.897,2.07,2.188,1.366,1.377,1.26,1.383,3.688,2.878
2.897,2.07,2.188,1.366,1.377,1.26,1.383,3.688,2.878,2.09
2.07,2.188,1.366,1.377,1.26,1.383,3.688,2.878,2.09,2.189
2.188,1.366,1.377,1.26,1.383,3.688,2.878,2.09,2.189,1.543
1.366,1.377,1.26,1.383,3.688,2.878,2.09,2.189,1.543,3.061
1.377,1.26,1.383,3.688,2.878,2.09,2.189,1.543,3.061,2.198
1.26,1.383,3.688,2.878,2.09,2.189,1.543,3.061,2.198,2.22
1.383,3.688,2.878,2.09,2.189,1.543,3.061,2.198,2.22,1.425
3.688,2.878,2.09,2.189,1.543,3.061,2.198,2.22,1.425,1.534
2.878,2.09,2.189,1.543,3.061,2.198,2.22,1.425,1.534,1.431
2.09,2.189,1.543,3.061,2.198,2.22,1.425,1.534,1.431,1.543
2.189,1.543,3.061,2.198,2.22,1.425,1.534,1.431,1.543,1.429
1.543,3.061,2.198,2.22,1.425,1.534,1.431,1.543,1.429,1.432
3.061,2.198,2.22,1.425,1.534,1.431,1.543,1.429,1.432,1.551
2.198,2.22,1.425,1.534,1.431,1.543,1.429,1.432,1.551,1.43
2.22,1.425,1.534,1.431,1.543,1.429,1.432,1.551,1.43,1.544
1.425,1.534,1.431,1.543,1.429,1.432,1.551,1.43,1.544,2.228
1.534,1.431,1.543,1.429,1.432,1.551,1.43,1.544,2.228,0.752
1.431,1.543,1.429,1.432,1.551,1.43,1.544,2.228,0.752,2.216
1.543,1.429,1.432,1.551,1.43,1.544,2.228,0.752,2.216,2.91
1.429,1.432,1.551,1.43,1.544,2.228,0.752,2.216,2.91,3.709
1.432,1.551,1.43,1.544,2.228,0.752,2.216,2.91,3.709,3.018
1.551,1.43,1.544,2.228,0.752,2.216,2.91,3.709,3.018,2.917
1.43,1.544,2.228,0.752,2.216,2.91,3.709,3.018,2.917,2.24
1.544,2.228,0.752,2.216,2.91,3.709,3.018,2.917,2.24,2.235
2.228,0.752,2.216,2.91,3.709,3.018,2.917,2.24,2.235,2.23
0.752,2.216,2.91,3.709,3.018,2.917,2.24,2.235,2.23,1.549
2.216,2.91,3.709,3.018,2.917,2.24,2.235,2.23,1.549,2.103
2.91,3.709,3.018,2.917,2.24,2.235,2.23,1.549,2.103,2.649
3.709,3.018,2.917,2.24,2.235,2.23,1.549,2.103,2.649,2.014
3.018,2.917,2.24,2.235,2.23,1.549,2.103,2.649,2.014,4.289
2.917,2.24,2.235,2.23,1.549,2.103,2.649,2.014,4.289,4.342
2.24,2.235,2.23,1.549,2.103,2.649,2.014,4.289,4.342,3.57
2.235,2.23,1.549,2.103,2.649,2.014,4.289,4.342,3.57,2.85
2.23,1.549,2.103,2.649,2.014,4.289,4.342,3.57,2.85,2.148
1.549,2.103,2.649,2.014,4.289,4.342,3.57,2.85,2.148,2.106
2.103,2.649,2.014,4.289,4.342,3.57,2.85,2.148,2.106,2.907
2.649,2.014,4.289,4.342,3.57,2.85,2.148,2.106,2.907,2.105
2.014,4.289,4.342,3.57,2.85,2.148,2.106,2.907,2.105,2.795
4.289,4.342,3.57,2.85,2.148,2.106,2.907,2.105,2.795,2.077
4.342,3.57,2.85,2.148,2.106,2.907,2.105,2.795,2.077,3.565
3.57,2.85,2.148,2.106,2.907,2.105,2.795,2.077,3.565,4.257
2.85,2.148,2.106,2.907,2.105,2.795,2.077,3.565,4.257,4.333
2.148,2.106,2.907,2.105,2.795,2.077,3.565,4.257,4.333,3.567
2.106,2.907,2.105,2.795,2.077,3.565,4.257,4.333,3.567,2.753
2.907,2.105,2.795,2.077,3.565,4.257,4.333,3.567,2.753,3.606
2.105,2.795,2.077,3.565,4.257,4.333,3.567,2.753,3.606,3.6
2.795,2.077,3.565,4.257,4.333,3.567,2.753,3.606,3.6,2.79
2.077,3.565,4.257,4.333,3.567,2.753,3.606,3.6,2.79,3.218
3.565,4.257,4.333,3.567,2.753,3.606,3.6,2.79,3.218,6.73
4.257,4.333,3.567,2.753,3.606,3.6,2.79,3.218,6.73,14.924
4.333,3.567,2.753,3.606,3.6,2.79,3.218,6.73,14.924,20.518
3.567,2.753,3.606,3.6,2.79,3.218,6.73,14.924,20.518,20.188
2.753,3.606,3.6,2.79,3.218,6.73,14.924,20.518,20.188,12.107
3.606,3.6,2.79,3.218,6.73,14.924,20.518,20.188,12.107,9.025
3.6,2.79,3.218,6.73,14.924,20.518,20.188,12.107,9.025,7.205
2.79,3.218,6.73,14.924,20.518,20.188,12.107,9.025,7.205,5.71
3.218,6.73,14.924,20.518,20.188,12.107,9.025,7.205,5.71,9.078
6.73,14.924,20.518,20.188,12.107,9.025,7.205,5.71,9.078,10.343
14.924,20.518,20.188,12.107,9.025,7.205,5.71,9.078,10.343,10.07
20.518,20.188,12.107,9.025,7.205,5.71,9.078,10.343,10.07,8.72
20.188,12.107,9.025,7.205,5.71,9.078,10.343,10.07,8.72,5.72
12.107,9.025,7.205,5.71,9.078,10.343,10.07,8.72,5.72,5.378
9.025,7.205,5.71,9.078,10.343,10.07,8.72,5.72,5.378,5.202
7.205,5.71,9.078,10.343,10.07,8.72,5.72,5.378,5.202,10.244
5.71,9.078,10.343,10.07,8.72,5.72,5.378,5.202,10.244,14.037
9.078,10.343,10.07,8.72,5.72,5.378,5.202,10.244,14.037,18.037
10.343,10.07,8.72,5.72,5.378,5.202,10.244,14.037,18.037,14.181
10.07,8.72,5.72,5.378,5.202,10.244,14.037,18.037,14.181,10.426
8.72,5.72,5.378,5.202,10.244,14.037,18.037,14.181,10.426,7.274
5.72,5.378,5.202,10.244,14.037,18.037,14.181,10.426,7.274,7.493
5.378,5.202,10.244,14.037,18.037,14.181,10.426,7.274,7.493,6.004
5.202,10.244,14.037,18.037,14.181,10.426,7.274,7.493,6.004,6.72
10.244,14.037,18.037,14.181,10.426,7.274,7.493,6.004,6.72,6.829
14.037,18.037,14.181,10.426,7.274,7.493,6.004,6.72,6.829,21.182
18.037,14.181,10.426,7.274,7.493,6.004,6.72,6.829,21.182,19.974
14.181,10.426,7.274,7.493,6.004,6.72,6.829,21.182,19.974,14.081
10.426,7.274,7.493,6.004,6.72,6.829,21.182,19.974,14.081,10.726
7.274,7.493,6.004,6.72,6.829,21.182,19.974,14.081,10.726,13.877
7.493,6.004,6.72,6.829,21.182,19.974,14.081,10.726,13.877,12.262
6.004,6.72,6.829,21.182,19.974,14.081,10.726,13.877,12.262,9.992
6.72,6.829,21.182,19.974,14.081,10.726,13.877,12.262,9.992,8.425
6.829,21.182,19.974,14.081,10.726,13.877,12.262,9.992,8.425,10.64
21.182,19.974,14.081,10.726,13.877,12.262,9.992,8.425,10.64,9.963
19.974,14.081,10.726,13.877,12.262,9.992,8.425,10.64,9.963,10.391
14.081,10.726,13.877,12.262,9.992,8.425,10.64,9.963,10.391,18.297
10.726,13.877,12.262,9.992,8.425,10.64,9.963,10.391,18.297,18.452
13.877,12.262,9.992,8.425,10.64,9.963,10.391,18.297,18.452,13.077
12.262,9.992,8.425,10.64,9.963,10.391,18.297,18.452,13.077,10.716
9.992,8.425,10.64,9.963,10.391,18.297,18.452,13.077,10.716,9.166
8.425,10.64,9.963,10.391,18.297,18.452,13.077,10.716,9.166,9.19
10.64,9.963,10.391,18.297,18.452,13.077,10.716,9.166,9.19,6.978
9.963,10.391,18.297,18.452,13.077,10.716,9.166,9.19,6.978,7.687
10.391,18.297,18.452,13.077,10.716,9.166,9.19,6.978,7.687,7.004
18.297,18.452,13.077,10.716,9.166,9.19,6.978,7.687,7.004,6.252
18.452,13.077,10.716,9.166,9.19,6.978,7.687,7.004,6.252,5.46
13.077,10.716,9.166,9.19,6.978,7.687,7.004,6.252,5.46,5.905
10.716,9.166,9.19,6.978,7.687,7.004,6.252,5.46,5.905,5.345
9.166,9.19,6.978,7.687,7.004,6.252,5.46,5.905,5.345,5.272
9.19,6.978,7.687,7.004,6.252,5.46,5.905,5.345,5.272,5.28
6.978,7.687,7.004,6.252,5.46,5.905,5.345,5.272,5.28,5.253
7.687,7.004,6.252,5.46,5.905,5.345,5.272,5.28,5.253,5.947
7.004,6.252,5.46,5.905,5.345,5.272,5.28,5.253,5.947,5.719
6.252,5.46,5.905,5.345,5.272,5.28,5.253,5.947,5.719,4.98
5.46,5.905,5.345,5.272,5.28,5.253,5.947,5.719,4.98,5.604
5.905,5.345,5.272,5.28,5.253,5.947,5.719,4.98,5.604,4.846
5.345,5.272,5.28,5.253,5.947,5.719,4.98,5.604,4.846,5.524
5.272,5.28,5.253,5.947,5.719,4.98,5.604,4.846,5.524,10.171
5.28,5.253,5.947,5.719,4.98,5.604,4.846,5.524,10.171,14.878
5.253,5.947,5.719,4.98,5.604,4.846,5.524,10.171,14.878,10.797
5.947,5.719,4.98,5.604,4.846,5.524,10.171,14.878,10.797,7.185
5.719,4.98,5.604,4.846,5.524,10.171,14.878,10.797,7.185,5.773
4.98,5.604,4.846,5.524,10.171,14.878,10.797,7.185,5.773,5.064
5.604,4.846,5.524,10.171,14.878,10.797,7.185,5.773,5.064,5.305
4.846,5.524,10.171,14.878,10.797,7.185,5.773,5.064,5.305,8.927
5.524,10.171,14.878,10.797,7.185,5.773,5.064,5.305,8.927,17.8
10.171,14.878,10.797,7.185,5.773,5.064,5.305,8.927,17.8,18.243
14.878,10.797,7.185,5.773,5.064,5.305,8.927,17.8,18.243,13.22
10.797,7.185,5.773,5.064,5.305,8.927,17.8,18.243,13.22,38.786
7.185,5.773,5.064,5.305,8.927,17.8,18.243,13.22,38.786,50.112
5.773,5.064,5.305,8.927,17.8,18.243,13.22,38.786,50.112,27.028
5.064,5.305,8.927,17.8,18.243,13.22,38.786,50.112,27.028,16.835
5.305,8.927,17.8,18.243,13.22,38.786,50.112,27.028,16.835,13.204
8.927,17.8,18.243,13.22,38.786,50.112,27.028,16.835,13.204,10.31
17.8,18.243,13.22,38.786,50.112,27.028,16.835,13.204,10.31,8.489
18.243,13.22,38.786,50.112,27.028,16.835,13.204,10.31,8.489,7.839
13.22,38.786,50.112,27.028,16.835,13.204,10.31,8.489,7.839,7.02
38.786,50.112,27.028,16.835,13.204,10.31,8.489,7.839,7.02,7.143
50.112,27.028,16.835,13.204,10.31,8.489,7.839,7.02,7.143,7.143
27.028,16.835,13.204,10.31,8.489,7.839,7.02,7.143,7.143,7.859
16.835,13.204,10.31,8.489,7.839,7.02,7.143,7.143,7.859,7.041
13.204,10.31,8.489,7.839,7.02,7.143,7.143,7.859,7.041,7.137
10.31,8.489,7.839,7.02,7.143,7.143,7.859,7.041,7.137,6.974
8.489,7.839,7.02,7.143,7.143,7.859,7.041,7.137,6.974,6.317
7.839,7.02,7.143,7.143,7.859,7.041,7.137,6.974,6.317,6.854
7.02,7.143,7.143,7.859,7.041,7.137,6.974,6.317,6.854,5.982
7.143,7.143,7.859,7.041,7.137,6.974,6.317,6.854,5.982,5.185
7.143,7.859,7.041,7.137,6.974,6.317,6.854,5.982,5.185,5.87
7.859,7.041,7.137,6.974,6.317,6.854,5.982,5.185,5.87,5.911
7.041,7.137,6.974,6.317,6.854,5.982,5.185,5.87,5.911,5.875
7.137,6.974,6.317,6.854,5.982,5.185,5.87,5.911,5.875,6.929
6.974,6.317,6.854,5.982,5.185,5.87,5.911,5.875,6.929,5.851
6.317,6.854,5.982,5.185,5.87,5.911,5.875,6.929,5.851,5.391
6.854,5.982,5.185,5.87,5.911,5.875,6.929,5.851,5.391,8.976
5.982,5.185,5.87,5.911,5.875,6.929,5.851,5.391,8.976,14.104
5.185,5.87,5.911,5.875,6.929,5.851,5.391,8.976,14.104,12.583
5.87,5.911,5.875,6.929,5.851,5.391,8.976,14.104,12.583,7.612
5.911,5.875,6.929,5.851,5.391,8.976,14.104,12.583,7.612,6.313
5.875,6.929,5.851,5.391,8.976,14.104,12.583,7.612,6.313,4.874
6.929,5.851,5.391,8.976,14.104,12.583,7.612,6.313,4.874,5.11
5.851,5.391,8.976,14.104,12.583,7.612,6.313,4.874,5.11,5.186
5.391,8.976,14.104,12.583,7.612,6.313,4.874,5.11,5.186,5.1
8.976,14.104,12.583,7.612,6.313,4.874,5.11,5.186,5.1,5.195
14.104,12.583,7.612,6.313,4.874,5.11,5.186,5.1,5.195,4.571
12.583,7.612,6.313,4.874,5.11,5.186,5.1,5.195,4.571,4.57
7.612,6.313,4.874,5.11,5.186,5.1,5.195,4.571,4.57,4.569
6.313,4.874,5.11,5.186,5.1,5.195,4.571,4.57,4.569,4.562
4.874,5.11,5.186,5.1,5.195,4.571,4.57,4.569,4.562,3.929
5.11,5.186,5.1,5.195,4.571,4.57,4.569,4.562,3.929,4.006
5.186,5.1,5.195,4.571,4.57,4.569,4.562,3.929,4.006,3.905
5.1,5.195,4.571,4.57,4.569,4.562,3.929,4.006,3.905,3.316
5.195,4.571,4.57,4.569,4.562,3.929,4.006,3.905,3.316,3.427
4.571,4.57,4.569,4.562,3.929,4.006,3.905,3.316,3.427,3.378
4.57,4.569,4.562,3.929,4.006,3.905,3.316,3.427,3.378,3.37
4.569,4.562,3.929,4.006,3.905,3.316,3.427,3.378,3.37,3.368
4.562,3.929,4.006,3.905,3.316,3.427,3.378,3.37,3.368,3.363
3.929,4.006,3.905,3.316,3.427,3.378,3.37,3.368,3.363,3.352
4.006,3.905,3.316,3.427,3.378,3.37,3.368,3.363,3.352,3.352
3.905,3.316,3.427,3.378,3.37,3.368,3.363,3.352,3.352,3.356
3.316,3.427,3.378,3.37,3.368,3.363,3.352,3.352,3.356,3.4
3.427,3.378,3.37,3.368,3.363,3.352,3.352,3.356,3.4,3.4
3.378,3.37,3.368,3.363,3.352,3.352,3.356,3.4,3.4,3.358
3.37,3.368,3.363,3.352,3.352,3.356,3.4,3.4,3.358,3.353
3.368,3.363,3.352,3.352,3.356,3.4,3.4,3.358,3.353,3.358
3.363,3.352,3.352,3.356,3.4,3.4,3.358,3.353,3.358,3.363
3.352,3.352,3.356,3.4,3.4,3.358,3.353,3.358,3.363,3.368
3.352,3.356,3.4,3.4,3.358,3.353,3.358,3.363,3.368,4.553
3.356,3.4,3.4,3.358,3.353,3.358,3.363,3.368,4.553,7.546
3.4,3.4,3.358,3.353,3.358,3.363,3.368,4.553,7.546,13.37
3.4,3.358,3.353,3.358,3.363,3.368,4.553,7.546,13.37,13.717
3.358,3.353,3.358,3.363,3.368,4.553,7.546,13.37,13.717,11.191
3.353,3.358,3.363,3.368,4.553,7.546,13.37,13.717,11.191,9.719
3.358,3.363,3.368,4.553,7.546,13.37,13.717,11.191,9.719,7.401
3.363,3.368,4.553,7.546,13.37,13.717,11.191,9.719,7.401,7.542
3.368,4.553,7.546,13.37,13.717,11.191,9.719,7.401,7.542,6.739
4.553,7.546,13.37,13.717,11.191,9.719,7.401,7.542,6.739,8.087
7.546,13.37,13.717,11.191,9.719,7.401,7.542,6.739,8.087,7.543
13.37,13.717,11.191,9.719,7.401,7.542,6.739,8.087,7.543,7.905
13.717,11.191,9.719,7.401,7.542,6.739,8.087,7.543,7.905,7.852
11.191,9.719,7.401,7.542,6.739,8.087,7.543,7.905,7.852,6.774
9.719,7.401,7.542,6.739,8.087,7.543,7.905,7.852,6.774,4.995
7.401,7.542,6.739,8.087,7.543,7.905,7.852,6.774,4.995,5.681
7.542,6.739,8.087,7.543,7.905,7.852,6.774,4.995,5.681,4.929
6.739,8.087,7.543,7.905,7.852,6.774,4.995,5.681,4.929,5.084
8.087,7.543,7.905,7.852,6.774,4.995,5.681,4.929,5.084,4.461
7.543,7.905,7.852,6.774,4.995,5.681,4.929,5.084,4.461,4.608
7.905,7.852,6.774,4.995,5.681,4.929,5.084,4.461,4.608,3.739
7.852,6.774,4.995,5.681,4.929,5.084,4.461,4.608,3.739,3.65
6.774,4.995,5.681,4.929,5.084,4.461,4.608,3.739,3.65,3.641
4.995,5.681,4.929,5.084,4.461,4.608,3.739,3.65,3.641,3.509
5.681,4.929,5.084,4.461,4.608,3.739,3.65,3.641,3.509,3.421
4.929,5.084,4.461,4.608,3.739,3.65,3.641,3.509,3.421,3.421
5.084,4.461,4.608,3.739,3.65,3.641,3.509,3.421,3.421,3.417
4.461,4.608,3.739,3.65,3.641,3.509,3.421,3.421,3.417,3.992
4.608,3.739,3.65,3.641,3.509,3.421,3.421,3.417,3.992,3.419
3.739,3.65,3.641,3.509,3.421,3.421,3.417,3.992,3.419,3.414
3.65,3.641,3.509,3.421,3.421,3.417,3.992,3.419,3.414,3.411
3.641,3.509,3.421,3.421,3.417,3.992,3.419,3.414,3.411,3.409
3.509,3.421,3.421,3.417,3.992,3.419,3.414,3.411,3.409,3.392
3.421,3.421,3.417,3.992,3.419,3.414,3.411,3.409,3.392,3.994
3.421,3.417,3.992,3.419,3.414,3.411,3.409,3.392,3.994,4.129
3.417,3.992,3.419,3.414,3.411,3.409,3.392,3.994,4.129,3.396
3.992,3.419,3.414,3.411,3.409,3.392,3.994,4.129,3.396,3.382
3.419,3.414,3.411,3.409,3.392,3.994,4.129,3.396,3.382,2.716
3.414,3.411,3.409,3.392,3.994,4.129,3.396,3.382,2.716,3.412
3.411,3.409,3.392,3.994,4.129,3.396,3.382,2.716,3.412,2.84
3.409,3.392,3.994,4.129,3.396,3.382,2.716,3.412,2.84,3.413
3.392,3.994,4.129,3.396,3.382,2.716,3.412,2.84,3.413,3.409
3.994,4.129,3.396,3.382,2.716,3.412,2.84,3.413,3.409,2.726
4.129,3.396,3.382,2.716,3.412,2.84,3.413,3.409,2.726,2.72
3.396,3.382,2.716,3.412,2.84,3.413,3.409,2.726,2.72,3.414
3.382,2.716,3.412,2.84,3.413,3.409,2.726,2.72,3.414,2.85
2.716,3.412,2.84,3.413,3.409,2.726,2.72,3.414,2.85,2.816
3.412,2.84,3.413,3.409,2.726,2.72,3.414,2.85,2.816,3.287
2.84,3.413,3.409,2.726,2.72,3.414,2.85,2.816,3.287,2.542
3.413,3.409,2.726,2.72,3.414,2.85,2.816,3.287,2.542,3.002
3.409,2.726,2.72,3.414,2.85,2.816,3.287,2.542,3.002,3.463
2.726,2.72,3.414,2.85,2.816,3.287,2.542,3.002,3.463,2.279
2.72,3.414,2.85,2.816,3.287,2.542,3.002,3.463,2.279,2.81
3.414,2.85,2.816,3.287,2.542,3.002,3.463,2.279,2.81,2.264
2.85,2.816,3.287,2.542,3.002,3.463,2.279,2.81,2.264,2.453
2.816,3.287,2.542,3.002,3.463,2.279,2.81,2.264,2.453,2.263
3.287,2.542,3.002,3.463,2.279,2.81,2.264,2.453,2.263,2.258
2.542,3.002,3.463,2.279,2.81,2.264,2.453,2.263,2.258,2.885
3.002,3.463,2.279,2.81,2.264,2.453,2.263,2.258,2.885,1.819
3.463,2.279,2.81,2.264,2.453,2.263,2.258,2.885,1.819,2.045
2.279,2.81,2.264,2.453,2.263,2.258,2.885,1.819,2.045,2.669
2.81,2.264,2.453,2.263,2.258,2.885,1.819,2.045,2.669,1.391
2.264,2.453,2.263,2.258,2.885,1.819,2.045,2.669,1.391,2.039
2.453,2.263,2.258,2.885,1.819,2.045,2.669,1.391,2.039,1.92
2.263,2.258,2.885,1.819,2.045,2.669,1.391,2.039,1.92,1.288
2.258,2.885,1.819,2.045,2.669,1.391,2.039,1.92,1.288,1.917
2.885,1.819,2.045,2.669,1.391,2.039,1.92,1.288,1.917,1.968
1.819,2.045,2.669,1.391,2.039,1.92,1.288,1.917,1.968,1.61
2.045,2.669,1.391,2.039,1.92,1.288,1.917,1.968,1.61,2.473
2.669,1.391,2.039,1.92,1.288,1.917,1.968,1.61,2.473,3.269
1.391,2.039,1.92,1.288,1.917,1.968,1.61,2.473,3.269,2.008
2.039,1.92,1.288,1.917,1.968,1.61,2.473,3.269,2.008,2.018
1.92,1.288,1.917,1.968,1.61,2.473,3.269,2.008,2.018,2.699
1.288,1.917,1.968,1.61,2.473,3.269,2.008,2.018,2.699,2.61
1.917,1.968,1.61,2.473,3.269,2.008,2.018,2.699,2.61,1.434
1.968,1.61,2.473,3.269,2.008,2.018,2.699,2.61,1.434,2.024
1.61,2.473,3.269,2.008,2.018,2.699,2.61,1.434,2.024,1.438
2.473,3.269,2.008,2.018,2.699,2.61,1.434,2.024,1.438,2.03
3.269,2.008,2.018,2.699,2.61,1.434,2.024,1.438,2.03,2.633
2.008,2.018,2.699,2.61,1.434,2.024,1.438,2.03,2.633,3.437
2.018,2.699,2.61,1.434,2.024,1.438,2.03,2.633,3.437,3.353
2.699,2.61,1.434,2.024,1.438,2.03,2.633,3.437,3.353,2.055
2.61,1.434,2.024,1.438,2.03,2.633,3.437,3.353,2.055,1.985
1.434,2.024,1.438,2.03,2.633,3.437,3.353,2.055,1.985,1.985
2.024,1.438,2.03,2.633,3.437,3.353,2.055,1.985,1.985,1.98
1.438,2.03,2.633,3.437,3.353,2.055,1.985,1.985,1.98,1.984
2.03,2.633,3.437,3.353,2.055,1.985,1.985,1.98,1.984,4.741
2.633,3.437,3.353,2.055,1.985,1.985,1.98,1.984,4.741,2.616
3.437,3.353,2.055,1.985,1.985,1.98,1.984,4.741,2.616,2.008
3.353,2.055,1.985,1.985,1.98,1.984,4.741,2.616,2.008,1.398
2.055,1.985,1.985,1.98,1.984,4.741,2.616,2.008,1.398,1.395
1.985,1.985,1.98,1.984,4.741,2.616,2.008,1.398,1.395,2.005
1.985,1.98,1.984,4.741,2.616,2.008,1.398,1.395,2.005,1.291
1.98,1.984,4.741,2.616,2.008,1.398,1.395,2.005,1.291,1.388
1.984,4.741,2.616,2.008,1.398,1.395,2.005,1.291,1.388,1.802
4.741,2.616,2.008,1.398,1.395,2.005,1.291,1.388,1.802,1.075
2.616,2.008,1.398,1.395,2.005,1.291,1.388,1.802,1.075,1.906
2.008,1.398,1.395,2.005,1.291,1.388,1.802,1.075,1.906,1.071
1.398,1.395,2.005,1.291,1.388,1.802,1.075,1.906,1.071,1.183
1.395,2.005,1.291,1.388,1.802,1.075,1.906,1.071,1.183,1.077
2.005,1.291,1.388,1.802,1.075,1.906,1.071,1.183,1.077,1.819
1.291,1.388,1.802,1.075,1.906,1.071,1.183,1.077,1.819,0.459
1.388,1.802,1.075,1.906,1.071,1.183,1.077,1.819,0.459,1.191
1.802,1.075,1.906,1.071,1.183,1.077,1.819,0.459,1.191,4.563
1.075,1.906,1.071,1.183,1.077,1.819,0.459,1.191,4.563,3.191
1.906,1.071,1.183,1.077,1.819,0.459,1.191,4.563,3.191,1.197
1.071,1.183,1.077,1.819,0.459,1.191,4.563,3.191,1.197,1.839
1.183,1.077,1.819,0.459,1.191,4.563,3.191,1.197,1.839,0.465
1.077,1.819,0.459,1.191,4.563,3.191,1.197,1.839,0.465,1.204
1.819,0.459,1.191,4.563,3.191,1.197,1.839,0.465,1.204,2.497
0.459,1.191,4.563,3.191,1.197,1.839,0.465,1.204,2.497,2.146
1.191,4.563,3.191,1.197,1.839,0.465,1.204,2.497,2.146,1.752
4.563,3.191,1.197,1.839,0.465,1.204,2.497,2.146,1.752,0.574
3.191,1.197,1.839,0.465,1.204,2.497,2.146,1.752,0.574,1.325
1.197,1.839,0.465,1.204,2.497,2.146,1.752,0.574,1.325,1.328
1.839,0.465,1.204,2.497,2.146,1.752,0.574,1.325,1.328,0.577
0.465,1.204,2.497,2.146,1.752,0.574,1.325,1.328,0.577,0.576
1.204,2.497,2.146,1.752,0.574,1.325,1.328,0.577,0.576,0.549
2.497,2.146,1.752,0.574,1.325,1.328,0.577,0.576,0.549,1.178
2.146,1.752,0.574,1.325,1.328,0.577,0.576,0.549,1.178,0.469
1.752,0.574,1.325,1.328,0.577,0.576,0.549,1.178,0.469,1.209
0.574,1.325,1.328,0.577,0.576,0.549,1.178,0.469,1.209,1.081
1.325,1.328,0.577,0.576,0.549,1.178,0.469,1.209,1.081,2.513
1.328,0.577,0.576,0.549,1.178,0.469,1.209,1.081,2.513,0.461
0.577,0.576,0.549,1.178,0.469,1.209,1.081,2.513,0.461,1.795
0.576,0.549,1.178,0.469,1.209,1.081,2.513,0.461,1.795,1.785
0.549,1.178,0.469,1.209,1.081,2.513,0.461,1.795,1.785,1.795
1.178,0.469,1.209,1.081,2.513,0.461,1.795,1.785,1.795,1.794
0.469,1.209,1.081,2.513,0.461,1.795,1.785,1.795,1.794,0.662
1.209,1.081,2.513,0.461,1.795,1.785,1.795,1.794,0.662,1.391
1.081,2.513,0.461,1.795,1.785,1.795,1.794,0.662,1.391,0.683
2.513,0.461,1.795,1.785,1.795,1.794,0.662,1.391,0.683,1.299
0.461,1.795,1.785,1.795,1.794,0.662,1.391,0.683,1.299,0.692
1.795,1.785,1.795,1.794,0.662,1.391,0.683,1.299,0.692,0.692
1.785,1.795,1.794,0.662,1.391,0.683,1.299,0.692,0.692,0.697
1.795,1.794,0.662,1.391,0.683,1.299,0.692,0.692,0.697,0.701
1.794,0.662,1.391,0.683,1.299,0.692,0.692,0.697,0.701,0.709
0.662,1.391,0.683,1.299,0.692,0.692,0.697,0.701,0.709,1.424
1.391,0.683,1.299,0.692,0.692,0.697,0.701,0.709,1.424,0.709
0.683,1.299,0.692,0.692,0.697,0.701,0.709,1.424,0.709,1.428
1.299,0.692,0.692,0.697,0.701,0.709,1.424,0.709,1.428,0.712
0.692,0.692,0.697,0.701,0.709,1.424,0.709,1.428,0.712,0.72
0.692,0.697,0.701,0.709,1.424,0.709,1.428,0.712,0.72,0.73
0.697,0.701,0.709,1.424,0.709,1.428,0.712,0.72,0.73,0.734
0.701,0.709,1.424,0.709,1.428,0.712,0.72,0.73,0.734,0.744
0.709,1.424,0.709,1.428,0.712,0.72,0.73,0.734,0.744,2.075
1.424,0.709,1.428,0.712,0.72,0.73,0.734,0.744,2.075,1.369
0.709,1.428,0.712,0.72,0.73,0.734,0.744,2.075,1.369,0.765
1.428,0.712,0.72,0.73,0.734,0.744,2.075,1.369,0.765,1.491
0.712,0.72,0.73,0.734,0.744,2.075,1.369,0.765,1.491,1.358
0.72,0.73,0.734,0.744,2.075,1.369,0.765,1.491,1.358,0.768
0.73,0.734,0.744,2.075,1.369,0.765,1.491,1.358,0.768,1.492
0.734,0.744,2.075,1.369,0.765,1.491,1.358,0.768,1.492,0.781
0.744,2.075,1.369,0.765,1.491,1.358,0.768,1.492,0.781,0.798
2.075,1.369,0.765,1.491,1.358,0.768,1.492,0.781,0.798,0.812
1.369,0.765,1.491,1.358,0.768,1.492,0.781,0.798,0.812,0.832
0.765,1.491,1.358,0.768,1.492,0.781,0.798,0.812,0.832,0.85
1.491,1.358,0.768,1.492,0.781,0.798,0.812,0.832,0.85,0.863
1.358,0.768,1.492,0.781,0.798,0.812,0.832,0.85,0.863,0.876
0.768,1.492,0.781,0.798,0.812,0.832,0.85,0.863,0.876,0.898
1.492,0.781,0.798,0.812,0.832,0.85,0.863,0.876,0.898,0.567
0.781,0.798,0.812,0.832,0.85,0.863,0.876,0.898,0.567,0.567
0.798,0.812,0.832,0.85,0.863,0.876,0.898,0.567,0.567,0.567
0.812,0.832,0.85,0.863,0.876,0.898,0.567,0.567,0.567,0.567
0.832,0.85,0.863,0.876,0.898,0.567,0.567,0.567,0.567,0.567
0.85,0.863,0.876,0.898,0.567,0.567,0.567,0.567,0.567,0.31
0.863,0.876,0.898,0.567,0.567,0.567,0.567,0.567,0.31,0.31
0.876,0.898,0.567,0.567,0.567,0.567,0.567,0.31,0.31,0.31
0.898,0.567,0.567,0.567,0.567,0.567,0.31,0.31,0.31,0.31
0.567,0.567,0.567,0.567,0.567,0.31,0.31,0.31,0.31,0.31
0.567,0.567,0.567,0.567,0.31,0.31,0.31,0.31,0.31,0.31
0.567,0.567,0.567,0.31,0.31,0.31,0.31,0.31,0.31,0.31
0.567,0.567,0.31,0.31,0.31,0.31,0.31,0.31,0.31,0.31
0.567,0.31,0.31,0.31,0.31,0.31,0.31,0.31,0.31,0.31
0.31,0.31,0.31,0.31,0.31,0.31,0.31,0.31,0.31,0.31
0.31,0.31,0.31,0.31,0.31,0.31,0.31,0.31,0.31,0.31
0.31,0.31,0.31,0.31,0.31,0.31,0.31,0.31,0.31,0.31
0.31,0.31,0.31,0.31,0.31,0.31,0.31,0.31,0.31,0.31
0.31,0.31,0.31,0.31,0.31,0.31,0.31,0.31,0.31,0.31
0.31,0.31,0.31,0.31,0.31,0.31,0.31,0.31,0.31,0.31
0.31,0.31,0.31,0.31,0.31,0.31,0.31,0.31,0.31,0.31
0.31,0.31,0.31,0.31,0.31,0.31,0.31,0.31,0.31,0.31
0.31,0.31,0.31,0.31,0.31,0.31,0.31,0.31,0.31,1.256
0.31,0.31,0.31,0.31,0.31,0.31,0.31,0.31,1.256,1.37
0.31,0.31,0.31,0.31,0.31,0.31,0.31,1.256,1.37,1.191
0.31,0.31,0.31,0.31,0.31,0.31,1.256,1.37,1.191,0.477
0.31,0.31,0.31,0.31,0.31,1.256,1.37,1.191,0.477,0.391
0.31,0.31,0.31,0.31,1.256,1.37,1.191,0.477,0.391,0.67
0.31,0.31,0.31,1.256,1.37,1.191,0.477,0.391,0.67,0.67
0.31,0.31,1.256,1.37,1.191,0.477,0.391,0.67,0.67,0.541
0.31,1.256,1.37,1.191,0.477,0.391,0.67,0.67,0.541,0.55
1.256,1.37,1.191,0.477,0.391,0.67,0.67,0.541,0.55,1.569
1.37,1.191,0.477,0.391,0.67,0.67,0.541,0.55,1.569,1.202
1.191,0.477,0.391,0.67,0.67,0.541,0.55,1.569,1.202,1.395
0.477,0.391,0.67,0.67,0.541,0.55,1.569,1.202,1.395,2.612
0.391,0.67,0.67,0.541,0.55,1.569,1.202,1.395,2.612,2.872
0.67,0.67,0.541,0.55,1.569,1.202,1.395,2.612,2.872,2.033
0.67,0.541,0.55,1.569,1.202,1.395,2.612,2.872,2.033,1.267
0.541,0.55,1.569,1.202,1.395,2.612,2.872,2.033,1.267,0.65
0.55,1.569,1.202,1.395,2.612,2.872,2.033,1.267,0.65,1.282
1.569,1.202,1.395,2.612,2.872,2.033,1.267,0.65,1.282,1.283
1.202,1.395,2.612,2.872,2.033,1.267,0.65,1.282,1.283,0.667
1.395,2.612,2.872,2.033,1.267,0.65,1.282,1.283,0.667,0.682
2.612,2.872,2.033,1.267,0.65,1.282,1.283,0.667,0.682,1.289
2.872,2.033,1.267,0.65,1.282,1.283,0.667,0.682,1.289,0.697
2.033,1.267,0.65,1.282,1.283,0.667,0.682,1.289,0.697,1.298
1.267,0.65,1.282,1.283,0.667,0.682,1.289,0.697,1.298,0.715
0.65,1.282,1.283,0.667,0.682,1.289,0.697,1.298,0.715,0.714
1.282,1.283,0.667,0.682,1.289,0.697,1.298,0.715,0.714,0.716
1.283,0.667,0.682,1.289,0.697,1.298,0.715,0.714,0.716,0.728
0.667,0.682,1.289,0.697,1.298,0.715,0.714,0.716,0.728,0.636
0.682,1.289,0.697,1.298,0.715,0.714,0.716,0.728,0.636,1.42
1.289,0.697,1.298,0.715,0.714,0.716,0.728,0.636,1.42,1.322
0.697,1.298,0.715,0.714,0.716,0.728,0.636,1.42,1.322,0.744
1.298,0.715,0.714,0.716,0.728,0.636,1.42,1.322,0.744,1.131
0.715,0.714,0.716,0.728,0.636,1.42,1.322,0.744,1.131,0.951
0.714,0.716,0.728,0.636,1.42,1.322,0.744,1.131,0.951,2.017
0.716,0.728,0.636,1.42,1.322,0.744,1.131,0.951,2.017,1.421
0.728,0.636,1.42,1.322,0.744,1.131,0.951,2.017,1.421,2.063
0.636,1.42,1.322,0.744,1.131,0.951,2.017,1.421,2.063,2.077
1.42,1.322,0.744,1.131,0.951,2.017,1.421,2.063,2.077,1.98
1.322,0.744,1.131,0.951,2.017,1.421,2.063,2.077,1.98,2.62
0.744,1.131,0.951,2.017,1.421,2.063,2.077,1.98,2.62,2.708
1.131,0.951,2.017,1.421,2.063,2.077,1.98,2.62,2.708,2.628
0.951,2.017,1.421,2.063,2.077,1.98,2.62,2.708,2.628,1.526
2.017,1.421,2.063,2.077,1.98,2.62,2.708,2.628,1.526,1.444
1.421,2.063,2.077,1.98,2.62,2.708,2.628,1.526,1.444,1.437
2.063,2.077,1.98,2.62,2.708,2.628,1.526,1.444,1.437,1.002
2.077,1.98,2.62,2.708,2.628,1.526,1.444,1.437,1.002,0.747
1.98,2.62,2.708,2.628,1.526,1.444,1.437,1.002,0.747,0.891
2.62,2.708,2.628,1.526,1.444,1.437,1.002,0.747,0.891,1.517
2.708,2.628,1.526,1.444,1.437,1.002,0.747,0.891,1.517,1.432
2.628,1.526,1.444,1.437,1.002,0.747,0.891,1.517,1.432,0.885
1.526,1.444,1.437,1.002,0.747,0.891,1.517,1.432,0.885,1.523
1.444,1.437,1.002,0.747,0.891,1.517,1.432,0.885,1.523,1.557
1.437,1.002,0.747,0.891,1.517,1.432,0.885,1.523,1.557,1.557
1.002,0.747,0.891,1.517,1.432,0.885,1.523,1.557,1.557,1.558
0.747,0.891,1.517,1.432,0.885,1.523,1.557,1.557,1.558,1.017
0.891,1.517,1.432,0.885,1.523,1.557,1.557,1.558,1.017,0.892
1.517,1.432,0.885,1.523,1.557,1.557,1.558,1.017,0.892,1.497
1.432,0.885,1.523,1.557,1.557,1.558,1.017,0.892,1.497,0.947
0.885,1.523,1.557,1.557,1.558,1.017,0.892,1.497,0.947,0.853
1.523,1.557,1.557,1.558,1.017,0.892,1.497,0.947,0.853,1.019
1.557,1.557,1.558,1.017,0.892,1.497,0.947,0.853,1.019,1.662
1.557,1.558,1.017,0.892,1.497,0.947,0.853,1.019,1.662,1.036
1.558,1.017,0.892,1.497,0.947,0.853,1.019,1.662,1.036,0.824
1.017,0.892,1.497,0.947,0.853,1.019,1.662,1.036,0.824,1.384
0.892,1.497,0.947,0.853,1.019,1.662,1.036,0.824,1.384,1.021
1.497,0.947,0.853,1.019,1.662,1.036,0.824,1.384,1.021,1.029
0.947,0.853,1.019,1.662,1.036,0.824,1.384,1.021,1.029,1.034
0.853,1.019,1.662,1.036,0.824,1.384,1.021,1.029,1.034,1.034
1.019,1.662,1.036,0.824,1.384,1.021,1.029,1.034,1.034,1.024
1.662,1.036,0.824,1.384,1.021,1.029,1.034,1.034,1.024,0.828
1.036,0.824,1.384,1.021,1.029,1.034,1.034,1.024,0.828,0.837
0.824,1.384,1.021,1.029,1.034,1.034,1.024,0.828,0.837,1.034
1.384,1.021,1.029,1.034,1.034,1.024,0.828,0.837,1.034,1.09
1.021,1.029,1.034,1.034,1.024,0.828,0.837,1.034,1.09,0.936
1.029,1.034,1.034,1.024,0.828,0.837,1.034,1.09,0.936,1.022
1.034,1.034,1.024,0.828,0.837,1.034,1.09,0.936,1.022,1.01
1.034,1.024,0.828,0.837,1.034,1.09,0.936,1.022,1.01,0.813
1.024,0.828,0.837,1.034,1.09,0.936,1.022,1.01,0.813,1.366
0.828,0.837,1.034,1.09,0.936,1.022,1.01,0.813,1.366,0.826
0.837,1.034,1.09,0.936,1.022,1.01,0.813,1.366,0.826,1.018
1.034,1.09,0.936,1.022,1.01,0.813,1.366,0.826,1.018,1.018
1.09,0.936,1.022,1.01,0.813,1.366,0.826,1.018,1.018,1.021
0.936,1.022,1.01,0.813,1.366,0.826,1.018,1.018,1.021,0.985
1.022,1.01,0.813,1.366,0.826,1.018,1.018,1.021,0.985,0.817
1.01,0.813,1.366,0.826,1.018,1.018,1.021,0.985,0.817,0.813
0.813,1.366,0.826,1.018,1.018,1.021,0.985,0.817,0.813,0.8
1.366,0.826,1.018,1.018,1.021,0.985,0.817,0.813,0.8,0.81
0.826,1.018,1.018,1.021,0.985,0.817,0.813,0.8,0.81,1.448
1.018,1.018,1.021,0.985,0.817,0.813,0.8,0.81,1.448,0.812
1.018,1.021,0.985,0.817,0.813,0.8,0.81,1.448,0.812,1.352
1.021,0.985,0.817,0.813,0.8,0.81,1.448,0.812,1.352,0.809
0.985,0.817,0.813,0.8,0.81,1.448,0.812,1.352,0.809,1.444
0.817,0.813,0.8,0.81,1.448,0.812,1.352,0.809,1.444,0.808
0.813,0.8,0.81,1.448,0.812,1.352,0.809,1.444,0.808,1.445
0.8,0.81,1.448,0.812,1.352,0.809,1.444,0.808,1.445,0.809
0.81,1.448,0.812,1.352,0.809,1.444,0.808,1.445,0.809,0.809
1.448,0.812,1.352,0.809,1.444,0.808,1.445,0.809,0.809,1.344
0.812,1.352,0.809,1.444,0.808,1.445,0.809,0.809,1.344,0.805
1.352,0.809,1.444,0.808,1.445,0.809,0.809,1.344,0.805,0.807
0.809,1.444,0.808,1.445,0.809,0.809,1.344,0.805,0.807,0.809
1.444,0.808,1.445,0.809,0.809,1.344,0.805,0.807,0.809,0.807
0.808,1.445,0.809,0.809,1.344,0.805,0.807,0.809,0.807,0.852
1.445,0.809,0.809,1.344,0.805,0.807,0.809,0.807,0.852,0.885
0.809,0.809,1.344,0.805,0.807,0.809,0.807,0.852,0.885,0.777
0.809,1.344,0.805,0.807,0.809,0.807,0.852,0.885,0.777,1.977
1.344,0.805,0.807,0.809,0.807,0.852,0.885,0.777,1.977,3.148
0.805,0.807,0.809,0.807,0.852,0.885,0.777,1.977,3.148,3.795
0.807,0.809,0.807,0.852,0.885,0.777,1.977,3.148,3.795,1.979
0.809,0.807,0.852,0.885,0.777,1.977,3.148,3.795,1.979,1.455
0.807,0.852,0.885,0.777,1.977,3.148,3.795,1.979,1.455,1.372
0.852,0.885,0.777,1.977,3.148,3.795,1.979,1.455,1.372,0.796
0.885,0.777,1.977,3.148,3.795,1.979,1.455,1.372,0.796,2.138
0.777,1.977,3.148,3.795,1.979,1.455,1.372,0.796,2.138,2.031
1.977,3.148,3.795,1.979,1.455,1.372,0.796,2.138,2.031,2.045
3.148,3.795,1.979,1.455,1.372,0.796,2.138,2.031,2.045,1.365
3.795,1.979,1.455,1.372,0.796,2.138,2.031,2.045,1.365,1.468
1.979,1.455,1.372,0.796,2.138,2.031,2.045,1.365,1.468,1.374
1.455,1.372,0.796,2.138,2.031,2.045,1.365,1.468,1.374,1.464
1.372,0.796,2.138,2.031,2.045,1.365,1.468,1.374,1.464,0.789
0.796,2.138,2.031,2.045,1.365,1.468,1.374,1.464,0.789,1.474
2.138,2.031,2.045,1.365,1.468,1.374,1.464,0.789,1.474,1.379
2.031,2.045,1.365,1.468,1.374,1.464,0.789,1.474,1.379,0.791
2.045,1.365,1.468,1.374,1.464,0.789,1.474,1.379,0.791,0.791
1.365,1.468,1.374,1.464,0.789,1.474,1.379,0.791,0.791,1.476
1.468,1.374,1.464,0.789,1.474,1.379,0.791,0.791,1.476,0.791
1.374,1.464,0.789,1.474,1.379,0.791,0.791,1.476,0.791,1.374
1.464,0.789,1.474,1.379,0.791,0.791,1.476,0.791,1.374,0.791
0.789,1.474,1.379,0.791,0.791,1.476,0.791,1.374,0.791,1.481
1.474,1.379,0.791,0.791,1.476,0.791,1.374,0.791,1.481,1.377
1.379,0.791,0.791,1.476,0.791,1.374,0.791,1.481,1.377,0.793
0.791,0.791,1.476,0.791,1.374,0.791,1.481,1.377,0.793,1.48
0.791,1.476,0.791,1.374,0.791,1.481,1.377,0.793,1.48,1.386
1.476,0.791,1.374,0.791,1.481,1.377,0.793,1.48,1.386,0.795
0.791,1.374,0.791,1.481,1.377,0.793,1.48,1.386,0.795,3.05
1.374,0.791,1.481,1.377,0.793,1.48,1.386,0.795,3.05,5.657
0.791,1.481,1.377,0.793,1.48,1.386,0.795,3.05,5.657,10.742
1.481,1.377,0.793,1.48,1.386,0.795,3.05,5.657,10.742,12.491
1.377,0.793,1.48,1.386,0.795,3.05,5.657,10.742,12.491,9.018
0.793,1.48,1.386,0.795,3.05,5.657,10.742,12.491,9.018,5.369
1.48,1.386,0.795,3.05,5.657,10.742,12.491,9.018,5.369,4.856
1.386,0.795,3.05,5.657,10.742,12.491,9.018,5.369,4.856,3.385
0.795,3.05,5.657,10.742,12.491,9.018,5.369,4.856,3.385,3.464
3.05,5.657,10.742,12.491,9.018,5.369,4.856,3.385,3.464,2.771
5.657,10.742,12.491,9.018,5.369,4.856,3.385,3.464,2.771,2.013
10.742,12.491,9.018,5.369,4.856,3.385,3.464,2.771,2.013,2.029
12.491,9.018,5.369,4.856,3.385,3.464,2.771,2.013,2.029,2.029
9.018,5.369,4.856,3.385,3.464,2.771,2.013,2.029,2.029,2.028
5.369,4.856,3.385,3.464,2.771,2.013,2.029,2.029,2.028,1.389
4.856,3.385,3.464,2.771,2.013,2.029,2.029,2.028,1.389,1.409
3.385,3.464,2.771,2.013,2.029,2.029,2.028,1.389,1.409,1.389
3.464,2.771,2.013,2.029,2.029,2.028,1.389,1.409,1.389,2.035
2.771,2.013,2.029,2.029,2.028,1.389,1.409,1.389,2.035,1.395
2.013,2.029,2.029,2.028,1.389,1.409,1.389,2.035,1.395,1.974
2.029,2.029,2.028,1.389,1.409,1.389,2.035,1.395,1.974,1.803
2.029,2.028,1.389,1.409,1.389,2.035,1.395,1.974,1.803,3.399
2.028,1.389,1.409,1.389,2.035,1.395,1.974,1.803,3.399,7.964
1.389,1.409,1.389,2.035,1.395,1.974,1.803,3.399,7.964,8.877
1.409,1.389,2.035,1.395,1.974,1.803,3.399,7.964,8.877,7.23
1.389,2.035,1.395,1.974,1.803,3.399,7.964,8.877,7.23,5.257
2.035,1.395,1.974,1.803,3.399,7.964,8.877,7.23,5.257,3.769
1.395,1.974,1.803,3.399,7.964,8.877,7.23,5.257,3.769,4.026
1.974,1.803,3.399,7.964,8.877,7.23,5.257,3.769,4.026,3.323
1.803,3.399,7.964,8.877,7.23,5.257,3.769,4.026,3.323,2.489
3.399,7.964,8.877,7.23,5.257,3.769,4.026,3.323,2.489,2.795
7.964,8.877,7.23,5.257,3.769,4.026,3.323,2.489,2.795,3.512
8.877,7.23,5.257,3.769,4.026,3.323,2.489,2.795,3.512,2.004
7.23,5.257,3.769,4.026,3.323,2.489,2.795,3.512,2.004,2.112
5.257,3.769,4.026,3.323,2.489,2.795,3.512,2.004,2.112,3.502
3.769,4.026,3.323,2.489,2.795,3.512,2.004,2.112,3.502,3.506
4.026,3.323,2.489,2.795,3.512,2.004,2.112,3.502,3.506,3.505
3.323,2.489,2.795,3.512,2.004,2.112,3.502,3.506,3.505,2.853
2.489,2.795,3.512,2.004,2.112,3.502,3.506,3.505,2.853,1.845
2.795,3.512,2.004,2.112,3.502,3.506,3.505,2.853,1.845,1.84
3.512,2.004,2.112,3.502,3.506,3.505,2.853,1.845,1.84,2.069
2.004,2.112,3.502,3.506,3.505,2.853,1.845,1.84,2.069,1.957
2.112,3.502,3.506,3.505,2.853,1.845,1.84,2.069,1.957,2.07
3.502,3.506,3.505,2.853,1.845,1.84,2.069,1.957,2.07,2.07
3.506,3.505,2.853,1.845,1.84,2.069,1.957,2.07,2.07,1.822
3.505,2.853,1.845,1.84,2.069,1.957,2.07,2.07,1.822,1.631
2.853,1.845,1.84,2.069,1.957,2.07,2.07,1.822,1.631,1.408
1.845,1.84,2.069,1.957,2.07,2.07,1.822,1.631,1.408,2.161
1.84,2.069,1.957,2.07,2.07,1.822,1.631,1.408,2.161,1.397
2.069,1.957,2.07,2.07,1.822,1.631,1.408,2.161,1.397,1.395
1.957,2.07,2.07,1.822,1.631,1.408,2.161,1.397,1.395,2.047
2.07,2.07,1.822,1.631,1.408,2.161,1.397,1.395,2.047,0.649
2.07,1.822,1.631,1.408,2.161,1.397,1.395,2.047,0.649,1.982
1.822,1.631,1.408,2.161,1.397,1.395,2.047,0.649,1.982,1.255
1.631,1.408,2.161,1.397,1.395,2.047,0.649,1.982,1.255,1.362
1.408,2.161,1.397,1.395,2.047,0.649,1.982,1.255,1.362,1.363
2.161,1.397,1.395,2.047,0.649,1.982,1.255,1.362,1.363,1.258
1.397,1.395,2.047,0.649,1.982,1.255,1.362,1.363,1.258,1.365
1.395,2.047,0.649,1.982,1.255,1.362,1.363,1.258,1.365,1.265
2.047,0.649,1.982,1.255,1.362,1.363,1.258,1.365,1.265,1.358
0.649,1.982,1.255,1.362,1.363,1.258,1.365,1.265,1.358,1.267
1.982,1.255,1.362,1.363,1.258,1.365,1.265,1.358,1.267,1.367
1.255,1.362,1.363,1.258,1.365,1.265,1.358,1.267,1.367,1.259
1.362,1.363,1.258,1.365,1.265,1.358,1.267,1.367,1.259,2.084
1.363,1.258,1.365,1.265,1.358,1.267,1.367,1.259,2.084,2.593
1.258,1.365,1.265,1.358,1.267,1.367,1.259,2.084,2.593,1.977
1.365,1.265,1.358,1.267,1.367,1.259,2.084,2.593,1.977,1.98
1.265,1.358,1.267,1.367,1.259,2.084,2.593,1.977,1.98,1.974
1.358,1.267,1.367,1.259,2.084,2.593,1.977,1.98,1.974,2.084
1.267,1.367,1.259,2.084,2.593,1.977,1.98,1.974,2.084,2.588
1.367,1.259,2.084,2.593,1.977,1.98,1.974,2.084,2.588,2.687
1.259,2.084,2.593,1.977,1.98,1.974,2.084,2.588,2.687,2.688
2.084,2.593,1.977,1.98,1.974,2.084,2.588,2.687,2.688,2.585
2.593,1.977,1.98,1.974,2.084,2.588,2.687,2.688,2.585,3.314
1.977,1.98,1.974,2.084,2.588,2.687,2.688,2.585,3.314,4.031
1.98,1.974,2.084,2.588,2.687,2.688,2.585,3.314,4.031,3.309
1.974,2.084,2.588,2.687,2.688,2.585,3.314,4.031,3.309,2.086
2.084,2.588,2.687,2.688,2.585,3.314,4.031,3.309,2.086,1.982
2.588,2.687,2.688,2.585,3.314,4.031,3.309,2.086,1.982,1.995
2.687,2.688,2.585,3.314,4.031,3.309,2.086,1.982,1.995,1.263
2.688,2.585,3.314,4.031,3.309,2.086,1.982,1.995,1.263,1.37
2.585,3.314,4.031,3.309,2.086,1.982,1.995,1.263,1.37,1.99
3.314,4.031,3.309,2.086,1.982,1.995,1.263,1.37,1.99,1.364
4.031,3.309,2.086,1.982,1.995,1.263,1.37,1.99,1.364,1.271
3.309,2.086,1.982,1.995,1.263,1.37,1.99,1.364,1.271,1.982
2.086,1.982,1.995,1.263,1.37,1.99,1.364,1.271,1.982,1.985
1.982,1.995,1.263,1.37,1.99,1.364,1.271,1.982,1.985,1.978
1.995,1.263,1.37,1.99,1.364,1.271,1.982,1.985,1.978,2.08
1.263,1.37,1.99,1.364,1.271,1.982,1.985,1.978,2.08,2.078
1.37,1.99,1.364,1.271,1.982,1.985,1.978,2.08,2.078,2.087
1.99,1.364,1.271,1.982,1.985,1.978,2.08,2.078,2.087,1.376
1.364,1.271,1.982,1.985,1.978,2.08,2.078,2.087,1.376,1.468
1.271,1.982,1.985,1.978,2.08,2.078,2.087,1.376,1.468,1.376
1.982,1.985,1.978,2.08,2.078,2.087,1.376,1.468,1.376,1.475
1.985,1.978,2.08,2.078,2.087,1.376,1.468,1.376,1.475,2.093
1.978,2.08,2.078,2.087,1.376,1.468,1.376,1.475,2.093,0.676
2.08,2.078,2.087,1.376,1.468,1.376,1.475,2.093,0.676,2.019
2.078,2.087,1.376,1.468,1.376,1.475,2.093,0.676,2.019,1.373
2.087,1.376,1.468,1.376,1.475,2.093,0.676,2.019,1.373,1.269
1.376,1.468,1.376,1.475,2.093,0.676,2.019,1.373,1.269,1.377
1.468,1.376,1.475,2.093,0.676,2.019,1.373,1.269,1.377,1.271
1.376,1.475,2.093,0.676,2.019,1.373,1.269,1.377,1.271,1.382
1.475,2.093,0.676,2.019,1.373,1.269,1.377,1.271,1.382,1.3
2.093,0.676,2.019,1.373,1.269,1.377,1.271,1.382,1.3,0.71
0.676,2.019,1.373,1.269,1.377,1.271,1.382,1.3,0.71,1.441
2.019,1.373,1.269,1.377,1.271,1.382,1.3,0.71,1.441,0.68
1.373,1.269,1.377,1.271,1.382,1.3,0.71,1.441,0.68,1.441
1.269,1.377,1.271,1.382,1.3,0.71,1.441,0.68,1.441,0.725
1.377,1.271,1.382,1.3,0.71,1.441,0.68,1.441,0.725,1.344
1.271,1.382,1.3,0.71,1.441,0.68,1.441,0.725,1.344,0.725
1.382,1.3,0.71,1.441,0.68,1.441,0.725,1.344,0.725,0.723
1.3,0.71,1.441,0.68,1.441,0.725,1.344,0.725,0.723,1.443
0.71,1.441,0.68,1.441,0.725,1.344,0.725,0.723,1.443,0.725
1.441,0.68,1.441,0.725,1.344,0.725,0.723,1.443,0.725,1.335
0.68,1.441,0.725,1.344,0.725,0.723,1.443,0.725,1.335,1.438
1.441,0.725,1.344,0.725,0.723,1.443,0.725,1.335,1.438,1.339
0.725,1.344,0.725,0.723,1.443,0.725,1.335,1.438,1.339,2.787
1.344,0.725,0.723,1.443,0.725,1.335,1.438,1.339,2.787,5.752
0.725,0.723,1.443,0.725,1.335,1.438,1.339,2.787,5.752,3.603
0.723,1.443,0.725,1.335,1.438,1.339,2.787,5.752,3.603,2.163
1.443,0.725,1.335,1.438,1.339,2.787,5.752,3.603,2.163,2.959
0.725,1.335,1.438,1.339,2.787,5.752,3.603,2.163,2.959,3.63
1.335,1.438,1.339,2.787,5.752,3.603,2.163,2.959,3.63,2.191
1.438,1.339,2.787,5.752,3.603,2.163,2.959,3.63,2.191,2.189
1.339,2.787,5.752,3.603,2.163,2.959,3.63,2.191,2.189,1.517
2.787,5.752,3.603,2.163,2.959,3.63,2.191,2.189,1.517,1.401
5.752,3.603,2.163,2.959,3.63,2.191,2.189,1.517,1.401,1.518
3.603,2.163,2.959,3.63,2.191,2.189,1.517,1.401,1.518,1.52
2.163,2.959,3.63,2.191,2.189,1.517,1.401,1.518,1.52,1.409
2.959,3.63,2.191,2.189,1.517,1.401,1.518,1.52,1.409,0.725
3.63,2.191,2.189,1.517,1.401,1.518,1.52,1.409,0.725,1.514
2.191,2.189,1.517,1.401,1.518,1.52,1.409,0.725,1.514,0.725
2.189,1.517,1.401,1.518,1.52,1.409,0.725,1.514,0.725,1.411
1.517,1.401,1.518,1.52,1.409,0.725,1.514,0.725,1.411,1.525
1.401,1.518,1.52,1.409,0.725,1.514,0.725,1.411,1.525,0.727
1.518,1.52,1.409,0.725,1.514,0.725,1.411,1.525,0.727,0.725
1.52,1.409,0.725,1.514,0.725,1.411,1.525,0.727,0.725,1.405
1.409,0.725,1.514,0.725,1.411,1.525,0.727,0.725,1.405,0.726
0.725,1.514,0.725,1.411,1.525,0.727,0.725,1.405,0.726,0.726
1.514,0.725,1.411,1.525,0.727,0.725,1.405,0.726,0.726,1.11
0.725,1.411,1.525,0.727,0.725,1.405,0.726,0.726,1.11,0.675
1.411,1.525,0.727,0.725,1.405,0.726,0.726,1.11,0.675,1.55
1.525,0.727,0.725,1.405,0.726,0.726,1.11,0.675,1.55,0.768
0.727,0.725,1.405,0.726,0.726,1.11,0.675,1.55,0.768,0.767
0.725,1.405,0.726,0.726,1.11,0.675,1.55,0.768,0.767,1.452
1.405,0.726,0.726,1.11,0.675,1.55,0.768,0.767,1.452,1.095
0.726,0.726,1.11,0.675,1.55,0.768,0.767,1.452,1.095,1.559
0.726,1.11,0.675,1.55,0.768,0.767,1.452,1.095,1.559,1.563
1.11,0.675,1.55,0.768,0.767,1.452,1.095,1.559,1.563,1.445
0.675,1.55,0.768,0.767,1.452,1.095,1.559,1.563,1.445,0.761
1.55,0.768,0.767,1.452,1.095,1.559,1.563,1.445,0.761,0.763
0.768,0.767,1.452,1.095,1.559,1.563,1.445,0.761,0.763,0.766
0.767,1.452,1.095,1.559,1.563,1.445,0.761,0.763,0.766,0.766
1.452,1.095,1.559,1.563,1.445,0.761,0.763,0.766,0.766,1.572
1.095,1.559,1.563,1.445,0.761,0.763,0.766,0.766,1.572,0.765
1.559,1.563,1.445,0.761,0.763,0.766,0.766,1.572,0.765,0.765
1.563,1.445,0.761,0.763,0.766,0.766,1.572,0.765,0.765,0.765
1.445,0.761,0.763,0.766,0.766,1.572,0.765,0.765,0.765,0.766
0.761,0.763,0.766,0.766,1.572,0.765,0.765,0.765,0.766,0.765
0.763,0.766,0.766,1.572,0.765,0.765,0.765,0.766,0.765,1.461
0.766,0.766,1.572,0.765,0.765,0.765,0.766,0.765,1.461,0.764
0.766,1.572,0.765,0.765,0.765,0.766,0.765,1.461,0.764,0.764
1.572,0.765,0.765,0.765,0.766,0.765,1.461,0.764,0.764,0.836
0.765,0.765,0.765,0.766,0.765,1.461,0.764,0.764,0.836,0.841
0.765,0.765,0.766,0.765,1.461,0.764,0.764,0.836,0.841,0.834
0.765,0.766,0.765,1.461,0.764,0.764,0.836,0.841,0.834,0.137
0.766,0.765,1.461,0.764,0.764,0.836,0.841,0.834,0.137,0.029
0.765,1.461,0.764,0.764,0.836,0.841,0.834,0.137,0.029,0.835
1.461,0.764,0.764,0.836,0.841,0.834,0.137,0.029,0.835,1.645
0.764,0.764,0.836,0.841,0.834,0.137,0.029,0.835,1.645,0.837
0.764,0.836,0.841,0.834,0.137,0.029,0.835,1.645,0.837,0.836
0.836,0.841,0.834,0.137,0.029,0.835,1.645,0.837,0.836,0.836
0.841,0.834,0.137,0.029,0.835,1.645,0.837,0.836,0.836,0.03
0.834,0.137,0.029,0.835,1.645,0.837,0.836,0.836,0.03,0.839
0.137,0.029,0.835,1.645,0.837,0.836,0.836,0.03,0.839,0.838
0.029,0.835,1.645,0.837,0.836,0.836,0.03,0.839,0.838,0.838
0.835,1.645,0.837,0.836,0.836,0.03,0.839,0.838,0.838,0.81
1.645,0.837,0.836,0.836,0.03,0.839,0.838,0.838,0.81,0.804
0.837,0.836,0.836,0.03,0.839,0.838,0.838,0.81,0.804,0.117
0.836,0.836,0.03,0.839,0.838,0.838,0.81,0.804,0.117,5.29
0.836,0.03,0.839,0.838,0.838,0.81,0.804,0.117,5.29,3.131
0.03,0.839,0.838,0.838,0.81,0.804,0.117,5.29,3.131,1.499
0.839,0.838,0.838,0.81,0.804,0.117,5.29,3.131,1.499,1.623
0.838,0.838,0.81,0.804,0.117,5.29,3.131,1.499,1.623,0.805
0.838,0.81,0.804,0.117,5.29,3.131,1.499,1.623,0.805,0.805
0.81,0.804,0.117,5.29,3.131,1.499,1.623,0.805,0.805,0.804
0.804,0.117,5.29,3.131,1.499,1.623,0.805,0.805,0.804,2.319
0.117,5.29,3.131,1.499,1.623,0.805,0.805,0.804,2.319,0.74
5.29,3.131,1.499,1.623,0.805,0.805,0.804,2.319,0.74,1.509
3.131,1.499,1.623,0.805,0.805,0.804,2.319,0.74,1.509,1.625
1.499,1.623,0.805,0.805,0.804,2.319,0.74,1.509,1.625,2.326
1.623,0.805,0.805,0.804,2.319,0.74,1.509,1.625,2.326,5.958
0.805,0.805,0.804,2.319,0.74,1.509,1.625,2.326,5.958,3.09
0.805,0.804,2.319,0.74,1.509,1.625,2.326,5.958,3.09,3.427
0.804,2.319,0.74,1.509,1.625,2.326,5.958,3.09,3.427,2.597
2.319,0.74,1.509,1.625,2.326,5.958,3.09,3.427,2.597,4.267
0.74,1.509,1.625,2.326,5.958,3.09,3.427,2.597,4.267,1.886
1.509,1.625,2.326,5.958,3.09,3.427,2.597,4.267,1.886,1.314
1.625,2.326,5.958,3.09,3.427,2.597,4.267,1.886,1.314,1.664
2.326,5.958,3.09,3.427,2.597,4.267,1.886,1.314,1.664,0.285
5.958,3.09,3.427,2.597,4.267,1.886,1.314,1.664,0.285,0.845
3.09,3.427,2.597,4.267,1.886,1.314,1.664,0.285,0.845,0.842
3.427,2.597,4.267,1.886,1.314,1.664,0.285,0.845,0.842,0.841
2.597,4.267,1.886,1.314,1.664,0.285,0.845,0.842,0.841,1.236
4.267,1.886,1.314,1.664,0.285,0.845,0.842,0.841,1.236,0.841
1.886,1.314,1.664,0.285,0.845,0.842,0.841,1.236,0.841,0.014
1.314,1.664,0.285,0.845,0.842,0.841,1.236,0.841,0.014,0.841
1.664,0.285,0.845,0.842,0.841,1.236,0.841,0.014,0.841,0.413
0.285,0.845,0.842,0.841,1.236,0.841,0.014,0.841,0.413,0.843
0.845,0.842,0.841,1.236,0.841,0.014,0.841,0.413,0.843,0.153
0.842,0.841,1.236,0.841,0.014,0.841,0.413,0.843,0.153,0.028
0.841,1.236,0.841,0.014,0.841,0.413,0.843,0.153,0.028,0.154
1.236,0.841,0.014,0.841,0.413,0.843,0.153,0.028,0.154,0.848
0.841,0.014,0.841,0.413,0.843,0.153,0.028,0.154,0.848,0.035
0.014,0.841,0.413,0.843,0.153,0.028,0.154,0.848,0.035,1.662
0.841,0.413,0.843,0.153,0.028,0.154,0.848,0.035,1.662,0.855
0.413,0.843,0.153,0.028,0.154,0.848,0.035,1.662,0.855,0.76
0.843,0.153,0.028,0.154,0.848,0.035,1.662,0.855,0.76,0.854
0.153,0.028,0.154,0.848,0.035,1.662,0.855,0.76,0.854,0.855
0.028,0.154,0.848,0.035,1.662,0.855,0.76,0.854,0.855,0.829
0.154,0.848,0.035,1.662,0.855,0.76,0.854,0.855,0.829,0.807
0.848,0.035,1.662,0.855,0.76,0.854,0.855,0.829,0.807,0.01
0.035,1.662,0.855,0.76,0.854,0.855,0.829,0.807,0.01,0.8
1.662,0.855,0.76,0.854,0.855,0.829,0.807,0.01,0.8,1.615
0.855,0.76,0.854,0.855,0.829,0.807,0.01,0.8,1.615,0.802
0.76,0.854,0.855,0.829,0.807,0.01,0.8,1.615,0.802,0.802
0.854,0.855,0.829,0.807,0.01,0.8,1.615,0.802,0.802,2.312
0.855,0.829,0.807,0.01,0.8,1.615,0.802,0.802,2.312,1.497
0.829,0.807,0.01,0.8,1.615,0.802,0.802,2.312,1.497,1.781
0.807,0.01,0.8,1.615,0.802,0.802,2.312,1.497,1.781,1.512
0.01,0.8,1.615,0.802,0.802,2.312,1.497,1.781,1.512,1.5
0.8,1.615,0.802,0.802,2.312,1.497,1.781,1.512,1.5,1.227
1.615,0.802,0.802,2.312,1.497,1.781,1.512,1.5,1.227,2.981
0.802,0.802,2.312,1.497,1.781,1.512,1.5,1.227,2.981,0.75
0.802,2.312,1.497,1.781,1.512,1.5,1.227,2.981,0.75,1.245
2.312,1.497,1.781,1.512,1.5,1.227,2.981,0.75,1.245,1.141
1.497,1.781,1.512,1.5,1.227,2.981,0.75,1.245,1.141,1.252
1.781,1.512,1.5,1.227,2.981,0.75,1.245,1.141,1.252,1.158
1.512,1.5,1.227,2.981,0.75,1.245,1.141,1.252,1.158,1.166
1.5,1.227,2.981,0.75,1.245,1.141,1.252,1.158,1.166,1.572
1.227,2.981,0.75,1.245,1.141,1.252,1.158,1.166,1.572,0.121
2.981,0.75,1.245,1.141,1.252,1.158,1.166,1.572,0.121,1.306
0.75,1.245,1.141,1.252,1.158,1.166,1.572,0.121,1.306,0.38
1.245,1.141,1.252,1.158,1.166,1.572,0.121,1.306,0.38,1.319
1.141,1.252,1.158,1.166,1.572,0.121,1.306,0.38,1.319,1.228
1.252,1.158,1.166,1.572,0.121,1.306,0.38,1.319,1.228,0.679
1.158,1.166,1.572,0.121,1.306,0.38,1.319,1.228,0.679,1.368
1.166,1.572,0.121,1.306,0.38,1.319,1.228,0.679,1.368,1.47
1.572,0.121,1.306,0.38,1.319,1.228,0.679,1.368,1.47,0.643
0.121,1.306,0.38,1.319,1.228,0.679,1.368,1.47,0.643,1.47
1.306,0.38,1.319,1.228,0.679,1.368,1.47,0.643,1.47,0.65
0.38,1.319,1.228,0.679,1.368,1.47,0.643,1.47,0.65,1.47
1.319,1.228,0.679,1.368,1.47,0.643,1.47,0.65,1.47,0.754
1.228,0.679,1.368,1.47,0.643,1.47,0.65,1.47,0.754,2.068
0.679,1.368,1.47,0.643,1.47,0.65,1.47,0.754,2.068,0.635
1.368,1.47,0.643,1.47,0.65,1.47,0.754,2.068,0.635,2.78
1.47,0.643,1.47,0.65,1.47,0.754,2.068,0.635,2.78,5.252
0.643,1.47,0.65,1.47,0.754,2.068,0.635,2.78,5.252,4.814
1.47,0.65,1.47,0.754,2.068,0.635,2.78,5.252,4.814,3.405
0.65,1.47,0.754,2.068,0.635,2.78,5.252,4.814,3.405,2.685
1.47,0.754,2.068,0.635,2.78,5.252,4.814,3.405,2.685,2.06
0.754,2.068,0.635,2.78,5.252,4.814,3.405,2.685,2.06,2.075
2.068,0.635,2.78,5.252,4.814,3.405,2.685,2.06,2.075,2.051
0.635,2.78,5.252,4.814,3.405,2.685,2.06,2.075,2.051,2.046
2.78,5.252,4.814,3.405,2.685,2.06,2.075,2.051,2.046,1.969
5.252,4.814,3.405,2.685,2.06,2.075,2.051,2.046,1.969,2.395
4.814,3.405,2.685,2.06,2.075,2.051,2.046,1.969,2.395,1.727
3.405,2.685,2.06,2.075,2.051,2.046,1.969,2.395,1.727,2.38
2.685,2.06,2.075,2.051,2.046,1.969,2.395,1.727,2.38,1.38
2.06,2.075,2.051,2.046,1.969,2.395,1.727,2.38,1.38,1.703
2.075,2.051,2.046,1.969,2.395,1.727,2.38,1.38,1.703,2.061
2.051,2.046,1.969,2.395,1.727,2.38,1.38,1.703,2.061,2.364
2.046,1.969,2.395,1.727,2.38,1.38,1.703,2.061,2.364,2.052
1.969,2.395,1.727,2.38,1.38,1.703,2.061,2.364,2.052,1.735
2.395,1.727,2.38,1.38,1.703,2.061,2.364,2.052,1.735,1.306
1.727,2.38,1.38,1.703,2.061,2.364,2.052,1.735,1.306,1.413
2.38,1.38,1.703,2.061,2.364,2.052,1.735,1.306,1.413,1.317
1.38,1.703,2.061,2.364,2.052,1.735,1.306,1.413,1.317,1.305
1.703,2.061,2.364,2.052,1.735,1.306,1.413,1.317,1.305,3.359
2.061,2.364,2.052,1.735,1.306,1.413,1.317,1.305,3.359,3.356
2.364,2.052,1.735,1.306,1.413,1.317,1.305,3.359,3.356,2.012
2.052,1.735,1.306,1.413,1.317,1.305,3.359,3.356,2.012,3.319
1.735,1.306,1.413,1.317,1.305,3.359,3.356,2.012,3.319,2.02
1.306,1.413,1.317,1.305,3.359,3.356,2.012,3.319,2.02,2.643
1.413,1.317,1.305,3.359,3.356,2.012,3.319,2.02,2.643,2.738
1.317,1.305,3.359,3.356,2.012,3.319,2.02,2.643,2.738,2.03
1.305,3.359,3.356,2.012,3.319,2.02,2.643,2.738,2.03,2.026
3.359,3.356,2.012,3.319,2.02,2.643,2.738,2.03,2.026,2.017
3.356,2.012,3.319,2.02,2.643,2.738,2.03,2.026,2.017,2.022
2.012,3.319,2.02,2.643,2.738,2.03,2.026,2.017,2.022,1.913
3.319,2.02,2.643,2.738,2.03,2.026,2.017,2.022,1.913,2.383
2.02,2.643,2.738,2.03,2.026,2.017,2.022,1.913,2.383,2.012
2.643,2.738,2.03,2.026,2.017,2.022,1.913,2.383,2.012,2.017
2.738,2.03,2.026,2.017,2.022,1.913,2.383,2.012,2.017,2.014
2.03,2.026,2.017,2.022,1.913,2.383,2.012,2.017,2.014,1.395
2.026,2.017,2.022,1.913,2.383,2.012,2.017,2.014,1.395,1.991
2.017,2.022,1.913,2.383,2.012,2.017,2.014,1.395,1.991,1.933
2.022,1.913,2.383,2.012,2.017,2.014,1.395,1.991,1.933,1.178
1.913,2.383,2.012,2.017,2.014,1.395,1.991,1.933,1.178,1.907
2.383,2.012,2.017,2.014,1.395,1.991,1.933,1.178,1.907,1.892
2.012,2.017,2.014,1.395,1.991,1.933,1.178,1.907,1.892,2.199
2.017,2.014,1.395,1.991,1.933,1.178,1.907,1.892,2.199,2.305
2.014,1.395,1.991,1.933,1.178,1.907,1.892,2.199,2.305,2.92
1.395,1.991,1.933,1.178,1.907,1.892,2.199,2.305,2.92,0.534
1.991,1.933,1.178,1.907,1.892,2.199,2.305,2.92,0.534,5.079
1.933,1.178,1.907,1.892,2.199,2.305,2.92,0.534,5.079,4.68
1.178,1.907,1.892,2.199,2.305,2.92,0.534,5.079,4.68,4.676
1.907,1.892,2.199,2.305,2.92,0.534,5.079,4.68,4.676,3.304
1.892,2.199,2.305,2.92,0.534,5.079,4.68,4.676,3.304,3.309
2.199,2.305,2.92,0.534,5.079,4.68,4.676,3.304,3.309,3.301
2.305,2.92,0.534,5.079,4.68,4.676,3.304,3.309,3.301,3.281
2.92,0.534,5.079,4.68,4.676,3.304,3.309,3.301,3.281,6.468
0.534,5.079,4.68,4.676,3.304,3.309,3.301,3.281,6.468,12.049
5.079,4.68,4.676,3.304,3.309,3.301,3.281,6.468,12.049,10.462
4.68,4.676,3.304,3.309,3.301,3.281,6.468,12.049,10.462,5.98
4.676,3.304,3.309,3.301,3.281,6.468,12.049,10.462,5.98,8.29
3.304,3.309,3.301,3.281,6.468,12.049,10.462,5.98,8.29,9.079
3.309,3.301,3.281,6.468,12.049,10.462,5.98,8.29,9.079,9.398
3.301,3.281,6.468,12.049,10.462,5.98,8.29,9.079,9.398,5.655
3.281,6.468,12.049,10.462,5.98,8.29,9.079,9.398,5.655,4.074
6.468,12.049,10.462,5.98,8.29,9.079,9.398,5.655,4.074,3.969
12.049,10.462,5.98,8.29,9.079,9.398,5.655,4.074,3.969,4.082
10.462,5.98,8.29,9.079,9.398,5.655,4.074,3.969,4.082,3.356
5.98,8.29,9.079,9.398,5.655,4.074,3.969,4.082,3.356,4.083
8.29,9.079,9.398,5.655,4.074,3.969,4.082,3.356,4.083,3.358
9.079,9.398,5.655,4.074,3.969,4.082,3.356,4.083,3.358,3.358
9.398,5.655,4.074,3.969,4.082,3.356,4.083,3.358,3.358,3.368
5.655,4.074,3.969,4.082,3.356,4.083,3.358,3.358,3.368,3.368
4.074,3.969,4.082,3.356,4.083,3.358,3.358,3.368,3.368,2.649
3.969,4.082,3.356,4.083,3.358,3.358,3.368,3.368,2.649,2.95
4.082,3.356,4.083,3.358,3.358,3.368,3.368,2.649,2.95,2.403
3.356,4.083,3.358,3.358,3.368,3.368,2.649,2.95,2.403,2.991
4.083,3.358,3.358,3.368,3.368,2.649,2.95,2.403,2.991,2.412
3.358,3.358,3.368,3.368,2.649,2.95,2.403,2.991,2.412,2.645
3.358,3.368,3.368,2.649,2.95,2.403,2.991,2.412,2.645,2.029
3.368,3.368,2.649,2.95,2.403,2.991,2.412,2.645,2.029,2.034
3.368,2.649,2.95,2.403,2.991,2.412,2.645,2.029,2.034,2.029
2.649,2.95,2.403,2.991,2.412,2.645,2.029,2.034,2.029,2.019
2.95,2.403,2.991,2.412,2.645,2.029,2.034,2.029,2.019,2.635
2.403,2.991,2.412,2.645,2.029,2.034,2.029,2.019,2.635,2.022
2.991,2.412,2.645,2.029,2.034,2.029,2.019,2.635,2.022,2.734
2.412,2.645,2.029,2.034,2.029,2.019,2.635,2.022,2.734,3.344
2.645,2.029,2.034,2.029,2.019,2.635,2.022,2.734,3.344,3.351
2.029,2.034,2.029,2.019,2.635,2.022,2.734,3.344,3.351,2.277
2.034,2.029,2.019,2.635,2.022,2.734,3.344,3.351,2.277,2.011
2.029,2.019,2.635,2.022,2.734,3.344,3.351,2.277,2.011,1.672
2.019,2.635,2.022,2.734,3.344,3.351,2.277,2.011,1.672,2.729
2.635,2.022,2.734,3.344,3.351,2.277,2.011,1.672,2.729,8.054
2.022,2.734,3.344,3.351,2.277,2.011,1.672,2.729,8.054,10.108
2.734,3.344,3.351,2.277,2.011,1.672,2.729,8.054,10.108,8.683
3.344,3.351,2.277,2.011,1.672,2.729,8.054,10.108,8.683,7.208
3.351,2.277,2.011,1.672,2.729,8.054,10.108,8.683,7.208,5.326
2.277,2.011,1.672,2.729,8.054,10.108,8.683,7.208,5.326,4.601
2.011,1.672,2.729,8.054,10.108,8.683,7.208,5.326,4.601,4.55
1.672,2.729,8.054,10.108,8.683,7.208,5.326,4.601,4.55,3.811
2.729,8.054,10.108,8.683,7.208,5.326,4.601,4.55,3.811,6.27
8.054,10.108,8.683,7.208,5.326,4.601,4.55,3.811,6.27,8.387
10.108,8.683,7.208,5.326,4.601,4.55,3.811,6.27,8.387,6.51
8.683,7.208,5.326,4.601,4.55,3.811,6.27,8.387,6.51,5.399
7.208,5.326,4.601,4.55,3.811,6.27,8.387,6.51,5.399,4.845
5.326,4.601,4.55,3.811,6.27,8.387,6.51,5.399,4.845,7.57
4.601,4.55,3.811,6.27,8.387,6.51,5.399,4.845,7.57,6.854
4.55,3.811,6.27,8.387,6.51,5.399,4.845,7.57,6.854,5.399
3.811,6.27,8.387,6.51,5.399,4.845,7.57,6.854,5.399,4.23
6.27,8.387,6.51,5.399,4.845,7.57,6.854,5.399,4.23,3.927
8.387,6.51,5.399,4.845,7.57,6.854,5.399,4.23,3.927,4.028
6.51,5.399,4.845,7.57,6.854,5.399,4.23,3.927,4.028,3.639
5.399,4.845,7.57,6.854,5.399,4.23,3.927,4.028,3.639,3.709
4.845,7.57,6.854,5.399,4.23,3.927,4.028,3.639,3.709,4.754
7.57,6.854,5.399,4.23,3.927,4.028,3.639,3.709,4.754,3.826
6.854,5.399,4.23,3.927,4.028,3.639,3.709,4.754,3.826,3.067
5.399,4.23,3.927,4.028,3.639,3.709,4.754,3.826,3.067,3.2
4.23,3.927,4.028,3.639,3.709,4.754,3.826,3.067,3.2,5
3.927,4.028,3.639,3.709,4.754,3.826,3.067,3.2,5,3.465
4.028,3.639,3.709,4.754,3.826,3.067,3.2,5,3.465,9.269
3.639,3.709,4.754,3.826,3.067,3.2,5,3.465,9.269,20.935
3.709,4.754,3.826,3.067,3.2,5,3.465,9.269,20.935,13.593
4.754,3.826,3.067,3.2,5,3.465,9.269,20.935,13.593,8.091
3.826,3.067,3.2,5,3.465,9.269,20.935,13.593,8.091,6.592
3.067,3.2,5,3.465,9.269,20.935,13.593,8.091,6.592,5.232
3.2,5,3.465,9.269,20.935,13.593,8.091,6.592,5.232,3.971
5,3.465,9.269,20.935,13.593,8.091,6.592,5.232,3.971,3.908
3.465,9.269,20.935,13.593,8.091,6.592,5.232,3.971,3.908,3.604
9.269,20.935,13.593,8.091,6.592,5.232,3.971,3.908,3.604,3.296
20.935,13.593,8.091,6.592,5.232,3.971,3.908,3.604,3.296,3.936
13.593,8.091,6.592,5.232,3.971,3.908,3.604,3.296,3.936,4.041
8.091,6.592,5.232,3.971,3.908,3.604,3.296,3.936,4.041,3.3
6.592,5.232,3.971,3.908,3.604,3.296,3.936,4.041,3.3,4.676
5.232,3.971,3.908,3.604,3.296,3.936,4.041,3.3,4.676,3.3
3.971,3.908,3.604,3.296,3.936,4.041,3.3,4.676,3.3,3.302
3.908,3.604,3.296,3.936,4.041,3.3,4.676,3.3,3.302,3.301
3.604,3.296,3.936,4.041,3.3,4.676,3.3,3.302,3.301,3.297
3.296,3.936,4.041,3.3,4.676,3.3,3.302,3.301,3.297,2.659
3.936,4.041,3.3,4.676,3.3,3.302,3.301,3.297,2.659,2.559
4.041,3.3,4.676,3.3,3.302,3.301,3.297,2.659,2.559,2.05
3.3,4.676,3.3,3.302,3.301,3.297,2.659,2.559,2.05,3.1
4.676,3.3,3.302,3.301,3.297,2.659,2.559,2.05,3.1,6.539
3.3,3.302,3.301,3.297,2.659,2.559,2.05,3.1,6.539,25.982
3.302,3.301,3.297,2.659,2.559,2.05,3.1,6.539,25.982,33.702
3.301,3.297,2.659,2.559,2.05,3.1,6.539,25.982,33.702,13.092
3.297,2.659,2.559,2.05,3.1,6.539,25.982,33.702,13.092,8.955
2.659,2.559,2.05,3.1,6.539,25.982,33.702,13.092,8.955,7.579
2.559,2.05,3.1,6.539,25.982,33.702,13.092,8.955,7.579,6.94
2.05,3.1,6.539,25.982,33.702,13.092,8.955,7.579,6.94,6.015
3.1,6.539,25.982,33.702,13.092,8.955,7.579,6.94,6.015,6.536
6.539,25.982,33.702,13.092,8.955,7.579,6.94,6.015,6.536,6.207
25.982,33.702,13.092,8.955,7.579,6.94,6.015,6.536,6.207,5.366
33.702,13.092,8.955,7.579,6.94,6.015,6.536,6.207,5.366,4.981
13.092,8.955,7.579,6.94,6.015,6.536,6.207,5.366,4.981,4.54
8.955,7.579,6.94,6.015,6.536,6.207,5.366,4.981,4.54,4.075
7.579,6.94,6.015,6.536,6.207,5.366,4.981,4.54,4.075,4.445
6.94,6.015,6.536,6.207,5.366,4.981,4.54,4.075,4.445,4.545
6.015,6.536,6.207,5.366,4.981,4.54,4.075,4.445,4.545,3.543
6.536,6.207,5.366,4.981,4.54,4.075,4.445,4.545,3.543,5.219
6.207,5.366,4.981,4.54,4.075,4.445,4.545,3.543,5.219,2.394
5.366,4.981,4.54,4.075,4.445,4.545,3.543,5.219,2.394,3.038
4.981,4.54,4.075,4.445,4.545,3.543,5.219,2.394,3.038,3.232
4.54,4.075,4.445,4.545,3.543,5.219,2.394,3.038,3.232,3.23
4.075,4.445,4.545,3.543,5.219,2.394,3.038,3.232,3.23,3.233
4.445,4.545,3.543,5.219,2.394,3.038,3.232,3.23,3.233,3.23
4.545,3.543,5.219,2.394,3.038,3.232,3.23,3.233,3.23,3.234
3.543,5.219,2.394,3.038,3.232,3.23,3.233,3.23,3.234,3.235
5.219,2.394,3.038,3.232,3.23,3.233,3.23,3.234,3.235,3.235
2.394,3.038,3.232,3.23,3.233,3.23,3.234,3.235,3.235,3.234
3.038,3.232,3.23,3.233,3.23,3.234,3.235,3.235,3.234,3.468
3.232,3.23,3.233,3.23,3.234,3.235,3.235,3.234,3.468,3.783
3.23,3.233,3.23,3.234,3.235,3.235,3.234,3.468,3.783,3.376
3.233,3.23,3.234,3.235,3.235,3.234,3.468,3.783,3.376,2.969
3.23,3.234,3.235,3.235,3.234,3.468,3.783,3.376,2.969,4.03
3.234,3.235,3.235,3.234,3.468,3.783,3.376,2.969,4.03,6.458
3.235,3.235,3.234,3.468,3.783,3.376,2.969,4.03,6.458,15.987
3.235,3.234,3.468,3.783,3.376,2.969,4.03,6.458,15.987,21.54
3.234,3.468,3.783,3.376,2.969,4.03,6.458,15.987,21.54,19.211
3.468,3.783,3.376,2.969,4.03,6.458,15.987,21.54,19.211,11.508
3.783,3.376,2.969,4.03,6.458,15.987,21.54,19.211,11.508,7.192
3.376,2.969,4.03,6.458,15.987,21.54,19.211,11.508,7.192,6.594
2.969,4.03,6.458,15.987,21.54,19.211,11.508,7.192,6.594,5.909
4.03,6.458,15.987,21.54,19.211,11.508,7.192,6.594,5.909,5.935
6.458,15.987,21.54,19.211,11.508,7.192,6.594,5.909,5.935,5.948
15.987,21.54,19.211,11.508,7.192,6.594,5.909,5.935,5.948,6.073
21.54,19.211,11.508,7.192,6.594,5.909,5.935,5.948,6.073,5.245
19.211,11.508,7.192,6.594,5.909,5.935,5.948,6.073,5.245,5.347
11.508,7.192,6.594,5.909,5.935,5.948,6.073,5.245,5.347,5.352
7.192,6.594,5.909,5.935,5.948,6.073,5.245,5.347,5.352,4.639
6.594,5.909,5.935,5.948,6.073,5.245,5.347,5.352,4.639,4.654
5.909,5.935,5.948,6.073,5.245,5.347,5.352,4.639,4.654,3.924
5.935,5.948,6.073,5.245,5.347,5.352,4.639,4.654,3.924,4.031
5.948,6.073,5.245,5.347,5.352,4.639,4.654,3.924,4.031,3.293
6.073,5.245,5.347,5.352,4.639,4.654,3.924,4.031,3.293,3.458
5.245,5.347,5.352,4.639,4.654,3.924,4.031,3.293,3.458,3.428
5.347,5.352,4.639,4.654,3.924,4.031,3.293,3.458,3.428,4.179
5.352,4.639,4.654,3.924,4.031,3.293,3.458,3.428,4.179,4.073
4.639,4.654,3.924,4.031,3.293,3.458,3.428,4.179,4.073,4.177
4.654,3.924,4.031,3.293,3.458,3.428,4.179,4.073,4.177,4.132
3.924,4.031,3.293,3.458,3.428,4.179,4.073,4.177,4.132,4.335
4.031,3.293,3.458,3.428,4.179,4.073,4.177,4.132,4.335,3.746
3.293,3.458,3.428,4.179,4.073,4.177,4.132,4.335,3.746,3.378
3.458,3.428,4.179,4.073,4.177,4.132,4.335,3.746,3.378,2.765
3.428,4.179,4.073,4.177,4.132,4.335,3.746,3.378,2.765,3.392
4.179,4.073,4.177,4.132,4.335,3.746,3.378,2.765,3.392,2.879
4.073,4.177,4.132,4.335,3.746,3.378,2.765,3.392,2.879,2.722
4.177,4.132,4.335,3.746,3.378,2.765,3.392,2.879,2.722,2.824
4.132,4.335,3.746,3.378,2.765,3.392,2.879,2.722,2.824,3.441
4.335,3.746,3.378,2.765,3.392,2.879,2.722,2.824,3.441,3.444
3.746,3.378,2.765,3.392,2.879,2.722,2.824,3.441,3.444,3.439
3.378,2.765,3.392,2.879,2.722,2.824,3.441,3.444,3.439,2.828
2.765,3.392,2.879,2.722,2.824,3.441,3.444,3.439,2.828,2.831
3.392,2.879,2.722,2.824,3.441,3.444,3.439,2.828,2.831,2.121
2.879,2.722,2.824,3.441,3.444,3.439,2.828,2.831,2.121,2.833
2.722,2.824,3.441,3.444,3.439,2.828,2.831,2.121,2.833,2.734
2.824,3.441,3.444,3.439,2.828,2.831,2.121,2.833,2.734,3.445
3.441,3.444,3.439,2.828,2.831,2.121,2.833,2.734,3.445,4.172
3.444,3.439,2.828,2.831,2.121,2.833,2.734,3.445,4.172,3.794
3.439,2.828,2.831,2.121,2.833,2.734,3.445,4.172,3.794,2.82
2.828,2.831,2.121,2.833,2.734,3.445,4.172,3.794,2.82,2.821
2.831,2.121,2.833,2.734,3.445,4.172,3.794,2.82,2.821,2.106
2.121,2.833,2.734,3.445,4.172,3.794,2.82,2.821,2.106,2.523
2.833,2.734,3.445,4.172,3.794,2.82,2.821,2.106,2.523,2.41
2.734,3.445,4.172,3.794,2.82,2.821,2.106,2.523,2.41,3.439
3.445,4.172,3.794,2.82,2.821,2.106,2.523,2.41,3.439,2.116
4.172,3.794,2.82,2.821,2.106,2.523,2.41,3.439,2.116,3.771
3.794,2.82,2.821,2.106,2.523,2.41,3.439,2.116,3.771,2.513
2.82,2.821,2.106,2.523,2.41,3.439,2.116,3.771,2.513,3.141
2.821,2.106,2.523,2.41,3.439,2.116,3.771,2.513,3.141,2.41
2.106,2.523,2.41,3.439,2.116,3.771,2.513,3.141,2.41,2.83
2.523,2.41,3.439,2.116,3.771,2.513,3.141,2.41,2.83,2.115
2.41,3.439,2.116,3.771,2.513,3.141,2.41,2.83,2.115,2.124
3.439,2.116,3.771,2.513,3.141,2.41,2.83,2.115,2.124,1.524
2.116,3.771,2.513,3.141,2.41,2.83,2.115,2.124,1.524,2.214
3.771,2.513,3.141,2.41,2.83,2.115,2.124,1.524,2.214,2.214
2.513,3.141,2.41,2.83,2.115,2.124,1.524,2.214,2.214,3.272
3.141,2.41,2.83,2.115,2.124,1.524,2.214,2.214,3.272,3.388
2.41,2.83,2.115,2.124,1.524,2.214,2.214,3.272,3.388,2.227
2.83,2.115,2.124,1.524,2.214,2.214,3.272,3.388,2.227,2.224
2.115,2.124,1.524,2.214,2.214,3.272,3.388,2.227,2.224,2.233
2.124,1.524,2.214,2.214,3.272,3.388,2.227,2.224,2.233,2.248
1.524,2.214,2.214,3.272,3.388,2.227,2.224,2.233,2.248,2.259
2.214,2.214,3.272,3.388,2.227,2.224,2.233,2.248,2.259,2.26
2.214,3.272,3.388,2.227,2.224,2.233,2.248,2.259,2.26,2.363
3.272,3.388,2.227,2.224,2.233,2.248,2.259,2.26,2.363,2.386
3.388,2.227,2.224,2.233,2.248,2.259,2.26,2.363,2.386,1.479
2.227,2.224,2.233,2.248,2.259,2.26,2.363,2.386,1.479,1.586
2.224,2.233,2.248,2.259,2.26,2.363,2.386,1.479,1.586,2.281
2.233,2.248,2.259,2.26,2.363,2.386,1.479,1.586,2.281,1.474
2.248,2.259,2.26,2.363,2.386,1.479,1.586,2.281,1.474,1.182
2.259,2.26,2.363,2.386,1.479,1.586,2.281,1.474,1.182,1.593
2.26,2.363,2.386,1.479,1.586,2.281,1.474,1.182,1.593,0.798
2.363,2.386,1.479,1.586,2.281,1.474,1.182,1.593,0.798,1.486
2.386,1.479,1.586,2.281,1.474,1.182,1.593,0.798,1.486,1.59
1.479,1.586,2.281,1.474,1.182,1.593,0.798,1.486,1.59,1.887
1.586,2.281,1.474,1.182,1.593,0.798,1.486,1.59,1.887,1.174
2.281,1.474,1.182,1.593,0.798,1.486,1.59,1.887,1.174,1.589
1.474,1.182,1.593,0.798,1.486,1.59,1.887,1.174,1.589,1.468
1.182,1.593,0.798,1.486,1.59,1.887,1.174,1.589,1.468,0.787
1.593,0.798,1.486,1.59,1.887,1.174,1.589,1.468,0.787,1.605
0.798,1.486,1.59,1.887,1.174,1.589,1.468,0.787,1.605,1.494
1.486,1.59,1.887,1.174,1.589,1.468,0.787,1.605,1.494,0.799
1.59,1.887,1.174,1.589,1.468,0.787,1.605,1.494,0.799,1.6
1.887,1.174,1.589,1.468,0.787,1.605,1.494,0.799,1.6,1.885
1.174,1.589,1.468,0.787,1.605,1.494,0.799,1.6,1.885,2.327
1.589,1.468,0.787,1.605,1.494,0.799,1.6,1.885,2.327,2.011
1.468,0.787,1.605,1.494,0.799,1.6,1.885,2.327,2.011,1.493
0.787,1.605,1.494,0.799,1.6,1.885,2.327,2.011,1.493,1.616
1.605,1.494,0.799,1.6,1.885,2.327,2.011,1.493,1.616,0.799
1.494,0.799,1.6,1.885,2.327,2.011,1.493,1.616,0.799,0.8
0.799,1.6,1.885,2.327,2.011,1.493,1.616,0.799,0.8,1.883
1.6,1.885,2.327,2.011,1.493,1.616,0.799,0.8,1.883,0.799
1.885,2.327,2.011,1.493,1.616,0.799,0.8,1.883,0.799,0.799
2.327,2.011,1.493,1.616,0.799,0.8,1.883,0.799,0.799,0.409
2.011,1.493,1.616,0.799,0.8,1.883,0.799,0.799,0.409,0.798
1.493,1.616,0.799,0.8,1.883,0.799,0.799,0.409,0.798,3.144
1.616,0.799,0.8,1.883,0.799,0.799,0.409,0.798,3.144,0.799
0.799,0.8,1.883,0.799,0.799,0.409,0.798,3.144,0.799,1.498
0.8,1.883,0.799,0.799,0.409,0.798,3.144,0.799,1.498,0.799
1.883,0.799,0.799,0.409,0.798,3.144,0.799,1.498,0.799,2.444
0.799,0.799,0.409,0.798,3.144,0.799,1.498,0.799,2.444,4.975
0.799,0.409,0.798,3.144,0.799,1.498,0.799,2.444,4.975,2.762
0.409,0.798,3.144,0.799,1.498,0.799,2.444,4.975,2.762,1.468
0.798,3.144,0.799,1.498,0.799,2.444,4.975,2.762,1.468,1.496
3.144,0.799,1.498,0.799,2.444,4.975,2.762,1.468,1.496,1.498
0.799,1.498,0.799,2.444,4.975,2.762,1.468,1.496,1.498,2.811
1.498,0.799,2.444,4.975,2.762,1.468,1.496,1.498,2.811,2.141
0.799,2.444,4.975,2.762,1.468,1.496,1.498,2.811,2.141,2.614
2.444,4.975,2.762,1.468,1.496,1.498,2.811,2.141,2.614,1.163
4.975,2.762,1.468,1.496,1.498,2.811,2.141,2.614,1.163,2.117
2.762,1.468,1.496,1.498,2.811,2.141,2.614,1.163,2.117,1.573
1.468,1.496,1.498,2.811,2.141,2.614,1.163,2.117,1.573,1.458
1.496,1.498,2.811,2.141,2.614,1.163,2.117,1.573,1.458,1.387
1.498,2.811,2.141,2.614,1.163,2.117,1.573,1.458,1.387,0.658
2.811,2.141,2.614,1.163,2.117,1.573,1.458,1.387,0.658,0.833
2.141,2.614,1.163,2.117,1.573,1.458,1.387,0.658,0.833,1.513
2.614,1.163,2.117,1.573,1.458,1.387,0.658,0.833,1.513,1.512
1.163,2.117,1.573,1.458,1.387,0.658,0.833,1.513,1.512,0.69
2.117,1.573,1.458,1.387,0.658,0.833,1.513,1.512,0.69,1.511
1.573,1.458,1.387,0.658,0.833,1.513,1.512,0.69,1.511,2.336
1.458,1.387,0.658,0.833,1.513,1.512,0.69,1.511,2.336,1.51
1.387,0.658,0.833,1.513,1.512,0.69,1.511,2.336,1.51,1.511
0.658,0.833,1.513,1.512,0.69,1.511,2.336,1.51,1.511,3.014
0.833,1.513,1.512,0.69,1.511,2.336,1.51,1.511,3.014,2.2
1.513,1.512,0.69,1.511,2.336,1.51,1.511,3.014,2.2,1.506
1.512,0.69,1.511,2.336,1.51,1.511,3.014,2.2,1.506,1.511
0.69,1.511,2.336,1.51,1.511,3.014,2.2,1.506,1.511,1.511
1.511,2.336,1.51,1.511,3.014,2.2,1.506,1.511,1.511,1.508
2.336,1.51,1.511,3.014,2.2,1.506,1.511,1.511,1.508,0.797
1.51,1.511,3.014,2.2,1.506,1.511,1.511,1.508,0.797,3.051
1.511,3.014,2.2,1.506,1.511,1.511,1.508,0.797,3.051,3.042
3.014,2.2,1.506,1.511,1.511,1.508,0.797,3.051,3.042,2.132
2.2,1.506,1.511,1.511,1.508,0.797,3.051,3.042,2.132,1.327
1.506,1.511,1.511,1.508,0.797,3.051,3.042,2.132,1.327,2.984
1.511,1.511,1.508,0.797,3.051,3.042,2.132,1.327,2.984,5.784
1.511,1.508,0.797,3.051,3.042,2.132,1.327,2.984,5.784,3.53
1.508,0.797,3.051,3.042,2.132,1.327,2.984,5.784,3.53,2.613
0.797,3.051,3.042,2.132,1.327,2.984,5.784,3.53,2.613,1.91
3.051,3.042,2.132,1.327,2.984,5.784,3.53,2.613,1.91,1.911
3.042,2.132,1.327,2.984,5.784,3.53,2.613,1.91,1.911,1.904
2.132,1.327,2.984,5.784,3.53,2.613,1.91,1.911,1.904,1.574
1.327,2.984,5.784,3.53,2.613,1.91,1.911,1.904,1.574,1.536
2.984,5.784,3.53,2.613,1.91,1.911,1.904,1.574,1.536,0.718
5.784,3.53,2.613,1.91,1.911,1.904,1.574,1.536,0.718,1.527
3.53,2.613,1.91,1.911,1.904,1.574,1.536,0.718,1.527,1.54
2.613,1.91,1.911,1.904,1.574,1.536,0.718,1.527,1.54,3.071
1.91,1.911,1.904,1.574,1.536,0.718,1.527,1.54,3.071,8.448
1.911,1.904,1.574,1.536,0.718,1.527,1.54,3.071,8.448,5.796
1.904,1.574,1.536,0.718,1.527,1.54,3.071,8.448,5.796,4.131
1.574,1.536,0.718,1.527,1.54,3.071,8.448,5.796,4.131,2.702
1.536,0.718,1.527,1.54,3.071,8.448,5.796,4.131,2.702,1.872
0.718,1.527,1.54,3.071,8.448,5.796,4.131,2.702,1.872,1.886
1.527,1.54,3.071,8.448,5.796,4.131,2.702,1.872,1.886,4.139
1.54,3.071,8.448,5.796,4.131,2.702,1.872,1.886,4.139,4.971
3.071,8.448,5.796,4.131,2.702,1.872,1.886,4.139,4.971,16.128
8.448,5.796,4.131,2.702,1.872,1.886,4.139,4.971,16.128,11.404
5.796,4.131,2.702,1.872,1.886,4.139,4.971,16.128,11.404,6.313
4.131,2.702,1.872,1.886,4.139,4.971,16.128,11.404,6.313,3.534
2.702,1.872,1.886,4.139,4.971,16.128,11.404,6.313,3.534,2.665
1.872,1.886,4.139,4.971,16.128,11.404,6.313,3.534,2.665,2.218
1.886,4.139,4.971,16.128,11.404,6.313,3.534,2.665,2.218,1.896
4.139,4.971,16.128,11.404,6.313,3.534,2.665,2.218,1.896,1.906
4.971,16.128,11.404,6.313,3.534,2.665,2.218,1.896,1.906,1.897
16.128,11.404,6.313,3.534,2.665,2.218,1.896,1.906,1.897,1.91
11.404,6.313,3.534,2.665,2.218,1.896,1.906,1.897,1.91,1.649
6.313,3.534,2.665,2.218,1.896,1.906,1.897,1.91,1.649,1.257
3.534,2.665,2.218,1.896,1.906,1.897,1.91,1.649,1.257,1.974
2.665,2.218,1.896,1.906,1.897,1.91,1.649,1.257,1.974,1.3
2.218,1.896,1.906,1.897,1.91,1.649,1.257,1.974,1.3,1.5
1.896,1.906,1.897,1.91,1.649,1.257,1.974,1.3,1.5,1.171
1.906,1.897,1.91,1.649,1.257,1.974,1.3,1.5,1.171,1.3
1.897,1.91,1.649,1.257,1.974,1.3,1.5,1.171,1.3,1.657
1.91,1.649,1.257,1.974,1.3,1.5,1.171,1.3,1.657,4.515
1.649,1.257,1.974,1.3,1.5,1.171,1.3,1.657,4.515,6.165
1.257,1.974,1.3,1.5,1.171,1.3,1.657,4.515,6.165,7.981
1.974,1.3,1.5,1.171,1.3,1.657,4.515,6.165,7.981,9.96
1.3,1.5,1.171,1.3,1.657,4.515,6.165,7.981,9.96,4.588
1.5,1.171,1.3,1.657,4.515,6.165,7.981,9.96,4.588,3.443
1.171,1.3,1.657,4.515,6.165,7.981,9.96,4.588,3.443,5.092
1.3,1.657,4.515,6.165,7.981,9.96,4.588,3.443,5.092,4.939
1.657,4.515,6.165,7.981,9.96,4.588,3.443,5.092,4.939,3.704
4.515,6.165,7.981,9.96,4.588,3.443,5.092,4.939,3.704,2.292
6.165,7.981,9.96,4.588,3.443,5.092,4.939,3.704,2.292,2.896
7.981,9.96,4.588,3.443,5.092,4.939,3.704,2.292,2.896,2.32
9.96,4.588,3.443,5.092,4.939,3.704,2.292,2.896,2.32,2.221
4.588,3.443,5.092,4.939,3.704,2.292,2.896,2.32,2.221,2.237
3.443,5.092,4.939,3.704,2.292,2.896,2.32,2.221,2.237,2.611
5.092,4.939,3.704,2.292,2.896,2.32,2.221,2.237,2.611,2.049
4.939,3.704,2.292,2.896,2.32,2.221,2.237,2.611,2.049,2.321
3.704,2.292,2.896,2.32,2.221,2.237,2.611,2.049,2.321,2.357
2.292,2.896,2.32,2.221,2.237,2.611,2.049,2.321,2.357,1.936
2.896,2.32,2.221,2.237,2.611,2.049,2.321,2.357,1.936,1.937
2.32,2.221,2.237,2.611,2.049,2.321,2.357,1.936,1.937,1.815
2.221,2.237,2.611,2.049,2.321,2.357,1.936,1.937,1.815,3.398
2.237,2.611,2.049,2.321,2.357,1.936,1.937,1.815,3.398,3.415
2.611,2.049,2.321,2.357,1.936,1.937,1.815,3.398,3.415,3.416
2.049,2.321,2.357,1.936,1.937,1.815,3.398,3.415,3.416,2.74
2.321,2.357,1.936,1.937,1.815,3.398,3.415,3.416,2.74,2.584
2.357,1.936,1.937,1.815,3.398,3.415,3.416,2.74,2.584,2.742
1.936,1.937,1.815,3.398,3.415,3.416,2.74,2.584,2.742,2.64
1.937,1.815,3.398,3.415,3.416,2.74,2.584,2.742,2.64,1.988
1.815,3.398,3.415,3.416,2.74,2.584,2.742,2.64,1.988,1.837
3.398,3.415,3.416,2.74,2.584,2.742,2.64,1.988,1.837,1.874
3.415,3.416,2.74,2.584,2.742,2.64,1.988,1.837,1.874,1.959
3.416,2.74,2.584,2.742,2.64,1.988,1.837,1.874,1.959,1.955
2.74,2.584,2.742,2.64,1.988,1.837,1.874,1.959,1.955,1.968
2.584,2.742,2.64,1.988,1.837,1.874,1.959,1.955,1.968,1.964
2.742,2.64,1.988,1.837,1.874,1.959,1.955,1.968,1.964,2.258
2.64,1.988,1.837,1.874,1.959,1.955,1.968,1.964,2.258,1.589
1.988,1.837,1.874,1.959,1.955,1.968,1.964,2.258,1.589,1.968
1.837,1.874,1.959,1.955,1.968,1.964,2.258,1.589,1.968,1.314
1.874,1.959,1.955,1.968,1.964,2.258,1.589,1.968,1.314,2.62
1.959,1.955,1.968,1.964,2.258,1.589,1.968,1.314,2.62,1.547
1.955,1.968,1.964,2.258,1.589,1.968,1.314,2.62,1.547,2.581
1.968,1.964,2.258,1.589,1.968,1.314,2.62,1.547,2.581,2.676
1.964,2.258,1.589,1.968,1.314,2.62,1.547,2.581,2.676,2.779
2.258,1.589,1.968,1.314,2.62,1.547,2.581,2.676,2.779,2.679
1.589,1.968,1.314,2.62,1.547,2.581,2.676,2.779,2.679,2.041
1.968,1.314,2.62,1.547,2.581,2.676,2.779,2.679,2.041,3.015
1.314,2.62,1.547,2.581,2.676,2.779,2.679,2.041,3.015,1.696
2.62,1.547,2.581,2.676,2.779,2.679,2.041,3.015,1.696,2.064
1.547,2.581,2.676,2.779,2.679,2.041,3.015,1.696,2.064,2.056
2.581,2.676,2.779,2.679,2.041,3.015,1.696,2.064,2.056,2.042
2.676,2.779,2.679,2.041,3.015,1.696,2.064,2.056,2.042,2.051
2.779,2.679,2.041,3.015,1.696,2.064,2.056,2.042,2.051,2.059
2.679,2.041,3.015,1.696,2.064,2.056,2.042,2.051,2.059,2.222
2.041,3.015,1.696,2.064,2.056,2.042,2.051,2.059,2.222,2.918
3.015,1.696,2.064,2.056,2.042,2.051,2.059,2.222,2.918,2.867
1.696,2.064,2.056,2.042,2.051,2.059,2.222,2.918,2.867,3.285
2.064,2.056,2.042,2.051,2.059,2.222,2.918,2.867,3.285,2.93
2.056,2.042,2.051,2.059,2.222,2.918,2.867,3.285,2.93,2.22
2.042,2.051,2.059,2.222,2.918,2.867,3.285,2.93,2.22,1.927
2.051,2.059,2.222,2.918,2.867,3.285,2.93,2.22,1.927,2.801
2.059,2.222,2.918,2.867,3.285,2.93,2.22,1.927,2.801,2.442
2.222,2.918,2.867,3.285,2.93,2.22,1.927,2.801,2.442,1.453
2.918,2.867,3.285,2.93,2.22,1.927,2.801,2.442,1.453,2.581
2.867,3.285,2.93,2.22,1.927,2.801,2.442,1.453,2.581,1.175
3.285,2.93,2.22,1.927,2.801,2.442,1.453,2.581,1.175,1.944
2.93,2.22,1.927,2.801,2.442,1.453,2.581,1.175,1.944,1.92
2.22,1.927,2.801,2.442,1.453,2.581,1.175,1.944,1.92,2.668
1.927,2.801,2.442,1.453,2.581,1.175,1.944,1.92,2.668,2
2.801,2.442,1.453,2.581,1.175,1.944,1.92,2.668,2,1.713
2.442,1.453,2.581,1.175,1.944,1.92,2.668,2,1.713,2.486
1.453,2.581,1.175,1.944,1.92,2.668,2,1.713,2.486,2.114
2.581,1.175,1.944,1.92,2.668,2,1.713,2.486,2.114,2.849
1.175,1.944,1.92,2.668,2,1.713,2.486,2.114,2.849,2.8
1.944,1.92,2.668,2,1.713,2.486,2.114,2.849,2.8,2.5
1.92,2.668,2,1.713,2.486,2.114,2.849,2.8,2.5,2.465
2.668,2,1.713,2.486,2.114,2.849,2.8,2.5,2.465,2.226
2,1.713,2.486,2.114,2.849,2.8,2.5,2.465,2.226,2.503
1.713,2.486,2.114,2.849,2.8,2.5,2.465,2.226,2.503,1.903
2.486,2.114,2.849,2.8,2.5,2.465,2.226,2.503,1.903,1.917
2.114,2.849,2.8,2.5,2.465,2.226,2.503,1.903,1.917,2.579
2.849,2.8,2.5,2.465,2.226,2.503,1.903,1.917,2.579,1.012
2.8,2.5,2.465,2.226,2.503,1.903,1.917,2.579,1.012,2.23
2.5,2.465,2.226,2.503,1.903,1.917,2.579,1.012,2.23,1.111
2.465,2.226,2.503,1.903,1.917,2.579,1.012,2.23,1.111,2.615
2.226,2.503,1.903,1.917,2.579,1.012,2.23,1.111,2.615,2.508
2.503,1.903,1.917,2.579,1.012,2.23,1.111,2.615,2.508,5.493
1.903,1.917,2.579,1.012,2.23,1.111,2.615,2.508,5.493,5.533
1.917,2.579,1.012,2.23,1.111,2.615,2.508,5.493,5.533,3.576
2.579,1.012,2.23,1.111,2.615,2.508,5.493,5.533,3.576,3.263
1.012,2.23,1.111,2.615,2.508,5.493,5.533,3.576,3.263,3.154
2.23,1.111,2.615,2.508,5.493,5.533,3.576,3.263,3.154,3.155
1.111,2.615,2.508,5.493,5.533,3.576,3.263,3.154,3.155,1.98
2.615,2.508,5.493,5.533,3.576,3.263,3.154,3.155,1.98,2.521
2.508,5.493,5.533,3.576,3.263,3.154,3.155,1.98,2.521,2.607
5.493,5.533,3.576,3.263,3.154,3.155,1.98,2.521,2.607,1.876
5.533,3.576,3.263,3.154,3.155,1.98,2.521,2.607,1.876,3.135
3.576,3.263,3.154,3.155,1.98,2.521,2.607,1.876,3.135,7.895
3.263,3.154,3.155,1.98,2.521,2.607,1.876,3.135,7.895,7.813
3.154,3.155,1.98,2.521,2.607,1.876,3.135,7.895,7.813,4.329
3.155,1.98,2.521,2.607,1.876,3.135,7.895,7.813,4.329,3.791
1.98,2.521,2.607,1.876,3.135,7.895,7.813,4.329,3.791,3.157
2.521,2.607,1.876,3.135,7.895,7.813,4.329,3.791,3.157,3.159
2.607,1.876,3.135,7.895,7.813,4.329,3.791,3.157,3.159,3.79
1.876,3.135,7.895,7.813,4.329,3.791,3.157,3.159,3.79,3.161
3.135,7.895,7.813,4.329,3.791,3.157,3.159,3.79,3.161,3.693
7.895,7.813,4.329,3.791,3.157,3.159,3.79,3.161,3.693,4.979
7.813,4.329,3.791,3.157,3.159,3.79,3.161,3.693,4.979,4.588
4.329,3.791,3.157,3.159,3.79,3.161,3.693,4.979,4.588,2.937
3.791,3.157,3.159,3.79,3.161,3.693,4.979,4.588,2.937,3.173
3.157,3.159,3.79,3.161,3.693,4.979,4.588,2.937,3.173,3.175
3.159,3.79,3.161,3.693,4.979,4.588,2.937,3.173,3.175,2.233
3.79,3.161,3.693,4.979,4.588,2.937,3.173,3.175,2.233,2.931
3.161,3.693,4.979,4.588,2.937,3.173,3.175,2.233,2.931,3.169
3.693,4.979,4.588,2.937,3.173,3.175,2.233,2.931,3.169,2.535
4.979,4.588,2.937,3.173,3.175,2.233,2.931,3.169,2.535,3.171
4.588,2.937,3.173,3.175,2.233,2.931,3.169,2.535,3.171,1.998
2.937,3.173,3.175,2.233,2.931,3.169,2.535,3.171,1.998,2.846
3.173,3.175,2.233,2.931,3.169,2.535,3.171,1.998,2.846,2.32
3.175,2.233,2.931,3.169,2.535,3.171,1.998,2.846,2.32,2.532
2.233,2.931,3.169,2.535,3.171,1.998,2.846,2.32,2.532,2.626
2.931,3.169,2.535,3.171,1.998,2.846,2.32,2.532,2.626,1.985
3.169,2.535,3.171,1.998,2.846,2.32,2.532,2.626,1.985,1.989
2.535,3.171,1.998,2.846,2.32,2.532,2.626,1.985,1.989,1.987
3.171,1.998,2.846,2.32,2.532,2.626,1.985,1.989,1.987,2.191
1.998,2.846,2.32,2.532,2.626,1.985,1.989,1.987,2.191,1.966
2.846,2.32,2.532,2.626,1.985,1.989,1.987,2.191,1.966,1.348
2.32,2.532,2.626,1.985,1.989,1.987,2.191,1.966,1.348,1.98
2.532,2.626,1.985,1.989,1.987,2.191,1.966,1.348,1.98,1.415
2.626,1.985,1.989,1.987,2.191,1.966,1.348,1.98,1.415,2.007
1.985,1.989,1.987,2.191,1.966,1.348,1.98,1.415,2.007,2.625
1.989,1.987,2.191,1.966,1.348,1.98,1.415,2.007,2.625,1.993
1.987,2.191,1.966,1.348,1.98,1.415,2.007,2.625,1.993,1.991
2.191,1.966,1.348,1.98,1.415,2.007,2.625,1.993,1.991,3.17
1.966,1.348,1.98,1.415,2.007,2.625,1.993,1.991,3.17,1.992
1.348,1.98,1.415,2.007,2.625,1.993,1.991,3.17,1.992,1.359
1.98,1.415,2.007,2.625,1.993,1.991,3.17,1.992,1.359,1.988
1.415,2.007,2.625,1.993,1.991,3.17,1.992,1.359,1.988,1.442
2.007,2.625,1.993,1.991,3.17,1.992,1.359,1.988,1.442,1.985
2.625,1.993,1.991,3.17,1.992,1.359,1.988,1.442,1.985,1.352
1.993,1.991,3.17,1.992,1.359,1.988,1.442,1.985,1.352,1.985
1.991,3.17,1.992,1.359,1.988,1.442,1.985,1.352,1.985,1.653
3.17,1.992,1.359,1.988,1.442,1.985,1.352,1.985,1.653,1.213
1.992,1.359,1.988,1.442,1.985,1.352,1.985,1.653,1.213,1.49
1.359,1.988,1.442,1.985,1.352,1.985,1.653,1.213,1.49,1.716
1.988,1.442,1.985,1.352,1.985,1.653,1.213,1.49,1.716,1.112
1.442,1.985,1.352,1.985,1.653,1.213,1.49,1.716,1.112,1.406
1.985,1.352,1.985,1.653,1.213,1.49,1.716,1.112,1.406,1.407
1.352,1.985,1.653,1.213,1.49,1.716,1.112,1.406,1.407,1.407
1.985,1.653,1.213,1.49,1.716,1.112,1.406,1.407,1.407,2.025
1.653,1.213,1.49,1.716,1.112,1.406,1.407,1.407,2.025,2.027
1.213,1.49,1.716,1.112,1.406,1.407,1.407,2.025,2.027,1.822
1.49,1.716,1.112,1.406,1.407,1.407,2.025,2.027,1.822,1.897
1.716,1.112,1.406,1.407,1.407,2.025,2.027,1.822,1.897,1.972
1.112,1.406,1.407,1.407,2.025,2.027,1.822,1.897,1.972,1.884
1.406,1.407,1.407,2.025,2.027,1.822,1.897,1.972,1.884,1.339
1.407,1.407,2.025,2.027,1.822,1.897,1.972,1.884,1.339,2.236
1.407,2.025,2.027,1.822,1.897,1.972,1.884,1.339,2.236,1.309
2.025,2.027,1.822,1.897,1.972,1.884,1.339,2.236,1.309,1.934
2.027,1.822,1.897,1.972,1.884,1.339,2.236,1.309,1.934,3.136
1.822,1.897,1.972,1.884,1.339,2.236,1.309,1.934,3.136,6.102
1.897,1.972,1.884,1.339,2.236,1.309,1.934,3.136,6.102,7.916
1.972,1.884,1.339,2.236,1.309,1.934,3.136,6.102,7.916,8.789
1.884,1.339,2.236,1.309,1.934,3.136,6.102,7.916,8.789,7.08
1.339,2.236,1.309,1.934,3.136,6.102,7.916,8.789,7.08,4.5
2.236,1.309,1.934,3.136,6.102,7.916,8.789,7.08,4.5,3.451
1.309,1.934,3.136,6.102,7.916,8.789,7.08,4.5,3.451,3.297
1.934,3.136,6.102,7.916,8.789,7.08,4.5,3.451,3.297,2.549
3.136,6.102,7.916,8.789,7.08,4.5,3.451,3.297,2.549,2.61
6.102,7.916,8.789,7.08,4.5,3.451,3.297,2.549,2.61,2.615
7.916,8.789,7.08,4.5,3.451,3.297,2.549,2.61,2.615,2.062
8.789,7.08,4.5,3.451,3.297,2.549,2.61,2.615,2.062,2.064
7.08,4.5,3.451,3.297,2.549,2.61,2.615,2.062,2.064,2.625
4.5,3.451,3.297,2.549,2.61,2.615,2.062,2.064,2.625,1.439
3.451,3.297,2.549,2.61,2.615,2.062,2.064,2.625,1.439,2.615
3.297,2.549,2.61,2.615,2.062,2.064,2.625,1.439,2.615,1.987
2.549,2.61,2.615,2.062,2.064,2.625,1.439,2.615,1.987,2.104
2.61,2.615,2.062,2.064,2.625,1.439,2.615,1.987,2.104,2.696
2.615,2.062,2.064,2.625,1.439,2.615,1.987,2.104,2.696,2.117
2.062,2.064,2.625,1.439,2.615,1.987,2.104,2.696,2.117,1.968
2.064,2.625,1.439,2.615,1.987,2.104,2.696,2.117,1.968,6.493
2.625,1.439,2.615,1.987,2.104,2.696,2.117,1.968,6.493,18.041
1.439,2.615,1.987,2.104,2.696,2.117,1.968,6.493,18.041,11.114
2.615,1.987,2.104,2.696,2.117,1.968,6.493,18.041,11.114,6.006
1.987,2.104,2.696,2.117,1.968,6.493,18.041,11.114,6.006,3.876
2.104,2.696,2.117,1.968,6.493,18.041,11.114,6.006,3.876,3.984
2.696,2.117,1.968,6.493,18.041,11.114,6.006,3.876,3.984,3.262
2.117,1.968,6.493,18.041,11.114,6.006,3.876,3.984,3.262,3.264
1.968,6.493,18.041,11.114,6.006,3.876,3.984,3.262,3.264,3.268
6.493,18.041,11.114,6.006,3.876,3.984,3.262,3.264,3.268,3.265
18.041,11.114,6.006,3.876,3.984,3.262,3.264,3.268,3.265,3.2
11.114,6.006,3.876,3.984,3.262,3.264,3.268,3.265,3.2,3.876
6.006,3.876,3.984,3.262,3.264,3.268,3.265,3.2,3.876,5.316
3.876,3.984,3.262,3.264,3.268,3.265,3.2,3.876,5.316,4.861
3.984,3.262,3.264,3.268,3.265,3.2,3.876,5.316,4.861,3.809
3.262,3.264,3.268,3.265,3.2,3.876,5.316,4.861,3.809,3.258
3.264,3.268,3.265,3.2,3.876,5.316,4.861,3.809,3.258,9.43
3.268,3.265,3.2,3.876,5.316,4.861,3.809,3.258,9.43,18.669
3.265,3.2,3.876,5.316,4.861,3.809,3.258,9.43,18.669,28.403
3.2,3.876,5.316,4.861,3.809,3.258,9.43,18.669,28.403,27.581
3.876,5.316,4.861,3.809,3.258,9.43,18.669,28.403,27.581,19.672
5.316,4.861,3.809,3.258,9.43,18.669,28.403,27.581,19.672,16.938
4.861,3.809,3.258,9.43,18.669,28.403,27.581,19.672,16.938,21.702
3.809,3.258,9.43,18.669,28.403,27.581,19.672,16.938,21.702,24.898
3.258,9.43,18.669,28.403,27.581,19.672,16.938,21.702,24.898,17.854
9.43,18.669,28.403,27.581,19.672,16.938,21.702,24.898,17.854,13.442
18.669,28.403,27.581,19.672,16.938,21.702,24.898,17.854,13.442,13.502
28.403,27.581,19.672,16.938,21.702,24.898,17.854,13.442,13.502,11.309
27.581,19.672,16.938,21.702,24.898,17.854,13.442,13.502,11.309,9.713
19.672,16.938,21.702,24.898,17.854,13.442,13.502,11.309,9.713,7.895
16.938,21.702,24.898,17.854,13.442,13.502,11.309,9.713,7.895,7.249
21.702,24.898,17.854,13.442,13.502,11.309,9.713,7.895,7.249,7.38
24.898,17.854,13.442,13.502,11.309,9.713,7.895,7.249,7.38,8.028
17.854,13.442,13.502,11.309,9.713,7.895,7.249,7.38,8.028,8.688
13.442,13.502,11.309,9.713,7.895,7.249,7.38,8.028,8.688,8.022
13.502,11.309,9.713,7.895,7.249,7.38,8.028,8.688,8.022,8.117
11.309,9.713,7.895,7.249,7.38,8.028,8.688,8.022,8.117,11.051
9.713,7.895,7.249,7.38,8.028,8.688,8.022,8.117,11.051,10.229
7.895,7.249,7.38,8.028,8.688,8.022,8.117,11.051,10.229,8.829
7.249,7.38,8.028,8.688,8.022,8.117,11.051,10.229,8.829,9.57
7.38,8.028,8.688,8.022,8.117,11.051,10.229,8.829,9.57,9.643
8.028,8.688,8.022,8.117,11.051,10.229,8.829,9.57,9.643,8.079
8.688,8.022,8.117,11.051,10.229,8.829,9.57,9.643,8.079,6.668
8.022,8.117,11.051,10.229,8.829,9.57,9.643,8.079,6.668,4.921
8.117,11.051,10.229,8.829,9.57,9.643,8.079,6.668,4.921,5.788
11.051,10.229,8.829,9.57,9.643,8.079,6.668,4.921,5.788,4.141
10.229,8.829,9.57,9.643,8.079,6.668,4.921,5.788,4.141,4.911
8.829,9.57,9.643,8.079,6.668,4.921,5.788,4.141,4.911,5.738
9.57,9.643,8.079,6.668,4.921,5.788,4.141,4.911,5.738,4.175
9.643,8.079,6.668,4.921,5.788,4.141,4.911,5.738,4.175,5.045
8.079,6.668,4.921,5.788,4.141,4.911,5.738,4.175,5.045,4.958
6.668,4.921,5.788,4.141,4.911,5.738,4.175,5.045,4.958,6.616
4.921,5.788,4.141,4.911,5.738,4.175,5.045,4.958,6.616,5.76
5.788,4.141,4.911,5.738,4.175,5.045,4.958,6.616,5.76,4.225
4.141,4.911,5.738,4.175,5.045,4.958,6.616,5.76,4.225,3.44
4.911,5.738,4.175,5.045,4.958,6.616,5.76,4.225,3.44,4.215
5.738,4.175,5.045,4.958,6.616,5.76,4.225,3.44,4.215,3.437
4.175,5.045,4.958,6.616,5.76,4.225,3.44,4.215,3.437,2.64
5.045,4.958,6.616,5.76,4.225,3.44,4.215,3.437,2.64,3.439
4.958,6.616,5.76,4.225,3.44,4.215,3.437,2.64,3.439,3.459
6.616,5.76,4.225,3.44,4.215,3.437,2.64,3.439,3.459,2.652
5.76,4.225,3.44,4.215,3.437,2.64,3.439,3.459,2.652,3.435
4.225,3.44,4.215,3.437,2.64,3.439,3.459,2.652,3.435,2.613
3.44,4.215,3.437,2.64,3.439,3.459,2.652,3.435,2.613,3.481
4.215,3.437,2.64,3.439,3.459,2.652,3.435,2.613,3.481,2.62
3.437,2.64,3.439,3.459,2.652,3.435,2.613,3.481,2.62,2.628
2.64,3.439,3.459,2.652,3.435,2.613,3.481,2.62,2.628,2.529
3.439,3.459,2.652,3.435,2.613,3.481,2.62,2.628,2.529,3.398
3.459,2.652,3.435,2.613,3.481,2.62,2.628,2.529,3.398,3.41
2.652,3.435,2.613,3.481,2.62,2.628,2.529,3.398,3.41,5.779
3.435,2.613,3.481,2.62,2.628,2.529,3.398,3.41,5.779,6.47
2.613,3.481,2.62,2.628,2.529,3.398,3.41,5.779,6.47,4.926
3.481,2.62,2.628,2.529,3.398,3.41,5.779,6.47,4.926,4.909
2.62,2.628,2.529,3.398,3.41,5.779,6.47,4.926,4.909,4.167
2.628,2.529,3.398,3.41,5.779,6.47,4.926,4.909,4.167,2.878
2.529,3.398,3.41,5.779,6.47,4.926,4.909,4.167,2.878,4.434
3.398,3.41,5.779,6.47,4.926,4.909,4.167,2.878,4.434,2.608
3.41,5.779,6.47,4.926,4.909,4.167,2.878,4.434,2.608,3.043
5.779,6.47,4.926,4.909,4.167,2.878,4.434,2.608,3.043,6.638
6.47,4.926,4.909,4.167,2.878,4.434,2.608,3.043,6.638,18.913
4.926,4.909,4.167,2.878,4.434,2.608,3.043,6.638,18.913,39.123
4.909,4.167,2.878,4.434,2.608,3.043,6.638,18.913,39.123,32.766
4.167,2.878,4.434,2.608,3.043,6.638,18.913,39.123,32.766,16.703
2.878,4.434,2.608,3.043,6.638,18.913,39.123,32.766,16.703,14.735
4.434,2.608,3.043,6.638,18.913,39.123,32.766,16.703,14.735,12.644
2.608,3.043,6.638,18.913,39.123,32.766,16.703,14.735,12.644,8.798
3.043,6.638,18.913,39.123,32.766,16.703,14.735,12.644,8.798,6.795
6.638,18.913,39.123,32.766,16.703,14.735,12.644,8.798,6.795,8.201
18.913,39.123,32.766,16.703,14.735,12.644,8.798,6.795,8.201,5.551
39.123,32.766,16.703,14.735,12.644,8.798,6.795,8.201,5.551,3.144
32.766,16.703,14.735,12.644,8.798,6.795,8.201,5.551,3.144,4.317
16.703,14.735,12.644,8.798,6.795,8.201,5.551,3.144,4.317,5.537
14.735,12.644,8.798,6.795,8.201,5.551,3.144,4.317,5.537,5.715
12.644,8.798,6.795,8.201,5.551,3.144,4.317,5.537,5.715,3.991
8.798,6.795,8.201,5.551,3.144,4.317,5.537,5.715,3.991,5.832
6.795,8.201,5.551,3.144,4.317,5.537,5.715,3.991,5.832,4.394
8.201,5.551,3.144,4.317,5.537,5.715,3.991,5.832,4.394,3.454
5.551,3.144,4.317,5.537,5.715,3.991,5.832,4.394,3.454,3.46
3.144,4.317,5.537,5.715,3.991,5.832,4.394,3.454,3.46,3.46
4.317,5.537,5.715,3.991,5.832,4.394,3.454,3.46,3.46,3.454
5.537,5.715,3.991,5.832,4.394,3.454,3.46,3.46,3.454,3.455
5.715,3.991,5.832,4.394,3.454,3.46,3.46,3.454,3.455,2.6
3.991,5.832,4.394,3.454,3.46,3.46,3.454,3.455,2.6,3.455
5.832,4.394,3.454,3.46,3.46,3.454,3.455,2.6,3.455,3.45
4.394,3.454,3.46,3.46,3.454,3.455,2.6,3.455,3.45,2.679
3.454,3.46,3.46,3.454,3.455,2.6,3.455,3.45,2.679,2.676
3.46,3.46,3.454,3.455,2.6,3.455,3.45,2.679,2.676,2.748
3.46,3.454,3.455,2.6,3.455,3.45,2.679,2.676,2.748,2.626
3.454,3.455,2.6,3.455,3.45,2.679,2.676,2.748,2.626,2.918
3.455,2.6,3.455,3.45,2.679,2.676,2.748,2.626,2.918,1.895
2.6,3.455,3.45,2.679,2.676,2.748,2.626,2.918,1.895,2.612
3.455,3.45,2.679,2.676,2.748,2.626,2.918,1.895,2.612,3.509
3.45,2.679,2.676,2.748,2.626,2.918,1.895,2.612,3.509,7.387
2.679,2.676,2.748,2.626,2.918,1.895,2.612,3.509,7.387,13.438
2.676,2.748,2.626,2.918,1.895,2.612,3.509,7.387,13.438,12.331
2.748,2.626,2.918,1.895,2.612,3.509,7.387,13.438,12.331,5.162
2.626,2.918,1.895,2.612,3.509,7.387,13.438,12.331,5.162,4.528
2.918,1.895,2.612,3.509,7.387,13.438,12.331,5.162,4.528,3.446
1.895,2.612,3.509,7.387,13.438,12.331,5.162,4.528,3.446,2.673
2.612,3.509,7.387,13.438,12.331,5.162,4.528,3.446,2.673,3.439
3.509,7.387,13.438,12.331,5.162,4.528,3.446,2.673,3.439,4.985
7.387,13.438,12.331,5.162,4.528,3.446,2.673,3.439,4.985,5.232
13.438,12.331,5.162,4.528,3.446,2.673,3.439,4.985,5.232,3.972
12.331,5.162,4.528,3.446,2.673,3.439,4.985,5.232,3.972,2.712
5.162,4.528,3.446,2.673,3.439,4.985,5.232,3.972,2.712,3.49
4.528,3.446,2.673,3.439,4.985,5.232,3.972,2.712,3.49,2.651
3.446,2.673,3.439,4.985,5.232,3.972,2.712,3.49,2.651,2.615
2.673,3.439,4.985,5.232,3.972,2.712,3.49,2.651,2.615,1.91
3.439,4.985,5.232,3.972,2.712,3.49,2.651,2.615,1.91,1.08
4.985,5.232,3.972,2.712,3.49,2.651,2.615,1.91,1.08,1.872
5.232,3.972,2.712,3.49,2.651,2.615,1.91,1.08,1.872,2.593
3.972,2.712,3.49,2.651,2.615,1.91,1.08,1.872,2.593,2.529
2.712,3.49,2.651,2.615,1.91,1.08,1.872,2.593,2.529,1.437
3.49,2.651,2.615,1.91,1.08,1.872,2.593,2.529,1.437,1.59
2.651,2.615,1.91,1.08,1.872,2.593,2.529,1.437,1.59,1.481
2.615,1.91,1.08,1.872,2.593,2.529,1.437,1.59,1.481,2.201
1.91,1.08,1.872,2.593,2.529,1.437,1.59,1.481,2.201,1.497
1.08,1.872,2.593,2.529,1.437,1.59,1.481,2.201,1.497,1.493
1.872,2.593,2.529,1.437,1.59,1.481,2.201,1.497,1.493,2.309
2.593,2.529,1.437,1.59,1.481,2.201,1.497,1.493,2.309,1.496
2.529,1.437,1.59,1.481,2.201,1.497,1.493,2.309,1.496,2.319
1.437,1.59,1.481,2.201,1.497,1.493,2.309,1.496,2.319,2.82
1.59,1.481,2.201,1.497,1.493,2.309,1.496,2.319,2.82,2.143
1.481,2.201,1.497,1.493,2.309,1.496,2.319,2.82,2.143,2.139
2.201,1.497,1.493,2.309,1.496,2.319,2.82,2.143,2.139,2.964
1.497,1.493,2.309,1.496,2.319,2.82,2.143,2.139,2.964,3.267
1.493,2.309,1.496,2.319,2.82,2.143,2.139,2.964,3.267,1.903
2.309,1.496,2.319,2.82,2.143,2.139,2.964,3.267,1.903,1.801
1.496,2.319,2.82,2.143,2.139,2.964,3.267,1.903,1.801,1.91
2.319,2.82,2.143,2.139,2.964,3.267,1.903,1.801,1.91,2.741
2.82,2.143,2.139,2.964,3.267,1.903,1.801,1.91,2.741,6.477
2.143,2.139,2.964,3.267,1.903,1.801,1.91,2.741,6.477,5.799
2.139,2.964,3.267,1.903,1.801,1.91,2.741,6.477,5.799,3.447
2.964,3.267,1.903,1.801,1.91,2.741,6.477,5.799,3.447,3.445
3.267,1.903,1.801,1.91,2.741,6.477,5.799,3.447,3.445,2.616
1.903,1.801,1.91,2.741,6.477,5.799,3.447,3.445,2.616,2.733
1.801,1.91,2.741,6.477,5.799,3.447,3.445,2.616,2.733,1.899
1.91,2.741,6.477,5.799,3.447,3.445,2.616,2.733,1.899,1.889
2.741,6.477,5.799,3.447,3.445,2.616,2.733,1.899,1.889,1.892
6.477,5.799,3.447,3.445,2.616,2.733,1.899,1.889,1.892,2.607
5.799,3.447,3.445,2.616,2.733,1.899,1.889,1.892,2.607,2.727
3.447,3.445,2.616,2.733,1.899,1.889,1.892,2.607,2.727,1.919
3.445,2.616,2.733,1.899,1.889,1.892,2.607,2.727,1.919,1.795
2.616,2.733,1.899,1.889,1.892,2.607,2.727,1.919,1.795,1.915
2.733,1.899,1.889,1.892,2.607,2.727,1.919,1.795,1.915,2.721
1.899,1.889,1.892,2.607,2.727,1.919,1.795,1.915,2.721,1.908
1.889,1.892,2.607,2.727,1.919,1.795,1.915,2.721,1.908,3.4
1.892,2.607,2.727,1.919,1.795,1.915,2.721,1.908,3.4,1.897
2.607,2.727,1.919,1.795,1.915,2.721,1.908,3.4,1.897,2.571
2.727,1.919,1.795,1.915,2.721,1.908,3.4,1.897,2.571,2.587
1.919,1.795,1.915,2.721,1.908,3.4,1.897,2.571,2.587,1.894
1.795,1.915,2.721,1.908,3.4,1.897,2.571,2.587,1.894,2.704
1.915,2.721,1.908,3.4,1.897,2.571,2.587,1.894,2.704,2.578
2.721,1.908,3.4,1.897,2.571,2.587,1.894,2.704,2.578,2.692
1.908,3.4,1.897,2.571,2.587,1.894,2.704,2.578,2.692,3.392
3.4,1.897,2.571,2.587,1.894,2.704,2.578,2.692,3.392,2.001
1.897,2.571,2.587,1.894,2.704,2.578,2.692,3.392,2.001,2.713
2.571,2.587,1.894,2.704,2.578,2.692,3.392,2.001,2.713,1.924
2.587,1.894,2.704,2.578,2.692,3.392,2.001,2.713,1.924,1.805
1.894,2.704,2.578,2.692,3.392,2.001,2.713,1.924,1.805,1.932
2.704,2.578,2.692,3.392,2.001,2.713,1.924,1.805,1.932,1.931
2.578,2.692,3.392,2.001,2.713,1.924,1.805,1.932,1.931,1.942
2.692,3.392,2.001,2.713,1.924,1.805,1.932,1.931,1.942,1.944
3.392,2.001,2.713,1.924,1.805,1.932,1.931,1.942,1.944,1.159
2.001,2.713,1.924,1.805,1.932,1.931,1.942,1.944,1.159,1.957
2.713,1.924,1.805,1.932,1.931,1.942,1.944,1.159,1.957,1.29
1.924,1.805,1.932,1.931,1.942,1.944,1.159,1.957,1.29,1.19
1.805,1.932,1.931,1.942,1.944,1.159,1.957,1.29,1.19,1.972
1.932,1.931,1.942,1.944,1.159,1.957,1.29,1.19,1.972,1.199
1.931,1.942,1.944,1.159,1.957,1.29,1.19,1.972,1.199,1.261
1.942,1.944,1.159,1.957,1.29,1.19,1.972,1.199,1.261,2.067
1.944,1.159,1.957,1.29,1.19,1.972,1.199,1.261,2.067,1.449
1.159,1.957,1.29,1.19,1.972,1.199,1.261,2.067,1.449,2.064
1.957,1.29,1.19,1.972,1.199,1.261,2.067,1.449,2.064,1.96
1.29,1.19,1.972,1.199,1.261,2.067,1.449,2.064,1.96,4.838
1.19,1.972,1.199,1.261,2.067,1.449,2.064,1.96,4.838,3.389
1.972,1.199,1.261,2.067,1.449,2.064,1.96,4.838,3.389,1.965
1.199,1.261,2.067,1.449,2.064,1.96,4.838,3.389,1.965,2.038
1.261,2.067,1.449,2.064,1.96,4.838,3.389,1.965,2.038,2.061
2.067,1.449,2.064,1.96,4.838,3.389,1.965,2.038,2.061,1.447
1.449,2.064,1.96,4.838,3.389,1.965,2.038,2.061,1.447,1.962
2.064,1.96,4.838,3.389,1.965,2.038,2.061,1.447,1.962,2.049
1.96,4.838,3.389,1.965,2.038,2.061,1.447,1.962,2.049,2.783
4.838,3.389,1.965,2.038,2.061,1.447,1.962,2.049,2.783,2.06
3.389,1.965,2.038,2.061,1.447,1.962,2.049,2.783,2.06,1.39
1.965,2.038,2.061,1.447,1.962,2.049,2.783,2.06,1.39,2.714
2.038,2.061,1.447,1.962,2.049,2.783,2.06,1.39,2.714,2.668
2.061,1.447,1.962,2.049,2.783,2.06,1.39,2.714,2.668,2.661
1.447,1.962,2.049,2.783,2.06,1.39,2.714,2.668,2.661,4.817
1.962,2.049,2.783,2.06,1.39,2.714,2.668,2.661,4.817,3.982
2.049,2.783,2.06,1.39,2.714,2.668,2.661,4.817,3.982,4.086
2.783,2.06,1.39,2.714,2.668,2.661,4.817,3.982,4.086,2.531
2.06,1.39,2.714,2.668,2.661,4.817,3.982,4.086,2.531,2.756
1.39,2.714,2.668,2.661,4.817,3.982,4.086,2.531,2.756,2.652
2.714,2.668,2.661,4.817,3.982,4.086,2.531,2.756,2.652,2.66
2.668,2.661,4.817,3.982,4.086,2.531,2.756,2.652,2.66,2.047
2.661,4.817,3.982,4.086,2.531,2.756,2.652,2.66,2.047,2.042
4.817,3.982,4.086,2.531,2.756,2.652,2.66,2.047,2.042,2.765
3.982,4.086,2.531,2.756,2.652,2.66,2.047,2.042,2.765,2.05
4.086,2.531,2.756,2.652,2.66,2.047,2.042,2.765,2.05,2.032
2.531,2.756,2.652,2.66,2.047,2.042,2.765,2.05,2.032,2.663
2.756,2.652,2.66,2.047,2.042,2.765,2.05,2.032,2.663,2.039
2.652,2.66,2.047,2.042,2.765,2.05,2.032,2.663,2.039,1.312
2.66,2.047,2.042,2.765,2.05,2.032,2.663,2.039,1.312,2.021
2.047,2.042,2.765,2.05,2.032,2.663,2.039,1.312,2.021,2.072
2.042,2.765,2.05,2.032,2.663,2.039,1.312,2.021,2.072,1.99
2.765,2.05,2.032,2.663,2.039,1.312,2.021,2.072,1.99,2.64
2.05,2.032,2.663,2.039,1.312,2.021,2.072,1.99,2.64,2.023
2.032,2.663,2.039,1.312,2.021,2.072,1.99,2.64,2.023,1.814
2.663,2.039,1.312,2.021,2.072,1.99,2.64,2.023,1.814,2.006
2.039,1.312,2.021,2.072,1.99,2.64,2.023,1.814,2.006,2
1.312,2.021,2.072,1.99,2.64,2.023,1.814,2.006,2,2.017
2.021,2.072,1.99,2.64,2.023,1.814,2.006,2,2.017,2.01
2.072,1.99,2.64,2.023,1.814,2.006,2,2.017,2.01,2.63
1.99,2.64,2.023,1.814,2.006,2,2.017,2.01,2.63,2.016
2.64,2.023,1.814,2.006,2,2.017,2.01,2.63,2.016,2.003
2.023,1.814,2.006,2,2.017,2.01,2.63,2.016,2.003,2.075
1.814,2.006,2,2.017,2.01,2.63,2.016,2.003,2.075,2.606
2.006,2,2.017,2.01,2.63,2.016,2.003,2.075,2.606,1.994
2,2.017,2.01,2.63,2.016,2.003,2.075,2.606,1.994,1.83
2.017,2.01,2.63,2.016,2.003,2.075,2.606,1.994,1.83,1.999
2.01,2.63,2.016,2.003,2.075,2.606,1.994,1.83,1.999,2.004
2.63,2.016,2.003,2.075,2.606,1.994,1.83,1.999,2.004,2.002
2.016,2.003,2.075,2.606,1.994,1.83,1.999,2.004,2.002,2.007
2.003,2.075,2.606,1.994,1.83,1.999,2.004,2.002,2.007,1.997
2.075,2.606,1.994,1.83,1.999,2.004,2.002,2.007,1.997,2.003
2.606,1.994,1.83,1.999,2.004,2.002,2.007,1.997,2.003,1.988
1.994,1.83,1.999,2.004,2.002,2.007,1.997,2.003,1.988,1.993
1.83,1.999,2.004,2.002,2.007,1.997,2.003,1.988,1.993,2.599
1.999,2.004,2.002,2.007,1.997,2.003,1.988,1.993,2.599,2.703
2.004,2.002,2.007,1.997,2.003,1.988,1.993,2.599,2.703,3.321
2.002,2.007,1.997,2.003,1.988,1.993,2.599,2.703,3.321,1.887
2.007,1.997,2.003,1.988,1.993,2.599,2.703,3.321,1.887,2.704
1.997,2.003,1.988,1.993,2.599,2.703,3.321,1.887,2.704,1.996
2.003,1.988,1.993,2.599,2.703,3.321,1.887,2.704,1.996,1.996
1.988,1.993,2.599,2.703,3.321,1.887,2.704,1.996,1.996,1.916
1.993,2.599,2.703,3.321,1.887,2.704,1.996,1.996,1.916,2.542
2.599,2.703,3.321,1.887,2.704,1.996,1.996,1.916,2.542,1.91
2.703,3.321,1.887,2.704,1.996,1.996,1.916,2.542,1.91,1.941
3.321,1.887,2.704,1.996,1.996,1.916,2.542,1.91,1.941,2.523
1.887,2.704,1.996,1.996,1.916,2.542,1.91,1.941,2.523,2.085
2.704,1.996,1.996,1.916,2.542,1.91,1.941,2.523,2.085,1.945
1.996,1.996,1.916,2.542,1.91,1.941,2.523,2.085,1.945,2.043
1.996,1.916,2.542,1.91,1.941,2.523,2.085,1.945,2.043,1.184
1.916,2.542,1.91,1.941,2.523,2.085,1.945,2.043,1.184,2.048
2.542,1.91,1.941,2.523,2.085,1.945,2.043,1.184,2.048,1.924
1.91,1.941,2.523,2.085,1.945,2.043,1.184,2.048,1.924,1.299
1.941,2.523,2.085,1.945,2.043,1.184,2.048,1.924,1.299,2.036
2.523,2.085,1.945,2.043,1.184,2.048,1.924,1.299,2.036,1.928
2.085,1.945,2.043,1.184,2.048,1.924,1.299,2.036,1.928,2.039
1.945,2.043,1.184,2.048,1.924,1.299,2.036,1.928,2.039,1.924
2.043,1.184,2.048,1.924,1.299,2.036,1.928,2.039,1.924,2.04
1.184,2.048,1.924,1.299,2.036,1.928,2.039,1.924,2.04,1.96
2.048,1.924,1.299,2.036,1.928,2.039,1.924,2.04,1.96,1.327
1.924,1.299,2.036,1.928,2.039,1.924,2.04,1.96,1.327,1.894
1.299,2.036,1.928,2.039,1.924,2.04,1.96,1.327,1.894,2.673
2.036,1.928,2.039,1.924,2.04,1.96,1.327,1.894,2.673,2.661
1.928,2.039,1.924,2.04,1.96,1.327,1.894,2.673,2.661,2.025
2.039,1.924,2.04,1.96,1.327,1.894,2.673,2.661,2.025,2.649
1.924,2.04,1.96,1.327,1.894,2.673,2.661,2.025,2.649,1.915
2.04,1.96,1.327,1.894,2.673,2.661,2.025,2.649,1.915,2.021
1.96,1.327,1.894,2.673,2.661,2.025,2.649,1.915,2.021,1.94
1.327,1.894,2.673,2.661,2.025,2.649,1.915,2.021,1.94,2.022
1.894,2.673,2.661,2.025,2.649,1.915,2.021,1.94,2.022,2.66
2.673,2.661,2.025,2.649,1.915,2.021,1.94,2.022,2.66,1.929
2.661,2.025,2.649,1.915,2.021,1.94,2.022,2.66,1.929,1.936
2.025,2.649,1.915,2.021,1.94,2.022,2.66,1.929,1.936,1.308
2.649,1.915,2.021,1.94,2.022,2.66,1.929,1.936,1.308,2.047
1.915,2.021,1.94,2.022,2.66,1.929,1.936,1.308,2.047,1.937
2.021,1.94,2.022,2.66,1.929,1.936,1.308,2.047,1.937,1.66
1.94,2.022,2.66,1.929,1.936,1.308,2.047,1.937,1.66,1.7
2.022,2.66,1.929,1.936,1.308,2.047,1.937,1.66,1.7,1.939
2.66,1.929,1.936,1.308,2.047,1.937,1.66,1.7,1.939,1.361
1.929,1.936,1.308,2.047,1.937,1.66,1.7,1.939,1.361,1.895
1.936,1.308,2.047,1.937,1.66,1.7,1.939,1.361,1.895,2.026
1.308,2.047,1.937,1.66,1.7,1.939,1.361,1.895,2.026,1.324
2.047,1.937,1.66,1.7,1.939,1.361,1.895,2.026,1.324,1.93
1.937,1.66,1.7,1.939,1.361,1.895,2.026,1.324,1.93,2.026
1.66,1.7,1.939,1.361,1.895,2.026,1.324,1.93,2.026,5.286
1.7,1.939,1.361,1.895,2.026,1.324,1.93,2.026,5.286,5.309
1.939,1.361,1.895,2.026,1.324,1.93,2.026,5.286,5.309,3.364
1.361,1.895,2.026,1.324,1.93,2.026,5.286,5.309,3.364,3.25
1.895,2.026,1.324,1.93,2.026,5.286,5.309,3.364,3.25,3.995
2.026,1.324,1.93,2.026,5.286,5.309,3.364,3.25,3.995,3.391
1.324,1.93,2.026,5.286,5.309,3.364,3.25,3.995,3.391,6.724
1.93,2.026,5.286,5.309,3.364,3.25,3.995,3.391,6.724,4.674
2.026,5.286,5.309,3.364,3.25,3.995,3.391,6.724,4.674,4.646
5.286,5.309,3.364,3.25,3.995,3.391,6.724,4.674,4.646,5.502
5.309,3.364,3.25,3.995,3.391,6.724,4.674,4.646,5.502,4.644
3.364,3.25,3.995,3.391,6.724,4.674,4.646,5.502,4.644,4.026
3.25,3.995,3.391,6.724,4.674,4.646,5.502,4.644,4.026,4.144
3.995,3.391,6.724,4.674,4.646,5.502,4.644,4.026,4.144,4.047
3.391,6.724,4.674,4.646,5.502,4.644,4.026,4.144,4.047,2.679
6.724,4.674,4.646,5.502,4.644,4.026,4.144,4.047,2.679,3.284
4.674,4.646,5.502,4.644,4.026,4.144,4.047,2.679,3.284,2.537
4.646,5.502,4.644,4.026,4.144,4.047,2.679,3.284,2.537,8.197
5.502,4.644,4.026,4.144,4.047,2.679,3.284,2.537,8.197,11.494
4.644,4.026,4.144,4.047,2.679,3.284,2.537,8.197,11.494,8.76
4.026,4.144,4.047,2.679,3.284,2.537,8.197,11.494,8.76,7.252
4.144,4.047,2.679,3.284,2.537,8.197,11.494,8.76,7.252,4.393
4.047,2.679,3.284,2.537,8.197,11.494,8.76,7.252,4.393,3.88
2.679,3.284,2.537,8.197,11.494,8.76,7.252,4.393,3.88,4.006
3.284,2.537,8.197,11.494,8.76,7.252,4.393,3.88,4.006,3.297
2.537,8.197,11.494,8.76,7.252,4.393,3.88,4.006,3.297,3.281
8.197,11.494,8.76,7.252,4.393,3.88,4.006,3.297,3.281,3.28
11.494,8.76,7.252,4.393,3.88,4.006,3.297,3.281,3.28,3.28
8.76,7.252,4.393,3.88,4.006,3.297,3.281,3.28,3.28,5.232
7.252,4.393,3.88,4.006,3.297,3.281,3.28,3.28,5.232,6.172
4.393,3.88,4.006,3.297,3.281,3.28,3.28,5.232,6.172,6.221
3.88,4.006,3.297,3.281,3.28,3.28,5.232,6.172,6.221,5.627
4.006,3.297,3.281,3.28,3.28,5.232,6.172,6.221,5.627,5.545
3.297,3.281,3.28,3.28,5.232,6.172,6.221,5.627,5.545,5.643
3.281,3.28,3.28,5.232,6.172,6.221,5.627,5.545,5.643,4.716
3.28,3.28,5.232,6.172,6.221,5.627,5.545,5.643,4.716,3.915
3.28,5.232,6.172,6.221,5.627,5.545,5.643,4.716,3.915,4.659
5.232,6.172,6.221,5.627,5.545,5.643,4.716,3.915,4.659,4.869
6.172,6.221,5.627,5.545,5.643,4.716,3.915,4.659,4.869,6.991
6.221,5.627,5.545,5.643,4.716,3.915,4.659,4.869,6.991,8.919
5.627,5.545,5.643,4.716,3.915,4.659,4.869,6.991,8.919,9.278
5.545,5.643,4.716,3.915,4.659,4.869,6.991,8.919,9.278,7.504
5.643,4.716,3.915,4.659,4.869,6.991,8.919,9.278,7.504,10.03
4.716,3.915,4.659,4.869,6.991,8.919,9.278,7.504,10.03,11.336
3.915,4.659,4.869,6.991,8.919,9.278,7.504,10.03,11.336,10.214
4.659,4.869,6.991,8.919,9.278,7.504,10.03,11.336,10.214,10.744
4.869,6.991,8.919,9.278,7.504,10.03,11.336,10.214,10.744,8.556
6.991,8.919,9.278,7.504,10.03,11.336,10.214,10.744,8.556,7.781
8.919,9.278,7.504,10.03,11.336,10.214,10.744,8.556,7.781,5.318
9.278,7.504,10.03,11.336,10.214,10.744,8.556,7.781,5.318,4.858
7.504,10.03,11.336,10.214,10.744,8.556,7.781,5.318,4.858,4.796
10.03,11.336,10.214,10.744,8.556,7.781,5.318,4.858,4.796,4.706
11.336,10.214,10.744,8.556,7.781,5.318,4.858,4.796,4.706,3.301
10.214,10.744,8.556,7.781,5.318,4.858,4.796,4.706,3.301,3.916
10.744,8.556,7.781,5.318,4.858,4.796,4.706,3.301,3.916,4.022
8.556,7.781,5.318,4.858,4.796,4.706,3.301,3.916,4.022,3.906
7.781,5.318,4.858,4.796,4.706,3.301,3.916,4.022,3.906,4.616
5.318,4.858,4.796,4.706,3.301,3.916,4.022,3.906,4.616,4.686
4.858,4.796,4.706,3.301,3.916,4.022,3.906,4.616,4.686,5.747
4.796,4.706,3.301,3.916,4.022,3.906,4.616,4.686,5.747,8.815
4.706,3.301,3.916,4.022,3.906,4.616,4.686,5.747,8.815,8.02
3.301,3.916,4.022,3.906,4.616,4.686,5.747,8.815,8.02,9.35
3.916,4.022,3.906,4.616,4.686,5.747,8.815,8.02,9.35,9.373
4.022,3.906,4.616,4.686,5.747,8.815,8.02,9.35,9.373,6.722
3.906,4.616,4.686,5.747,8.815,8.02,9.35,9.373,6.722,6.005
4.616,4.686,5.747,8.815,8.02,9.35,9.373,6.722,6.005,4.683
4.686,5.747,8.815,8.02,9.35,9.373,6.722,6.005,4.683,4.674
5.747,8.815,8.02,9.35,9.373,6.722,6.005,4.683,4.674,4.775
8.815,8.02,9.35,9.373,6.722,6.005,4.683,4.674,4.775,3.995
8.02,9.35,9.373,6.722,6.005,4.683,4.674,4.775,3.995,3.983
9.35,9.373,6.722,6.005,4.683,4.674,4.775,3.995,3.983,3.365
9.373,6.722,6.005,4.683,4.674,4.775,3.995,3.983,3.365,4.083
6.722,6.005,4.683,4.674,4.775,3.995,3.983,3.365,4.083,3.366
6.005,4.683,4.674,4.775,3.995,3.983,3.365,4.083,3.366,3.368
4.683,4.674,4.775,3.995,3.983,3.365,4.083,3.366,3.368,3.364
4.674,4.775,3.995,3.983,3.365,4.083,3.366,3.368,3.364,4.064
4.775,3.995,3.983,3.365,4.083,3.366,3.368,3.364,4.064,3.338
3.995,3.983,3.365,4.083,3.366,3.368,3.364,4.064,3.338,3.958
3.983,3.365,4.083,3.366,3.368,3.364,4.064,3.338,3.958,4.039
3.365,4.083,3.366,3.368,3.364,4.064,3.338,3.958,4.039,3.941
4.083,3.366,3.368,3.364,4.064,3.338,3.958,4.039,3.941,4.036
3.366,3.368,3.364,4.064,3.338,3.958,4.039,3.941,4.036,4.683
3.368,3.364,4.064,3.338,3.958,4.039,3.941,4.036,4.683,6.736
3.364,4.064,3.338,3.958,4.039,3.941,4.036,4.683,6.736,5.309
4.064,3.338,3.958,4.039,3.941,4.036,4.683,6.736,5.309,4.697
3.338,3.958,4.039,3.941,4.036,4.683,6.736,5.309,4.697,4.078
3.958,4.039,3.941,4.036,4.683,6.736,5.309,4.697,4.078,3.991
4.039,3.941,4.036,4.683,6.736,5.309,4.697,4.078,3.991,3.368
3.941,4.036,4.683,6.736,5.309,4.697,4.078,3.991,3.368,3.374
4.036,4.683,6.736,5.309,4.697,4.078,3.991,3.368,3.374,3.374
4.683,6.736,5.309,4.697,4.078,3.991,3.368,3.374,3.374,3.377
6.736,5.309,4.697,4.078,3.991,3.368,3.374,3.374,3.377,2.742
5.309,4.697,4.078,3.991,3.368,3.374,3.374,3.377,2.742,2.727
4.697,4.078,3.991,3.368,3.374,3.374,3.377,2.742,2.727,2.717
4.078,3.991,3.368,3.374,3.374,3.377,2.742,2.727,2.717,2.724
3.991,3.368,3.374,3.374,3.377,2.742,2.727,2.717,2.724,2.723
3.368,3.374,3.374,3.377,2.742,2.727,2.717,2.724,2.723,2.727
3.374,3.374,3.377,2.742,2.727,2.717,2.724,2.723,2.727,2.728
3.374,3.377,2.742,2.727,2.717,2.724,2.723,2.727,2.728,2.721
3.377,2.742,2.727,2.717,2.724,2.723,2.727,2.728,2.721,2.716
2.742,2.727,2.717,2.724,2.723,2.727,2.728,2.721,2.716,2.1
2.727,2.717,2.724,2.723,2.727,2.728,2.721,2.716,2.1,2.214
2.717,2.724,2.723,2.727,2.728,2.721,2.716,2.1,2.214,2.285
2.724,2.723,2.727,2.728,2.721,2.716,2.1,2.214,2.285,1.566
2.723,2.727,2.728,2.721,2.716,2.1,2.214,2.285,1.566,2.281
2.727,2.728,2.721,2.716,2.1,2.214,2.285,1.566,2.281,1.566
2.728,2.721,2.716,2.1,2.214,2.285,1.566,2.281,1.566,1.567
2.721,2.716,2.1,2.214,2.285,1.566,2.281,1.566,1.567,2.905
2.716,2.1,2.214,2.285,1.566,2.281,1.566,1.567,2.905,1.549
2.1,2.214,2.285,1.566,2.281,1.566,1.567,2.905,1.549,0.758
2.214,2.285,1.566,2.281,1.566,1.567,2.905,1.549,0.758,2.088
2.285,1.566,2.281,1.566,1.567,2.905,1.549,0.758,2.088,1.467
1.566,2.281,1.566,1.567,2.905,1.549,0.758,2.088,1.467,2.09
2.281,1.566,1.567,2.905,1.549,0.758,2.088,1.467,2.09,2.084
1.566,1.567,2.905,1.549,0.758,2.088,1.467,2.09,2.084,1.47
1.567,2.905,1.549,0.758,2.088,1.467,2.09,2.084,1.47,2.085
2.905,1.549,0.758,2.088,1.467,2.09,2.084,1.47,2.085,1.371
1.549,0.758,2.088,1.467,2.09,2.084,1.47,2.085,1.371,1.472
0.758,2.088,1.467,2.09,2.084,1.47,2.085,1.371,1.472,0.75
2.088,1.467,2.09,2.084,1.47,2.085,1.371,1.472,0.75,1.364
1.467,2.09,2.084,1.47,2.085,1.371,1.472,0.75,1.364,0.75
2.09,2.084,1.47,2.085,1.371,1.472,0.75,1.364,0.75,1.469
2.084,1.47,2.085,1.371,1.472,0.75,1.364,0.75,1.469,0.75
1.47,2.085,1.371,1.472,0.75,1.364,0.75,1.469,0.75,2.168
2.085,1.371,1.472,0.75,1.364,0.75,1.469,0.75,2.168,0.751
1.371,1.472,0.75,1.364,0.75,1.469,0.75,2.168,0.751,1.523
1.472,0.75,1.364,0.75,1.469,0.75,2.168,0.751,1.523,2.843
0.75,1.364,0.75,1.469,0.75,2.168,0.751,1.523,2.843,2.194
1.364,0.75,1.469,0.75,2.168,0.751,1.523,2.843,2.194,2.298
0.75,1.469,0.75,2.168,0.751,1.523,2.843,2.194,2.298,2.199
1.469,0.75,2.168,0.751,1.523,2.843,2.194,2.298,2.199,2.935
0.75,2.168,0.751,1.523,2.843,2.194,2.298,2.199,2.935,0.658
2.168,0.751,1.523,2.843,2.194,2.298,2.199,2.935,0.658,1.559
0.751,1.523,2.843,2.194,2.298,2.199,2.935,0.658,1.559,2.236
1.523,2.843,2.194,2.298,2.199,2.935,0.658,1.559,2.236,1.562
2.843,2.194,2.298,2.199,2.935,0.658,1.559,2.236,1.562,1.463
2.194,2.298,2.199,2.935,0.658,1.559,2.236,1.562,1.463,2.244
2.298,2.199,2.935,0.658,1.559,2.236,1.562,1.463,2.244,1.576
2.199,2.935,0.658,1.559,2.236,1.562,1.463,2.244,1.576,2.259
2.935,0.658,1.559,2.236,1.562,1.463,2.244,1.576,2.259,0.785
0.658,1.559,2.236,1.562,1.463,2.244,1.576,2.259,0.785,1.458
1.559,2.236,1.562,1.463,2.244,1.576,2.259,0.785,1.458,2.374
2.236,1.562,1.463,2.244,1.576,2.259,0.785,1.458,2.374,0.787
1.562,1.463,2.244,1.576,2.259,0.785,1.458,2.374,0.787,1.462
1.463,2.244,1.576,2.259,0.785,1.458,2.374,0.787,1.462,1.619
2.244,1.576,2.259,0.785,1.458,2.374,0.787,1.462,1.619,2.32
1.576,2.259,0.785,1.458,2.374,0.787,1.462,1.619,2.32,2.332
2.259,0.785,1.458,2.374,0.787,1.462,1.619,2.32,2.332,5.316
0.785,1.458,2.374,0.787,1.462,1.619,2.32,2.332,5.316,5.664
1.458,2.374,0.787,1.462,1.619,2.32,2.332,5.316,5.664,4.948
2.374,0.787,1.462,1.619,2.32,2.332,5.316,5.664,4.948,2.623
0.787,1.462,1.619,2.32,2.332,5.316,5.664,4.948,2.623,1.635
1.462,1.619,2.32,2.332,5.316,5.664,4.948,2.623,1.635,1.546
1.619,2.32,2.332,5.316,5.664,4.948,2.623,1.635,1.546,1.547
2.32,2.332,5.316,5.664,4.948,2.623,1.635,1.546,1.547,1.541
2.332,5.316,5.664,4.948,2.623,1.635,1.546,1.547,1.541,1.342
5.316,5.664,4.948,2.623,1.635,1.546,1.547,1.541,1.342,1.929
5.664,4.948,2.623,1.635,1.546,1.547,1.541,1.342,1.929,0.9
4.948,2.623,1.635,1.546,1.547,1.541,1.342,1.929,0.9,0.777
2.623,1.635,1.546,1.547,1.541,1.342,1.929,0.9,0.777,1.573
1.635,1.546,1.547,1.541,1.342,1.929,0.9,0.777,1.573,0.766
1.546,1.547,1.541,1.342,1.929,0.9,0.777,1.573,0.766,1.463
1.547,1.541,1.342,1.929,0.9,0.777,1.573,0.766,1.463,3.39
1.541,1.342,1.929,0.9,0.777,1.573,0.766,1.463,3.39,1.399
1.342,1.929,0.9,0.777,1.573,0.766,1.463,3.39,1.399,2.211
1.929,0.9,0.777,1.573,0.766,1.463,3.39,1.399,2.211,4.575
0.9,0.777,1.573,0.766,1.463,3.39,1.399,2.211,4.575,7.285
0.777,1.573,0.766,1.463,3.39,1.399,2.211,4.575,7.285,7.41
1.573,0.766,1.463,3.39,1.399,2.211,4.575,7.285,7.41,1.995
0.766,1.463,3.39,1.399,2.211,4.575,7.285,7.41,1.995,1.907
1.463,3.39,1.399,2.211,4.575,7.285,7.41,1.995,1.907,3.554
3.39,1.399,2.211,4.575,7.285,7.41,1.995,1.907,3.554,4.543
1.399,2.211,4.575,7.285,7.41,1.995,1.907,3.554,4.543,3.138
2.211,4.575,7.285,7.41,1.995,1.907,3.554,4.543,3.138,1.941
4.575,7.285,7.41,1.995,1.907,3.554,4.543,3.138,1.941,1.815
7.285,7.41,1.995,1.907,3.554,4.543,3.138,1.941,1.815,2.296
7.41,1.995,1.907,3.554,4.543,3.138,1.941,1.815,2.296,2.414
1.995,1.907,3.554,4.543,3.138,1.941,1.815,2.296,2.414,1.942
1.907,3.554,4.543,3.138,1.941,1.815,2.296,2.414,1.942,1.481
3.554,4.543,3.138,1.941,1.815,2.296,2.414,1.942,1.481,1.574
4.543,3.138,1.941,1.815,2.296,2.414,1.942,1.481,1.574,1.121
3.138,1.941,1.815,2.296,2.414,1.942,1.481,1.574,1.121,1.813
1.941,1.815,2.296,2.414,1.942,1.481,1.574,1.121,1.813,2.857
1.815,2.296,2.414,1.942,1.481,1.574,1.121,1.813,2.857,2.74
2.296,2.414,1.942,1.481,1.574,1.121,1.813,2.857,2.74,2.524
2.414,1.942,1.481,1.574,1.121,1.813,2.857,2.74,2.524,2.051
1.942,1.481,1.574,1.121,1.813,2.857,2.74,2.524,2.051,2.739
1.481,1.574,1.121,1.813,2.857,2.74,2.524,2.051,2.739,1.571
1.574,1.121,1.813,2.857,2.74,2.524,2.051,2.739,1.571,1.097
1.121,1.813,2.857,2.74,2.524,2.051,2.739,1.571,1.097,2.053
1.813,2.857,2.74,2.524,2.051,2.739,1.571,1.097,2.053,3.425
2.857,2.74,2.524,2.051,2.739,1.571,1.097,2.053,3.425,1.5
2.74,2.524,2.051,2.739,1.571,1.097,2.053,3.425,1.5,1.425
2.524,2.051,2.739,1.571,1.097,2.053,3.425,1.5,1.425,1.5
2.051,2.739,1.571,1.097,2.053,3.425,1.5,1.425,1.5,1.116
2.739,1.571,1.097,2.053,3.425,1.5,1.425,1.5,1.116,1.002
1.571,1.097,2.053,3.425,1.5,1.425,1.5,1.116,1.002,1.451
1.097,2.053,3.425,1.5,1.425,1.5,1.116,1.002,1.451,1.037
2.053,3.425,1.5,1.425,1.5,1.116,1.002,1.451,1.037,1.61
3.425,1.5,1.425,1.5,1.116,1.002,1.451,1.037,1.61,4.466
1.5,1.425,1.5,1.116,1.002,1.451,1.037,1.61,4.466,1.444
1.425,1.5,1.116,1.002,1.451,1.037,1.61,4.466,1.444,5.048
1.5,1.116,1.002,1.451,1.037,1.61,4.466,1.444,5.048,2.111
1.116,1.002,1.451,1.037,1.61,4.466,1.444,5.048,2.111,2.691
1.002,1.451,1.037,1.61,4.466,1.444,5.048,2.111,2.691,2.695
1.451,1.037,1.61,4.466,1.444,5.048,2.111,2.691,2.695,1.923
1.037,1.61,4.466,1.444,5.048,2.111,2.691,2.695,1.923,1.009
1.61,4.466,1.444,5.048,2.111,2.691,2.695,1.923,1.009,1.585
4.466,1.444,5.048,2.111,2.691,2.695,1.923,1.009,1.585,2.876
1.444,5.048,2.111,2.691,2.695,1.923,1.009,1.585,2.876,2.644
5.048,2.111,2.691,2.695,1.923,1.009,1.585,2.876,2.644,1.595
2.111,2.691,2.695,1.923,1.009,1.585,2.876,2.644,1.595,1.82
2.691,2.695,1.923,1.009,1.585,2.876,2.644,1.595,1.82,1.3
2.695,1.923,1.009,1.585,2.876,2.644,1.595,1.82,1.3,1.04
1.923,1.009,1.585,2.876,2.644,1.595,1.82,1.3,1.04,1.27
1.009,1.585,2.876,2.644,1.595,1.82,1.3,1.04,1.27,1.2
1.585,2.876,2.644,1.595,1.82,1.3,1.04,1.27,1.2,1.244
2.876,2.644,1.595,1.82,1.3,1.04,1.27,1.2,1.244,0.542
2.644,1.595,1.82,1.3,1.04,1.27,1.2,1.244,0.542,0.895
1.595,1.82,1.3,1.04,1.27,1.2,1.244,0.542,0.895,2.126
1.82,1.3,1.04,1.27,1.2,1.244,0.542,0.895,2.126,9.641
1.3,1.04,1.27,1.2,1.244,0.542,0.895,2.126,9.641,4.988
1.04,1.27,1.2,1.244,0.542,0.895,2.126,9.641,4.988,2.771
1.27,1.2,1.244,0.542,0.895,2.126,9.641,4.988,2.771,3.023
1.2,1.244,0.542,0.895,2.126,9.641,4.988,2.771,3.023,2.186
1.244,0.542,0.895,2.126,9.641,4.988,2.771,3.023,2.186,1.489
0.542,0.895,2.126,9.641,4.988,2.771,3.023,2.186,1.489,0.447
0.895,2.126,9.641,4.988,2.771,3.023,2.186,1.489,0.447,3.464
2.126,9.641,4.988,2.771,3.023,2.186,1.489,0.447,3.464,1.639
9.641,4.988,2.771,3.023,2.186,1.489,0.447,3.464,1.639,1.012
4.988,2.771,3.023,2.186,1.489,0.447,3.464,1.639,1.012,2.122
2.771,3.023,2.186,1.489,0.447,3.464,1.639,1.012,2.122,2.882
3.023,2.186,1.489,0.447,3.464,1.639,1.012,2.122,2.882,2.115
2.186,1.489,0.447,3.464,1.639,1.012,2.122,2.882,2.115,2.117
1.489,0.447,3.464,1.639,1.012,2.122,2.882,2.115,2.117,5.5
0.447,3.464,1.639,1.012,2.122,2.882,2.115,2.117,5.5,2
3.464,1.639,1.012,2.122,2.882,2.115,2.117,5.5,2,1.522
1.639,1.012,2.122,2.882,2.115,2.117,5.5,2,1.522,1.536
1.012,2.122,2.882,2.115,2.117,5.5,2,1.522,1.536,1.413
2.122,2.882,2.115,2.117,5.5,2,1.522,1.536,1.413,1.297
2.882,2.115,2.117,5.5,2,1.522,1.536,1.413,1.297,1.058
2.115,2.117,5.5,2,1.522,1.536,1.413,1.297,1.058,0.811
2.117,5.5,2,1.522,1.536,1.413,1.297,1.058,0.811,1.85
5.5,2,1.522,1.536,1.413,1.297,1.058,0.811,1.85,1.655
2,1.522,1.536,1.413,1.297,1.058,0.811,1.85,1.655,1.19
1.522,1.536,1.413,1.297,1.058,0.811,1.85,1.655,1.19,2.69
1.536,1.413,1.297,1.058,0.811,1.85,1.655,1.19,2.69,2.108
1.413,1.297,1.058,0.811,1.85,1.655,1.19,2.69,2.108,1.999
1.297,1.058,0.811,1.85,1.655,1.19,2.69,2.108,1.999,1.413
1.058,0.811,1.85,1.655,1.19,2.69,2.108,1.999,1.413,1.298
0.811,1.85,1.655,1.19,2.69,2.108,1.999,1.413,1.298,2.113
1.85,1.655,1.19,2.69,2.108,1.999,1.413,1.298,2.113,1.188
1.655,1.19,2.69,2.108,1.999,1.413,1.298,2.113,1.188,3.999
1.19,2.69,2.108,1.999,1.413,1.298,2.113,1.188,3.999,2.647
2.69,2.108,1.999,1.413,1.298,2.113,1.188,3.999,2.647,2.167
2.108,1.999,1.413,1.298,2.113,1.188,3.999,2.647,2.167,2.844
1.999,1.413,1.298,2.113,1.188,3.999,2.647,2.167,2.844,1.823
1.413,1.298,2.113,1.188,3.999,2.647,2.167,2.844,1.823,1.583
1.298,2.113,1.188,3.999,2.647,2.167,2.844,1.823,1.583,2.051
2.113,1.188,3.999,2.647,2.167,2.844,1.823,1.583,2.051,2.521
1.188,3.999,2.647,2.167,2.844,1.823,1.583,2.051,2.521,2.165
3.999,2.647,2.167,2.844,1.823,1.583,2.051,2.521,2.165,2.526
2.647,2.167,2.844,1.823,1.583,2.051,2.521,2.165,2.526,1.849
2.167,2.844,1.823,1.583,2.051,2.521,2.165,2.526,1.849,1.4
2.844,1.823,1.583,2.051,2.521,2.165,2.526,1.849,1.4,1.29
1.823,1.583,2.051,2.521,2.165,2.526,1.849,1.4,1.29,0.1
1.583,2.051,2.521,2.165,2.526,1.849,1.4,1.29,0.1,0.307
2.051,2.521,2.165,2.526,1.849,1.4,1.29,0.1,0.307,3.066
2.521,2.165,2.526,1.849,1.4,1.29,0.1,0.307,3.066,2.324
2.165,2.526,1.849,1.4,1.29,0.1,0.307,3.066,2.324,3.643
2.526,1.849,1.4,1.29,0.1,0.307,3.066,2.324,3.643,7.329
1.849,1.4,1.29,0.1,0.307,3.066,2.324,3.643,7.329,5.41
1.4,1.29,0.1,0.307,3.066,2.324,3.643,7.329,5.41,4.068
1.29,0.1,0.307,3.066,2.324,3.643,7.329,5.41,4.068,4.012
0.1,0.307,3.066,2.324,3.643,7.329,5.41,4.068,4.012,3.821
0.307,3.066,2.324,3.643,7.329,5.41,4.068,4.012,3.821,3.37
3.066,2.324,3.643,7.329,5.41,4.068,4.012,3.821,3.37,3.02
2.324,3.643,7.329,5.41,4.068,4.012,3.821,3.37,3.02,2.871
3.643,7.329,5.41,4.068,4.012,3.821,3.37,3.02,2.871,3.107
7.329,5.41,4.068,4.012,3.821,3.37,3.02,2.871,3.107,3.42
5.41,4.068,4.012,3.821,3.37,3.02,2.871,3.107,3.42,2.724
4.068,4.012,3.821,3.37,3.02,2.871,3.107,3.42,2.724,2.33
4.012,3.821,3.37,3.02,2.871,3.107,3.42,2.724,2.33,2.416
3.821,3.37,3.02,2.871,3.107,3.42,2.724,2.33,2.416,2.926
3.37,3.02,2.871,3.107,3.42,2.724,2.33,2.416,2.926,2.04
3.02,2.871,3.107,3.42,2.724,2.33,2.416,2.926,2.04,2.202
2.871,3.107,3.42,2.724,2.33,2.416,2.926,2.04,2.202,2.872
3.107,3.42,2.724,2.33,2.416,2.926,2.04,2.202,2.872,1.954
3.42,2.724,2.33,2.416,2.926,2.04,2.202,2.872,1.954,1.658
2.724,2.33,2.416,2.926,2.04,2.202,2.872,1.954,1.658,2.311
2.33,2.416,2.926,2.04,2.202,2.872,1.954,1.658,2.311,3.219
2.416,2.926,2.04,2.202,2.872,1.954,1.658,2.311,3.219,3.404
2.926,2.04,2.202,2.872,1.954,1.658,2.311,3.219,3.404,2.915
2.04,2.202,2.872,1.954,1.658,2.311,3.219,3.404,2.915,2.129
2.202,2.872,1.954,1.658,2.311,3.219,3.404,2.915,2.129,2.871
2.872,1.954,1.658,2.311,3.219,3.404,2.915,2.129,2.871,1.524
1.954,1.658,2.311,3.219,3.404,2.915,2.129,2.871,1.524,2.804
1.658,2.311,3.219,3.404,2.915,2.129,2.871,1.524,2.804,1.655
2.311,3.219,3.404,2.915,2.129,2.871,1.524,2.804,1.655,2.013
3.219,3.404,2.915,2.129,2.871,1.524,2.804,1.655,2.013,2.016
3.404,2.915,2.129,2.871,1.524,2.804,1.655,2.013,2.016,2.016
2.915,2.129,2.871,1.524,2.804,1.655,2.013,2.016,2.016,2.015
2.129,2.871,1.524,2.804,1.655,2.013,2.016,2.016,2.015,2.015
2.871,1.524,2.804,1.655,2.013,2.016,2.016,2.015,2.015,1.43
1.524,2.804,1.655,2.013,2.016,2.016,2.015,2.015,1.43,2.014
2.804,1.655,2.013,2.016,2.016,2.015,2.015,1.43,2.014,1.33
1.655,2.013,2.016,2.016,2.015,2.015,1.43,2.014,1.33,2.013
2.013,2.016,2.016,2.015,2.015,1.43,2.014,1.33,2.013,1.433
2.016,2.016,2.015,2.015,1.43,2.014,1.33,2.013,1.433,2.003
2.016,2.015,2.015,1.43,2.014,1.33,2.013,1.433,2.003,2.23
2.015,2.015,1.43,2.014,1.33,2.013,1.433,2.003,2.23,2.747
2.015,1.43,2.014,1.33,2.013,1.433,2.003,2.23,2.747,4.075
1.43,2.014,1.33,2.013,1.433,2.003,2.23,2.747,4.075,7.736
2.014,1.33,2.013,1.433,2.003,2.23,2.747,4.075,7.736,6.958
1.33,2.013,1.433,2.003,2.23,2.747,4.075,7.736,6.958,10.166
2.013,1.433,2.003,2.23,2.747,4.075,7.736,6.958,10.166,8.836
1.433,2.003,2.23,2.747,4.075,7.736,6.958,10.166,8.836,7.006
2.003,2.23,2.747,4.075,7.736,6.958,10.166,8.836,7.006,5.9
2.23,2.747,4.075,7.736,6.958,10.166,8.836,7.006,5.9,4.77
2.747,4.075,7.736,6.958,10.166,8.836,7.006,5.9,4.77,4.69
4.075,7.736,6.958,10.166,8.836,7.006,5.9,4.77,4.69,3.44
7.736,6.958,10.166,8.836,7.006,5.9,4.77,4.69,3.44,3.98
6.958,10.166,8.836,7.006,5.9,4.77,4.69,3.44,3.98,3.82
10.166,8.836,7.006,5.9,4.77,4.69,3.44,3.98,3.82,2.39
8.836,7.006,5.9,4.77,4.69,3.44,3.98,3.82,2.39,1.86
7.006,5.9,4.77,4.69,3.44,3.98,3.82,2.39,1.86,2.45
5.9,4.77,4.69,3.44,3.98,3.82,2.39,1.86,2.45,1.84
4.77,4.69,3.44,3.98,3.82,2.39,1.86,2.45,1.84,1.86
4.69,3.44,3.98,3.82,2.39,1.86,2.45,1.84,1.86,1.87
3.44,3.98,3.82,2.39,1.86,2.45,1.84,1.86,1.87,2.45
3.98,3.82,2.39,1.86,2.45,1.84,1.86,1.87,2.45,3.03
3.82,2.39,1.86,2.45,1.84,1.86,1.87,2.45,3.03,2.591
2.39,1.86,2.45,1.84,1.86,1.87,2.45,3.03,2.591,2.7
1.86,2.45,1.84,1.86,1.87,2.45,3.03,2.591,2.7,2.748
2.45,1.84,1.86,1.87,2.45,3.03,2.591,2.7,2.748,5.187
1.84,1.86,1.87,2.45,3.03,2.591,2.7,2.748,5.187,6.906
1.86,1.87,2.45,3.03,2.591,2.7,2.748,5.187,6.906,15.897
1.87,2.45,3.03,2.591,2.7,2.748,5.187,6.906,15.897,14.289
2.45,3.03,2.591,2.7,2.748,5.187,6.906,15.897,14.289,7.264
3.03,2.591,2.7,2.748,5.187,6.906,15.897,14.289,7.264,8.964
2.591,2.7,2.748,5.187,6.906,15.897,14.289,7.264,8.964,13.862
2.7,2.748,5.187,6.906,15.897,14.289,7.264,8.964,13.862,14.59
2.748,5.187,6.906,15.897,14.289,7.264,8.964,13.862,14.59,9.731
5.187,6.906,15.897,14.289,7.264,8.964,13.862,14.59,9.731,8.558
6.906,15.897,14.289,7.264,8.964,13.862,14.59,9.731,8.558,7.256
15.897,14.289,7.264,8.964,13.862,14.59,9.731,8.558,7.256,6.144
14.289,7.264,8.964,13.862,14.59,9.731,8.558,7.256,6.144,5.244
7.264,8.964,13.862,14.59,9.731,8.558,7.256,6.144,5.244,5.183
8.964,13.862,14.59,9.731,8.558,7.256,6.144,5.244,5.183,4.362
13.862,14.59,9.731,8.558,7.256,6.144,5.244,5.183,4.362,3.807
14.59,9.731,8.558,7.256,6.144,5.244,5.183,4.362,3.807,3.806
9.731,8.558,7.256,6.144,5.244,5.183,4.362,3.807,3.806,3.548
8.558,7.256,6.144,5.244,5.183,4.362,3.807,3.806,3.548,2.93
7.256,6.144,5.244,5.183,4.362,3.807,3.806,3.548,2.93,3.036
6.144,5.244,5.183,4.362,3.807,3.806,3.548,2.93,3.036,3.2
5.244,5.183,4.362,3.807,3.806,3.548,2.93,3.036,3.2,2.458
5.183,4.362,3.807,3.806,3.548,2.93,3.036,3.2,2.458,3.133
4.362,3.807,3.806,3.548,2.93,3.036,3.2,2.458,3.133,3.233
3.807,3.806,3.548,2.93,3.036,3.2,2.458,3.133,3.233,2.489
3.806,3.548,2.93,3.036,3.2,2.458,3.133,3.233,2.489,2.589
3.548,2.93,3.036,3.2,2.458,3.133,3.233,2.489,2.589,3.151
2.93,3.036,3.2,2.458,3.133,3.233,2.489,2.589,3.151,2.506
3.036,3.2,2.458,3.133,3.233,2.489,2.589,3.151,2.506,2.662
3.2,2.458,3.133,3.233,2.489,2.589,3.151,2.506,2.662,3.196
2.458,3.133,3.233,2.489,2.589,3.151,2.506,2.662,3.196,2.542
3.133,3.233,2.489,2.589,3.151,2.506,2.662,3.196,2.542,2.537
3.233,2.489,2.589,3.151,2.506,2.662,3.196,2.542,2.537,2.543
2.489,2.589,3.151,2.506,2.662,3.196,2.542,2.537,2.543,2.539
2.589,3.151,2.506,2.662,3.196,2.542,2.537,2.543,2.539,2.628
3.151,2.506,2.662,3.196,2.542,2.537,2.543,2.539,2.628,2.545
2.506,2.662,3.196,2.542,2.537,2.543,2.539,2.628,2.545,2.537
2.662,3.196,2.542,2.537,2.543,2.539,2.628,2.545,2.537,3.715
3.196,2.542,2.537,2.543,2.539,2.628,2.545,2.537,3.715,3.171
2.542,2.537,2.543,2.539,2.628,2.545,2.537,3.715,3.171,3.086
2.537,2.543,2.539,2.628,2.545,2.537,3.715,3.171,3.086,3.179
2.543,2.539,2.628,2.545,2.537,3.715,3.171,3.086,3.179,3.594
2.539,2.628,2.545,2.537,3.715,3.171,3.086,3.179,3.594,3.141
2.628,2.545,2.537,3.715,3.171,3.086,3.179,3.594,3.141,2.505
2.545,2.537,3.715,3.171,3.086,3.179,3.594,3.141,2.505,2.598
2.537,3.715,3.171,3.086,3.179,3.594,3.141,2.505,2.598,3.135
3.715,3.171,3.086,3.179,3.594,3.141,2.505,2.598,3.135,3.491
3.171,3.086,3.179,3.594,3.141,2.505,2.598,3.135,3.491,3.728
3.086,3.179,3.594,3.141,2.505,2.598,3.135,3.491,3.728,7.724
3.179,3.594,3.141,2.505,2.598,3.135,3.491,3.728,7.724,8.901
3.594,3.141,2.505,2.598,3.135,3.491,3.728,7.724,8.901,11.177
3.141,2.505,2.598,3.135,3.491,3.728,7.724,8.901,11.177,8.82
2.505,2.598,3.135,3.491,3.728,7.724,8.901,11.177,8.82,7.019
2.598,3.135,3.491,3.728,7.724,8.901,11.177,8.82,7.019,5.393
3.135,3.491,3.728,7.724,8.901,11.177,8.82,7.019,5.393,5.269
3.491,3.728,7.724,8.901,11.177,8.82,7.019,5.393,5.269,5.148
3.728,7.724,8.901,11.177,8.82,7.019,5.393,5.269,5.148,4.425
7.724,8.901,11.177,8.82,7.019,5.393,5.269,5.148,4.425,3.341
8.901,11.177,8.82,7.019,5.393,5.269,5.148,4.425,3.341,3.999
11.177,8.82,7.019,5.393,5.269,5.148,4.425,3.341,3.999,3.735
8.82,7.019,5.393,5.269,5.148,4.425,3.341,3.999,3.735,3.189
7.019,5.393,5.269,5.148,4.425,3.341,3.999,3.735,3.189,3.719
5.393,5.269,5.148,4.425,3.341,3.999,3.735,3.189,3.719,2.845
5.269,5.148,4.425,3.341,3.999,3.735,3.189,3.719,2.845,3.661
5.148,4.425,3.341,3.999,3.735,3.189,3.719,2.845,3.661,2.161
4.425,3.341,3.999,3.735,3.189,3.719,2.845,3.661,2.161,2.038
3.341,3.999,3.735,3.189,3.719,2.845,3.661,2.161,2.038,3.119
3.999,3.735,3.189,3.719,2.845,3.661,2.161,2.038,3.119,6.585
3.735,3.189,3.719,2.845,3.661,2.161,2.038,3.119,6.585,7.36
3.189,3.719,2.845,3.661,2.161,2.038,3.119,6.585,7.36,5.034
3.719,2.845,3.661,2.161,2.038,3.119,6.585,7.36,5.034,6.527
2.845,3.661,2.161,2.038,3.119,6.585,7.36,5.034,6.527,3.778
3.661,2.161,2.038,3.119,6.585,7.36,5.034,6.527,3.778,3.769
2.161,2.038,3.119,6.585,7.36,5.034,6.527,3.778,3.769,3.694
2.038,3.119,6.585,7.36,5.034,6.527,3.778,3.769,3.694,3.171
3.119,6.585,7.36,5.034,6.527,3.778,3.769,3.694,3.171,3.079
6.585,7.36,5.034,6.527,3.778,3.769,3.694,3.171,3.079,3.164
7.36,5.034,6.527,3.778,3.769,3.694,3.171,3.079,3.164,2.536
5.034,6.527,3.778,3.769,3.694,3.171,3.079,3.164,2.536,2.532
6.527,3.778,3.769,3.694,3.171,3.079,3.164,2.536,2.532,3.102
3.778,3.769,3.694,3.171,3.079,3.164,2.536,2.532,3.102,2.561
3.769,3.694,3.171,3.079,3.164,2.536,2.532,3.102,2.561,2.555
3.694,3.171,3.079,3.164,2.536,2.532,3.102,2.561,2.555,3.18
3.171,3.079,3.164,2.536,2.532,3.102,2.561,2.555,3.18,2.747
3.079,3.164,2.536,2.532,3.102,2.561,2.555,3.18,2.747,2.254
3.164,2.536,2.532,3.102,2.561,2.555,3.18,2.747,2.254,3.077
2.536,2.532,3.102,2.561,2.555,3.18,2.747,2.254,3.077,2.383
2.532,3.102,2.561,2.555,3.18,2.747,2.254,3.077,2.383,3.181
3.102,2.561,2.555,3.18,2.747,2.254,3.077,2.383,3.181,3.093
2.561,2.555,3.18,2.747,2.254,3.077,2.383,3.181,3.093,2.554
2.555,3.18,2.747,2.254,3.077,2.383,3.181,3.093,2.554,4.247
3.18,2.747,2.254,3.077,2.383,3.181,3.093,2.554,4.247,14.439
2.747,2.254,3.077,2.383,3.181,3.093,2.554,4.247,14.439,14.178
2.254,3.077,2.383,3.181,3.093,2.554,4.247,14.439,14.178,13.707
3.077,2.383,3.181,3.093,2.554,4.247,14.439,14.178,13.707,11.271
2.383,3.181,3.093,2.554,4.247,14.439,14.178,13.707,11.271,8.276
3.181,3.093,2.554,4.247,14.439,14.178,13.707,11.271,8.276,5.618
3.093,2.554,4.247,14.439,14.178,13.707,11.271,8.276,5.618,4.352
2.554,4.247,14.439,14.178,13.707,11.271,8.276,5.618,4.352,4.497
4.247,14.439,14.178,13.707,11.271,8.276,5.618,4.352,4.497,4.395
14.439,14.178,13.707,11.271,8.276,5.618,4.352,4.497,4.395,3.829
14.178,13.707,11.271,8.276,5.618,4.352,4.497,4.395,3.829,4.664
13.707,11.271,8.276,5.618,4.352,4.497,4.395,3.829,4.664,6.506
11.271,8.276,5.618,4.352,4.497,4.395,3.829,4.664,6.506,6.676
8.276,5.618,4.352,4.497,4.395,3.829,4.664,6.506,6.676,7.14
5.618,4.352,4.497,4.395,3.829,4.664,6.506,6.676,7.14,6.759
4.352,4.497,4.395,3.829,4.664,6.506,6.676,7.14,6.759,5.315
4.497,4.395,3.829,4.664,6.506,6.676,7.14,6.759,5.315,6.185
4.395,3.829,4.664,6.506,6.676,7.14,6.759,5.315,6.185,5.524
3.829,4.664,6.506,6.676,7.14,6.759,5.315,6.185,5.524,4.78
4.664,6.506,6.676,7.14,6.759,5.315,6.185,5.524,4.78,5.568
6.506,6.676,7.14,6.759,5.315,6.185,5.524,4.78,5.568,7.031
6.676,7.14,6.759,5.315,6.185,5.524,4.78,5.568,7.031,6.155
7.14,6.759,5.315,6.185,5.524,4.78,5.568,7.031,6.155,6.134
6.759,5.315,6.185,5.524,4.78,5.568,7.031,6.155,6.134,5.425
5.315,6.185,5.524,4.78,5.568,7.031,6.155,6.134,5.425,5.328
6.185,5.524,4.78,5.568,7.031,6.155,6.134,5.425,5.328,4.814
5.524,4.78,5.568,7.031,6.155,6.134,5.425,5.328,4.814,5.438
4.78,5.568,7.031,6.155,6.134,5.425,5.328,4.814,5.438,8.779
5.568,7.031,6.155,6.134,5.425,5.328,4.814,5.438,8.779,8.517
7.031,6.155,6.134,5.425,5.328,4.814,5.438,8.779,8.517,7.36
6.155,6.134,5.425,5.328,4.814,5.438,8.779,8.517,7.36,6.672
6.134,5.425,5.328,4.814,5.438,8.779,8.517,7.36,6.672,6.361
5.425,5.328,4.814,5.438,8.779,8.517,7.36,6.672,6.361,6.073
5.328,4.814,5.438,8.779,8.517,7.36,6.672,6.361,6.073,7.448
4.814,5.438,8.779,8.517,7.36,6.672,6.361,6.073,7.448,6.038
5.438,8.779,8.517,7.36,6.672,6.361,6.073,7.448,6.038,5.967
8.779,8.517,7.36,6.672,6.361,6.073,7.448,6.038,5.967,6.263
8.517,7.36,6.672,6.361,6.073,7.448,6.038,5.967,6.263,6.323
7.36,6.672,6.361,6.073,7.448,6.038,5.967,6.263,6.323,5.587
6.672,6.361,6.073,7.448,6.038,5.967,6.263,6.323,5.587,5.601
6.361,6.073,7.448,6.038,5.967,6.263,6.323,5.587,5.601,5.729
6.073,7.448,6.038,5.967,6.263,6.323,5.587,5.601,5.729,16.053
7.448,6.038,5.967,6.263,6.323,5.587,5.601,5.729,16.053,23.304
6.038,5.967,6.263,6.323,5.587,5.601,5.729,16.053,23.304,15.59
5.967,6.263,6.323,5.587,5.601,5.729,16.053,23.304,15.59,9.605
6.263,6.323,5.587,5.601,5.729,16.053,23.304,15.59,9.605,8.169
6.323,5.587,5.601,5.729,16.053,23.304,15.59,9.605,8.169,7.39
5.587,5.601,5.729,16.053,23.304,15.59,9.605,8.169,7.39,7.199
5.601,5.729,16.053,23.304,15.59,9.605,8.169,7.39,7.199,6.402
5.729,16.053,23.304,15.59,9.605,8.169,7.39,7.199,6.402,16.163
16.053,23.304,15.59,9.605,8.169,7.39,7.199,6.402,16.163,10.876
23.304,15.59,9.605,8.169,7.39,7.199,6.402,16.163,10.876,8.585
15.59,9.605,8.169,7.39,7.199,6.402,16.163,10.876,8.585,6.989
9.605,8.169,7.39,7.199,6.402,16.163,10.876,8.585,6.989,6.051
8.169,7.39,7.199,6.402,16.163,10.876,8.585,6.989,6.051,7.315
7.39,7.199,6.402,16.163,10.876,8.585,6.989,6.051,7.315,5.472
7.199,6.402,16.163,10.876,8.585,6.989,6.051,7.315,5.472,5.367
6.402,16.163,10.876,8.585,6.989,6.051,7.315,5.472,5.367,4.558
16.163,10.876,8.585,6.989,6.051,7.315,5.472,5.367,4.558,6.445
10.876,8.585,6.989,6.051,7.315,5.472,5.367,4.558,6.445,11.993
8.585,6.989,6.051,7.315,5.472,5.367,4.558,6.445,11.993,10.435
6.989,6.051,7.315,5.472,5.367,4.558,6.445,11.993,10.435,8.714
6.051,7.315,5.472,5.367,4.558,6.445,11.993,10.435,8.714,6.519
7.315,5.472,5.367,4.558,6.445,11.993,10.435,8.714,6.519,6.395
5.472,5.367,4.558,6.445,11.993,10.435,8.714,6.519,6.395,4.962
5.367,4.558,6.445,11.993,10.435,8.714,6.519,6.395,4.962,4.941
4.558,6.445,11.993,10.435,8.714,6.519,6.395,4.962,4.941,4.085
6.445,11.993,10.435,8.714,6.519,6.395,4.962,4.941,4.085,4.649
11.993,10.435,8.714,6.519,6.395,4.962,4.941,4.085,4.649,3.934
10.435,8.714,6.519,6.395,4.962,4.941,4.085,4.649,3.934,3.464
8.714,6.519,6.395,4.962,4.941,4.085,4.649,3.934,3.464,3.537
6.519,6.395,4.962,4.941,4.085,4.649,3.934,3.464,3.537,3.42
6.395,4.962,4.941,4.085,4.649,3.934,3.464,3.537,3.42,2.716
4.962,4.941,4.085,4.649,3.934,3.464,3.537,3.42,2.716,3.546
4.941,4.085,4.649,3.934,3.464,3.537,3.42,2.716,3.546,3.431
4.085,4.649,3.934,3.464,3.537,3.42,2.716,3.546,3.431,4.18
4.649,3.934,3.464,3.537,3.42,2.716,3.546,3.431,4.18,3.542
3.934,3.464,3.537,3.42,2.716,3.546,3.431,4.18,3.542,5.069
3.464,3.537,3.42,2.716,3.546,3.431,4.18,3.542,5.069,5.776
3.537,3.42,2.716,3.546,3.431,4.18,3.542,5.069,5.776,4.371
3.42,2.716,3.546,3.431,4.18,3.542,5.069,5.776,4.371,3.54
2.716,3.546,3.431,4.18,3.542,5.069,5.776,4.371,3.54,3.43
3.546,3.431,4.18,3.542,5.069,5.776,4.371,3.54,3.43,3.532
3.431,4.18,3.542,5.069,5.776,4.371,3.54,3.43,3.532,2.788
4.18,3.542,5.069,5.776,4.371,3.54,3.43,3.532,2.788,2.727
3.542,5.069,5.776,4.371,3.54,3.43,3.532,2.788,2.727,3.54
5.069,5.776,4.371,3.54,3.43,3.532,2.788,2.727,3.54,2.72
5.776,4.371,3.54,3.43,3.532,2.788,2.727,3.54,2.72,2.715
4.371,3.54,3.43,3.532,2.788,2.727,3.54,2.72,2.715,2.702
3.54,3.43,3.532,2.788,2.727,3.54,2.72,2.715,2.702,1.9
3.43,3.532,2.788,2.727,3.54,2.72,2.715,2.702,1.9,2.729
3.532,2.788,2.727,3.54,2.72,2.715,2.702,1.9,2.729,2.727
2.788,2.727,3.54,2.72,2.715,2.702,1.9,2.729,2.727,2.034
2.727,3.54,2.72,2.715,2.702,1.9,2.729,2.727,2.034,1.91
3.54,2.72,2.715,2.702,1.9,2.729,2.727,2.034,1.91,4.242
2.72,2.715,2.702,1.9,2.729,2.727,2.034,1.91,4.242,3.552
2.715,2.702,1.9,2.729,2.727,2.034,1.91,4.242,3.552,2.736
2.702,1.9,2.729,2.727,2.034,1.91,4.242,3.552,2.736,2.736
1.9,2.729,2.727,2.034,1.91,4.242,3.552,2.736,2.736,1.913
2.729,2.727,2.034,1.91,4.242,3.552,2.736,2.736,1.913,2.044
2.727,2.034,1.91,4.242,3.552,2.736,2.736,1.913,2.044,1.927
2.034,1.91,4.242,3.552,2.736,2.736,1.913,2.044,1.927,2.04
1.91,4.242,3.552,2.736,2.736,1.913,2.044,1.927,2.04,1.934
4.242,3.552,2.736,2.736,1.913,2.044,1.927,2.04,1.934,2.743
3.552,2.736,2.736,1.913,2.044,1.927,2.04,1.934,2.743,2.038
2.736,2.736,1.913,2.044,1.927,2.04,1.934,2.743,2.038,1.927
2.736,1.913,2.044,1.927,2.04,1.934,2.743,2.038,1.927,2.741
1.913,2.044,1.927,2.04,1.934,2.743,2.038,1.927,2.741,2.742
2.044,1.927,2.04,1.934,2.743,2.038,1.927,2.741,2.742,2.742
1.927,2.04,1.934,2.743,2.038,1.927,2.741,2.742,2.742,1.584
2.04,1.934,2.743,2.038,1.927,2.741,2.742,2.742,1.584,2.278
1.934,2.743,2.038,1.927,2.741,2.742,2.742,1.584,2.278,1.461
2.743,2.038,1.927,2.741,2.742,2.742,1.584,2.278,1.461,1.46
2.038,1.927,2.741,2.742,2.742,1.584,2.278,1.461,1.46,1.458
1.927,2.741,2.742,2.742,1.584,2.278,1.461,1.46,1.458,1.458
2.741,2.742,2.742,1.584,2.278,1.461,1.46,1.458,1.458,1.468
2.742,2.742,1.584,2.278,1.461,1.46,1.458,1.458,1.468,3.297
2.742,1.584,2.278,1.461,1.46,1.458,1.458,1.468,3.297,1.808
1.584,2.278,1.461,1.46,1.458,1.458,1.468,3.297,1.808,1.225
2.278,1.461,1.46,1.458,1.458,1.468,3.297,1.808,1.225,1.235
1.461,1.46,1.458,1.458,1.468,3.297,1.808,1.225,1.235,1.577
1.46,1.458,1.458,1.468,3.297,1.808,1.225,1.235,1.577,1.549
1.458,1.458,1.468,3.297,1.808,1.225,1.235,1.577,1.549,1.238
1.458,1.468,3.297,1.808,1.225,1.235,1.577,1.549,1.238,1.232
1.468,3.297,1.808,1.225,1.235,1.577,1.549,1.238,1.232,2.513
3.297,1.808,1.225,1.235,1.577,1.549,1.238,1.232,2.513,0.884
1.808,1.225,1.235,1.577,1.549,1.238,1.232,2.513,0.884,1.456
1.225,1.235,1.577,1.549,1.238,1.232,2.513,0.884,1.456,2.152
1.235,1.577,1.549,1.238,1.232,2.513,0.884,1.456,2.152,1.382
1.577,1.549,1.238,1.232,2.513,0.884,1.456,2.152,1.382,1.43
1.549,1.238,1.232,2.513,0.884,1.456,2.152,1.382,1.43,1.412
1.238,1.232,2.513,0.884,1.456,2.152,1.382,1.43,1.412,1.419
1.232,2.513,0.884,1.456,2.152,1.382,1.43,1.412,1.419,2.265
2.513,0.884,1.456,2.152,1.382,1.43,1.412,1.419,2.265,1.455
0.884,1.456,2.152,1.382,1.43,1.412,1.419,2.265,1.455,2.951
1.456,2.152,1.382,1.43,1.412,1.419,2.265,1.455,2.951,1.454
2.152,1.382,1.43,1.412,1.419,2.265,1.455,2.951,1.454,1.455
1.382,1.43,1.412,1.419,2.265,1.455,2.951,1.454,1.455,1.45
1.43,1.412,1.419,2.265,1.455,2.951,1.454,1.455,1.45,1.45
1.412,1.419,2.265,1.455,2.951,1.454,1.455,1.45,1.45,2.148
1.419,2.265,1.455,2.951,1.454,1.455,1.45,1.45,2.148,1.448
2.265,1.455,2.951,1.454,1.455,1.45,1.45,2.148,1.448,1.45
1.455,2.951,1.454,1.455,1.45,1.45,2.148,1.448,1.45,1.448
2.951,1.454,1.455,1.45,1.45,2.148,1.448,1.45,1.448,2.263
1.454,1.455,1.45,1.45,2.148,1.448,1.45,1.448,2.263,2.141
1.455,1.45,1.45,2.148,1.448,1.45,1.448,2.263,2.141,1.462
1.45,1.45,2.148,1.448,1.45,1.448,2.263,2.141,1.462,1.879
1.45,2.148,1.448,1.45,1.448,2.263,2.141,1.462,1.879,1.878
2.148,1.448,1.45,1.448,2.263,2.141,1.462,1.879,1.878,1.181
1.448,1.45,1.448,2.263,2.141,1.462,1.879,1.878,1.181,0.822
1.45,1.448,2.263,2.141,1.462,1.879,1.878,1.181,0.822,1.462
1.448,2.263,2.141,1.462,1.879,1.878,1.181,0.822,1.462,0.767
2.263,2.141,1.462,1.879,1.878,1.181,0.822,1.462,0.767,2.27
2.141,1.462,1.879,1.878,1.181,0.822,1.462,0.767,2.27,0.765
1.462,1.879,1.878,1.181,0.822,1.462,0.767,2.27,0.765,1.569
1.879,1.878,1.181,0.822,1.462,0.767,2.27,0.765,1.569,0.766
1.878,1.181,0.822,1.462,0.767,2.27,0.765,1.569,0.766,1.462
1.181,0.822,1.462,0.767,2.27,0.765,1.569,0.766,1.462,0.767
0.822,1.462,0.767,2.27,0.765,1.569,0.766,1.462,0.767,0.765
1.462,0.767,2.27,0.765,1.569,0.766,1.462,0.767,0.765,1.578
0.767,2.27,0.765,1.569,0.766,1.462,0.767,0.765,1.578,1.456
2.27,0.765,1.569,0.766,1.462,0.767,0.765,1.578,1.456,0.765
0.765,1.569,0.766,1.462,0.767,0.765,1.578,1.456,0.765,1.557
1.569,0.766,1.462,0.767,0.765,1.578,1.456,0.765,1.557,1.551
0.766,1.462,0.767,0.765,1.578,1.456,0.765,1.557,1.551,2.074
1.462,0.767,0.765,1.578,1.456,0.765,1.557,1.551,2.074,0.69
0.767,0.765,1.578,1.456,0.765,1.557,1.551,2.074,0.69,1.126
0.765,1.578,1.456,0.765,1.557,1.551,2.074,0.69,1.126,3.688
1.578,1.456,0.765,1.557,1.551,2.074,0.69,1.126,3.688,2.303
1.456,0.765,1.557,1.551,2.074,0.69,1.126,3.688,2.303,1.053
0.765,1.557,1.551,2.074,0.69,1.126,3.688,2.303,1.053,1.188
1.557,1.551,2.074,0.69,1.126,3.688,2.303,1.053,1.188,1.727
1.551,2.074,0.69,1.126,3.688,2.303,1.053,1.188,1.727,1.066
2.074,0.69,1.126,3.688,2.303,1.053,1.188,1.727,1.066,1.068
0.69,1.126,3.688,2.303,1.053,1.188,1.727,1.066,1.068,2.659
1.126,3.688,2.303,1.053,1.188,1.727,1.066,1.068,2.659,1.868
3.688,2.303,1.053,1.188,1.727,1.066,1.068,2.659,1.868,1.065
2.303,1.053,1.188,1.727,1.066,1.068,2.659,1.868,1.065,1.863
1.053,1.188,1.727,1.066,1.068,2.659,1.868,1.065,1.863,1.075
1.188,1.727,1.066,1.068,2.659,1.868,1.065,1.863,1.075,1.205
1.727,1.066,1.068,2.659,1.868,1.065,1.863,1.075,1.205,1.102
1.066,1.068,2.659,1.868,1.065,1.863,1.075,1.205,1.102,1.115
1.068,2.659,1.868,1.065,1.863,1.075,1.205,1.102,1.115,1.235
2.659,1.868,1.065,1.863,1.075,1.205,1.102,1.115,1.235,1.133
1.868,1.065,1.863,1.075,1.205,1.102,1.115,1.235,1.133,2.197
1.065,1.863,1.075,1.205,1.102,1.115,1.235,1.133,2.197,1.26
1.863,1.075,1.205,1.102,1.115,1.235,1.133,2.197,1.26,1.397
1.075,1.205,1.102,1.115,1.235,1.133,2.197,1.26,1.397,2.055
1.205,1.102,1.115,1.235,1.133,2.197,1.26,1.397,2.055,2.059
1.102,1.115,1.235,1.133,2.197,1.26,1.397,2.055,2.059,2.723
1.115,1.235,1.133,2.197,1.26,1.397,2.055,2.059,2.723,2.07
1.235,1.133,2.197,1.26,1.397,2.055,2.059,2.723,2.07,2.08
1.133,2.197,1.26,1.397,2.055,2.059,2.723,2.07,2.08,2.082
2.197,1.26,1.397,2.055,2.059,2.723,2.07,2.08,2.082,1.495
1.26,1.397,2.055,2.059,2.723,2.07,2.08,2.082,1.495,0.697
1.397,2.055,2.059,2.723,2.07,2.08,2.082,1.495,0.697,1.41
2.055,2.059,2.723,2.07,2.08,2.082,1.495,0.697,1.41,0.748
2.059,2.723,2.07,2.08,2.082,1.495,0.697,1.41,0.748,0.646
2.723,2.07,2.08,2.082,1.495,0.697,1.41,0.748,0.646,1.427
2.07,2.08,2.082,1.495,0.697,1.41,0.748,0.646,1.427,1.363
2.08,2.082,1.495,0.697,1.41,0.748,0.646,1.427,1.363,1.43
2.082,1.495,0.697,1.41,0.748,0.646,1.427,1.363,1.43,1.4
1.495,0.697,1.41,0.748,0.646,1.427,1.363,1.43,1.4,1.42
0.697,1.41,0.748,0.646,1.427,1.363,1.43,1.4,1.42,1.42
1.41,0.748,0.646,1.427,1.363,1.43,1.4,1.42,1.42,0.68
0.748,0.646,1.427,1.363,1.43,1.4,1.42,1.42,0.68,1.42
0.646,1.427,1.363,1.43,1.4,1.42,1.42,0.68,1.42,1.4
1.427,1.363,1.43,1.4,1.42,1.42,0.68,1.42,1.4,1.27
1.363,1.43,1.4,1.42,1.42,0.68,1.42,1.4,1.27,1.72
1.43,1.4,1.42,1.42,0.68,1.42,1.4,1.27,1.72,1.17
1.4,1.42,1.42,0.68,1.42,1.4,1.27,1.72,1.17,1.25
1.42,1.42,0.68,1.42,1.4,1.27,1.72,1.17,1.25,1.93
1.42,0.68,1.42,1.4,1.27,1.72,1.17,1.25,1.93,1.25
0.68,1.42,1.4,1.27,1.72,1.17,1.25,1.93,1.25,1.24
1.42,1.4,1.27,1.72,1.17,1.25,1.93,1.25,1.24,2.5
1.4,1.27,1.72,1.17,1.25,1.93,1.25,1.24,2.5,2.67
1.27,1.72,1.17,1.25,1.93,1.25,1.24,2.5,2.67,1.715
1.72,1.17,1.25,1.93,1.25,1.24,2.5,2.67,1.715,3.267
1.17,1.25,1.93,1.25,1.24,2.5,2.67,1.715,3.267,2.456
1.25,1.93,1.25,1.24,2.5,2.67,1.715,3.267,2.456,2.556
1.93,1.25,1.24,2.5,2.67,1.715,3.267,2.456,2.556,2.525
1.25,1.24,2.5,2.67,1.715,3.267,2.456,2.556,2.525,3.438
1.24,2.5,2.67,1.715,3.267,2.456,2.556,2.525,3.438,1.518
2.5,2.67,1.715,3.267,2.456,2.556,2.525,3.438,1.518,2.556
2.67,1.715,3.267,2.456,2.556,2.525,3.438,1.518,2.556,3.144
1.715,3.267,2.456,2.556,2.525,3.438,1.518,2.556,3.144,1.555
3.267,2.456,2.556,2.525,3.438,1.518,2.556,3.144,1.555,1.481
2.456,2.556,2.525,3.438,1.518,2.556,3.144,1.555,1.481,2.261
2.556,2.525,3.438,1.518,2.556,3.144,1.555,1.481,2.261,1.586
2.525,3.438,1.518,2.556,3.144,1.555,1.481,2.261,1.586,3.091
3.438,1.518,2.556,3.144,1.555,1.481,2.261,1.586,3.091,2.412
1.518,2.556,3.144,1.555,1.481,2.261,1.586,3.091,2.412,2.384
2.556,3.144,1.555,1.481,2.261,1.586,3.091,2.412,2.384,1.935
3.144,1.555,1.481,2.261,1.586,3.091,2.412,2.384,1.935,1.968
1.555,1.481,2.261,1.586,3.091,2.412,2.384,1.935,1.968,2.408
1.481,2.261,1.586,3.091,2.412,2.384,1.935,1.968,2.408,3.486
2.261,1.586,3.091,2.412,2.384,1.935,1.968,2.408,3.486,3.257
1.586,3.091,2.412,2.384,1.935,1.968,2.408,3.486,3.257,2.347
3.091,2.412,2.384,1.935,1.968,2.408,3.486,3.257,2.347,2.763
2.412,2.384,1.935,1.968,2.408,3.486,3.257,2.347,2.763,1.483
2.384,1.935,1.968,2.408,3.486,3.257,2.347,2.763,1.483,2.017
1.935,1.968,2.408,3.486,3.257,2.347,2.763,1.483,2.017,3.632
1.968,2.408,3.486,3.257,2.347,2.763,1.483,2.017,3.632,5.51
2.408,3.486,3.257,2.347,2.763,1.483,2.017,3.632,5.51,5.347
3.486,3.257,2.347,2.763,1.483,2.017,3.632,5.51,5.347,4.335
3.257,2.347,2.763,1.483,2.017,3.632,5.51,5.347,4.335,2.612
2.347,2.763,1.483,2.017,3.632,5.51,5.347,4.335,2.612,2.509
2.763,1.483,2.017,3.632,5.51,5.347,4.335,2.612,2.509,1.944
1.483,2.017,3.632,5.51,5.347,4.335,2.612,2.509,1.944,1.982
2.017,3.632,5.51,5.347,4.335,2.612,2.509,1.944,1.982,1.978
3.632,5.51,5.347,4.335,2.612,2.509,1.944,1.982,1.978,1.35
5.51,5.347,4.335,2.612,2.509,1.944,1.982,1.978,1.35,1.92
5.347,4.335,2.612,2.509,1.944,1.982,1.978,1.35,1.92,1.965
4.335,2.612,2.509,1.944,1.982,1.978,1.35,1.92,1.965,1.484
2.612,2.509,1.944,1.982,1.978,1.35,1.92,1.965,1.484,1.487
2.509,1.944,1.982,1.978,1.35,1.92,1.965,1.484,1.487,1.39
1.944,1.982,1.978,1.35,1.92,1.965,1.484,1.487,1.39,1.305
1.982,1.978,1.35,1.92,1.965,1.484,1.487,1.39,1.305,1.395
1.978,1.35,1.92,1.965,1.484,1.487,1.39,1.305,1.395,1.932
1.35,1.92,1.965,1.484,1.487,1.39,1.305,1.395,1.932,1.309
1.92,1.965,1.484,1.487,1.39,1.305,1.395,1.932,1.309,1.396
1.965,1.484,1.487,1.39,1.305,1.395,1.932,1.309,1.396,1.302
1.484,1.487,1.39,1.305,1.395,1.932,1.309,1.396,1.302,1.399
1.487,1.39,1.305,1.395,1.932,1.309,1.396,1.302,1.399,1.934
1.39,1.305,1.395,1.932,1.309,1.396,1.302,1.399,1.934,1.397
1.305,1.395,1.932,1.309,1.396,1.302,1.399,1.934,1.397,6.483
1.395,1.932,1.309,1.396,1.302,1.399,1.934,1.397,6.483,4.169
1.932,1.309,1.396,1.302,1.399,1.934,1.397,6.483,4.169,3.16
1.309,1.396,1.302,1.399,1.934,1.397,6.483,4.169,3.16,2.427
1.396,1.302,1.399,1.934,1.397,6.483,4.169,3.16,2.427,1.967
1.302,1.399,1.934,1.397,6.483,4.169,3.16,2.427,1.967,2.064
1.399,1.934,1.397,6.483,4.169,3.16,2.427,1.967,2.064,2.602
1.934,1.397,6.483,4.169,3.16,2.427,1.967,2.064,2.602,1.961
1.397,6.483,4.169,3.16,2.427,1.967,2.064,2.602,1.961,1.94
6.483,4.169,3.16,2.427,1.967,2.064,2.602,1.961,1.94,1.401
4.169,3.16,2.427,1.967,2.064,2.602,1.961,1.94,1.401,1.939
3.16,2.427,1.967,2.064,2.602,1.961,1.94,1.401,1.939,2.577
2.427,1.967,2.064,2.602,1.961,1.94,1.401,1.939,2.577,1.358
1.967,2.064,2.602,1.961,1.94,1.401,1.939,2.577,1.358,2.522
2.064,2.602,1.961,1.94,1.401,1.939,2.577,1.358,2.522,2.487
2.602,1.961,1.94,1.401,1.939,2.577,1.358,2.522,2.487,3.821
1.961,1.94,1.401,1.939,2.577,1.358,2.522,2.487,3.821,3.054
1.94,1.401,1.939,2.577,1.358,2.522,2.487,3.821,3.054,3.215
1.401,1.939,2.577,1.358,2.522,2.487,3.821,3.054,3.215,2.494
1.939,2.577,1.358,2.522,2.487,3.821,3.054,3.215,2.494,2.592
2.577,1.358,2.522,2.487,3.821,3.054,3.215,2.494,2.592,3.132
1.358,2.522,2.487,3.821,3.054,3.215,2.494,2.592,3.132,1.96
2.522,2.487,3.821,3.054,3.215,2.494,2.592,3.132,1.96,1.954
2.487,3.821,3.054,3.215,2.494,2.592,3.132,1.96,1.954,3.226
3.821,3.054,3.215,2.494,2.592,3.132,1.96,1.954,3.226,4.045
3.054,3.215,2.494,2.592,3.132,1.96,1.954,3.226,4.045,3.785
3.215,2.494,2.592,3.132,1.96,1.954,3.226,4.045,3.785,3.782
2.494,2.592,3.132,1.96,1.954,3.226,4.045,3.785,3.782,3.227
2.592,3.132,1.96,1.954,3.226,4.045,3.785,3.782,3.227,3.221
3.132,1.96,1.954,3.226,4.045,3.785,3.782,3.227,3.221,4.402
1.96,1.954,3.226,4.045,3.785,3.782,3.227,3.221,4.402,6.255
1.954,3.226,4.045,3.785,3.782,3.227,3.221,4.402,6.255,5.444
3.226,4.045,3.785,3.782,3.227,3.221,4.402,6.255,5.444,4.88
4.045,3.785,3.782,3.227,3.221,4.402,6.255,5.444,4.88,4.005
3.785,3.782,3.227,3.221,4.402,6.255,5.444,4.88,4.005,3.544
3.782,3.227,3.221,4.402,6.255,5.444,4.88,4.005,3.544,2.616
3.227,3.221,4.402,6.255,5.444,4.88,4.005,3.544,2.616,2.728
3.221,4.402,6.255,5.444,4.88,4.005,3.544,2.616,2.728,2.047
4.402,6.255,5.444,4.88,4.005,3.544,2.616,2.728,2.047,1.471
6.255,5.444,4.88,4.005,3.544,2.616,2.728,2.047,1.471,2.064
5.444,4.88,4.005,3.544,2.616,2.728,2.047,1.471,2.064,1.366
4.88,4.005,3.544,2.616,2.728,2.047,1.471,2.064,1.366,1.772
4.005,3.544,2.616,2.728,2.047,1.471,2.064,1.366,1.772,1.983
3.544,2.616,2.728,2.047,1.471,2.064,1.366,1.772,1.983,1.981
2.616,2.728,2.047,1.471,2.064,1.366,1.772,1.983,1.981,2.174
2.728,2.047,1.471,2.064,1.366,1.772,1.983,1.981,2.174,1.786
2.047,1.471,2.064,1.366,1.772,1.983,1.981,2.174,1.786,1.983
1.471,2.064,1.366,1.772,1.983,1.981,2.174,1.786,1.983,1.304
2.064,1.366,1.772,1.983,1.981,2.174,1.786,1.983,1.304,2.023
1.366,1.772,1.983,1.981,2.174,1.786,1.983,1.304,2.023,1.414
1.772,1.983,1.981,2.174,1.786,1.983,1.304,2.023,1.414,1.414
1.983,1.981,2.174,1.786,1.983,1.304,2.023,1.414,1.414,1.501
1.981,2.174,1.786,1.983,1.304,2.023,1.414,1.414,1.501,2.041
2.174,1.786,1.983,1.304,2.023,1.414,1.414,1.501,2.041,0.77
1.786,1.983,1.304,2.023,1.414,1.414,1.501,2.041,0.77,2.044
1.983,1.304,2.023,1.414,1.414,1.501,2.041,0.77,2.044,2.04
1.304,2.023,1.414,1.414,1.501,2.041,0.77,2.044,2.04,0.892
2.023,1.414,1.414,1.501,2.041,0.77,2.044,2.04,0.892,1.99
1.414,1.414,1.501,2.041,0.77,2.044,2.04,0.892,1.99,2.027
1.414,1.501,2.041,0.77,2.044,2.04,0.892,1.99,2.027,2.571
1.501,2.041,0.77,2.044,2.04,0.892,1.99,2.027,2.571,4.378
2.041,0.77,2.044,2.04,0.892,1.99,2.027,2.571,4.378,3.846
0.77,2.044,2.04,0.892,1.99,2.027,2.571,4.378,3.846,2.574
2.044,2.04,0.892,1.99,2.027,2.571,4.378,3.846,2.574,2.662
2.04,0.892,1.99,2.027,2.571,4.378,3.846,2.574,2.662,4.932
0.892,1.99,2.027,2.571,4.378,3.846,2.574,2.662,4.932,3.212
1.99,2.027,2.571,4.378,3.846,2.574,2.662,4.932,3.212,2.67
2.027,2.571,4.378,3.846,2.574,2.662,4.932,3.212,2.67,2.029
2.571,4.378,3.846,2.574,2.662,4.932,3.212,2.67,2.029,2.051
4.378,3.846,2.574,2.662,4.932,3.212,2.67,2.029,2.051,2.074
3.846,2.574,2.662,4.932,3.212,2.67,2.029,2.051,2.074,1.276
2.574,2.662,4.932,3.212,2.67,2.029,2.051,2.074,1.276,2.021
2.662,4.932,3.212,2.67,2.029,2.051,2.074,1.276,2.021,1.39
4.932,3.212,2.67,2.029,2.051,2.074,1.276,2.021,1.39,1.965
3.212,2.67,2.029,2.051,2.074,1.276,2.021,1.39,1.965,1.996
2.67,2.029,2.051,2.074,1.276,2.021,1.39,1.965,1.996,1.916
2.029,2.051,2.074,1.276,2.021,1.39,1.965,1.996,1.916,1.97
2.051,2.074,1.276,2.021,1.39,1.965,1.996,1.916,1.97,1.952
2.074,1.276,2.021,1.39,1.965,1.996,1.916,1.97,1.952,2.024
1.276,2.021,1.39,1.965,1.996,1.916,1.97,1.952,2.024,1.933
2.021,1.39,1.965,1.996,1.916,1.97,1.952,2.024,1.933,2.01
1.39,1.965,1.996,1.916,1.97,1.952,2.024,1.933,2.01,6.798
1.965,1.996,1.916,1.97,1.952,2.024,1.933,2.01,6.798,4.368
1.996,1.916,1.97,1.952,2.024,1.933,2.01,6.798,4.368,3.186
1.916,1.97,1.952,2.024,1.933,2.01,6.798,4.368,3.186,2.012
1.97,1.952,2.024,1.933,2.01,6.798,4.368,3.186,2.012,2.014
1.952,2.024,1.933,2.01,6.798,4.368,3.186,2.012,2.014,2.014
2.024,1.933,2.01,6.798,4.368,3.186,2.012,2.014,2.014,2.56
1.933,2.01,6.798,4.368,3.186,2.012,2.014,2.014,2.56,1.953
2.01,6.798,4.368,3.186,2.012,2.014,2.014,2.56,1.953,1.997
6.798,4.368,3.186,2.012,2.014,2.014,2.56,1.953,1.997,1.996
4.368,3.186,2.012,2.014,2.014,2.56,1.953,1.997,1.996,2.013
3.186,2.012,2.014,2.014,2.56,1.953,1.997,1.996,2.013,2.013
2.012,2.014,2.014,2.56,1.953,1.997,1.996,2.013,2.013,2.012
2.014,2.014,2.56,1.953,1.997,1.996,2.013,2.013,2.012,3.277
2.014,2.56,1.953,1.997,1.996,2.013,2.013,2.012,3.277,2.168
2.56,1.953,1.997,1.996,2.013,2.013,2.012,3.277,2.168,2.488
1.953,1.997,1.996,2.013,2.013,2.012,3.277,2.168,2.488,2.57
1.997,1.996,2.013,2.013,2.012,3.277,2.168,2.488,2.57,8.953
1.996,2.013,2.013,2.012,3.277,2.168,2.488,2.57,8.953,15.523
2.013,2.013,2.012,3.277,2.168,2.488,2.57,8.953,15.523,15.57
2.013,2.012,3.277,2.168,2.488,2.57,8.953,15.523,15.57,11.715
2.012,3.277,2.168,2.488,2.57,8.953,15.523,15.57,11.715,12.647
3.277,2.168,2.488,2.57,8.953,15.523,15.57,11.715,12.647,11.962
2.168,2.488,2.57,8.953,15.523,15.57,11.715,12.647,11.962,12.543
2.488,2.57,8.953,15.523,15.57,11.715,12.647,11.962,12.543,13.919
2.57,8.953,15.523,15.57,11.715,12.647,11.962,12.543,13.919,11.98
8.953,15.523,15.57,11.715,12.647,11.962,12.543,13.919,11.98,9.374
15.523,15.57,11.715,12.647,11.962,12.543,13.919,11.98,9.374,7.176
15.57,11.715,12.647,11.962,12.543,13.919,11.98,9.374,7.176,7.712
11.715,12.647,11.962,12.543,13.919,11.98,9.374,7.176,7.712,9.158
12.647,11.962,12.543,13.919,11.98,9.374,7.176,7.712,9.158,8.673
11.962,12.543,13.919,11.98,9.374,7.176,7.712,9.158,8.673,9.281
12.543,13.919,11.98,9.374,7.176,7.712,9.158,8.673,9.281,8.803
13.919,11.98,9.374,7.176,7.712,9.158,8.673,9.281,8.803,7.598
11.98,9.374,7.176,7.712,9.158,8.673,9.281,8.803,7.598,8.459
9.374,7.176,7.712,9.158,8.673,9.281,8.803,7.598,8.459,7.132
7.176,7.712,9.158,8.673,9.281,8.803,7.598,8.459,7.132,6.657
7.712,9.158,8.673,9.281,8.803,7.598,8.459,7.132,6.657,5.062
9.158,8.673,9.281,8.803,7.598,8.459,7.132,6.657,5.062,4.726
8.673,9.281,8.803,7.598,8.459,7.132,6.657,5.062,4.726,3.866
9.281,8.803,7.598,8.459,7.132,6.657,5.062,4.726,3.866,3.965
8.803,7.598,8.459,7.132,6.657,5.062,4.726,3.866,3.965,3.858
7.598,8.459,7.132,6.657,5.062,4.726,3.866,3.965,3.858,4.587
8.459,7.132,6.657,5.062,4.726,3.866,3.965,3.858,4.587,4.581
7.132,6.657,5.062,4.726,3.866,3.965,3.858,4.587,4.581,5.026
6.657,5.062,4.726,3.866,3.965,3.858,4.587,4.581,5.026,7.527
5.062,4.726,3.866,3.965,3.858,4.587,4.581,5.026,7.527,9.131
4.726,3.866,3.965,3.858,4.587,4.581,5.026,7.527,9.131,7.012
3.866,3.965,3.858,4.587,4.581,5.026,7.527,9.131,7.012,5.655
3.965,3.858,4.587,4.581,5.026,7.527,9.131,7.012,5.655,4.778
3.858,4.587,4.581,5.026,7.527,9.131,7.012,5.655,4.778,4.203
4.587,4.581,5.026,7.527,9.131,7.012,5.655,4.778,4.203,4.138
4.581,5.026,7.527,9.131,7.012,5.655,4.778,4.203,4.138,3.441
5.026,7.527,9.131,7.012,5.655,4.778,4.203,4.138,3.441,3.454
7.527,9.131,7.012,5.655,4.778,4.203,4.138,3.441,3.454,2.836
9.131,7.012,5.655,4.778,4.203,4.138,3.441,3.454,2.836,3.45
7.012,5.655,4.778,4.203,4.138,3.441,3.454,2.836,3.45,3.442
5.655,4.778,4.203,4.138,3.441,3.454,2.836,3.45,3.442,2.843
4.778,4.203,4.138,3.441,3.454,2.836,3.45,3.442,2.843,2.758
4.203,4.138,3.441,3.454,2.836,3.45,3.442,2.843,2.758,2.837
4.138,3.441,3.454,2.836,3.45,3.442,2.843,2.758,2.837,2.113
3.441,3.454,2.836,3.45,3.442,2.843,2.758,2.837,2.113,2.115
3.454,2.836,3.45,3.442,2.843,2.758,2.837,2.113,2.115,2.833
2.836,3.45,3.442,2.843,2.758,2.837,2.113,2.115,2.833,2.121
3.45,3.442,2.843,2.758,2.837,2.113,2.115,2.833,2.121,2.115
3.442,2.843,2.758,2.837,2.113,2.115,2.833,2.121,2.115,2.129
2.843,2.758,2.837,2.113,2.115,2.833,2.121,2.115,2.129,10.946
2.758,2.837,2.113,2.115,2.833,2.121,2.115,2.129,10.946,10.472
2.837,2.113,2.115,2.833,2.121,2.115,2.129,10.946,10.472,8.111
2.113,2.115,2.833,2.121,2.115,2.129,10.946,10.472,8.111,4.163
2.115,2.833,2.121,2.115,2.129,10.946,10.472,8.111,4.163,2.845
2.833,2.121,2.115,2.129,10.946,10.472,8.111,4.163,2.845,2.966
2.121,2.115,2.129,10.946,10.472,8.111,4.163,2.845,2.966,3.643
2.115,2.129,10.946,10.472,8.111,4.163,2.845,2.966,3.643,3.006
2.129,10.946,10.472,8.111,4.163,2.845,2.966,3.643,3.006,2.9
10.946,10.472,8.111,4.163,2.845,2.966,3.643,3.006,2.9,2.227
10.472,8.111,4.163,2.845,2.966,3.643,3.006,2.9,2.227,2.245
8.111,4.163,2.845,2.966,3.643,3.006,2.9,2.227,2.245,4.489
4.163,2.845,2.966,3.643,3.006,2.9,2.227,2.245,4.489,8.274
2.845,2.966,3.643,3.006,2.9,2.227,2.245,4.489,8.274,9.398
2.966,3.643,3.006,2.9,2.227,2.245,4.489,8.274,9.398,4.853
3.643,3.006,2.9,2.227,2.245,4.489,8.274,9.398,4.853,4.23
3.006,2.9,2.227,2.245,4.489,8.274,9.398,4.853,4.23,3.428
2.9,2.227,2.245,4.489,8.274,9.398,4.853,4.23,3.428,3.426
2.227,2.245,4.489,8.274,9.398,4.853,4.23,3.428,3.426,3.431
2.245,4.489,8.274,9.398,4.853,4.23,3.428,3.426,3.431,3.43
4.489,8.274,9.398,4.853,4.23,3.428,3.426,3.431,3.43,3.425
8.274,9.398,4.853,4.23,3.428,3.426,3.431,3.43,3.425,2.623
9.398,4.853,4.23,3.428,3.426,3.431,3.43,3.425,2.623,3.414
4.853,4.23,3.428,3.426,3.431,3.43,3.425,2.623,3.414,2.726
4.23,3.428,3.426,3.431,3.43,3.425,2.623,3.414,2.726,4.92
3.428,3.426,3.431,3.43,3.425,2.623,3.414,2.726,4.92,3.269
3.426,3.431,3.43,3.425,2.623,3.414,2.726,4.92,3.269,2.577
3.431,3.43,3.425,2.623,3.414,2.726,4.92,3.269,2.577,2.856
3.43,3.425,2.623,3.414,2.726,4.92,3.269,2.577,2.856,3.392
3.425,2.623,3.414,2.726,4.92,3.269,2.577,2.856,3.392,1.894
2.623,3.414,2.726,4.92,3.269,2.577,2.856,3.392,1.894,3.391
3.414,2.726,4.92,3.269,2.577,2.856,3.392,1.894,3.391,2.566
2.726,4.92,3.269,2.577,2.856,3.392,1.894,3.391,2.566,2.536
4.92,3.269,2.577,2.856,3.392,1.894,3.391,2.566,2.536,2.312
3.269,2.577,2.856,3.392,1.894,3.391,2.566,2.536,2.312,2.603
2.577,2.856,3.392,1.894,3.391,2.566,2.536,2.312,2.603,2.716
2.856,3.392,1.894,3.391,2.566,2.536,2.312,2.603,2.716,1.808
3.392,1.894,3.391,2.566,2.536,2.312,2.603,2.716,1.808,1.915
1.894,3.391,2.566,2.536,2.312,2.603,2.716,1.808,1.915,2.724
3.391,2.566,2.536,2.312,2.603,2.716,1.808,1.915,2.724,2.418
2.566,2.536,2.312,2.603,2.716,1.808,1.915,2.724,2.418,2.812
2.536,2.312,2.603,2.716,1.808,1.915,2.724,2.418,2.812,2.087
2.312,2.603,2.716,1.808,1.915,2.724,2.418,2.812,2.087,2.195
2.603,2.716,1.808,1.915,2.724,2.418,2.812,2.087,2.195,2.156
2.716,1.808,1.915,2.724,2.418,2.812,2.087,2.195,2.156,2.156
1.808,1.915,2.724,2.418,2.812,2.087,2.195,2.156,2.156,2.155
1.915,2.724,2.418,2.812,2.087,2.195,2.156,2.156,2.155,1.343
2.724,2.418,2.812,2.087,2.195,2.156,2.156,2.155,1.343,1.44
2.418,2.812,2.087,2.195,2.156,2.156,2.155,1.343,1.44,1.409
2.812,2.087,2.195,2.156,2.156,2.155,1.343,1.44,1.409,1.389
2.087,2.195,2.156,2.156,2.155,1.343,1.44,1.409,1.389,2.838
2.195,2.156,2.156,2.155,1.343,1.44,1.409,1.389,2.838,2.148
2.156,2.156,2.155,1.343,1.44,1.409,1.389,2.838,2.148,2.15
2.156,2.155,1.343,1.44,1.409,1.389,2.838,2.148,2.15,2.963
2.155,1.343,1.44,1.409,1.389,2.838,2.148,2.15,2.963,1.335
1.343,1.44,1.409,1.389,2.838,2.148,2.15,2.963,1.335,2.962
1.44,1.409,1.389,2.838,2.148,2.15,2.963,1.335,2.962,2.149
1.409,1.389,2.838,2.148,2.15,2.963,1.335,2.962,2.149,1.336
1.389,2.838,2.148,2.15,2.963,1.335,2.962,2.149,1.336,2.15
2.838,2.148,2.15,2.963,1.335,2.962,2.149,1.336,2.15,2.149
2.148,2.15,2.963,1.335,2.962,2.149,1.336,2.15,2.149,2.128
2.15,2.963,1.335,2.962,2.149,1.336,2.15,2.149,2.128,2.151
2.963,1.335,2.962,2.149,1.336,2.15,2.149,2.128,2.151,1.396
1.335,2.962,2.149,1.336,2.15,2.149,2.128,2.151,1.396,1.341
2.962,2.149,1.336,2.15,2.149,2.128,2.151,1.396,1.341,1.345
2.149,1.336,2.15,2.149,2.128,2.151,1.396,1.341,1.345,1.461
1.336,2.15,2.149,2.128,2.151,1.396,1.341,1.345,1.461,1.343
2.15,2.149,2.128,2.151,1.396,1.341,1.345,1.461,1.343,1.356
2.149,2.128,2.151,1.396,1.341,1.345,1.461,1.343,1.356,1.516
2.128,2.151,1.396,1.341,1.345,1.461,1.343,1.356,1.516,2.168
2.151,1.396,1.341,1.345,1.461,1.343,1.356,1.516,2.168,2.281
1.396,1.341,1.345,1.461,1.343,1.356,1.516,2.168,2.281,1.478
1.341,1.345,1.461,1.343,1.356,1.516,2.168,2.281,1.478,1.481
1.345,1.461,1.343,1.356,1.516,2.168,2.281,1.478,1.481,1.384
1.461,1.343,1.356,1.516,2.168,2.281,1.478,1.481,1.384,2.03
1.343,1.356,1.516,2.168,2.281,1.478,1.481,1.384,2.03,1.473
1.356,1.516,2.168,2.281,1.478,1.481,1.384,2.03,1.473,3.088
1.516,2.168,2.281,1.478,1.481,1.384,2.03,1.473,3.088,2.034
2.168,2.281,1.478,1.481,1.384,2.03,1.473,3.088,2.034,2.814
2.281,1.478,1.481,1.384,2.03,1.473,3.088,2.034,2.814,2.144
1.478,1.481,1.384,2.03,1.473,3.088,2.034,2.814,2.144,1.451
1.481,1.384,2.03,1.473,3.088,2.034,2.814,2.144,1.451,2.142
1.384,2.03,1.473,3.088,2.034,2.814,2.144,1.451,2.142,2.14
2.03,1.473,3.088,2.034,2.814,2.144,1.451,2.142,2.14,1.333
1.473,3.088,2.034,2.814,2.144,1.451,2.142,2.14,1.333,1.334
3.088,2.034,2.814,2.144,1.451,2.142,2.14,1.333,1.334,1.456
2.034,2.814,2.144,1.451,2.142,2.14,1.333,1.334,1.456,1.339
2.814,2.144,1.451,2.142,2.14,1.333,1.334,1.456,1.339,1.452
2.144,1.451,2.142,2.14,1.333,1.334,1.456,1.339,1.452,2.137
1.451,2.142,2.14,1.333,1.334,1.456,1.339,1.452,2.137,2.137
2.142,2.14,1.333,1.334,1.456,1.339,1.452,2.137,2.137,2.137
2.14,1.333,1.334,1.456,1.339,1.452,2.137,2.137,2.137,2.825
1.333,1.334,1.456,1.339,1.452,2.137,2.137,2.137,2.825,2.977
1.334,1.456,1.339,1.452,2.137,2.137,2.137,2.825,2.977,4.407
1.456,1.339,1.452,2.137,2.137,2.137,2.825,2.977,4.407,4.623
1.339,1.452,2.137,2.137,2.137,2.825,2.977,4.407,4.623,3.406
1.452,2.137,2.137,2.137,2.825,2.977,4.407,4.623,3.406,2.591
2.137,2.137,2.137,2.825,2.977,4.407,4.623,3.406,2.591,2.716
2.137,2.137,2.825,2.977,4.407,4.623,3.406,2.591,2.716,1.107
2.137,2.825,2.977,4.407,4.623,3.406,2.591,2.716,1.107,1.918
2.825,2.977,4.407,4.623,3.406,2.591,2.716,1.107,1.918,1.144
2.977,4.407,4.623,3.406,2.591,2.716,1.107,1.918,1.144,1.942
4.407,4.623,3.406,2.591,2.716,1.107,1.918,1.144,1.942,1.166
4.623,3.406,2.591,2.716,1.107,1.918,1.144,1.942,1.166,1.957
3.406,2.591,2.716,1.107,1.918,1.144,1.942,1.166,1.957,1.309
2.591,2.716,1.107,1.918,1.144,1.942,1.166,1.957,1.309,0.897
2.716,1.107,1.918,1.144,1.942,1.166,1.957,1.309,0.897,1.561
1.107,1.918,1.144,1.942,1.166,1.957,1.309,0.897,1.561,1.361
1.918,1.144,1.942,1.166,1.957,1.309,0.897,1.561,1.361,1.297
1.144,1.942,1.166,1.957,1.309,0.897,1.561,1.361,1.297,1.31
1.942,1.166,1.957,1.309,0.897,1.561,1.361,1.297,1.31,1.406
1.166,1.957,1.309,0.897,1.561,1.361,1.297,1.31,1.406,1.298
1.957,1.309,0.897,1.561,1.361,1.297,1.31,1.406,1.298,1.299
1.309,0.897,1.561,1.361,1.297,1.31,1.406,1.298,1.299,1.399
0.897,1.561,1.361,1.297,1.31,1.406,1.298,1.299,1.399,1.295
1.561,1.361,1.297,1.31,1.406,1.298,1.299,1.399,1.295,1.294
1.361,1.297,1.31,1.406,1.298,1.299,1.399,1.295,1.294,1.395
1.297,1.31,1.406,1.298,1.299,1.399,1.295,1.294,1.395,1.29
1.31,1.406,1.298,1.299,1.399,1.295,1.294,1.395,1.29,1.292
1.406,1.298,1.299,1.399,1.295,1.294,1.395,1.29,1.292,1.393
1.298,1.299,1.399,1.295,1.294,1.395,1.29,1.292,1.393,1.291
1.299,1.399,1.295,1.294,1.395,1.29,1.292,1.393,1.291,1.292
1.399,1.295,1.294,1.395,1.29,1.292,1.393,1.291,1.292,2.72
1.295,1.294,1.395,1.29,1.292,1.393,1.291,1.292,2.72,1.705
1.294,1.395,1.29,1.292,1.393,1.291,1.292,2.72,1.705,0.89
1.395,1.29,1.292,1.393,1.291,1.292,2.72,1.705,0.89,1.4
1.29,1.292,1.393,1.291,1.292,2.72,1.705,0.89,1.4,1.79
1.292,1.393,1.291,1.292,2.72,1.705,0.89,1.4,1.79,1.458
1.393,1.291,1.292,2.72,1.705,0.89,1.4,1.79,1.458,0.739
1.291,1.292,2.72,1.705,0.89,1.4,1.79,1.458,0.739,1.458
1.292,2.72,1.705,0.89,1.4,1.79,1.458,0.739,1.458,0.84
2.72,1.705,0.89,1.4,1.79,1.458,0.739,1.458,0.84,0.75
1.705,0.89,1.4,1.79,1.458,0.739,1.458,0.84,0.75,0.842
0.89,1.4,1.79,1.458,0.739,1.458,0.84,0.75,0.842,0.738
1.4,1.79,1.458,0.739,1.458,0.84,0.75,0.842,0.738,0.745
1.79,1.458,0.739,1.458,0.84,0.75,0.842,0.738,0.745,0.852
1.458,0.739,1.458,0.84,0.75,0.842,0.738,0.745,0.852,0.746
0.739,1.458,0.84,0.75,0.842,0.738,0.745,0.852,0.746,0.85
1.458,0.84,0.75,0.842,0.738,0.745,0.852,0.746,0.85,0.779
0.84,0.75,0.842,0.738,0.745,0.852,0.746,0.85,0.779,1.388
0.75,0.842,0.738,0.745,0.852,0.746,0.85,0.779,1.388,1.929
0.842,0.738,0.745,0.852,0.746,0.85,0.779,1.388,1.929,1.438
0.738,0.745,0.852,0.746,0.85,0.779,1.388,1.929,1.438,1.332
0.745,0.852,0.746,0.85,0.779,1.388,1.929,1.438,1.332,1.321
0.852,0.746,0.85,0.779,1.388,1.929,1.438,1.332,1.321,0.823
0.746,0.85,0.779,1.388,1.929,1.438,1.332,1.321,0.823,1.459
0.85,0.779,1.388,1.929,1.438,1.332,1.321,0.823,1.459,1.226
0.779,1.388,1.929,1.438,1.332,1.321,0.823,1.459,1.226,0.569
1.388,1.929,1.438,1.332,1.321,0.823,1.459,1.226,0.569,1.375
1.929,1.438,1.332,1.321,0.823,1.459,1.226,0.569,1.375,0.775
1.438,1.332,1.321,0.823,1.459,1.226,0.569,1.375,0.775,1.591
1.332,1.321,0.823,1.459,1.226,0.569,1.375,0.775,1.591,2.009
1.321,0.823,1.459,1.226,0.569,1.375,0.775,1.591,2.009,1.242
0.823,1.459,1.226,0.569,1.375,0.775,1.591,2.009,1.242,1.262
1.459,1.226,0.569,1.375,0.775,1.591,2.009,1.242,1.262,0.754
1.226,0.569,1.375,0.775,1.591,2.009,1.242,1.262,0.754,1.592
0.569,1.375,0.775,1.591,2.009,1.242,1.262,0.754,1.592,0.759
1.375,0.775,1.591,2.009,1.242,1.262,0.754,1.592,0.759,0.861
0.775,1.591,2.009,1.242,1.262,0.754,1.592,0.759,0.861,0.776
1.591,2.009,1.242,1.262,0.754,1.592,0.759,0.861,0.776,0.782
2.009,1.242,1.262,0.754,1.592,0.759,0.861,0.776,0.782,0.78
1.242,1.262,0.754,1.592,0.759,0.861,0.776,0.782,0.78,0.777
1.262,0.754,1.592,0.759,0.861,0.776,0.782,0.78,0.777,1.514
0.754,1.592,0.759,0.861,0.776,0.782,0.78,0.777,1.514,0.781
1.592,0.759,0.861,0.776,0.782,0.78,0.777,1.514,0.781,0.782
0.759,0.861,0.776,0.782,0.78,0.777,1.514,0.781,0.782,0.78
0.861,0.776,0.782,0.78,0.777,1.514,0.781,0.782,0.78,0.78
0.776,0.782,0.78,0.777,1.514,0.781,0.782,0.78,0.78,1.706
0.782,0.78,0.777,1.514,0.781,0.782,0.78,0.78,1.706,1.334
0.78,0.777,1.514,0.781,0.782,0.78,0.78,1.706,1.334,0.689
0.777,1.514,0.781,0.782,0.78,0.78,1.706,1.334,0.689,1.296
1.514,0.781,0.782,0.78,0.78,1.706,1.334,0.689,1.296,1.202
0.781,0.782,0.78,0.78,1.706,1.334,0.689,1.296,1.202,1.697
0.782,0.78,0.78,1.706,1.334,0.689,1.296,1.202,1.697,1.708
0.78,0.78,1.706,1.334,0.689,1.296,1.202,1.697,1.708,1.716
0.78,1.706,1.334,0.689,1.296,1.202,1.697,1.708,1.716,0.851
1.706,1.334,0.689,1.296,1.202,1.697,1.708,1.716,0.851,2.337
1.334,0.689,1.296,1.202,1.697,1.708,1.716,0.851,2.337,2.285
0.689,1.296,1.202,1.697,1.708,1.716,0.851,2.337,2.285,2.291
1.296,1.202,1.697,1.708,1.716,0.851,2.337,2.285,2.291,2.34
1.202,1.697,1.708,1.716,0.851,2.337,2.285,2.291,2.34,1.623
1.697,1.708,1.716,0.851,2.337,2.285,2.291,2.34,1.623,2.346
1.708,1.716,0.851,2.337,2.285,2.291,2.34,1.623,2.346,1.898
1.716,0.851,2.337,2.285,2.291,2.34,1.623,2.346,1.898,2.64
0.851,2.337,2.285,2.291,2.34,1.623,2.346,1.898,2.64,2.654
2.337,2.285,2.291,2.34,1.623,2.346,1.898,2.64,2.654,1.694
2.285,2.291,2.34,1.623,2.346,1.898,2.64,2.654,1.694,2
2.291,2.34,1.623,2.346,1.898,2.64,2.654,1.694,2,1.958
2.34,1.623,2.346,1.898,2.64,2.654,1.694,2,1.958,1.945
1.623,2.346,1.898,2.64,2.654,1.694,2,1.958,1.945,1.85
2.346,1.898,2.64,2.654,1.694,2,1.958,1.945,1.85,1.911
1.898,2.64,2.654,1.694,2,1.958,1.945,1.85,1.911,1.916
2.64,2.654,1.694,2,1.958,1.945,1.85,1.911,1.916,1.381
2.654,1.694,2,1.958,1.945,1.85,1.911,1.916,1.381,1.491
1.694,2,1.958,1.945,1.85,1.911,1.916,1.381,1.491,1.514
2,1.958,1.945,1.85,1.911,1.916,1.381,1.491,1.514,0.692
1.958,1.945,1.85,1.911,1.916,1.381,1.491,1.514,0.692,2.349
1.945,1.85,1.911,1.916,1.381,1.491,1.514,0.692,2.349,0.94
1.85,1.911,1.916,1.381,1.491,1.514,0.692,2.349,0.94,1.584
1.911,1.916,1.381,1.491,1.514,0.692,2.349,0.94,1.584,4.053
1.916,1.381,1.491,1.514,0.692,2.349,0.94,1.584,4.053,5.957
1.381,1.491,1.514,0.692,2.349,0.94,1.584,4.053,5.957,5.983
1.491,1.514,0.692,2.349,0.94,1.584,4.053,5.957,5.983,5.045
1.514,0.692,2.349,0.94,1.584,4.053,5.957,5.983,5.045,3.69
0.692,2.349,0.94,1.584,4.053,5.957,5.983,5.045,3.69,2.333
2.349,0.94,1.584,4.053,5.957,5.983,5.045,3.69,2.333,2.759
0.94,1.584,4.053,5.957,5.983,5.045,3.69,2.333,2.759,3.81
1.584,4.053,5.957,5.983,5.045,3.69,2.333,2.759,3.81,3.08
4.053,5.957,5.983,5.045,3.69,2.333,2.759,3.81,3.08,2.551
5.957,5.983,5.045,3.69,2.333,2.759,3.81,3.08,2.551,2.036
5.983,5.045,3.69,2.333,2.759,3.81,3.08,2.551,2.036,1.929
5.045,3.69,2.333,2.759,3.81,3.08,2.551,2.036,1.929,2.004
3.69,2.333,2.759,3.81,3.08,2.551,2.036,1.929,2.004,2.001
2.333,2.759,3.81,3.08,2.551,2.036,1.929,2.004,2.001,1.91
2.759,3.81,3.08,2.551,2.036,1.929,2.004,2.001,1.91,2
3.81,3.08,2.551,2.036,1.929,2.004,2.001,1.91,2,1.884
3.08,2.551,2.036,1.929,2.004,2.001,1.91,2,1.884,2
2.551,2.036,1.929,2.004,2.001,1.91,2,1.884,2,1.997
2.036,1.929,2.004,2.001,1.91,2,1.884,2,1.997,1.361
1.929,2.004,2.001,1.91,2,1.884,2,1.997,1.361,1.618
2.004,2.001,1.91,2,1.884,2,1.997,1.361,1.618,1.802
2.001,1.91,2,1.884,2,1.997,1.361,1.618,1.802,2.529
1.91,2,1.884,2,1.997,1.361,1.618,1.802,2.529,1.998
2,1.884,2,1.997,1.361,1.618,1.802,2.529,1.998,1.996
1.884,2,1.997,1.361,1.618,1.802,2.529,1.998,1.996,1.411
2,1.997,1.361,1.618,1.802,2.529,1.998,1.996,1.411,1.916
1.997,1.361,1.618,1.802,2.529,1.998,1.996,1.411,1.916,1.394
1.361,1.618,1.802,2.529,1.998,1.996,1.411,1.916,1.394,2.025
1.618,1.802,2.529,1.998,1.996,1.411,1.916,1.394,2.025,1.992
1.802,2.529,1.998,1.996,1.411,1.916,1.394,2.025,1.992,1.992
2.529,1.998,1.996,1.411,1.916,1.394,2.025,1.992,1.992,1.993
1.998,1.996,1.411,1.916,1.394,2.025,1.992,1.992,1.993,1.995
1.996,1.411,1.916,1.394,2.025,1.992,1.992,1.993,1.995,1.368
1.411,1.916,1.394,2.025,1.992,1.992,1.993,1.995,1.368,1.993
1.916,1.394,2.025,1.992,1.992,1.993,1.995,1.368,1.993,1.997
1.394,2.025,1.992,1.992,1.993,1.995,1.368,1.993,1.997,3.243
2.025,1.992,1.992,1.993,1.995,1.368,1.993,1.997,3.243,3.149
1.992,1.992,1.993,1.995,1.368,1.993,1.997,3.243,3.149,3.153
1.992,1.993,1.995,1.368,1.993,1.997,3.243,3.149,3.153,4.291
1.993,1.995,1.368,1.993,1.997,3.243,3.149,3.153,4.291,3.683
1.995,1.368,1.993,1.997,3.243,3.149,3.153,4.291,3.683,2.568
1.368,1.993,1.997,3.243,3.149,3.153,4.291,3.683,2.568,2.566
1.993,1.997,3.243,3.149,3.153,4.291,3.683,2.568,2.566,2.039
1.997,3.243,3.149,3.153,4.291,3.683,2.568,2.566,2.039,1.8
3.243,3.149,3.153,4.291,3.683,2.568,2.566,2.039,1.8,1.5
3.149,3.153,4.291,3.683,2.568,2.566,2.039,1.8,1.5,1.468
3.153,4.291,3.683,2.568,2.566,2.039,1.8,1.5,1.468,1.382
4.291,3.683,2.568,2.566,2.039,1.8,1.5,1.468,1.382,1.472
3.683,2.568,2.566,2.039,1.8,1.5,1.468,1.382,1.472,1.379
2.568,2.566,2.039,1.8,1.5,1.468,1.382,1.472,1.379,2.62
2.566,2.039,1.8,1.5,1.468,1.382,1.472,1.379,2.62,3.119
2.039,1.8,1.5,1.468,1.382,1.472,1.379,2.62,3.119,3.088
1.8,1.5,1.468,1.382,1.472,1.379,2.62,3.119,3.088,3.753
1.5,1.468,1.382,1.472,1.379,2.62,3.119,3.088,3.753,3.749
1.468,1.382,1.472,1.379,2.62,3.119,3.088,3.753,3.749,2.491
1.382,1.472,1.379,2.62,3.119,3.088,3.753,3.749,2.491,2.656
1.472,1.379,2.62,3.119,3.088,3.753,3.749,2.491,2.656,2.599
1.379,2.62,3.119,3.088,3.753,3.749,2.491,2.656,2.599,5.199
2.62,3.119,3.088,3.753,3.749,2.491,2.656,2.599,5.199,8.516
3.119,3.088,3.753,3.749,2.491,2.656,2.599,5.199,8.516,9.281
3.088,3.753,3.749,2.491,2.656,2.599,5.199,8.516,9.281,5.88
3.753,3.749,2.491,2.656,2.599,5.199,8.516,9.281,5.88,4.711
3.749,2.491,2.656,2.599,5.199,8.516,9.281,5.88,4.711,3.206
2.491,2.656,2.599,5.199,8.516,9.281,5.88,4.711,3.206,3.202
2.656,2.599,5.199,8.516,9.281,5.88,4.711,3.206,3.202,2.653
2.599,5.199,8.516,9.281,5.88,4.711,3.206,3.202,2.653,2.023
5.199,8.516,9.281,5.88,4.711,3.206,3.202,2.653,2.023,2.564
8.516,9.281,5.88,4.711,3.206,3.202,2.653,2.023,2.564,2.651
9.281,5.88,4.711,3.206,3.202,2.653,2.023,2.564,2.651,2.568
5.88,4.711,3.206,3.202,2.653,2.023,2.564,2.651,2.568,2.015
4.711,3.206,3.202,2.653,2.023,2.564,2.651,2.568,2.015,2.014
3.206,3.202,2.653,2.023,2.564,2.651,2.568,2.015,2.014,2.018
3.202,2.653,2.023,2.564,2.651,2.568,2.015,2.014,2.018,2.01
2.653,2.023,2.564,2.651,2.568,2.015,2.014,2.018,2.01,2.014
2.023,2.564,2.651,2.568,2.015,2.014,2.018,2.01,2.014,1.918
2.564,2.651,2.568,2.015,2.014,2.018,2.01,2.014,1.918,2.645
2.651,2.568,2.015,2.014,2.018,2.01,2.014,1.918,2.645,2.552
2.568,2.015,2.014,2.018,2.01,2.014,1.918,2.645,2.552,2.641
2.015,2.014,2.018,2.01,2.014,1.918,2.645,2.552,2.641,2.549
2.014,2.018,2.01,2.014,1.918,2.645,2.552,2.641,2.549,2.009
2.018,2.01,2.014,1.918,2.645,2.552,2.641,2.549,2.009,2.009
2.01,2.014,1.918,2.645,2.552,2.641,2.549,2.009,2.009,2
2.014,1.918,2.645,2.552,2.641,2.549,2.009,2.009,2,1.371
1.918,2.645,2.552,2.641,2.549,2.009,2.009,2,1.371,2.364
2.645,2.552,2.641,2.549,2.009,2.009,2,1.371,2.364,1.67
2.552,2.641,2.549,2.009,2.009,2,1.371,2.364,1.67,1.403
2.641,2.549,2.009,2.009,2,1.371,2.364,1.67,1.403,2.018
2.549,2.009,2.009,2,1.371,2.364,1.67,1.403,2.018,2.626
2.009,2.009,2,1.371,2.364,1.67,1.403,2.018,2.626,2.008
2.009,2,1.371,2.364,1.67,1.403,2.018,2.626,2.008,1.908
2,1.371,2.364,1.67,1.403,2.018,2.626,2.008,1.908,1.997
1.371,2.364,1.67,1.403,2.018,2.626,2.008,1.908,1.997,1.992
2.364,1.67,1.403,2.018,2.626,2.008,1.908,1.997,1.992,1.981
1.67,1.403,2.018,2.626,2.008,1.908,1.997,1.992,1.981,1.982
1.403,2.018,2.626,2.008,1.908,1.997,1.992,1.981,1.982,1.977
2.018,2.626,2.008,1.908,1.997,1.992,1.981,1.982,1.977,1.966
2.626,2.008,1.908,1.997,1.992,1.981,1.982,1.977,1.966,1.97
2.008,1.908,1.997,1.992,1.981,1.982,1.977,1.966,1.97,1.957
1.908,1.997,1.992,1.981,1.982,1.977,1.966,1.97,1.957,1.316
1.997,1.992,1.981,1.982,1.977,1.966,1.97,1.957,1.316,2.503
1.992,1.981,1.982,1.977,1.966,1.97,1.957,1.316,2.503,1.939
1.981,1.982,1.977,1.966,1.97,1.957,1.316,2.503,1.939,1.399
1.982,1.977,1.966,1.97,1.957,1.316,2.503,1.939,1.399,1.926
1.977,1.966,1.97,1.957,1.316,2.503,1.939,1.399,1.926,1.825
1.966,1.97,1.957,1.316,2.503,1.939,1.399,1.926,1.825,1.862
1.97,1.957,1.316,2.503,1.939,1.399,1.926,1.825,1.862,1.357
1.957,1.316,2.503,1.939,1.399,1.926,1.825,1.862,1.357,1.922
1.316,2.503,1.939,1.399,1.926,1.825,1.862,1.357,1.922,1.268
2.503,1.939,1.399,1.926,1.825,1.862,1.357,1.922,1.268,2.479
1.939,1.399,1.926,1.825,1.862,1.357,1.922,1.268,2.479,1.916
1.399,1.926,1.825,1.862,1.357,1.922,1.268,2.479,1.916,1.926
1.926,1.825,1.862,1.357,1.922,1.268,2.479,1.916,1.926,1.927
1.825,1.862,1.357,1.922,1.268,2.479,1.916,1.926,1.927,2.475
1.862,1.357,1.922,1.268,2.479,1.916,1.926,1.927,2.475,6.135
1.357,1.922,1.268,2.479,1.916,1.926,1.927,2.475,6.135,9.243
1.922,1.268,2.479,1.916,1.926,1.927,2.475,6.135,9.243,14.028
1.268,2.479,1.916,1.926,1.927,2.475,6.135,9.243,14.028,14.623
2.479,1.916,1.926,1.927,2.475,6.135,9.243,14.028,14.623,13.572
1.916,1.926,1.927,2.475,6.135,9.243,14.028,14.623,13.572,16.727
1.926,1.927,2.475,6.135,9.243,14.028,14.623,13.572,16.727,13.898
1.927,2.475,6.135,9.243,14.028,14.623,13.572,16.727,13.898,8.038
2.475,6.135,9.243,14.028,14.623,13.572,16.727,13.898,8.038,6.465
6.135,9.243,14.028,14.623,13.572,16.727,13.898,8.038,6.465,5.341
9.243,14.028,14.623,13.572,16.727,13.898,8.038,6.465,5.341,3.786
14.028,14.623,13.572,16.727,13.898,8.038,6.465,5.341,3.786,3.163
14.623,13.572,16.727,13.898,8.038,6.465,5.341,3.786,3.163,3.164
13.572,16.727,13.898,8.038,6.465,5.341,3.786,3.163,3.164,3.162
16.727,13.898,8.038,6.465,5.341,3.786,3.163,3.164,3.162,3.159
13.898,8.038,6.465,5.341,3.786,3.163,3.164,3.162,3.159,2.523
8.038,6.465,5.341,3.786,3.163,3.164,3.162,3.159,2.523,3.146
6.465,5.341,3.786,3.163,3.164,3.162,3.159,2.523,3.146,2.614
5.341,3.786,3.163,3.164,3.162,3.159,2.523,3.146,2.614,3.146
3.786,3.163,3.164,3.162,3.159,2.523,3.146,2.614,3.146,3.148
3.163,3.164,3.162,3.159,2.523,3.146,2.614,3.146,3.148,4.309
3.164,3.162,3.159,2.523,3.146,2.614,3.146,3.148,4.309,4.928
3.162,3.159,2.523,3.146,2.614,3.146,3.148,4.309,4.928,5.454
3.159,2.523,3.146,2.614,3.146,3.148,4.309,4.928,5.454,6.096
2.523,3.146,2.614,3.146,3.148,4.309,4.928,5.454,6.096,7.291
3.146,2.614,3.146,3.148,4.309,4.928,5.454,6.096,7.291,10.425
2.614,3.146,3.148,4.309,4.928,5.454,6.096,7.291,10.425,13.227
3.146,3.148,4.309,4.928,5.454,6.096,7.291,10.425,13.227,11.79
3.148,4.309,4.928,5.454,6.096,7.291,10.425,13.227,11.79,8.069
4.309,4.928,5.454,6.096,7.291,10.425,13.227,11.79,8.069,6.879
4.928,5.454,6.096,7.291,10.425,13.227,11.79,8.069,6.879,7.891
5.454,6.096,7.291,10.425,13.227,11.79,8.069,6.879,7.891,7.819
6.096,7.291,10.425,13.227,11.79,8.069,6.879,7.891,7.819,6.26
7.291,10.425,13.227,11.79,8.069,6.879,7.891,7.819,6.26,6.193
10.425,13.227,11.79,8.069,6.879,7.891,7.819,6.26,6.193,6.738
13.227,11.79,8.069,6.879,7.891,7.819,6.26,6.193,6.738,5.002
11.79,8.069,6.879,7.891,7.819,6.26,6.193,6.738,5.002,4.413
8.069,6.879,7.891,7.819,6.26,6.193,6.738,5.002,4.413,3.739
6.879,7.891,7.819,6.26,6.193,6.738,5.002,4.413,3.739,3.748
7.891,7.819,6.26,6.193,6.738,5.002,4.413,3.739,3.748,3.654
7.819,6.26,6.193,6.738,5.002,4.413,3.739,3.748,3.654,3.206
6.26,6.193,6.738,5.002,4.413,3.739,3.748,3.654,3.206,3.121
6.193,6.738,5.002,4.413,3.739,3.748,3.654,3.206,3.121,3.121
6.738,5.002,4.413,3.739,3.748,3.654,3.206,3.121,3.121,2.578
5.002,4.413,3.739,3.748,3.654,3.206,3.121,3.121,2.578,3.121
4.413,3.739,3.748,3.654,3.206,3.121,3.121,2.578,3.121,2.586
3.739,3.748,3.654,3.206,3.121,3.121,2.578,3.121,2.586,3.132
3.748,3.654,3.206,3.121,3.121,2.578,3.121,2.586,3.132,3.85
3.654,3.206,3.121,3.121,2.578,3.121,2.586,3.132,3.85,5.721
3.206,3.121,3.121,2.578,3.121,2.586,3.132,3.85,5.721,4.567
3.121,3.121,2.578,3.121,2.586,3.132,3.85,5.721,4.567,4.038
3.121,2.578,3.121,2.586,3.132,3.85,5.721,4.567,4.038,3.381
2.578,3.121,2.586,3.132,3.85,5.721,4.567,4.038,3.381,3.514
3.121,2.586,3.132,3.85,5.721,4.567,4.038,3.381,3.514,2.72
2.586,3.132,3.85,5.721,4.567,4.038,3.381,3.514,2.72,2.113
3.132,3.85,5.721,4.567,4.038,3.381,3.514,2.72,2.113,2.118
3.85,5.721,4.567,4.038,3.381,3.514,2.72,2.113,2.118,2.187
5.721,4.567,4.038,3.381,3.514,2.72,2.113,2.118,2.187,2.689
4.567,4.038,3.381,3.514,2.72,2.113,2.118,2.187,2.689,2.091
4.038,3.381,3.514,2.72,2.113,2.118,2.187,2.689,2.091,2.088
3.381,3.514,2.72,2.113,2.118,2.187,2.689,2.091,2.088,2.195
3.514,2.72,2.113,2.118,2.187,2.689,2.091,2.088,2.195,2.094
2.72,2.113,2.118,2.187,2.689,2.091,2.088,2.195,2.094,1.382
2.113,2.118,2.187,2.689,2.091,2.088,2.195,2.094,1.382,2.11
2.118,2.187,2.689,2.091,2.088,2.195,2.094,1.382,2.11,2.106
2.187,2.689,2.091,2.088,2.195,2.094,1.382,2.11,2.106,2.214
2.689,2.091,2.088,2.195,2.094,1.382,2.11,2.106,2.214,2.109
2.091,2.088,2.195,2.094,1.382,2.11,2.106,2.214,2.109,2.844
2.088,2.195,2.094,1.382,2.11,2.106,2.214,2.109,2.844,2.745
2.195,2.094,1.382,2.11,2.106,2.214,2.109,2.844,2.745,2.242
2.094,1.382,2.11,2.106,2.214,2.109,2.844,2.745,2.242,2.126
1.382,2.11,2.106,2.214,2.109,2.844,2.745,2.242,2.126,2.757
2.11,2.106,2.214,2.109,2.844,2.745,2.242,2.126,2.757,2.134
2.106,2.214,2.109,2.844,2.745,2.242,2.126,2.757,2.134,2.137
2.214,2.109,2.844,2.745,2.242,2.126,2.757,2.134,2.137,3.616
2.109,2.844,2.745,2.242,2.126,2.757,2.134,2.137,3.616,2.781
2.844,2.745,2.242,2.126,2.757,2.134,2.137,3.616,2.781,3.637
2.745,2.242,2.126,2.757,2.134,2.137,3.616,2.781,3.637,3.545
2.242,2.126,2.757,2.134,2.137,3.616,2.781,3.637,3.545,2.805
2.126,2.757,2.134,2.137,3.616,2.781,3.637,3.545,2.805,2.919
2.757,2.134,2.137,3.616,2.781,3.637,3.545,2.805,2.919,2.904
2.134,2.137,3.616,2.781,3.637,3.545,2.805,2.919,2.904,2.776
2.137,3.616,2.781,3.637,3.545,2.805,2.919,2.904,2.776,2.248
3.616,2.781,3.637,3.545,2.805,2.919,2.904,2.776,2.248,1.4
2.781,3.637,3.545,2.805,2.919,2.904,2.776,2.248,1.4,2.123
3.637,3.545,2.805,2.919,2.904,2.776,2.248,1.4,2.123,2.336
3.545,2.805,2.919,2.904,2.776,2.248,1.4,2.123,2.336,1.916
2.805,2.919,2.904,2.776,2.248,1.4,2.123,2.336,1.916,2.225
2.919,2.904,2.776,2.248,1.4,2.123,2.336,1.916,2.225,2.112
2.904,2.776,2.248,1.4,2.123,2.336,1.916,2.225,2.112,1.397
2.776,2.248,1.4,2.123,2.336,1.916,2.225,2.112,1.397,2.106
2.248,1.4,2.123,2.336,1.916,2.225,2.112,1.397,2.106,2.813
1.4,2.123,2.336,1.916,2.225,2.112,1.397,2.106,2.813,3.41
2.123,2.336,1.916,2.225,2.112,1.397,2.106,2.813,3.41,2.088
2.336,1.916,2.225,2.112,1.397,2.106,2.813,3.41,2.088,2.089
1.916,2.225,2.112,1.397,2.106,2.813,3.41,2.088,2.089,2.775
2.225,2.112,1.397,2.106,2.813,3.41,2.088,2.089,2.775,4.047
2.112,1.397,2.106,2.813,3.41,2.088,2.089,2.775,4.047,2.729
1.397,2.106,2.813,3.41,2.088,2.089,2.775,4.047,2.729,4.163
2.106,2.813,3.41,2.088,2.089,2.775,4.047,2.729,4.163,7.348
2.813,3.41,2.088,2.089,2.775,4.047,2.729,4.163,7.348,6.32
3.41,2.088,2.089,2.775,4.047,2.729,4.163,7.348,6.32,3.455
2.088,2.089,2.775,4.047,2.729,4.163,7.348,6.32,3.455,2.837
2.089,2.775,4.047,2.729,4.163,7.348,6.32,3.455,2.837,2.187
2.775,4.047,2.729,4.163,7.348,6.32,3.455,2.837,2.187,2.818
4.047,2.729,4.163,7.348,6.32,3.455,2.837,2.187,2.818,3.421
2.729,4.163,7.348,6.32,3.455,2.837,2.187,2.818,3.421,2.202
4.163,7.348,6.32,3.455,2.837,2.187,2.818,3.421,2.202,2.103
7.348,6.32,3.455,2.837,2.187,2.818,3.421,2.202,2.103,1.482
6.32,3.455,2.837,2.187,2.818,3.421,2.202,2.103,1.482,1.481
3.455,2.837,2.187,2.818,3.421,2.202,2.103,1.482,1.481,1.481
2.837,2.187,2.818,3.421,2.202,2.103,1.482,1.481,1.481,1.474
2.187,2.818,3.421,2.202,2.103,1.482,1.481,1.481,1.474,1.461
2.818,3.421,2.202,2.103,1.482,1.481,1.481,1.474,1.461,1.773
3.421,2.202,2.103,1.482,1.481,1.481,1.474,1.461,1.773,3.216
2.202,2.103,1.482,1.481,1.481,1.474,1.461,1.773,3.216,2.888
2.103,1.482,1.481,1.481,1.474,1.461,1.773,3.216,2.888,1.387
1.482,1.481,1.481,1.474,1.461,1.773,3.216,2.888,1.387,1.474
1.481,1.481,1.474,1.461,1.773,3.216,2.888,1.387,1.474,1.477
1.481,1.474,1.461,1.773,3.216,2.888,1.387,1.474,1.477,1.452
1.474,1.461,1.773,3.216,2.888,1.387,1.474,1.477,1.452,1.442
1.461,1.773,3.216,2.888,1.387,1.474,1.477,1.452,1.442,1.444
1.773,3.216,2.888,1.387,1.474,1.477,1.452,1.442,1.444,1.446
3.216,2.888,1.387,1.474,1.477,1.452,1.442,1.444,1.446,1.444
2.888,1.387,1.474,1.477,1.452,1.442,1.444,1.446,1.444,1.443
1.387,1.474,1.477,1.452,1.442,1.444,1.446,1.444,1.443,0.829
1.474,1.477,1.452,1.442,1.444,1.446,1.444,1.443,0.829,1.444
1.477,1.452,1.442,1.444,1.446,1.444,1.443,0.829,1.444,0.722
1.452,1.442,1.444,1.446,1.444,1.443,0.829,1.444,0.722,0.838
1.442,1.444,1.446,1.444,1.443,0.829,1.444,0.722,0.838,0.785
1.444,1.446,1.444,1.443,0.829,1.444,0.722,0.838,0.785,0.785
1.446,1.444,1.443,0.829,1.444,0.722,0.838,0.785,0.785,1.506
1.444,1.443,0.829,1.444,0.722,0.838,0.785,0.785,1.506,0.786
1.443,0.829,1.444,0.722,0.838,0.785,0.785,1.506,0.786,0.786
0.829,1.444,0.722,0.838,0.785,0.785,1.506,0.786,0.786,0.786
1.444,0.722,0.838,0.785,0.785,1.506,0.786,0.786,0.786,1.4
0.722,0.838,0.785,0.785,1.506,0.786,0.786,0.786,1.4,0.802
0.838,0.785,0.785,1.506,0.786,0.786,0.786,1.4,0.802,0.802
0.785,0.785,1.506,0.786,0.786,0.786,1.4,0.802,0.802,0.802
0.785,1.506,0.786,0.786,0.786,1.4,0.802,0.802,0.802,0.8
1.506,0.786,0.786,0.786,1.4,0.802,0.802,0.802,0.8,0.802
0.786,0.786,0.786,1.4,0.802,0.802,0.802,0.8,0.802,0.786
0.786,0.786,1.4,0.802,0.802,0.802,0.8,0.802,0.786,2.016
0.786,1.4,0.802,0.802,0.802,0.8,0.802,0.786,2.016,1.609
1.4,0.802,0.802,0.802,0.8,0.802,0.786,2.016,1.609,1.404
0.802,0.802,0.802,0.8,0.802,0.786,2.016,1.609,1.404,0.784
0.802,0.802,0.8,0.802,0.786,2.016,1.609,1.404,0.784,0.784
0.802,0.8,0.802,0.786,2.016,1.609,1.404,0.784,0.784,1.503
0.8,0.802,0.786,2.016,1.609,1.404,0.784,0.784,1.503,1.504
0.802,0.786,2.016,1.609,1.404,0.784,0.784,1.503,1.504,3.455
0.786,2.016,1.609,1.404,0.784,0.784,1.503,1.504,3.455,3.458
2.016,1.609,1.404,0.784,0.784,1.503,1.504,3.455,3.458,2.148
1.609,1.404,0.784,0.784,1.503,1.504,3.455,3.458,2.148,0.786
1.404,0.784,0.784,1.503,1.504,3.455,3.458,2.148,0.786,2.166
0.784,0.784,1.503,1.504,3.455,3.458,2.148,0.786,2.166,0.784
0.784,1.503,1.504,3.455,3.458,2.148,0.786,2.166,0.784,2.166
1.503,1.504,3.455,3.458,2.148,0.786,2.166,0.784,2.166,1.535
1.504,3.455,3.458,2.148,0.786,2.166,0.784,2.166,1.535,0.784
3.455,3.458,2.148,0.786,2.166,0.784,2.166,1.535,0.784,1.432
3.458,2.148,0.786,2.166,0.784,2.166,1.535,0.784,1.432,2.95
2.148,0.786,2.166,0.784,2.166,1.535,0.784,1.432,2.95,2.975
0.786,2.166,0.784,2.166,1.535,0.784,1.432,2.95,2.975,1.427
2.166,0.784,2.166,1.535,0.784,1.432,2.95,2.975,1.427,2.315
0.784,2.166,1.535,0.784,1.432,2.95,2.975,1.427,2.315,4.589
2.166,1.535,0.784,1.432,2.95,2.975,1.427,2.315,4.589,6.431
1.535,0.784,1.432,2.95,2.975,1.427,2.315,4.589,6.431,4.179
0.784,1.432,2.95,2.975,1.427,2.315,4.589,6.431,4.179,1.922
1.432,2.95,2.975,1.427,2.315,4.589,6.431,4.179,1.922,1.914
2.95,2.975,1.427,2.315,4.589,6.431,4.179,1.922,1.914,1.807
2.975,1.427,2.315,4.589,6.431,4.179,1.922,1.914,1.807,1.918
1.427,2.315,4.589,6.431,4.179,1.922,1.914,1.807,1.918,1.898
2.315,4.589,6.431,4.179,1.922,1.914,1.807,1.918,1.898,2.743
4.589,6.431,4.179,1.922,1.914,1.807,1.918,1.898,2.743,2.741
6.431,4.179,1.922,1.914,1.807,1.918,1.898,2.743,2.741,2.067
4.179,1.922,1.914,1.807,1.918,1.898,2.743,2.741,2.067,2.733
1.922,1.914,1.807,1.918,1.898,2.743,2.741,2.067,2.733,2.723
1.914,1.807,1.918,1.898,2.743,2.741,2.067,2.733,2.723,1.941
1.807,1.918,1.898,2.743,2.741,2.067,2.733,2.723,1.941,1.878
1.918,1.898,2.743,2.741,2.067,2.733,2.723,1.941,1.878,1.139
1.898,2.743,2.741,2.067,2.733,2.723,1.941,1.878,1.139,1.928
2.743,2.741,2.067,2.733,2.723,1.941,1.878,1.139,1.928,1.918
2.741,2.067,2.733,2.723,1.941,1.878,1.139,1.928,1.918,1.935
2.067,2.733,2.723,1.941,1.878,1.139,1.928,1.918,1.935,1.193
2.733,2.723,1.941,1.878,1.139,1.928,1.918,1.935,1.193,3.88
2.723,1.941,1.878,1.139,1.928,1.918,1.935,1.193,3.88,7.791
1.941,1.878,1.139,1.928,1.918,1.935,1.193,3.88,7.791,5.437
1.878,1.139,1.928,1.918,1.935,1.193,3.88,7.791,5.437,3.981
1.139,1.928,1.918,1.935,1.193,3.88,7.791,5.437,3.981,4.182
1.928,1.918,1.935,1.193,3.88,7.791,5.437,3.981,4.182,6.937
1.918,1.935,1.193,3.88,7.791,5.437,3.981,4.182,6.937,4.827
1.935,1.193,3.88,7.791,5.437,3.981,4.182,6.937,4.827,3.356
1.193,3.88,7.791,5.437,3.981,4.182,6.937,4.827,3.356,1.878
3.88,7.791,5.437,3.981,4.182,6.937,4.827,3.356,1.878,2.68
7.791,5.437,3.981,4.182,6.937,4.827,3.356,1.878,2.68,1.904
5.437,3.981,4.182,6.937,4.827,3.356,1.878,2.68,1.904,1.897
3.981,4.182,6.937,4.827,3.356,1.878,2.68,1.904,1.897,1.801
4.182,6.937,4.827,3.356,1.878,2.68,1.904,1.897,1.801,2.669
6.937,4.827,3.356,1.878,2.68,1.904,1.897,1.801,2.669,1.926
4.827,3.356,1.878,2.68,1.904,1.897,1.801,2.669,1.926,1.921
3.356,1.878,2.68,1.904,1.897,1.801,2.669,1.926,1.921,1.942
1.878,2.68,1.904,1.897,1.801,2.669,1.926,1.921,1.942,2.653
2.68,1.904,1.897,1.801,2.669,1.926,1.921,1.942,2.653,1.156
1.904,1.897,1.801,2.669,1.926,1.921,1.942,2.653,1.156,1.967
1.897,1.801,2.669,1.926,1.921,1.942,2.653,1.156,1.967,2.567
1.801,2.669,1.926,1.921,1.942,2.653,1.156,1.967,2.567,2.566
2.669,1.926,1.921,1.942,2.653,1.156,1.967,2.567,2.566,3.203
1.926,1.921,1.942,2.653,1.156,1.967,2.567,2.566,3.203,3.18
1.921,1.942,2.653,1.156,1.967,2.567,2.566,3.203,3.18,2.551
1.942,2.653,1.156,1.967,2.567,2.566,3.203,3.18,2.551,3.256
2.653,1.156,1.967,2.567,2.566,3.203,3.18,2.551,3.256,2.423
1.156,1.967,2.567,2.566,3.203,3.18,2.551,3.256,2.423,2.069
1.967,2.567,2.566,3.203,3.18,2.551,3.256,2.423,2.069,2.604
2.567,2.566,3.203,3.18,2.551,3.256,2.423,2.069,2.604,1.518
2.566,3.203,3.18,2.551,3.256,2.423,2.069,2.604,1.518,4.146
3.203,3.18,2.551,3.256,2.423,2.069,2.604,1.518,4.146,1.573
3.18,2.551,3.256,2.423,2.069,2.604,1.518,4.146,1.573,2.375
2.551,3.256,2.423,2.069,2.604,1.518,4.146,1.573,2.375,5.636
3.256,2.423,2.069,2.604,1.518,4.146,1.573,2.375,5.636,7.629
2.423,2.069,2.604,1.518,4.146,1.573,2.375,5.636,7.629,3.486
2.069,2.604,1.518,4.146,1.573,2.375,5.636,7.629,3.486,4.666
2.604,1.518,4.146,1.573,2.375,5.636,7.629,3.486,4.666,3.67
1.518,4.146,1.573,2.375,5.636,7.629,3.486,4.666,3.67,3.27
4.146,1.573,2.375,5.636,7.629,3.486,4.666,3.67,3.27,2.7
1.573,2.375,5.636,7.629,3.486,4.666,3.67,3.27,2.7,3.266
2.375,5.636,7.629,3.486,4.666,3.67,3.27,2.7,3.266,3
5.636,7.629,3.486,4.666,3.67,3.27,2.7,3.266,3,2.537
7.629,3.486,4.666,3.67,3.27,2.7,3.266,3,2.537,2.526
3.486,4.666,3.67,3.27,2.7,3.266,3,2.537,2.526,2.606
4.666,3.67,3.27,2.7,3.266,3,2.537,2.526,2.606,1.967
3.67,3.27,2.7,3.266,3,2.537,2.526,2.606,1.967,1.35
3.27,2.7,3.266,3,2.537,2.526,2.606,1.967,1.35,1.97
2.7,3.266,3,2.537,2.526,2.606,1.967,1.35,1.97,1.953
3.266,3,2.537,2.526,2.606,1.967,1.35,1.97,1.953,1.955
3,2.537,2.526,2.606,1.967,1.35,1.97,1.953,1.955,2.448
2.537,2.526,2.606,1.967,1.35,1.97,1.953,1.955,2.448,3.135
2.526,2.606,1.967,1.35,1.97,1.953,1.955,2.448,3.135,2.599
2.606,1.967,1.35,1.97,1.953,1.955,2.448,3.135,2.599,2.5
1.967,1.35,1.97,1.953,1.955,2.448,3.135,2.599,2.5,1.955
1.35,1.97,1.953,1.955,2.448,3.135,2.599,2.5,1.955,2.495
1.97,1.953,1.955,2.448,3.135,2.599,2.5,1.955,2.495,2.582
1.953,1.955,2.448,3.135,2.599,2.5,1.955,2.495,2.582,2.485
1.955,2.448,3.135,2.599,2.5,1.955,2.495,2.582,2.485,2.578
2.448,3.135,2.599,2.5,1.955,2.495,2.582,2.485,2.578,1.917
3.135,2.599,2.5,1.955,2.495,2.582,2.485,2.578,1.917,1.836
2.599,2.5,1.955,2.495,2.582,2.485,2.578,1.917,1.836,1.924
2.5,1.955,2.495,2.582,2.485,2.578,1.917,1.836,1.924,2.554
1.955,2.495,2.582,2.485,2.578,1.917,1.836,1.924,2.554,1.912
2.495,2.582,2.485,2.578,1.917,1.836,1.924,2.554,1.912,1.249
2.582,2.485,2.578,1.917,1.836,1.924,2.554,1.912,1.249,2.54
2.485,2.578,1.917,1.836,1.924,2.554,1.912,1.249,2.54,1.786
2.578,1.917,1.836,1.924,2.554,1.912,1.249,2.54,1.786,1.881
1.917,1.836,1.924,2.554,1.912,1.249,2.54,1.786,1.881,1.88
1.836,1.924,2.554,1.912,1.249,2.54,1.786,1.881,1.88,1.322
1.924,2.554,1.912,1.249,2.54,1.786,1.881,1.88,1.322,1.792
2.554,1.912,1.249,2.54,1.786,1.881,1.88,1.322,1.792,1.882
1.912,1.249,2.54,1.786,1.881,1.88,1.322,1.792,1.882,2.53
1.249,2.54,1.786,1.881,1.88,1.322,1.792,1.882,2.53,11.007
2.54,1.786,1.881,1.88,1.322,1.792,1.882,2.53,11.007,11.434
1.786,1.881,1.88,1.322,1.792,1.882,2.53,11.007,11.434,8.03
1.881,1.88,1.322,1.792,1.882,2.53,11.007,11.434,8.03,4.353
1.88,1.322,1.792,1.882,2.53,11.007,11.434,8.03,4.353,5.952
1.322,1.792,1.882,2.53,11.007,11.434,8.03,4.353,5.952,13.983
1.792,1.882,2.53,11.007,11.434,8.03,4.353,5.952,13.983,14.886
1.882,2.53,11.007,11.434,8.03,4.353,5.952,13.983,14.886,10.783
2.53,11.007,11.434,8.03,4.353,5.952,13.983,14.886,10.783,5.764
11.007,11.434,8.03,4.353,5.952,13.983,14.886,10.783,5.764,10.725
11.434,8.03,4.353,5.952,13.983,14.886,10.783,5.764,10.725,8.971
8.03,4.353,5.952,13.983,14.886,10.783,5.764,10.725,8.971,7.759
4.353,5.952,13.983,14.886,10.783,5.764,10.725,8.971,7.759,5.524
5.952,13.983,14.886,10.783,5.764,10.725,8.971,7.759,5.524,5.693
13.983,14.886,10.783,5.764,10.725,8.971,7.759,5.524,5.693,5.954
14.886,10.783,5.764,10.725,8.971,7.759,5.524,5.693,5.954,6.843
10.783,5.764,10.725,8.971,7.759,5.524,5.693,5.954,6.843,6.709
5.764,10.725,8.971,7.759,5.524,5.693,5.954,6.843,6.709,6.373
10.725,8.971,7.759,5.524,5.693,5.954,6.843,6.709,6.373,5.906
8.971,7.759,5.524,5.693,5.954,6.843,6.709,6.373,5.906,5.355
7.759,5.524,5.693,5.954,6.843,6.709,6.373,5.906,5.355,4.695
5.524,5.693,5.954,6.843,6.709,6.373,5.906,5.355,4.695,4.148
5.693,5.954,6.843,6.709,6.373,5.906,5.355,4.695,4.148,4.669
5.954,6.843,6.709,6.373,5.906,5.355,4.695,4.148,4.669,4.176
6.843,6.709,6.373,5.906,5.355,4.695,4.148,4.669,4.176,3.69
6.709,6.373,5.906,5.355,4.695,4.148,4.669,4.176,3.69,3.55
6.373,5.906,5.355,4.695,4.148,4.669,4.176,3.69,3.55,3.67
5.906,5.355,4.695,4.148,4.669,4.176,3.69,3.55,3.67,3.671
5.355,4.695,4.148,4.669,4.176,3.69,3.55,3.67,3.671,3.643
4.695,4.148,4.669,4.176,3.69,3.55,3.67,3.671,3.643,4.742
4.148,4.669,4.176,3.69,3.55,3.67,3.671,3.643,4.742,4.493
4.669,4.176,3.69,3.55,3.67,3.671,3.643,4.742,4.493,12.04
4.176,3.69,3.55,3.67,3.671,3.643,4.742,4.493,12.04,17.84
3.69,3.55,3.67,3.671,3.643,4.742,4.493,12.04,17.84,13.739
3.55,3.67,3.671,3.643,4.742,4.493,12.04,17.84,13.739,9.397
3.67,3.671,3.643,4.742,4.493,12.04,17.84,13.739,9.397,10.016
3.671,3.643,4.742,4.493,12.04,17.84,13.739,9.397,10.016,8.137
3.643,4.742,4.493,12.04,17.84,13.739,9.397,10.016,8.137,7.051
4.742,4.493,12.04,17.84,13.739,9.397,10.016,8.137,7.051,5.972
4.493,12.04,17.84,13.739,9.397,10.016,8.137,7.051,5.972,5.968
12.04,17.84,13.739,9.397,10.016,8.137,7.051,5.972,5.968,5.327
17.84,13.739,9.397,10.016,8.137,7.051,5.972,5.968,5.327,4.669
13.739,9.397,10.016,8.137,7.051,5.972,5.968,5.327,4.669,5.287
9.397,10.016,8.137,7.051,5.972,5.968,5.327,4.669,5.287,4.749
10.016,8.137,7.051,5.972,5.968,5.327,4.669,5.287,4.749,5.302
8.137,7.051,5.972,5.968,5.327,4.669,5.287,4.749,5.302,4.688
7.051,5.972,5.968,5.327,4.669,5.287,4.749,5.302,4.688,4.757
5.972,5.968,5.327,4.669,5.287,4.749,5.302,4.688,4.757,5.788
5.968,5.327,4.669,5.287,4.749,5.302,4.688,4.757,5.788,4.71
5.327,4.669,5.287,4.749,5.302,4.688,4.757,5.788,4.71,4.64
4.669,5.287,4.749,5.302,4.688,4.757,5.788,4.71,4.64,4.644
5.287,4.749,5.302,4.688,4.757,5.788,4.71,4.64,4.644,4.118
4.749,5.302,4.688,4.757,5.788,4.71,4.64,4.644,4.118,3.038
5.302,4.688,4.757,5.788,4.71,4.64,4.644,4.118,3.038,3.148
4.688,4.757,5.788,4.71,4.64,4.644,4.118,3.038,3.148,4.868
4.757,5.788,4.71,4.64,4.644,4.118,3.038,3.148,4.868,4.873
5.788,4.71,4.64,4.644,4.118,3.038,3.148,4.868,4.873,4.262
4.71,4.64,4.644,4.118,3.038,3.148,4.868,4.873,4.262,3.643
4.64,4.644,4.118,3.038,3.148,4.868,4.873,4.262,3.643,4.269
4.644,4.118,3.038,3.148,4.868,4.873,4.262,3.643,4.269,3.736
4.118,3.038,3.148,4.868,4.873,4.262,3.643,4.269,3.736,4.829
3.038,3.148,4.868,4.873,4.262,3.643,4.269,3.736,4.829,15.134
3.148,4.868,4.873,4.262,3.643,4.269,3.736,4.829,15.134,29.959
4.868,4.873,4.262,3.643,4.269,3.736,4.829,15.134,29.959,32.6
4.873,4.262,3.643,4.269,3.736,4.829,15.134,29.959,32.6,22.518
4.262,3.643,4.269,3.736,4.829,15.134,29.959,32.6,22.518,14.819
3.643,4.269,3.736,4.829,15.134,29.959,32.6,22.518,14.819,16.718
4.269,3.736,4.829,15.134,29.959,32.6,22.518,14.819,16.718,33.959
3.736,4.829,15.134,29.959,32.6,22.518,14.819,16.718,33.959,51.526
4.829,15.134,29.959,32.6,22.518,14.819,16.718,33.959,51.526,31.982
15.134,29.959,32.6,22.518,14.819,16.718,33.959,51.526,31.982,22.129
29.959,32.6,22.518,14.819,16.718,33.959,51.526,31.982,22.129,17.512
32.6,22.518,14.819,16.718,33.959,51.526,31.982,22.129,17.512,13.431
22.518,14.819,16.718,33.959,51.526,31.982,22.129,17.512,13.431,12.1
14.819,16.718,33.959,51.526,31.982,22.129,17.512,13.431,12.1,12.579
16.718,33.959,51.526,31.982,22.129,17.512,13.431,12.1,12.579,11.551
33.959,51.526,31.982,22.129,17.512,13.431,12.1,12.579,11.551,10.115
51.526,31.982,22.129,17.512,13.431,12.1,12.579,11.551,10.115,9.887
31.982,22.129,17.512,13.431,12.1,12.579,11.551,10.115,9.887,10.019
22.129,17.512,13.431,12.1,12.579,11.551,10.115,9.887,10.019,9.185
17.512,13.431,12.1,12.579,11.551,10.115,9.887,10.019,9.185,9.155
13.431,12.1,12.579,11.551,10.115,9.887,10.019,9.185,9.155,8.602
12.1,12.579,11.551,10.115,9.887,10.019,9.185,9.155,8.602,7.717
12.579,11.551,10.115,9.887,10.019,9.185,9.155,8.602,7.717,7.724
11.551,10.115,9.887,10.019,9.185,9.155,8.602,7.717,7.724,5.995
10.115,9.887,10.019,9.185,9.155,8.602,7.717,7.724,5.995,6.077
9.887,10.019,9.185,9.155,8.602,7.717,7.724,5.995,6.077,5.207
10.019,9.185,9.155,8.602,7.717,7.724,5.995,6.077,5.207,5.941
9.185,9.155,8.602,7.717,7.724,5.995,6.077,5.207,5.941,5.206
9.155,8.602,7.717,7.724,5.995,6.077,5.207,5.941,5.206,5.94
8.602,7.717,7.724,5.995,6.077,5.207,5.941,5.206,5.94,9.39
7.717,7.724,5.995,6.077,5.207,5.941,5.206,5.94,9.39,10.713
7.724,5.995,6.077,5.207,5.941,5.206,5.94,9.39,10.713,8.622
5.995,6.077,5.207,5.941,5.206,5.94,9.39,10.713,8.622,7.291
6.077,5.207,5.941,5.206,5.94,9.39,10.713,8.622,7.291,5.965
5.207,5.941,5.206,5.94,9.39,10.713,8.622,7.291,5.965,6.679
5.941,5.206,5.94,9.39,10.713,8.622,7.291,5.965,6.679,5.961
5.206,5.94,9.39,10.713,8.622,7.291,5.965,6.679,5.961,7.974
5.94,9.39,10.713,8.622,7.291,5.965,6.679,5.961,7.974,6.562
9.39,10.713,8.622,7.291,5.965,6.679,5.961,7.974,6.562,6.649
10.713,8.622,7.291,5.965,6.679,5.961,7.974,6.562,6.649,5.945
8.622,7.291,5.965,6.679,5.961,7.974,6.562,6.649,5.945,5.963
7.291,5.965,6.679,5.961,7.974,6.562,6.649,5.945,5.963,5.597
5.965,6.679,5.961,7.974,6.562,6.649,5.945,5.963,5.597,4.793
6.679,5.961,7.974,6.562,6.649,5.945,5.963,5.597,4.793,5.341
5.961,7.974,6.562,6.649,5.945,5.963,5.597,4.793,5.341,4.525
7.974,6.562,6.649,5.945,5.963,5.597,4.793,5.341,4.525,4.63
6.562,6.649,5.945,5.963,5.597,4.793,5.341,4.525,4.63,4.03
6.649,5.945,5.963,5.597,4.793,5.341,4.525,4.63,4.03,3.898
5.945,5.963,5.597,4.793,5.341,4.525,4.63,4.03,3.898,4.083
5.963,5.597,4.793,5.341,4.525,4.63,4.03,3.898,4.083,3.93
5.597,4.793,5.341,4.525,4.63,4.03,3.898,4.083,3.93,3.312
4.793,5.341,4.525,4.63,4.03,3.898,4.083,3.93,3.312,4.032
5.341,4.525,4.63,4.03,3.898,4.083,3.93,3.312,4.032,3.924
4.525,4.63,4.03,3.898,4.083,3.93,3.312,4.032,3.924,4.029
4.63,4.03,3.898,4.083,3.93,3.312,4.032,3.924,4.029,3.917
4.03,3.898,4.083,3.93,3.312,4.032,3.924,4.029,3.917,3.314
3.898,4.083,3.93,3.312,4.032,3.924,4.029,3.917,3.314,4.022
4.083,3.93,3.312,4.032,3.924,4.029,3.917,3.314,4.022,3.309
3.93,3.312,4.032,3.924,4.029,3.917,3.314,4.022,3.309,3.923
3.312,4.032,3.924,4.029,3.917,3.314,4.022,3.309,3.923,3.307
4.032,3.924,4.029,3.917,3.314,4.022,3.309,3.923,3.307,3.307
3.924,4.029,3.917,3.314,4.022,3.309,3.923,3.307,3.307,4.005
4.029,3.917,3.314,4.022,3.309,3.923,3.307,3.307,4.005,3.311
3.917,3.314,4.022,3.309,3.923,3.307,3.307,4.005,3.311,4.003
3.314,4.022,3.309,3.923,3.307,3.307,4.005,3.311,4.003,3.912
4.022,3.309,3.923,3.307,3.307,4.005,3.311,4.003,3.912,3.305
3.309,3.923,3.307,3.307,4.005,3.311,4.003,3.912,3.305,4.014
3.923,3.307,3.307,4.005,3.311,4.003,3.912,3.305,4.014,3.901
3.307,3.307,4.005,3.311,4.003,3.912,3.305,4.014,3.901,4.615
3.307,4.005,3.311,4.003,3.912,3.305,4.014,3.901,4.615,4.606
4.005,3.311,4.003,3.912,3.305,4.014,3.901,4.615,4.606,5.299
3.311,4.003,3.912,3.305,4.014,3.901,4.615,4.606,5.299,4.011
4.003,3.912,3.305,4.014,3.901,4.615,4.606,5.299,4.011,3.912
3.912,3.305,4.014,3.901,4.615,4.606,5.299,4.011,3.912,3.319
3.305,4.014,3.901,4.615,4.606,5.299,4.011,3.912,3.319,3.099
4.014,3.901,4.615,4.606,5.299,4.011,3.912,3.319,3.099,3.521
3.901,4.615,4.606,5.299,4.011,3.912,3.319,3.099,3.521,3.317
4.615,4.606,5.299,4.011,3.912,3.319,3.099,3.521,3.317,3.312
4.606,5.299,4.011,3.912,3.319,3.099,3.521,3.317,3.312,3.313
5.299,4.011,3.912,3.319,3.099,3.521,3.317,3.312,3.313,3.315
4.011,3.912,3.319,3.099,3.521,3.317,3.312,3.313,3.315,2.596
3.912,3.319,3.099,3.521,3.317,3.312,3.313,3.315,2.596,3.314
3.319,3.099,3.521,3.317,3.312,3.313,3.315,2.596,3.314,2.69
3.099,3.521,3.317,3.312,3.313,3.315,2.596,3.314,2.69,3.461
3.521,3.317,3.312,3.313,3.315,2.596,3.314,2.69,3.461,3.399
3.317,3.312,3.313,3.315,2.596,3.314,2.69,3.461,3.399,2.683
3.312,3.313,3.315,2.596,3.314,2.69,3.461,3.399,2.683,3.171
3.313,3.315,2.596,3.314,2.69,3.461,3.399,2.683,3.171,4.121
3.315,2.596,3.314,2.69,3.461,3.399,2.683,3.171,4.121,3.305
2.596,3.314,2.69,3.461,3.399,2.683,3.171,4.121,3.305,2.672
3.314,2.69,3.461,3.399,2.683,3.171,4.121,3.305,2.672,3.394
2.69,3.461,3.399,2.683,3.171,4.121,3.305,2.672,3.394,2.683
3.461,3.399,2.683,3.171,4.121,3.305,2.672,3.394,2.683,2.688
3.399,2.683,3.171,4.121,3.305,2.672,3.394,2.683,2.688,1.669
2.683,3.171,4.121,3.305,2.672,3.394,2.683,2.688,1.669,2.8
3.171,4.121,3.305,2.672,3.394,2.683,2.688,1.669,2.8,2.705
4.121,3.305,2.672,3.394,2.683,2.688,1.669,2.8,2.705,2.083
3.305,2.672,3.394,2.683,2.688,1.669,2.8,2.705,2.083,2.806
2.672,3.394,2.683,2.688,1.669,2.8,2.705,2.083,2.806,2.701
3.394,2.683,2.688,1.669,2.8,2.705,2.083,2.806,2.701,2.087
2.683,2.688,1.669,2.8,2.705,2.083,2.806,2.701,2.087,2.803
2.688,1.669,2.8,2.705,2.083,2.806,2.701,2.087,2.803,2.086
1.669,2.8,2.705,2.083,2.806,2.701,2.087,2.803,2.086,2.106
2.8,2.705,2.083,2.806,2.701,2.087,2.803,2.086,2.106,2.173
2.705,2.083,2.806,2.701,2.087,2.803,2.086,2.106,2.173,2.182
2.083,2.806,2.701,2.087,2.803,2.086,2.106,2.173,2.182,2.079
2.806,2.701,2.087,2.803,2.086,2.106,2.173,2.182,2.079,2.194
2.701,2.087,2.803,2.086,2.106,2.173,2.182,2.079,2.194,1.45
2.087,2.803,2.086,2.106,2.173,2.182,2.079,2.194,1.45,1.448
2.803,2.086,2.106,2.173,2.182,2.079,2.194,1.45,1.448,2.798
2.086,2.106,2.173,2.182,2.079,2.194,1.45,1.448,2.798,2.185
2.106,2.173,2.182,2.079,2.194,1.45,1.448,2.798,2.185,2.128
2.173,2.182,2.079,2.194,1.45,1.448,2.798,2.185,2.128,2.844
2.182,2.079,2.194,1.45,1.448,2.798,2.185,2.128,2.844,2.126
2.079,2.194,1.45,1.448,2.798,2.185,2.128,2.844,2.126,2.133
2.194,1.45,1.448,2.798,2.185,2.128,2.844,2.126,2.133,2.847
1.45,1.448,2.798,2.185,2.128,2.844,2.126,2.133,2.847,2.743
1.448,2.798,2.185,2.128,2.844,2.126,2.133,2.847,2.743,2.128
2.798,2.185,2.128,2.844,2.126,2.133,2.847,2.743,2.128,2.209
2.185,2.128,2.844,2.126,2.133,2.847,2.743,2.128,2.209,2.118
2.128,2.844,2.126,2.133,2.847,2.743,2.128,2.209,2.118,1.5
2.844,2.126,2.133,2.847,2.743,2.128,2.209,2.118,1.5,1.493
2.126,2.133,2.847,2.743,2.128,2.209,2.118,1.5,1.493,1.528
2.133,2.847,2.743,2.128,2.209,2.118,1.5,1.493,1.528,2.112
2.847,2.743,2.128,2.209,2.118,1.5,1.493,1.528,2.112,1.501
2.743,2.128,2.209,2.118,1.5,1.493,1.528,2.112,1.501,2.112
2.128,2.209,2.118,1.5,1.493,1.528,2.112,1.501,2.112,1.401
2.209,2.118,1.5,1.493,1.528,2.112,1.501,2.112,1.401,2.223
2.118,1.5,1.493,1.528,2.112,1.501,2.112,1.401,2.223,2.116
1.5,1.493,1.528,2.112,1.501,2.112,1.401,2.223,2.116,1.404
1.493,1.528,2.112,1.501,2.112,1.401,2.223,2.116,1.404,1.496
1.528,2.112,1.501,2.112,1.401,2.223,2.116,1.404,1.496,1.402
2.112,1.501,2.112,1.401,2.223,2.116,1.404,1.496,1.402,1.495
1.501,2.112,1.401,2.223,2.116,1.404,1.496,1.402,1.495,2.098
2.112,1.401,2.223,2.116,1.404,1.496,1.402,1.495,2.098,2.128
1.401,2.223,2.116,1.404,1.496,1.402,1.495,2.098,2.128,1.511
2.223,2.116,1.404,1.496,1.402,1.495,2.098,2.128,1.511,1.413
2.116,1.404,1.496,1.402,1.495,2.098,2.128,1.511,1.413,1.528
1.404,1.496,1.402,1.495,2.098,2.128,1.511,1.413,1.528,0.795
1.496,1.402,1.495,2.098,2.128,1.511,1.413,1.528,0.795,1.433
1.402,1.495,2.098,2.128,1.511,1.413,1.528,0.795,1.433,1.546
1.495,2.098,2.128,1.511,1.413,1.528,0.795,1.433,1.546,0.795
2.098,2.128,1.511,1.413,1.528,0.795,1.433,1.546,0.795,1.442
2.128,1.511,1.413,1.528,0.795,1.433,1.546,0.795,1.442,1.546
1.511,1.413,1.528,0.795,1.433,1.546,0.795,1.442,1.546,3.518
1.413,1.528,0.795,1.433,1.546,0.795,1.442,1.546,3.518,6.798
1.528,0.795,1.433,1.546,0.795,1.442,1.546,3.518,6.798,4.432
0.795,1.433,1.546,0.795,1.442,1.546,3.518,6.798,4.432,2.41
1.433,1.546,0.795,1.442,1.546,3.518,6.798,4.432,2.41,1.486
1.546,0.795,1.442,1.546,3.518,6.798,4.432,2.41,1.486,2.31
0.795,1.442,1.546,3.518,6.798,4.432,2.41,1.486,2.31,5.382
1.442,1.546,3.518,6.798,4.432,2.41,1.486,2.31,5.382,5.353
1.546,3.518,6.798,4.432,2.41,1.486,2.31,5.382,5.353,2.103
3.518,6.798,4.432,2.41,1.486,2.31,5.382,5.353,2.103,2.121
6.798,4.432,2.41,1.486,2.31,5.382,5.353,2.103,2.121,2.122
4.432,2.41,1.486,2.31,5.382,5.353,2.103,2.121,2.122,1.425
2.41,1.486,2.31,5.382,5.353,2.103,2.121,2.122,1.425,1.309
1.486,2.31,5.382,5.353,2.103,2.121,2.122,1.425,1.309,2.285
2.31,5.382,5.353,2.103,2.121,2.122,1.425,1.309,2.285,3.816
5.382,5.353,2.103,2.121,2.122,1.425,1.309,2.285,3.816,2.302
5.353,2.103,2.121,2.122,1.425,1.309,2.285,3.816,2.302,2.314
2.103,2.121,2.122,1.425,1.309,2.285,3.816,2.302,2.314,2.266
2.121,2.122,1.425,1.309,2.285,3.816,2.302,2.314,2.266,1.471
2.122,1.425,1.309,2.285,3.816,2.302,2.314,2.266,1.471,2.176
1.425,1.309,2.285,3.816,2.302,2.314,2.266,1.471,2.176,2.251
1.309,2.285,3.816,2.302,2.314,2.266,1.471,2.176,2.251,1.887
2.285,3.816,2.302,2.314,2.266,1.471,2.176,2.251,1.887,3.389
3.816,2.302,2.314,2.266,1.471,2.176,2.251,1.887,3.389,1.768
2.302,2.314,2.266,1.471,2.176,2.251,1.887,3.389,1.768,1.891
2.314,2.266,1.471,2.176,2.251,1.887,3.389,1.768,1.891,1.6
2.266,1.471,2.176,2.251,1.887,3.389,1.768,1.891,1.6,1.27
1.471,2.176,2.251,1.887,3.389,1.768,1.891,1.6,1.27,1.493
2.176,2.251,1.887,3.389,1.768,1.891,1.6,1.27,1.493,1.463
2.251,1.887,3.389,1.768,1.891,1.6,1.27,1.493,1.463,0.738
1.887,3.389,1.768,1.891,1.6,1.27,1.493,1.463,0.738,1.53
3.389,1.768,1.891,1.6,1.27,1.493,1.463,0.738,1.53,1.606
1.768,1.891,1.6,1.27,1.493,1.463,0.738,1.53,1.606,0.797
1.891,1.6,1.27,1.493,1.463,0.738,1.53,1.606,0.797,1.492
1.6,1.27,1.493,1.463,0.738,1.53,1.606,0.797,1.492,1.417
1.27,1.493,1.463,0.738,1.53,1.606,0.797,1.492,1.417,2.267
1.493,1.463,0.738,1.53,1.606,0.797,1.492,1.417,2.267,1.281
1.463,0.738,1.53,1.606,0.797,1.492,1.417,2.267,1.281,2.92
0.738,1.53,1.606,0.797,1.492,1.417,2.267,1.281,2.92,4.056
1.53,1.606,0.797,1.492,1.417,2.267,1.281,2.92,4.056,2.688
1.606,0.797,1.492,1.417,2.267,1.281,2.92,4.056,2.688,2.579
0.797,1.492,1.417,2.267,1.281,2.92,4.056,2.688,2.579,1.873
1.492,1.417,2.267,1.281,2.92,4.056,2.688,2.579,1.873,1.406
1.417,2.267,1.281,2.92,4.056,2.688,2.579,1.873,1.406,1.27
2.267,1.281,2.92,4.056,2.688,2.579,1.873,1.406,1.27,1.469
1.281,2.92,4.056,2.688,2.579,1.873,1.406,1.27,1.469,0.622
2.92,4.056,2.688,2.579,1.873,1.406,1.27,1.469,0.622,1.456
4.056,2.688,2.579,1.873,1.406,1.27,1.469,0.622,1.456,0.741
2.688,2.579,1.873,1.406,1.27,1.469,0.622,1.456,0.741,1.501
2.579,1.873,1.406,1.27,1.469,0.622,1.456,0.741,1.501,1.607
1.873,1.406,1.27,1.469,0.622,1.456,0.741,1.501,1.607,6.206
1.406,1.27,1.469,0.622,1.456,0.741,1.501,1.607,6.206,4.873
1.27,1.469,0.622,1.456,0.741,1.501,1.607,6.206,4.873,4.185
1.469,0.622,1.456,0.741,1.501,1.607,6.206,4.873,4.185,1.859
0.622,1.456,0.741,1.501,1.607,6.206,4.873,4.185,1.859,1.857
1.456,0.741,1.501,1.607,6.206,4.873,4.185,1.859,1.857,1.9
0.741,1.501,1.607,6.206,4.873,4.185,1.859,1.857,1.9,1.78
1.501,1.607,6.206,4.873,4.185,1.859,1.857,1.9,1.78,1.806
1.607,6.206,4.873,4.185,1.859,1.857,1.9,1.78,1.806,1.002
6.206,4.873,4.185,1.859,1.857,1.9,1.78,1.806,1.002,1.841
4.873,4.185,1.859,1.857,1.9,1.78,1.806,1.002,1.841,2.071
4.185,1.859,1.857,1.9,1.78,1.806,1.002,1.841,2.071,2.425
1.859,1.857,1.9,1.78,1.806,1.002,1.841,2.071,2.425,1.735
1.857,1.9,1.78,1.806,1.002,1.841,2.071,2.425,1.735,1.86
1.9,1.78,1.806,1.002,1.841,2.071,2.425,1.735,1.86,1.189
1.78,1.806,1.002,1.841,2.071,2.425,1.735,1.86,1.189,3.338
1.806,1.002,1.841,2.071,2.425,1.735,1.86,1.189,3.338,2.549
1.002,1.841,2.071,2.425,1.735,1.86,1.189,3.338,2.549,1.885
1.841,2.071,2.425,1.735,1.86,1.189,3.338,2.549,1.885,2.557
2.071,2.425,1.735,1.86,1.189,3.338,2.549,1.885,2.557,1.892
2.425,1.735,1.86,1.189,3.338,2.549,1.885,2.557,1.892,2.675
1.735,1.86,1.189,3.338,2.549,1.885,2.557,1.892,2.675,1.143
1.86,1.189,3.338,2.549,1.885,2.557,1.892,2.675,1.143,1.85
1.189,3.338,2.549,1.885,2.557,1.892,2.675,1.143,1.85,1.918
3.338,2.549,1.885,2.557,1.892,2.675,1.143,1.85,1.918,1.187
2.549,1.885,2.557,1.892,2.675,1.143,1.85,1.918,1.187,1.912
1.885,2.557,1.892,2.675,1.143,1.85,1.918,1.187,1.912,2.797
2.557,1.892,2.675,1.143,1.85,1.918,1.187,1.912,2.797,1.948
1.892,2.675,1.143,1.85,1.918,1.187,1.912,2.797,1.948,1.963
2.675,1.143,1.85,1.918,1.187,1.912,2.797,1.948,1.963,2.603
1.143,1.85,1.918,1.187,1.912,2.797,1.948,1.963,2.603,8.958
1.85,1.918,1.187,1.912,2.797,1.948,1.963,2.603,8.958,4.691
1.918,1.187,1.912,2.797,1.948,1.963,2.603,8.958,4.691,2.585
1.187,1.912,2.797,1.948,1.963,2.603,8.958,4.691,2.585,1.935
1.912,2.797,1.948,1.963,2.603,8.958,4.691,2.585,1.935,1.95
2.797,1.948,1.963,2.603,8.958,4.691,2.585,1.935,1.95,3.414
1.948,1.963,2.603,8.958,4.691,2.585,1.935,1.95,3.414,1.876
1.963,2.603,8.958,4.691,2.585,1.935,1.95,3.414,1.876,1.968
2.603,8.958,4.691,2.585,1.935,1.95,3.414,1.876,1.968,1.997
8.958,4.691,2.585,1.935,1.95,3.414,1.876,1.968,1.997,1.274
4.691,2.585,1.935,1.95,3.414,1.876,1.968,1.997,1.274,1.374
2.585,1.935,1.95,3.414,1.876,1.968,1.997,1.274,1.374,1.863
1.935,1.95,3.414,1.876,1.968,1.997,1.274,1.374,1.863,1.374
1.95,3.414,1.876,1.968,1.997,1.274,1.374,1.863,1.374,1.274
3.414,1.876,1.968,1.997,1.274,1.374,1.863,1.374,1.274,1.994
1.876,1.968,1.997,1.274,1.374,1.863,1.374,1.274,1.994,1.27
1.968,1.997,1.274,1.374,1.863,1.374,1.274,1.994,1.27,3.326
1.997,1.274,1.374,1.863,1.374,1.274,1.994,1.27,3.326,3.333
1.274,1.374,1.863,1.374,1.274,1.994,1.27,3.326,3.333,1.992
1.374,1.863,1.374,1.274,1.994,1.27,3.326,3.333,1.992,1.989
1.863,1.374,1.274,1.994,1.27,3.326,3.333,1.992,1.989,1.986
1.374,1.274,1.994,1.27,3.326,3.333,1.992,1.989,1.986,1.285
1.274,1.994,1.27,3.326,3.333,1.992,1.989,1.986,1.285,2.006
1.994,1.27,3.326,3.333,1.992,1.989,1.986,1.285,2.006,2.717
1.27,3.326,3.333,1.992,1.989,1.986,1.285,2.006,2.717,1.998
3.326,3.333,1.992,1.989,1.986,1.285,2.006,2.717,1.998,1.283
3.333,1.992,1.989,1.986,1.285,2.006,2.717,1.998,1.283,1.996
1.992,1.989,1.986,1.285,2.006,2.717,1.998,1.283,1.996,0.994
1.989,1.986,1.285,2.006,2.717,1.998,1.283,1.996,0.994,2.155
1.986,1.285,2.006,2.717,1.998,1.283,1.996,0.994,2.155,2.726
1.285,2.006,2.717,1.998,1.283,1.996,0.994,2.155,2.726,3.068
2.006,2.717,1.998,1.283,1.996,0.994,2.155,2.726,3.068,3.498
2.717,1.998,1.283,1.996,0.994,2.155,2.726,3.068,3.498,2.172
1.998,1.283,1.996,0.994,2.155,2.726,3.068,3.498,2.172,2.627
1.283,1.996,0.994,2.155,2.726,3.068,3.498,2.172,2.627,2.033
1.996,0.994,2.155,2.726,3.068,3.498,2.172,2.627,2.033,1.966
0.994,2.155,2.726,3.068,3.498,2.172,2.627,2.033,1.966,1.802
2.155,2.726,3.068,3.498,2.172,2.627,2.033,1.966,1.802,1.939
2.726,3.068,3.498,2.172,2.627,2.033,1.966,1.802,1.939,1.868
3.068,3.498,2.172,2.627,2.033,1.966,1.802,1.939,1.868,1.358
3.498,2.172,2.627,2.033,1.966,1.802,1.939,1.868,1.358,2.571
2.172,2.627,2.033,1.966,1.802,1.939,1.868,1.358,2.571,1.35
2.627,2.033,1.966,1.802,1.939,1.868,1.358,2.571,1.35,2.136
2.033,1.966,1.802,1.939,1.868,1.358,2.571,1.35,2.136,1.213
1.966,1.802,1.939,1.868,1.358,2.571,1.35,2.136,1.213,2.066
1.802,1.939,1.868,1.358,2.571,1.35,2.136,1.213,2.066,1.5
1.939,1.868,1.358,2.571,1.35,2.136,1.213,2.066,1.5,1.631
1.868,1.358,2.571,1.35,2.136,1.213,2.066,1.5,1.631,1.808
1.358,2.571,1.35,2.136,1.213,2.066,1.5,1.631,1.808,2.366
2.571,1.35,2.136,1.213,2.066,1.5,1.631,1.808,2.366,2.491
1.35,2.136,1.213,2.066,1.5,1.631,1.808,2.366,2.491,3.484
2.136,1.213,2.066,1.5,1.631,1.808,2.366,2.491,3.484,2.797
1.213,2.066,1.5,1.631,1.808,2.366,2.491,3.484,2.797,2.794
2.066,1.5,1.631,1.808,2.366,2.491,3.484,2.797,2.794,2.8
1.5,1.631,1.808,2.366,2.491,3.484,2.797,2.794,2.8,5.806
1.631,1.808,2.366,2.491,3.484,2.797,2.794,2.8,5.806,7.484
1.808,2.366,2.491,3.484,2.797,2.794,2.8,5.806,7.484,5.812
2.366,2.491,3.484,2.797,2.794,2.8,5.806,7.484,5.812,3.896
2.491,3.484,2.797,2.794,2.8,5.806,7.484,5.812,3.896,2.624
3.484,2.797,2.794,2.8,5.806,7.484,5.812,3.896,2.624,2.843
2.797,2.794,2.8,5.806,7.484,5.812,3.896,2.624,2.843,2.219
2.794,2.8,5.806,7.484,5.812,3.896,2.624,2.843,2.219,2.534
2.8,5.806,7.484,5.812,3.896,2.624,2.843,2.219,2.534,2.601
5.806,7.484,5.812,3.896,2.624,2.843,2.219,2.534,2.601,2.516
7.484,5.812,3.896,2.624,2.843,2.219,2.534,2.601,2.516,1.987
5.812,3.896,2.624,2.843,2.219,2.534,2.601,2.516,1.987,1.987
3.896,2.624,2.843,2.219,2.534,2.601,2.516,1.987,1.987,1.98
2.624,2.843,2.219,2.534,2.601,2.516,1.987,1.987,1.98,1.971
2.843,2.219,2.534,2.601,2.516,1.987,1.987,1.98,1.971,1.969
2.219,2.534,2.601,2.516,1.987,1.987,1.98,1.971,1.969,1.974
2.534,2.601,2.516,1.987,1.987,1.98,1.971,1.969,1.974,1.978
2.601,2.516,1.987,1.987,1.98,1.971,1.969,1.974,1.978,1.865
2.516,1.987,1.987,1.98,1.971,1.969,1.974,1.978,1.865,1.957
1.987,1.987,1.98,1.971,1.969,1.974,1.978,1.865,1.957,1.948
1.987,1.98,1.971,1.969,1.974,1.978,1.865,1.957,1.948,1.4
1.98,1.971,1.969,1.974,1.978,1.865,1.957,1.948,1.4,1.542
1.971,1.969,1.974,1.978,1.865,1.957,1.948,1.4,1.542,1.396
1.969,1.974,1.978,1.865,1.957,1.948,1.4,1.542,1.396,1.396
1.974,1.978,1.865,1.957,1.948,1.4,1.542,1.396,1.396,1.943
1.978,1.865,1.957,1.948,1.4,1.542,1.396,1.396,1.943,1.399
1.865,1.957,1.948,1.4,1.542,1.396,1.396,1.943,1.399,2.037
1.957,1.948,1.4,1.542,1.396,1.396,1.943,1.399,2.037,1.401
1.948,1.4,1.542,1.396,1.396,1.943,1.399,2.037,1.401,1.4
1.4,1.542,1.396,1.396,1.943,1.399,2.037,1.401,1.4,1.398
1.542,1.396,1.396,1.943,1.399,2.037,1.401,1.4,1.398,1.397
1.396,1.396,1.943,1.399,2.037,1.401,1.4,1.398,1.397,1.396
1.396,1.943,1.399,2.037,1.401,1.4,1.398,1.397,1.396,1.4
1.943,1.399,2.037,1.401,1.4,1.398,1.397,1.396,1.4,1.401
1.399,2.037,1.401,1.4,1.398,1.397,1.396,1.4,1.401,1.943
2.037,1.401,1.4,1.398,1.397,1.396,1.4,1.401,1.943,1.4
1.401,1.4,1.398,1.397,1.396,1.4,1.401,1.943,1.4,1.397
1.4,1.398,1.397,1.396,1.4,1.401,1.943,1.4,1.397,1.399
1.398,1.397,1.396,1.4,1.401,1.943,1.4,1.397,1.399,1.403
1.397,1.396,1.4,1.401,1.943,1.4,1.397,1.399,1.403,1.397
1.396,1.4,1.401,1.943,1.4,1.397,1.399,1.403,1.397,1.401
1.4,1.401,1.943,1.4,1.397,1.399,1.403,1.397,1.401,1.403
1.401,1.943,1.4,1.397,1.399,1.403,1.397,1.401,1.403,1.403
1.943,1.4,1.397,1.399,1.403,1.397,1.401,1.403,1.403,1.4
1.4,1.397,1.399,1.403,1.397,1.401,1.403,1.403,1.4,2.034
1.397,1.399,1.403,1.397,1.401,1.403,1.403,1.4,2.034,1.396
1.399,1.403,1.397,1.401,1.403,1.403,1.4,2.034,1.396,1.397
1.403,1.397,1.401,1.403,1.403,1.4,2.034,1.396,1.397,1.399
1.397,1.401,1.403,1.403,1.4,2.034,1.396,1.397,1.399,1.398
1.401,1.403,1.403,1.4,2.034,1.396,1.397,1.399,1.398,0.763
1.403,1.403,1.4,2.034,1.396,1.397,1.399,1.398,0.763,1.398
1.403,1.4,2.034,1.396,1.397,1.399,1.398,0.763,1.398,2.033
1.4,2.034,1.396,1.397,1.399,1.398,0.763,1.398,2.033,1.938
2.034,1.396,1.397,1.399,1.398,0.763,1.398,2.033,1.938,6.274
1.396,1.397,1.399,1.398,0.763,1.398,2.033,1.938,6.274,11.887
1.397,1.399,1.398,0.763,1.398,2.033,1.938,6.274,11.887,9.008
1.399,1.398,0.763,1.398,2.033,1.938,6.274,11.887,9.008,6.486
1.398,0.763,1.398,2.033,1.938,6.274,11.887,9.008,6.486,5.011
0.763,1.398,2.033,1.938,6.274,11.887,9.008,6.486,5.011,7.283
1.398,2.033,1.938,6.274,11.887,9.008,6.486,5.011,7.283,6.229
2.033,1.938,6.274,11.887,9.008,6.486,5.011,7.283,6.229,4.088
1.938,6.274,11.887,9.008,6.486,5.011,7.283,6.229,4.088,3.723
6.274,11.887,9.008,6.486,5.011,7.283,6.229,4.088,3.723,3.129
11.887,9.008,6.486,5.011,7.283,6.229,4.088,3.723,3.129,4.276
9.008,6.486,5.011,7.283,6.229,4.088,3.723,3.129,4.276,6.66
6.486,5.011,7.283,6.229,4.088,3.723,3.129,4.276,6.66,18.355
5.011,7.283,6.229,4.088,3.723,3.129,4.276,6.66,18.355,21.777
7.283,6.229,4.088,3.723,3.129,4.276,6.66,18.355,21.777,12.977
6.229,4.088,3.723,3.129,4.276,6.66,18.355,21.777,12.977,7.097
4.088,3.723,3.129,4.276,6.66,18.355,21.777,12.977,7.097,7.245
3.723,3.129,4.276,6.66,18.355,21.777,12.977,7.097,7.245,5.701
3.129,4.276,6.66,18.355,21.777,12.977,7.097,7.245,5.701,5.111
4.276,6.66,18.355,21.777,12.977,7.097,7.245,5.701,5.111,5.614
6.66,18.355,21.777,12.977,7.097,7.245,5.701,5.111,5.614,7.395
18.355,21.777,12.977,7.097,7.245,5.701,5.111,5.614,7.395,7.117
21.777,12.977,7.097,7.245,5.701,5.111,5.614,7.395,7.117,5.363
12.977,7.097,7.245,5.701,5.111,5.614,7.395,7.117,5.363,5.468
7.097,7.245,5.701,5.111,5.614,7.395,7.117,5.363,5.468,4.831
7.245,5.701,5.111,5.614,7.395,7.117,5.363,5.468,4.831,4.812
5.701,5.111,5.614,7.395,7.117,5.363,5.468,4.831,4.812,4.804
5.111,5.614,7.395,7.117,5.363,5.468,4.831,4.812,4.804,5.375
5.614,7.395,7.117,5.363,5.468,4.831,4.812,4.804,5.375,6.544
7.395,7.117,5.363,5.468,4.831,4.812,4.804,5.375,6.544,9.951
7.117,5.363,5.468,4.831,4.812,4.804,5.375,6.544,9.951,8.711
5.363,5.468,4.831,4.812,4.804,5.375,6.544,9.951,8.711,8.141
5.468,4.831,4.812,4.804,5.375,6.544,9.951,8.711,8.141,17.855
4.831,4.812,4.804,5.375,6.544,9.951,8.711,8.141,17.855,19.489
4.812,4.804,5.375,6.544,9.951,8.711,8.141,17.855,19.489,12.35
4.804,5.375,6.544,9.951,8.711,8.141,17.855,19.489,12.35,10.421
5.375,6.544,9.951,8.711,8.141,17.855,19.489,12.35,10.421,10.982
6.544,9.951,8.711,8.141,17.855,19.489,12.35,10.421,10.982,10.096
9.951,8.711,8.141,17.855,19.489,12.35,10.421,10.982,10.096,10.527
8.711,8.141,17.855,19.489,12.35,10.421,10.982,10.096,10.527,7.208
8.141,17.855,19.489,12.35,10.421,10.982,10.096,10.527,7.208,7.836
17.855,19.489,12.35,10.421,10.982,10.096,10.527,7.208,7.836,6.662
19.489,12.35,10.421,10.982,10.096,10.527,7.208,7.836,6.662,5.941
12.35,10.421,10.982,10.096,10.527,7.208,7.836,6.662,5.941,4.972
10.421,10.982,10.096,10.527,7.208,7.836,6.662,5.941,4.972,4.92
10.982,10.096,10.527,7.208,7.836,6.662,5.941,4.972,4.92,5.438
10.096,10.527,7.208,7.836,6.662,5.941,4.972,4.92,5.438,9.627
10.527,7.208,7.836,6.662,5.941,4.972,4.92,5.438,9.627,14.96
7.208,7.836,6.662,5.941,4.972,4.92,5.438,9.627,14.96,13.906
7.836,6.662,5.941,4.972,4.92,5.438,9.627,14.96,13.906,14.568
6.662,5.941,4.972,4.92,5.438,9.627,14.96,13.906,14.568,15.645
5.941,4.972,4.92,5.438,9.627,14.96,13.906,14.568,15.645,12.872
4.972,4.92,5.438,9.627,14.96,13.906,14.568,15.645,12.872,9.003
4.92,5.438,9.627,14.96,13.906,14.568,15.645,12.872,9.003,7.59
5.438,9.627,14.96,13.906,14.568,15.645,12.872,9.003,7.59,6.05
9.627,14.96,13.906,14.568,15.645,12.872,9.003,7.59,6.05,6.608
14.96,13.906,14.568,15.645,12.872,9.003,7.59,6.05,6.608,5.305
13.906,14.568,15.645,12.872,9.003,7.59,6.05,6.608,5.305,5.281
14.568,15.645,12.872,9.003,7.59,6.05,6.608,5.305,5.281,4.56
15.645,12.872,9.003,7.59,6.05,6.608,5.305,5.281,4.56,3.245
12.872,9.003,7.59,6.05,6.608,5.305,5.281,4.56,3.245,3.85
9.003,7.59,6.05,6.608,5.305,5.281,4.56,3.245,3.85,3.952
7.59,6.05,6.608,5.305,5.281,4.56,3.245,3.85,3.952,3.243
6.05,6.608,5.305,5.281,4.56,3.245,3.85,3.952,3.243,3.24
6.608,5.305,5.281,4.56,3.245,3.85,3.952,3.243,3.24,3.238
5.305,5.281,4.56,3.245,3.85,3.952,3.243,3.24,3.238,3.244
5.281,4.56,3.245,3.85,3.952,3.243,3.24,3.238,3.244,3.246
4.56,3.245,3.85,3.952,3.243,3.24,3.238,3.244,3.246,3.243
3.245,3.85,3.952,3.243,3.24,3.238,3.244,3.246,3.243,3.242
3.85,3.952,3.243,3.24,3.238,3.244,3.246,3.243,3.242,3.24
3.952,3.243,3.24,3.238,3.244,3.246,3.243,3.242,3.24,3.244
3.243,3.24,3.238,3.244,3.246,3.243,3.242,3.24,3.244,2.434
3.24,3.238,3.244,3.246,3.243,3.242,3.24,3.244,2.434,3.186
3.238,3.244,3.246,3.243,3.242,3.24,3.244,2.434,3.186,3.953
3.244,3.246,3.243,3.242,3.24,3.244,2.434,3.186,3.953,3.244
3.246,3.243,3.242,3.24,3.244,2.434,3.186,3.953,3.244,3.248
3.243,3.242,3.24,3.244,2.434,3.186,3.953,3.244,3.248,5.174
3.242,3.24,3.244,2.434,3.186,3.953,3.244,3.248,5.174,8.661
3.24,3.244,2.434,3.186,3.953,3.244,3.248,5.174,8.661,5.308
3.244,2.434,3.186,3.953,3.244,3.248,5.174,8.661,5.308,3.25
2.434,3.186,3.953,3.244,3.248,5.174,8.661,5.308,3.25,4.586
3.186,3.953,3.244,3.248,5.174,8.661,5.308,3.25,4.586,3.874
3.953,3.244,3.248,5.174,8.661,5.308,3.25,4.586,3.874,5.922
3.244,3.248,5.174,8.661,5.308,3.25,4.586,3.874,5.922,8.046
3.248,5.174,8.661,5.308,3.25,4.586,3.874,5.922,8.046,6.088
5.174,8.661,5.308,3.25,4.586,3.874,5.922,8.046,6.088,3.818
8.661,5.308,3.25,4.586,3.874,5.922,8.046,6.088,3.818,4.58
5.308,3.25,4.586,3.874,5.922,8.046,6.088,3.818,4.58,5.37
3.25,4.586,3.874,5.922,8.046,6.088,3.818,4.58,5.37,3.3
4.586,3.874,5.922,8.046,6.088,3.818,4.58,5.37,3.3,8.118
3.874,5.922,8.046,6.088,3.818,4.58,5.37,3.3,8.118,4.664
5.922,8.046,6.088,3.818,4.58,5.37,3.3,8.118,4.664,4.657
8.046,6.088,3.818,4.58,5.37,3.3,8.118,4.664,4.657,3.915
6.088,3.818,4.58,5.37,3.3,8.118,4.664,4.657,3.915,4.019
3.818,4.58,5.37,3.3,8.118,4.664,4.657,3.915,4.019,4.027
4.58,5.37,3.3,8.118,4.664,4.657,3.915,4.019,4.027,3.924
5.37,3.3,8.118,4.664,4.657,3.915,4.019,4.027,3.924,4.032
3.3,8.118,4.664,4.657,3.915,4.019,4.027,3.924,4.032,3.28
8.118,4.664,4.657,3.915,4.019,4.027,3.924,4.032,3.28,3.912
4.664,4.657,3.915,4.019,4.027,3.924,4.032,3.28,3.912,4.014
4.657,3.915,4.019,4.027,3.924,4.032,3.28,3.912,4.014,3.916
3.915,4.019,4.027,3.924,4.032,3.28,3.912,4.014,3.916,4.017
4.019,4.027,3.924,4.032,3.28,3.912,4.014,3.916,4.017,3.287
4.027,3.924,4.032,3.28,3.912,4.014,3.916,4.017,3.287,3.923
3.924,4.032,3.28,3.912,4.014,3.916,4.017,3.287,3.923,3.291
4.032,3.28,3.912,4.014,3.916,4.017,3.287,3.923,3.291,4.027
3.28,3.912,4.014,3.916,4.017,3.287,3.923,3.291,4.027,3.294
3.912,4.014,3.916,4.017,3.287,3.923,3.291,4.027,3.294,4.029
4.014,3.916,4.017,3.287,3.923,3.291,4.027,3.294,4.029,2.72
3.916,4.017,3.287,3.923,3.291,4.027,3.294,4.029,2.72,3.448
4.017,3.287,3.923,3.291,4.027,3.294,4.029,2.72,3.448,2.7
3.287,3.923,3.291,4.027,3.294,4.029,2.72,3.448,2.7,2.807
3.923,3.291,4.027,3.294,4.029,2.72,3.448,2.7,2.807,2.705
3.291,4.027,3.294,4.029,2.72,3.448,2.7,2.807,2.705,2.806
4.027,3.294,4.029,2.72,3.448,2.7,2.807,2.705,2.806,2.695
3.294,4.029,2.72,3.448,2.7,2.807,2.705,2.806,2.695,2.803
4.029,2.72,3.448,2.7,2.807,2.705,2.806,2.695,2.803,2.475
2.72,3.448,2.7,2.807,2.705,2.806,2.695,2.803,2.475,3.078
3.448,2.7,2.807,2.705,2.806,2.695,2.803,2.475,3.078,2.075
2.7,2.807,2.705,2.806,2.695,2.803,2.475,3.078,2.075,2.694
2.807,2.705,2.806,2.695,2.803,2.475,3.078,2.075,2.694,2.706
2.705,2.806,2.695,2.803,2.475,3.078,2.075,2.694,2.706,2.071
2.806,2.695,2.803,2.475,3.078,2.075,2.694,2.706,2.071,2.767
2.695,2.803,2.475,3.078,2.075,2.694,2.706,2.071,2.767,2.061
2.803,2.475,3.078,2.075,2.694,2.706,2.071,2.767,2.061,2.86
2.475,3.078,2.075,2.694,2.706,2.071,2.767,2.061,2.86,2.055
3.078,2.075,2.694,2.706,2.071,2.767,2.061,2.86,2.055,2.154
2.075,2.694,2.706,2.071,2.767,2.061,2.86,2.055,2.154,2.041
2.694,2.706,2.071,2.767,2.061,2.86,2.055,2.154,2.041,2.133
2.706,2.071,2.767,2.061,2.86,2.055,2.154,2.041,2.133,3.575
2.071,2.767,2.061,2.86,2.055,2.154,2.041,2.133,3.575,4.05
2.767,2.061,2.86,2.055,2.154,2.041,2.133,3.575,4.05,2.732
2.061,2.86,2.055,2.154,2.041,2.133,3.575,4.05,2.732,2.84
2.86,2.055,2.154,2.041,2.133,3.575,4.05,2.732,2.84,2.833
2.055,2.154,2.041,2.133,3.575,4.05,2.732,2.84,2.833,2.115
2.154,2.041,2.133,3.575,4.05,2.732,2.84,2.833,2.115,2.117
2.041,2.133,3.575,4.05,2.732,2.84,2.833,2.115,2.117,2.125
2.133,3.575,4.05,2.732,2.84,2.833,2.115,2.117,2.125,2.837
3.575,4.05,2.732,2.84,2.833,2.115,2.117,2.125,2.837,2.738
4.05,2.732,2.84,2.833,2.115,2.117,2.125,2.837,2.738,2.838
2.732,2.84,2.833,2.115,2.117,2.125,2.837,2.738,2.838,2.835
2.84,2.833,2.115,2.117,2.125,2.837,2.738,2.838,2.835,2.124
2.833,2.115,2.117,2.125,2.837,2.738,2.838,2.835,2.124,2.839
2.115,2.117,2.125,2.837,2.738,2.838,2.835,2.124,2.839,2.119
2.117,2.125,2.837,2.738,2.838,2.835,2.124,2.839,2.119,2.128
2.125,2.837,2.738,2.838,2.835,2.124,2.839,2.119,2.128,2.122
2.837,2.738,2.838,2.835,2.124,2.839,2.119,2.128,2.122,1.402
2.738,2.838,2.835,2.124,2.839,2.119,2.128,2.122,1.402,2.13
2.838,2.835,2.124,2.839,2.119,2.128,2.122,1.402,2.13,2.225
2.835,2.124,2.839,2.119,2.128,2.122,1.402,2.13,2.225,2.131
2.124,2.839,2.119,2.128,2.122,1.402,2.13,2.225,2.131,2.124
2.839,2.119,2.128,2.122,1.402,2.13,2.225,2.131,2.124,1.615
2.119,2.128,2.122,1.402,2.13,2.225,2.131,2.124,1.615,1.925
2.128,2.122,1.402,2.13,2.225,2.131,2.124,1.615,1.925,1.514
2.122,1.402,2.13,2.225,2.131,2.124,1.615,1.925,1.514,2.848
1.402,2.13,2.225,2.131,2.124,1.615,1.925,1.514,2.848,2.128
2.13,2.225,2.131,2.124,1.615,1.925,1.514,2.848,2.128,1.415
2.225,2.131,2.124,1.615,1.925,1.514,2.848,2.128,1.415,1.515
2.131,2.124,1.615,1.925,1.514,2.848,2.128,1.415,1.515,1.718
2.124,1.615,1.925,1.514,2.848,2.128,1.415,1.515,1.718,2.567
1.615,1.925,1.514,2.848,2.128,1.415,1.515,1.718,2.567,2.254
1.925,1.514,2.848,2.128,1.415,1.515,1.718,2.567,2.254,0.718
1.514,2.848,2.128,1.415,1.515,1.718,2.567,2.254,0.718,1.542
2.848,2.128,1.415,1.515,1.718,2.567,2.254,0.718,1.542,2.184
2.128,1.415,1.515,1.718,2.567,2.254,0.718,1.542,2.184,1.444
1.415,1.515,1.718,2.567,2.254,0.718,1.542,2.184,1.444,1.546
1.515,1.718,2.567,2.254,0.718,1.542,2.184,1.444,1.546,1.555
1.718,2.567,2.254,0.718,1.542,2.184,1.444,1.546,1.555,1.451
2.567,2.254,0.718,1.542,2.184,1.444,1.546,1.555,1.451,1.231
2.254,0.718,1.542,2.184,1.444,1.546,1.555,1.451,1.231,1.125
0.718,1.542,2.184,1.444,1.546,1.555,1.451,1.231,1.125,1.45
1.542,2.184,1.444,1.546,1.555,1.451,1.231,1.125,1.45,1.566
2.184,1.444,1.546,1.555,1.451,1.231,1.125,1.45,1.566,1.452
1.444,1.546,1.555,1.451,1.231,1.125,1.45,1.566,1.452,0.796
1.546,1.555,1.451,1.231,1.125,1.45,1.566,1.452,0.796,1.572
1.555,1.451,1.231,1.125,1.45,1.566,1.452,0.796,1.572,0.795
1.451,1.231,1.125,1.45,1.566,1.452,0.796,1.572,0.795,1.464
1.231,1.125,1.45,1.566,1.452,0.796,1.572,0.795,1.464,0.795
1.125,1.45,1.566,1.452,0.796,1.572,0.795,1.464,0.795,1.576
1.45,1.566,1.452,0.796,1.572,0.795,1.464,0.795,1.576,1.57
1.566,1.452,0.796,1.572,0.795,1.464,0.795,1.576,1.57,2.259
1.452,0.796,1.572,0.795,1.464,0.795,1.576,1.57,2.259,1.467
0.796,1.572,0.795,1.464,0.795,1.576,1.57,2.259,1.467,1.614
1.572,0.795,1.464,0.795,1.576,1.57,2.259,1.467,1.614,2.254
0.795,1.464,0.795,1.576,1.57,2.259,1.467,1.614,2.254,1.479
1.464,0.795,1.576,1.57,2.259,1.467,1.614,2.254,1.479,1.595
0.795,1.576,1.57,2.259,1.467,1.614,2.254,1.479,1.595,2.292
1.576,1.57,2.259,1.467,1.614,2.254,1.479,1.595,2.292,1.61
1.57,2.259,1.467,1.614,2.254,1.479,1.595,2.292,1.61,0.796
2.259,1.467,1.614,2.254,1.479,1.595,2.292,1.61,0.796,1.498
1.467,1.614,2.254,1.479,1.595,2.292,1.61,0.796,1.498,2.311
1.614,2.254,1.479,1.595,2.292,1.61,0.796,1.498,2.311,1.62
2.254,1.479,1.595,2.292,1.61,0.796,1.498,2.311,1.62,2.327
1.479,1.595,2.292,1.61,0.796,1.498,2.311,1.62,2.327,4.708
1.595,2.292,1.61,0.796,1.498,2.311,1.62,2.327,4.708,3.295
2.292,1.61,0.796,1.498,2.311,1.62,2.327,4.708,3.295,2.585
1.61,0.796,1.498,2.311,1.62,2.327,4.708,3.295,2.585,1.017
0.796,1.498,2.311,1.62,2.327,4.708,3.295,2.585,1.017,1.446
1.498,2.311,1.62,2.327,4.708,3.295,2.585,1.017,1.446,1.502
2.311,1.62,2.327,4.708,3.295,2.585,1.017,1.446,1.502,1.486
1.62,2.327,4.708,3.295,2.585,1.017,1.446,1.502,1.486,1.485
2.327,4.708,3.295,2.585,1.017,1.446,1.502,1.486,1.485,0.658
4.708,3.295,2.585,1.017,1.446,1.502,1.486,1.485,0.658,1.484
3.295,2.585,1.017,1.446,1.502,1.486,1.485,0.658,1.484,0.785
2.585,1.017,1.446,1.502,1.486,1.485,0.658,1.484,0.785,0.662
1.017,1.446,1.502,1.486,1.485,0.658,1.484,0.785,0.662,0.821
1.446,1.502,1.486,1.485,0.658,1.484,0.785,0.662,0.821,0.798
1.502,1.486,1.485,0.658,1.484,0.785,0.662,0.821,0.798,0.798
1.486,1.485,0.658,1.484,0.785,0.662,0.821,0.798,0.798,0.796
1.485,0.658,1.484,0.785,0.662,0.821,0.798,0.798,0.796,2.324
0.658,1.484,0.785,0.662,0.821,0.798,0.798,0.796,2.324,0.798
1.484,0.785,0.662,0.821,0.798,0.798,0.796,2.324,0.798,1.624
0.785,0.662,0.821,0.798,0.798,0.796,2.324,0.798,1.624,3.175
0.662,0.821,0.798,0.798,0.796,2.324,0.798,1.624,3.175,1.518
0.821,0.798,0.798,0.796,2.324,0.798,1.624,3.175,1.518,2.893
0.798,0.798,0.796,2.324,0.798,1.624,3.175,1.518,2.893,1.481
0.798,0.796,2.324,0.798,1.624,3.175,1.518,2.893,1.481,1.478
0.796,2.324,0.798,1.624,3.175,1.518,2.893,1.481,1.478,1.482
2.324,0.798,1.624,3.175,1.518,2.893,1.481,1.478,1.482,0.785
0.798,1.624,3.175,1.518,2.893,1.481,1.478,1.482,0.785,1.479
1.624,3.175,1.518,2.893,1.481,1.478,1.482,0.785,1.479,0.218
3.175,1.518,2.893,1.481,1.478,1.482,0.785,1.479,0.218,0.781
1.518,2.893,1.481,1.478,1.482,0.785,1.479,0.218,0.781,1.597
2.893,1.481,1.478,1.482,0.785,1.479,0.218,0.781,1.597,0.794
1.481,1.478,1.482,0.785,1.479,0.218,0.781,1.597,0.794,1.492
1.478,1.482,0.785,1.479,0.218,0.781,1.597,0.794,1.492,2.261
1.482,0.785,1.479,0.218,0.781,1.597,0.794,1.492,2.261,2.11
0.785,1.479,0.218,0.781,1.597,0.794,1.492,2.261,2.11,2.559
1.479,0.218,0.781,1.597,0.794,1.492,2.261,2.11,2.559,1.158
0.218,0.781,1.597,0.794,1.492,2.261,2.11,2.559,1.158,1.497
0.781,1.597,0.794,1.492,2.261,2.11,2.559,1.158,1.497,2.187
1.597,0.794,1.492,2.261,2.11,2.559,1.158,1.497,2.187,1.448
0.794,1.492,2.261,2.11,2.559,1.158,1.497,2.187,1.448,1.3
1.492,2.261,2.11,2.559,1.158,1.497,2.187,1.448,1.3,1.357
2.261,2.11,2.559,1.158,1.497,2.187,1.448,1.3,1.357,0.636
2.11,2.559,1.158,1.497,2.187,1.448,1.3,1.357,0.636,0.693
2.559,1.158,1.497,2.187,1.448,1.3,1.357,0.636,0.693,1.401
1.158,1.497,2.187,1.448,1.3,1.357,0.636,0.693,1.401,0.516
1.497,2.187,1.448,1.3,1.357,0.636,0.693,1.401,0.516,1.417
2.187,1.448,1.3,1.357,0.636,0.693,1.401,0.516,1.417,0.696
1.448,1.3,1.357,0.636,0.693,1.401,0.516,1.417,0.696,0.837
1.3,1.357,0.636,0.693,1.401,0.516,1.417,0.696,0.837,0.694
1.357,0.636,0.693,1.401,0.516,1.417,0.696,0.837,0.694,0.695
0.636,0.693,1.401,0.516,1.417,0.696,0.837,0.694,0.695,0.696
0.693,1.401,0.516,1.417,0.696,0.837,0.694,0.695,0.696,0.694
1.401,0.516,1.417,0.696,0.837,0.694,0.695,0.696,0.694,0.692
0.516,1.417,0.696,0.837,0.694,0.695,0.696,0.694,0.692,0.693
1.417,0.696,0.837,0.694,0.695,0.696,0.694,0.692,0.693,0.691
0.696,0.837,0.694,0.695,0.696,0.694,0.692,0.693,0.691,0.69
0.837,0.694,0.695,0.696,0.694,0.692,0.693,0.691,0.69,0.69
0.694,0.695,0.696,0.694,0.692,0.693,0.691,0.69,0.69,0.688
0.695,0.696,0.694,0.692,0.693,0.691,0.69,0.69,0.688,0.01
0.696,0.694,0.692,0.693,0.691,0.69,0.69,0.688,0.01,0.688
0.694,0.692,0.693,0.691,0.69,0.69,0.688,0.01,0.688,0.686
0.692,0.693,0.691,0.69,0.69,0.688,0.01,0.688,0.686,0.686
0.693,0.691,0.69,0.69,0.688,0.01,0.688,0.686,0.686,0.01
0.691,0.69,0.69,0.688,0.01,0.688,0.686,0.686,0.01,0.721
0.69,0.69,0.688,0.01,0.688,0.686,0.686,0.01,0.721,0.686
0.69,0.688,0.01,0.688,0.686,0.686,0.01,0.721,0.686,0.683
0.688,0.01,0.688,0.686,0.686,0.01,0.721,0.686,0.683,0.685
0.01,0.688,0.686,0.686,0.01,0.721,0.686,0.683,0.685,0.685
0.688,0.686,0.686,0.01,0.721,0.686,0.683,0.685,0.685,0.685
0.686,0.686,0.01,0.721,0.686,0.683,0.685,0.685,0.685,1.518
0.686,0.01,0.721,0.686,0.683,0.685,0.685,0.685,1.518,0.01
0.01,0.721,0.686,0.683,0.685,0.685,0.685,1.518,0.01,0.689
0.721,0.686,0.683,0.685,0.685,0.685,1.518,0.01,0.689,0.688
0.686,0.683,0.685,0.685,0.685,1.518,0.01,0.689,0.688,0.685
0.683,0.685,0.685,0.685,1.518,0.01,0.689,0.688,0.685,0.69
0.685,0.685,0.685,1.518,0.01,0.689,0.688,0.685,0.69,0.69
0.685,0.685,1.518,0.01,0.689,0.688,0.685,0.69,0.69,0.001
0.685,1.518,0.01,0.689,0.688,0.685,0.69,0.69,0.001,1.527
1.518,0.01,0.689,0.688,0.685,0.69,0.69,0.001,1.527,1.523
0.01,0.689,0.688,0.685,0.69,0.69,0.001,1.527,1.523,0.691
0.689,0.688,0.685,0.69,0.69,0.001,1.527,1.523,0.691,0.694
0.688,0.685,0.69,0.69,0.001,1.527,1.523,0.691,0.694,0.692
0.685,0.69,0.69,0.001,1.527,1.523,0.691,0.694,0.692,0.67
0.69,0.69,0.001,1.527,1.523,0.691,0.694,0.692,0.67,0.658
0.69,0.001,1.527,1.523,0.691,0.694,0.692,0.67,0.658,0.702
0.001,1.527,1.523,0.691,0.694,0.692,0.67,0.658,0.702,0.682
1.527,1.523,0.691,0.694,0.692,0.67,0.658,0.702,0.682,0.696
1.523,0.691,0.694,0.692,0.67,0.658,0.702,0.682,0.696,0.694
0.691,0.694,0.692,0.67,0.658,0.702,0.682,0.696,0.694,0.694
0.694,0.692,0.67,0.658,0.702,0.682,0.696,0.694,0.694,0.695
0.692,0.67,0.658,0.702,0.682,0.696,0.694,0.694,0.695,0.7
0.67,0.658,0.702,0.682,0.696,0.694,0.694,0.695,0.7,1.421
0.658,0.702,0.682,0.696,0.694,0.694,0.695,0.7,1.421,0.548
0.702,0.682,0.696,0.694,0.694,0.695,0.7,1.421,0.548,0.523
0.682,0.696,0.694,0.694,0.695,0.7,1.421,0.548,0.523,0.504
0.696,0.694,0.694,0.695,0.7,1.421,0.548,0.523,0.504,0.62
0.694,0.694,0.695,0.7,1.421,0.548,0.523,0.504,0.62,1.333
0.694,0.695,0.7,1.421,0.548,0.523,0.504,0.62,1.333,0.974
0.695,0.7,1.421,0.548,0.523,0.504,0.62,1.333,0.974,1.206
0.7,1.421,0.548,0.523,0.504,0.62,1.333,0.974,1.206,1.055
1.421,0.548,0.523,0.504,0.62,1.333,0.974,1.206,1.055,1.141
0.548,0.523,0.504,0.62,1.333,0.974,1.206,1.055,1.141,0.353
0.523,0.504,0.62,1.333,0.974,1.206,1.055,1.141,0.353,1.16
0.504,0.62,1.333,0.974,1.206,1.055,1.141,0.353,1.16,0.389
0.62,1.333,0.974,1.206,1.055,1.141,0.353,1.16,0.389,1.971
1.333,0.974,1.206,1.055,1.141,0.353,1.16,0.389,1.971,1.075
0.974,1.206,1.055,1.141,0.353,1.16,0.389,1.971,1.075,1.197
1.206,1.055,1.141,0.353,1.16,0.389,1.971,1.075,1.197,1.219
1.055,1.141,0.353,1.16,0.389,1.971,1.075,1.197,1.219,1.227
1.141,0.353,1.16,0.389,1.971,1.075,1.197,1.219,1.227,1.225
0.353,1.16,0.389,1.971,1.075,1.197,1.219,1.227,1.225,1.255
1.16,0.389,1.971,1.075,1.197,1.219,1.227,1.225,1.255,0.498
0.389,1.971,1.075,1.197,1.219,1.227,1.225,1.255,0.498,1.976
1.971,1.075,1.197,1.219,1.227,1.225,1.255,0.498,1.976,1.251
1.075,1.197,1.219,1.227,1.225,1.255,0.498,1.976,1.251,1.882
1.197,1.219,1.227,1.225,1.255,0.498,1.976,1.251,1.882,2.486
1.219,1.227,1.225,1.255,0.498,1.976,1.251,1.882,2.486,1.937
1.227,1.225,1.255,0.498,1.976,1.251,1.882,2.486,1.937,1.877
1.225,1.255,0.498,1.976,1.251,1.882,2.486,1.937,1.877,1.31
1.255,0.498,1.976,1.251,1.882,2.486,1.937,1.877,1.31,1.205
0.498,1.976,1.251,1.882,2.486,1.937,1.877,1.31,1.205,1.931
1.976,1.251,1.882,2.486,1.937,1.877,1.31,1.205,1.931,1.933
1.251,1.882,2.486,1.937,1.877,1.31,1.205,1.931,1.933,1.915
1.882,2.486,1.937,1.877,1.31,1.205,1.931,1.933,1.915,1.202
2.486,1.937,1.877,1.31,1.205,1.931,1.933,1.915,1.202,1.205
1.937,1.877,1.31,1.205,1.931,1.933,1.915,1.202,1.205,1.309
1.877,1.31,1.205,1.931,1.933,1.915,1.202,1.205,1.309,1.211
1.31,1.205,1.931,1.933,1.915,1.202,1.205,1.309,1.211,1.929
1.205,1.931,1.933,1.915,1.202,1.205,1.309,1.211,1.929,1.923
1.931,1.933,1.915,1.202,1.205,1.309,1.211,1.929,1.923,1.208
1.933,1.915,1.202,1.205,1.309,1.211,1.929,1.923,1.208,1.206
1.915,1.202,1.205,1.309,1.211,1.929,1.923,1.208,1.206,1.306
1.202,1.205,1.309,1.211,1.929,1.923,1.208,1.206,1.306,1.196
1.205,1.309,1.211,1.929,1.923,1.208,1.206,1.306,1.196,1.193
1.309,1.211,1.929,1.923,1.208,1.206,1.306,1.196,1.193,1.904
1.211,1.929,1.923,1.208,1.206,1.306,1.196,1.193,1.904,2.626
1.929,1.923,1.208,1.206,1.306,1.196,1.193,1.904,2.626,1.193
1.923,1.208,1.206,1.306,1.196,1.193,1.904,2.626,1.193,1.857
1.208,1.206,1.306,1.196,1.193,1.904,2.626,1.193,1.857,1.18
1.206,1.306,1.196,1.193,1.904,2.626,1.193,1.857,1.18,2.42
1.306,1.196,1.193,1.904,2.626,1.193,1.857,1.18,2.42,1.936
1.196,1.193,1.904,2.626,1.193,1.857,1.18,2.42,1.936,2.626
1.193,1.904,2.626,1.193,1.857,1.18,2.42,1.936,2.626,3.206
1.904,2.626,1.193,1.857,1.18,2.42,1.936,2.626,3.206,3.81
2.626,1.193,1.857,1.18,2.42,1.936,2.626,3.206,3.81,3.213
1.193,1.857,1.18,2.42,1.936,2.626,3.206,3.81,3.213,3.908
1.857,1.18,2.42,1.936,2.626,3.206,3.81,3.213,3.908,2.519
1.18,2.42,1.936,2.626,3.206,3.81,3.213,3.908,2.519,1.93
2.42,1.936,2.626,3.206,3.81,3.213,3.908,2.519,1.93,1.928
1.936,2.626,3.206,3.81,3.213,3.908,2.519,1.93,1.928,1.92
2.626,3.206,3.81,3.213,3.908,2.519,1.93,1.928,1.92,3.224
3.206,3.81,3.213,3.908,2.519,1.93,1.928,1.92,3.224,3.226
3.81,3.213,3.908,2.519,1.93,1.928,1.92,3.224,3.226,2.524
3.213,3.908,2.519,1.93,1.928,1.92,3.224,3.226,2.524,1.921
3.908,2.519,1.93,1.928,1.92,3.224,3.226,2.524,1.921,1.912
2.519,1.93,1.928,1.92,3.224,3.226,2.524,1.921,1.912,1.282
1.93,1.928,1.92,3.224,3.226,2.524,1.921,1.912,1.282,1.791
1.928,1.92,3.224,3.226,2.524,1.921,1.912,1.282,1.791,1.868
1.92,3.224,3.226,2.524,1.921,1.912,1.282,1.791,1.868,1.25
3.224,3.226,2.524,1.921,1.912,1.282,1.791,1.868,1.25,1.142
3.226,2.524,1.921,1.912,1.282,1.791,1.868,1.25,1.142,1.845
2.524,1.921,1.912,1.282,1.791,1.868,1.25,1.142,1.845,1.111
1.921,1.912,1.282,1.791,1.868,1.25,1.142,1.845,1.111,1.099
1.912,1.282,1.791,1.868,1.25,1.142,1.845,1.111,1.099,1.224
1.282,1.791,1.868,1.25,1.142,1.845,1.111,1.099,1.224,1.792
1.791,1.868,1.25,1.142,1.845,1.111,1.099,1.224,1.792,1.044
1.868,1.25,1.142,1.845,1.111,1.099,1.224,1.792,1.044,1.812
1.25,1.142,1.845,1.111,1.099,1.224,1.792,1.044,1.812,2.447
1.142,1.845,1.111,1.099,1.224,1.792,1.044,1.812,2.447,3.938
1.845,1.111,1.099,1.224,1.792,1.044,1.812,2.447,3.938,3.195
1.111,1.099,1.224,1.792,1.044,1.812,2.447,3.938,3.195,2.454
1.099,1.224,1.792,1.044,1.812,2.447,3.938,3.195,2.454,2.558
1.224,1.792,1.044,1.812,2.447,3.938,3.195,2.454,2.558,1.805
1.792,1.044,1.812,2.447,3.938,3.195,2.454,2.558,1.805,1.802
1.044,1.812,2.447,3.938,3.195,2.454,2.558,1.805,1.802,2.448
1.812,2.447,3.938,3.195,2.454,2.558,1.805,1.802,2.448,1.073
2.447,3.938,3.195,2.454,2.558,1.805,1.802,2.448,1.073,1.827
3.938,3.195,2.454,2.558,1.805,1.802,2.448,1.073,1.827,1.821
3.195,2.454,2.558,1.805,1.802,2.448,1.073,1.827,1.821,1.817
2.454,2.558,1.805,1.802,2.448,1.073,1.827,1.821,1.817,1.822
2.558,1.805,1.802,2.448,1.073,1.827,1.821,1.817,1.822,1.088
1.805,1.802,2.448,1.073,1.827,1.821,1.817,1.822,1.088,1.83
1.802,2.448,1.073,1.827,1.821,1.817,1.822,1.088,1.83,1.204
2.448,1.073,1.827,1.821,1.817,1.822,1.088,1.83,1.204,1.727
1.073,1.827,1.821,1.817,1.822,1.088,1.83,1.204,1.727,2.564
1.827,1.821,1.817,1.822,1.088,1.83,1.204,1.727,2.564,4.519
1.821,1.817,1.822,1.088,1.83,1.204,1.727,2.564,4.519,9.9
1.817,1.822,1.088,1.83,1.204,1.727,2.564,4.519,9.9,9.507
1.822,1.088,1.83,1.204,1.727,2.564,4.519,9.9,9.507,8.091
1.088,1.83,1.204,1.727,2.564,4.519,9.9,9.507,8.091,5.342
1.83,1.204,1.727,2.564,4.519,9.9,9.507,8.091,5.342,4.606
1.204,1.727,2.564,4.519,9.9,9.507,8.091,5.342,4.606,3.962
1.727,2.564,4.519,9.9,9.507,8.091,5.342,4.606,3.962,17.493
2.564,4.519,9.9,9.507,8.091,5.342,4.606,3.962,17.493,20.116
4.519,9.9,9.507,8.091,5.342,4.606,3.962,17.493,20.116,13.675
9.9,9.507,8.091,5.342,4.606,3.962,17.493,20.116,13.675,10.929
9.507,8.091,5.342,4.606,3.962,17.493,20.116,13.675,10.929,14.107
8.091,5.342,4.606,3.962,17.493,20.116,13.675,10.929,14.107,14.795
5.342,4.606,3.962,17.493,20.116,13.675,10.929,14.107,14.795,11.466
4.606,3.962,17.493,20.116,13.675,10.929,14.107,14.795,11.466,8.022
3.962,17.493,20.116,13.675,10.929,14.107,14.795,11.466,8.022,6.643
17.493,20.116,13.675,10.929,14.107,14.795,11.466,8.022,6.643,5.985
20.116,13.675,10.929,14.107,14.795,11.466,8.022,6.643,5.985,5.219
13.675,10.929,14.107,14.795,11.466,8.022,6.643,5.985,5.219,5.173
10.929,14.107,14.795,11.466,8.022,6.643,5.985,5.219,5.173,6.681
14.107,14.795,11.466,8.022,6.643,5.985,5.219,5.173,6.681,9.198
14.795,11.466,8.022,6.643,5.985,5.219,5.173,6.681,9.198,9.191
11.466,8.022,6.643,5.985,5.219,5.173,6.681,9.198,9.191,8.967
8.022,6.643,5.985,5.219,5.173,6.681,9.198,9.191,8.967,7.35
6.643,5.985,5.219,5.173,6.681,9.198,9.191,8.967,7.35,6.611
5.985,5.219,5.173,6.681,9.198,9.191,8.967,7.35,6.611,6.014
5.219,5.173,6.681,9.198,9.191,8.967,7.35,6.611,6.014,5.249
5.173,6.681,9.198,9.191,8.967,7.35,6.611,6.014,5.249,4.676
6.681,9.198,9.191,8.967,7.35,6.611,6.014,5.249,4.676,4.061
9.198,9.191,8.967,7.35,6.611,6.014,5.249,4.676,4.061,3.327
9.191,8.967,7.35,6.611,6.014,5.249,4.676,4.061,3.327,3.249
8.967,7.35,6.611,6.014,5.249,4.676,4.061,3.327,3.249,3.222
7.35,6.611,6.014,5.249,4.676,4.061,3.327,3.249,3.222,3.966
6.611,6.014,5.249,4.676,4.061,3.327,3.249,3.222,3.966,3.233
6.014,5.249,4.676,4.061,3.327,3.249,3.222,3.966,3.233,2.504
5.249,4.676,4.061,3.327,3.249,3.222,3.966,3.233,2.504,3.233
4.676,4.061,3.327,3.249,3.222,3.966,3.233,2.504,3.233,3.232
4.061,3.327,3.249,3.222,3.966,3.233,2.504,3.233,3.232,2.599
3.327,3.249,3.222,3.966,3.233,2.504,3.233,3.232,2.599,2.5
3.249,3.222,3.966,3.233,2.504,3.233,3.232,2.599,2.5,3.234
3.222,3.966,3.233,2.504,3.233,3.232,2.599,2.5,3.234,1.876
3.966,3.233,2.504,3.233,3.232,2.599,2.5,3.234,1.876,2.496
3.233,2.504,3.233,3.232,2.599,2.5,3.234,1.876,2.496,2.595
2.504,3.233,3.232,2.599,2.5,3.234,1.876,2.496,2.595,2.5
3.233,3.232,2.599,2.5,3.234,1.876,2.496,2.595,2.5,4.595
3.232,2.599,2.5,3.234,1.876,2.496,2.595,2.5,4.595,12.626
2.599,2.5,3.234,1.876,2.496,2.595,2.5,4.595,12.626,14.659
2.5,3.234,1.876,2.496,2.595,2.5,4.595,12.626,14.659,14.195
3.234,1.876,2.496,2.595,2.5,4.595,12.626,14.659,14.195,12.758
1.876,2.496,2.595,2.5,4.595,12.626,14.659,14.195,12.758,9.451
2.496,2.595,2.5,4.595,12.626,14.659,14.195,12.758,9.451,8.23
2.595,2.5,4.595,12.626,14.659,14.195,12.758,9.451,8.23,9.4
2.5,4.595,12.626,14.659,14.195,12.758,9.451,8.23,9.4,8.825
4.595,12.626,14.659,14.195,12.758,9.451,8.23,9.4,8.825,7.491
12.626,14.659,14.195,12.758,9.451,8.23,9.4,8.825,7.491,5.37
14.659,14.195,12.758,9.451,8.23,9.4,8.825,7.491,5.37,6.044
14.195,12.758,9.451,8.23,9.4,8.825,7.491,5.37,6.044,4.521
12.758,9.451,8.23,9.4,8.825,7.491,5.37,6.044,4.521,4.768
9.451,8.23,9.4,8.825,7.491,5.37,6.044,4.521,4.768,3.962
8.23,9.4,8.825,7.491,5.37,6.044,4.521,4.768,3.962,3.865
9.4,8.825,7.491,5.37,6.044,4.521,4.768,3.962,3.865,3.962
8.825,7.491,5.37,6.044,4.521,4.768,3.962,3.865,3.962,3.226
7.491,5.37,6.044,4.521,4.768,3.962,3.865,3.962,3.226,3.966
5.37,6.044,4.521,4.768,3.962,3.865,3.962,3.226,3.966,3.856
6.044,4.521,4.768,3.962,3.865,3.962,3.226,3.966,3.856,3.231
4.521,4.768,3.962,3.865,3.962,3.226,3.966,3.856,3.231,3.964
4.768,3.962,3.865,3.962,3.226,3.966,3.856,3.231,3.964,3.232
3.962,3.865,3.962,3.226,3.966,3.856,3.231,3.964,3.232,3.234
3.865,3.962,3.226,3.966,3.856,3.231,3.964,3.232,3.234,3.854
3.962,3.226,3.966,3.856,3.231,3.964,3.232,3.234,3.854,3.234
3.226,3.966,3.856,3.231,3.964,3.232,3.234,3.854,3.234,3.236
3.966,3.856,3.231,3.964,3.232,3.234,3.854,3.234,3.236,3.965
3.856,3.231,3.964,3.232,3.234,3.854,3.234,3.236,3.965,3.236
3.231,3.964,3.232,3.234,3.854,3.234,3.236,3.965,3.236,3.967
3.964,3.232,3.234,3.854,3.234,3.236,3.965,3.236,3.967,4.003
3.232,3.234,3.854,3.234,3.236,3.965,3.236,3.967,4.003,3.273
3.234,3.854,3.234,3.236,3.965,3.236,3.967,4.003,3.273,3.994
3.854,3.234,3.236,3.965,3.236,3.967,4.003,3.273,3.994,3.376
3.234,3.236,3.965,3.236,3.967,4.003,3.273,3.994,3.376,3.265
3.236,3.965,3.236,3.967,4.003,3.273,3.994,3.376,3.265,3.356
3.965,3.236,3.967,4.003,3.273,3.994,3.376,3.265,3.356,3.216
3.236,3.967,4.003,3.273,3.994,3.376,3.265,3.356,3.216,4.513
3.967,4.003,3.273,3.994,3.376,3.265,3.356,3.216,4.513,6.554
4.003,3.273,3.994,3.376,3.265,3.356,3.216,4.513,6.554,7.966
3.273,3.994,3.376,3.265,3.356,3.216,4.513,6.554,7.966,7.301
3.994,3.376,3.265,3.356,3.216,4.513,6.554,7.966,7.301,5.864
3.376,3.265,3.356,3.216,4.513,6.554,7.966,7.301,5.864,5.143
3.265,3.356,3.216,4.513,6.554,7.966,7.301,5.864,5.143,4.645
3.356,3.216,4.513,6.554,7.966,7.301,5.864,5.143,4.645,3.841
3.216,4.513,6.554,7.966,7.301,5.864,5.143,4.645,3.841,3.252
4.513,6.554,7.966,7.301,5.864,5.143,4.645,3.841,3.252,3.941
6.554,7.966,7.301,5.864,5.143,4.645,3.841,3.252,3.941,3.243
7.966,7.301,5.864,5.143,4.645,3.841,3.252,3.941,3.243,4.533
7.301,5.864,5.143,4.645,3.841,3.252,3.941,3.243,4.533,3.863
5.864,5.143,4.645,3.841,3.252,3.941,3.243,4.533,3.863,6.01
5.143,4.645,3.841,3.252,3.941,3.243,4.533,3.863,6.01,5.926
4.645,3.841,3.252,3.941,3.243,4.533,3.863,6.01,5.926,4.591
3.841,3.252,3.941,3.243,4.533,3.863,6.01,5.926,4.591,3.878
3.252,3.941,3.243,4.533,3.863,6.01,5.926,4.591,3.878,3.256
3.941,3.243,4.533,3.863,6.01,5.926,4.591,3.878,3.256,3.258
3.243,4.533,3.863,6.01,5.926,4.591,3.878,3.256,3.258,3.259
4.533,3.863,6.01,5.926,4.591,3.878,3.256,3.258,3.259,3.257
3.863,6.01,5.926,4.591,3.878,3.256,3.258,3.259,3.257,3.259
6.01,5.926,4.591,3.878,3.256,3.258,3.259,3.257,3.259,3.253
5.926,4.591,3.878,3.256,3.258,3.259,3.257,3.259,3.253,3.251
4.591,3.878,3.256,3.258,3.259,3.257,3.259,3.253,3.251,3.254
3.878,3.256,3.258,3.259,3.257,3.259,3.253,3.251,3.254,3.253
3.256,3.258,3.259,3.257,3.259,3.253,3.251,3.254,3.253,2.633
3.258,3.259,3.257,3.259,3.253,3.251,3.254,3.253,2.633,2.745
3.259,3.257,3.259,3.253,3.251,3.254,3.253,2.633,2.745,2.811
3.257,3.259,3.253,3.251,3.254,3.253,2.633,2.745,2.811,2.72
3.259,3.253,3.251,3.254,3.253,2.633,2.745,2.811,2.72,2.715
3.253,3.251,3.254,3.253,2.633,2.745,2.811,2.72,2.715,2.102
3.251,3.254,3.253,2.633,2.745,2.811,2.72,2.715,2.102,2.711
3.254,3.253,2.633,2.745,2.811,2.72,2.715,2.102,2.711,3.357
3.253,2.633,2.745,2.811,2.72,2.715,2.102,2.711,3.357,3.322
2.633,2.745,2.811,2.72,2.715,2.102,2.711,3.357,3.322,5.484
2.745,2.811,2.72,2.715,2.102,2.711,3.357,3.322,5.484,5.379
2.811,2.72,2.715,2.102,2.711,3.357,3.322,5.484,5.379,5.129
2.72,2.715,2.102,2.711,3.357,3.322,5.484,5.379,5.129,3.994
2.715,2.102,2.711,3.357,3.322,5.484,5.379,5.129,3.994,3.273
2.102,2.711,3.357,3.322,5.484,5.379,5.129,3.994,3.273,3.985
2.711,3.357,3.322,5.484,5.379,5.129,3.994,3.273,3.985,3.328
3.357,3.322,5.484,5.379,5.129,3.994,3.273,3.985,3.328,3.353
3.322,5.484,5.379,5.129,3.994,3.273,3.985,3.328,3.353,3.243
5.484,5.379,5.129,3.994,3.273,3.985,3.328,3.353,3.243,3.973
5.379,5.129,3.994,3.273,3.985,3.328,3.353,3.243,3.973,3.345
5.129,3.994,3.273,3.985,3.328,3.353,3.243,3.973,3.345,2.965
3.994,3.273,3.985,3.328,3.353,3.243,3.973,3.345,2.965,2.528
3.273,3.985,3.328,3.353,3.243,3.973,3.345,2.965,2.528,2.738
3.985,3.328,3.353,3.243,3.973,3.345,2.965,2.528,2.738,2.108
3.328,3.353,3.243,3.973,3.345,2.965,2.528,2.738,2.108,2.669
3.353,3.243,3.973,3.345,2.965,2.528,2.738,2.108,2.669,2.155
3.243,3.973,3.345,2.965,2.528,2.738,2.108,2.669,2.155,2.069
3.973,3.345,2.965,2.528,2.738,2.108,2.669,2.155,2.069,2.087
3.345,2.965,2.528,2.738,2.108,2.669,2.155,2.069,2.087,2.089
2.965,2.528,2.738,2.108,2.669,2.155,2.069,2.087,2.089,2.861
2.528,2.738,2.108,2.669,2.155,2.069,2.087,2.089,2.861,2.123
2.738,2.108,2.669,2.155,2.069,2.087,2.089,2.861,2.123,2.129
2.108,2.669,2.155,2.069,2.087,2.089,2.861,2.123,2.129,2.805
2.669,2.155,2.069,2.087,2.089,2.861,2.123,2.129,2.805,2.938
2.155,2.069,2.087,2.089,2.861,2.123,2.129,2.805,2.938,2.166
2.069,2.087,2.089,2.861,2.123,2.129,2.805,2.938,2.166,2.984
2.087,2.089,2.861,2.123,2.129,2.805,2.938,2.166,2.984,3.001
2.089,2.861,2.123,2.129,2.805,2.938,2.166,2.984,3.001,2.208
2.861,2.123,2.129,2.805,2.938,2.166,2.984,3.001,2.208,3.75
2.123,2.129,2.805,2.938,2.166,2.984,3.001,2.208,3.75,2.955
2.129,2.805,2.938,2.166,2.984,3.001,2.208,3.75,2.955,3.481
2.805,2.938,2.166,2.984,3.001,2.208,3.75,2.955,3.481,2.781
2.938,2.166,2.984,3.001,2.208,3.75,2.955,3.481,2.781,2.051
2.166,2.984,3.001,2.208,3.75,2.955,3.481,2.781,2.051,2.855
2.984,3.001,2.208,3.75,2.955,3.481,2.781,2.051,2.855,2.065
3.001,2.208,3.75,2.955,3.481,2.781,2.051,2.855,2.065,2.762
2.208,3.75,2.955,3.481,2.781,2.051,2.855,2.065,2.762,3.015
3.75,2.955,3.481,2.781,2.051,2.855,2.065,2.762,3.015,4.806
2.955,3.481,2.781,2.051,2.855,2.065,2.762,3.015,4.806,5.602
3.481,2.781,2.051,2.855,2.065,2.762,3.015,4.806,5.602,3.282
2.781,2.051,2.855,2.065,2.762,3.015,4.806,5.602,3.282,4.105
2.051,2.855,2.065,2.762,3.015,4.806,5.602,3.282,4.105,3.313
2.855,2.065,2.762,3.015,4.806,5.602,3.282,4.105,3.313,3.338
2.065,2.762,3.015,4.806,5.602,3.282,4.105,3.313,3.338,2.578
2.762,3.015,4.806,5.602,3.282,4.105,3.313,3.338,2.578,4.781
3.015,4.806,5.602,3.282,4.105,3.313,3.338,2.578,4.781,7.181
4.806,5.602,3.282,4.105,3.313,3.338,2.578,4.781,7.181,7.141
5.602,3.282,4.105,3.313,3.338,2.578,4.781,7.181,7.141,6.657
3.282,4.105,3.313,3.338,2.578,4.781,7.181,7.141,6.657,8.166
4.105,3.313,3.338,2.578,4.781,7.181,7.141,6.657,8.166,16.319
3.313,3.338,2.578,4.781,7.181,7.141,6.657,8.166,16.319,20.428
3.338,2.578,4.781,7.181,7.141,6.657,8.166,16.319,20.428,32.36
2.578,4.781,7.181,7.141,6.657,8.166,16.319,20.428,32.36,50.818
4.781,7.181,7.141,6.657,8.166,16.319,20.428,32.36,50.818,33.311
7.181,7.141,6.657,8.166,16.319,20.428,32.36,50.818,33.311,22.517
7.141,6.657,8.166,16.319,20.428,32.36,50.818,33.311,22.517,13.731
6.657,8.166,16.319,20.428,32.36,50.818,33.311,22.517,13.731,10.13
8.166,16.319,20.428,32.36,50.818,33.311,22.517,13.731,10.13,5.678
16.319,20.428,32.36,50.818,33.311,22.517,13.731,10.13,5.678,11.054
20.428,32.36,50.818,33.311,22.517,13.731,10.13,5.678,11.054,26.448
32.36,50.818,33.311,22.517,13.731,10.13,5.678,11.054,26.448,16.874
50.818,33.311,22.517,13.731,10.13,5.678,11.054,26.448,16.874,14.28
33.311,22.517,13.731,10.13,5.678,11.054,26.448,16.874,14.28,10.037
22.517,13.731,10.13,5.678,11.054,26.448,16.874,14.28,10.037,8.444
13.731,10.13,5.678,11.054,26.448,16.874,14.28,10.037,8.444,7.497
10.13,5.678,11.054,26.448,16.874,14.28,10.037,8.444,7.497,6.196
5.678,11.054,26.448,16.874,14.28,10.037,8.444,7.497,6.196,8.113
11.054,26.448,16.874,14.28,10.037,8.444,7.497,6.196,8.113,5.463
26.448,16.874,14.28,10.037,8.444,7.497,6.196,8.113,5.463,5.124
16.874,14.28,10.037,8.444,7.497,6.196,8.113,5.463,5.124,29.233
14.28,10.037,8.444,7.497,6.196,8.113,5.463,5.124,29.233,21.506
10.037,8.444,7.497,6.196,8.113,5.463,5.124,29.233,21.506,10.832
8.444,7.497,6.196,8.113,5.463,5.124,29.233,21.506,10.832,6.616
7.497,6.196,8.113,5.463,5.124,29.233,21.506,10.832,6.616,7.729
6.196,8.113,5.463,5.124,29.233,21.506,10.832,6.616,7.729,6.742
8.113,5.463,5.124,29.233,21.506,10.832,6.616,7.729,6.742,5.785
5.463,5.124,29.233,21.506,10.832,6.616,7.729,6.742,5.785,6.028
5.124,29.233,21.506,10.832,6.616,7.729,6.742,5.785,6.028,5.218
29.233,21.506,10.832,6.616,7.729,6.742,5.785,6.028,5.218,4.39
21.506,10.832,6.616,7.729,6.742,5.785,6.028,5.218,4.39,3.779
10.832,6.616,7.729,6.742,5.785,6.028,5.218,4.39,3.779,4.04
6.616,7.729,6.742,5.785,6.028,5.218,4.39,3.779,4.04,4.154
7.729,6.742,5.785,6.028,5.218,4.39,3.779,4.04,4.154,3.336
6.742,5.785,6.028,5.218,4.39,3.779,4.04,4.154,3.336,4.026
5.785,6.028,5.218,4.39,3.779,4.04,4.154,3.336,4.026,3.336
6.028,5.218,4.39,3.779,4.04,4.154,3.336,4.026,3.336,3.337
5.218,4.39,3.779,4.04,4.154,3.336,4.026,3.336,3.337,3.337
4.39,3.779,4.04,4.154,3.336,4.026,3.336,3.337,3.337,3.331
3.779,4.04,4.154,3.336,4.026,3.336,3.337,3.337,3.331,2.634
4.04,4.154,3.336,4.026,3.336,3.337,3.337,3.331,2.634,3.327
4.154,3.336,4.026,3.336,3.337,3.337,3.331,2.634,3.327,2.507
3.336,4.026,3.336,3.337,3.337,3.331,2.634,3.327,2.507,2.62
4.026,3.336,3.337,3.337,3.331,2.634,3.327,2.507,2.62,2.513
3.336,3.337,3.337,3.331,2.634,3.327,2.507,2.62,2.513,2.619
3.337,3.337,3.331,2.634,3.327,2.507,2.62,2.513,2.619,2.507
3.337,3.331,2.634,3.327,2.507,2.62,2.513,2.619,2.507,2.504
3.331,2.634,3.327,2.507,2.62,2.513,2.619,2.507,2.504,1.812
2.634,3.327,2.507,2.62,2.513,2.619,2.507,2.504,1.812,2.617
3.327,2.507,2.62,2.513,2.619,2.507,2.504,1.812,2.617,1.813
2.507,2.62,2.513,2.619,2.507,2.504,1.812,2.617,1.813,2.501
2.62,2.513,2.619,2.507,2.504,1.812,2.617,1.813,2.501,1.755
2.513,2.619,2.507,2.504,1.812,2.617,1.813,2.501,1.755,2.069
2.619,2.507,2.504,1.812,2.617,1.813,2.501,1.755,2.069,2.04
2.507,2.504,1.812,2.617,1.813,2.501,1.755,2.069,2.04,1.203
2.504,1.812,2.617,1.813,2.501,1.755,2.069,2.04,1.203,2.04
1.812,2.617,1.813,2.501,1.755,2.069,2.04,1.203,2.04,2.039
2.617,1.813,2.501,1.755,2.069,2.04,1.203,2.04,2.039,1.321
1.813,2.501,1.755,2.069,2.04,1.203,2.04,2.039,1.321,2.029
2.501,1.755,2.069,2.04,1.203,2.04,2.039,1.321,2.029,2.757
1.755,2.069,2.04,1.203,2.04,2.039,1.321,2.029,2.757,2.041
2.069,2.04,1.203,2.04,2.039,1.321,2.029,2.757,2.041,1.324
2.04,1.203,2.04,2.039,1.321,2.029,2.757,2.041,1.324,2.1
1.203,2.04,2.039,1.321,2.029,2.757,2.041,1.324,2.1,1.365
2.04,2.039,1.321,2.029,2.757,2.041,1.324,2.1,1.365,1.37
2.039,1.321,2.029,2.757,2.041,1.324,2.1,1.365,1.37,2.202
1.321,2.029,2.757,2.041,1.324,2.1,1.365,1.37,2.202,1.367
2.029,2.757,2.041,1.324,2.1,1.365,1.37,2.202,1.367,2.192
2.757,2.041,1.324,2.1,1.365,1.37,2.202,1.367,2.192,2.098
2.041,1.324,2.1,1.365,1.37,2.202,1.367,2.192,2.098,1.376
1.324,2.1,1.365,1.37,2.202,1.367,2.192,2.098,1.376,2.972
2.1,1.365,1.37,2.202,1.367,2.192,2.098,1.376,2.972,2.086
1.365,1.37,2.202,1.367,2.192,2.098,1.376,2.972,2.086,1.375
1.37,2.202,1.367,2.192,2.098,1.376,2.972,2.086,1.375,2.067
2.202,1.367,2.192,2.098,1.376,2.972,2.086,1.375,2.067,1.372
1.367,2.192,2.098,1.376,2.972,2.086,1.375,2.067,1.372,1.318
2.192,2.098,1.376,2.972,2.086,1.375,2.067,1.372,1.318,1.196
2.098,1.376,2.972,2.086,1.375,2.067,1.372,1.318,1.196,1.325
1.376,2.972,2.086,1.375,2.067,1.372,1.318,1.196,1.325,2.023
2.972,2.086,1.375,2.067,1.372,1.318,1.196,1.325,2.023,1.21
2.086,1.375,2.067,1.372,1.318,1.196,1.325,2.023,1.21,2.834
1.375,2.067,1.372,1.318,1.196,1.325,2.023,1.21,2.834,2.024
2.067,1.372,1.318,1.196,1.325,2.023,1.21,2.834,2.024,2.743
1.372,1.318,1.196,1.325,2.023,1.21,2.834,2.024,2.743,1.339
1.318,1.196,1.325,2.023,1.21,2.834,2.024,2.743,1.339,1.112
1.196,1.325,2.023,1.21,2.834,2.024,2.743,1.339,1.112,1.834
1.325,2.023,1.21,2.834,2.024,2.743,1.339,1.112,1.834,1.824
2.023,1.21,2.834,2.024,2.743,1.339,1.112,1.834,1.824,1.944
1.21,2.834,2.024,2.743,1.339,1.112,1.834,1.824,1.944,1.829
2.834,2.024,2.743,1.339,1.112,1.834,1.824,1.944,1.829,1.956
2.024,2.743,1.339,1.112,1.834,1.824,1.944,1.829,1.956,1.833
2.743,1.339,1.112,1.834,1.824,1.944,1.829,1.956,1.833,1.14
1.339,1.112,1.834,1.824,1.944,1.829,1.956,1.833,1.14,1.954
1.112,1.834,1.824,1.944,1.829,1.956,1.833,1.14,1.954,1.153
1.834,1.824,1.944,1.829,1.956,1.833,1.14,1.954,1.153,1.042
1.824,1.944,1.829,1.956,1.833,1.14,1.954,1.153,1.042,1.171
1.944,1.829,1.956,1.833,1.14,1.954,1.153,1.042,1.171,1.968
1.829,1.956,1.833,1.14,1.954,1.153,1.042,1.171,1.968,1.186
1.956,1.833,1.14,1.954,1.153,1.042,1.171,1.968,1.186,1.181
1.833,1.14,1.954,1.153,1.042,1.171,1.968,1.186,1.181,1.087
1.14,1.954,1.153,1.042,1.171,1.968,1.186,1.181,1.087,3.404
1.954,1.153,1.042,1.171,1.968,1.186,1.181,1.087,3.404,2.633
1.153,1.042,1.171,1.968,1.186,1.181,1.087,3.404,2.633,2.617
1.042,1.171,1.968,1.186,1.181,1.087,3.404,2.633,2.617,2.614
1.171,1.968,1.186,1.181,1.087,3.404,2.633,2.617,2.614,2.613
1.968,1.186,1.181,1.087,3.404,2.633,2.617,2.614,2.613,1.84
1.186,1.181,1.087,3.404,2.633,2.617,2.614,2.613,1.84,1.954
1.181,1.087,3.404,2.633,2.617,2.614,2.613,1.84,1.954,2.635
1.087,3.404,2.633,2.617,2.614,2.613,1.84,1.954,2.635,2.647
3.404,2.633,2.617,2.614,2.613,1.84,1.954,2.635,2.647,3.308
2.633,2.617,2.614,2.613,1.84,1.954,2.635,2.647,3.308,4.886
2.617,2.614,2.613,1.84,1.954,2.635,2.647,3.308,4.886,4.698
2.614,2.613,1.84,1.954,2.635,2.647,3.308,4.886,4.698,3.28
2.613,1.84,1.954,2.635,2.647,3.308,4.886,4.698,3.28,3.289
1.84,1.954,2.635,2.647,3.308,4.886,4.698,3.28,3.289,2.615
1.954,2.635,2.647,3.308,4.886,4.698,3.28,3.289,2.615,2.498
2.635,2.647,3.308,4.886,4.698,3.28,3.289,2.615,2.498,1.838
2.647,3.308,4.886,4.698,3.28,3.289,2.615,2.498,1.838,2.505
3.308,4.886,4.698,3.28,3.289,2.615,2.498,1.838,2.505,1.84
4.886,4.698,3.28,3.289,2.615,2.498,1.838,2.505,1.84,1.222
4.698,3.28,3.289,2.615,2.498,1.838,2.505,1.84,1.222,1.846
3.28,3.289,2.615,2.498,1.838,2.505,1.84,1.222,1.846,1.769
3.289,2.615,2.498,1.838,2.505,1.84,1.222,1.846,1.769,1.877
2.615,2.498,1.838,2.505,1.84,1.222,1.846,1.769,1.877,1.889
2.498,1.838,2.505,1.84,1.222,1.846,1.769,1.877,1.889,1.177
1.838,2.505,1.84,1.222,1.846,1.769,1.877,1.889,1.177,1.734
2.505,1.84,1.222,1.846,1.769,1.877,1.889,1.177,1.734,1.935
1.84,1.222,1.846,1.769,1.877,1.889,1.177,1.734,1.935,1.936
1.222,1.846,1.769,1.877,1.889,1.177,1.734,1.935,1.936,1.93
1.846,1.769,1.877,1.889,1.177,1.734,1.935,1.936,1.93,1.937
1.769,1.877,1.889,1.177,1.734,1.935,1.936,1.93,1.937,1.929
1.877,1.889,1.177,1.734,1.935,1.936,1.93,1.937,1.929,1.932
1.889,1.177,1.734,1.935,1.936,1.93,1.937,1.929,1.932,2.539
1.177,1.734,1.935,1.936,1.93,1.937,1.929,1.932,2.539,3.977
1.734,1.935,1.936,1.93,1.937,1.929,1.932,2.539,3.977,3.875
1.935,1.936,1.93,1.937,1.929,1.932,2.539,3.977,3.875,2.676
1.936,1.93,1.937,1.929,1.932,2.539,3.977,3.875,2.676,1.893
1.93,1.937,1.929,1.932,2.539,3.977,3.875,2.676,1.893,2.536
1.937,1.929,1.932,2.539,3.977,3.875,2.676,1.893,2.536,2.644
1.929,1.932,2.539,3.977,3.875,2.676,1.893,2.536,2.644,2.532
1.932,2.539,3.977,3.875,2.676,1.893,2.536,2.644,2.532,2.362
2.539,3.977,3.875,2.676,1.893,2.536,2.644,2.532,2.362,2.64
3.977,3.875,2.676,1.893,2.536,2.644,2.532,2.362,2.64,1.934
3.875,2.676,1.893,2.536,2.644,2.532,2.362,2.64,1.934,2.54
2.676,1.893,2.536,2.644,2.532,2.362,2.64,1.934,2.54,1.931
1.893,2.536,2.644,2.532,2.362,2.64,1.934,2.54,1.931,1.922
2.536,2.644,2.532,2.362,2.64,1.934,2.54,1.931,1.922,2.452
2.644,2.532,2.362,2.64,1.934,2.54,1.931,1.922,2.452,1.777
2.532,2.362,2.64,1.934,2.54,1.931,1.922,2.452,1.777,2.6
2.362,2.64,1.934,2.54,1.931,1.922,2.452,1.777,2.6,1.853
2.64,1.934,2.54,1.931,1.922,2.452,1.777,2.6,1.853,1.848
1.934,2.54,1.931,1.922,2.452,1.777,2.6,1.853,1.848,2.115
2.54,1.931,1.922,2.452,1.777,2.6,1.853,1.848,2.115,1.875
1.931,1.922,2.452,1.777,2.6,1.853,1.848,2.115,1.875,1.874
1.922,2.452,1.777,2.6,1.853,1.848,2.115,1.875,1.874,1.869
2.452,1.777,2.6,1.853,1.848,2.115,1.875,1.874,1.869,2.479
1.777,2.6,1.853,1.848,2.115,1.875,1.874,1.869,2.479,3.908
2.6,1.853,1.848,2.115,1.875,1.874,1.869,2.479,3.908,3.8
1.853,1.848,2.115,1.875,1.874,1.869,2.479,3.908,3.8,3.863
1.848,2.115,1.875,1.874,1.869,2.479,3.908,3.8,3.863,3.199
2.115,1.875,1.874,1.869,2.479,3.908,3.8,3.863,3.199,3.817
1.875,1.874,1.869,2.479,3.908,3.8,3.863,3.199,3.817,3.205
1.874,1.869,2.479,3.908,3.8,3.863,3.199,3.817,3.205,3.923
1.869,2.479,3.908,3.8,3.863,3.199,3.817,3.205,3.923,3.929
2.479,3.908,3.8,3.863,3.199,3.817,3.205,3.923,3.929,5.064
3.908,3.8,3.863,3.199,3.817,3.205,3.923,3.929,5.064,3.94
3.8,3.863,3.199,3.817,3.205,3.923,3.929,5.064,3.94,3.221
3.863,3.199,3.817,3.205,3.923,3.929,5.064,3.94,3.221,2.498
3.199,3.817,3.205,3.923,3.929,5.064,3.94,3.221,2.498,1.894
3.817,3.205,3.923,3.929,5.064,3.94,3.221,2.498,1.894,2.614
3.205,3.923,3.929,5.064,3.94,3.221,2.498,1.894,2.614,2.503
3.923,3.929,5.064,3.94,3.221,2.498,1.894,2.614,2.503,1.875
3.929,5.064,3.94,3.221,2.498,1.894,2.614,2.503,1.875,2.506
5.064,3.94,3.221,2.498,1.894,2.614,2.503,1.875,2.506,3.217
3.94,3.221,2.498,1.894,2.614,2.503,1.875,2.506,3.217,3.214
3.221,2.498,1.894,2.614,2.503,1.875,2.506,3.217,3.214,3.22
2.498,1.894,2.614,2.503,1.875,2.506,3.217,3.214,3.22,2.607
1.894,2.614,2.503,1.875,2.506,3.217,3.214,3.22,2.607,1.889
2.614,2.503,1.875,2.506,3.217,3.214,3.22,2.607,1.889,2.5
2.503,1.875,2.506,3.217,3.214,3.22,2.607,1.889,2.5,1.878
1.875,2.506,3.217,3.214,3.22,2.607,1.889,2.5,1.878,1.883
2.506,3.217,3.214,3.22,2.607,1.889,2.5,1.878,1.883,1.881
3.217,3.214,3.22,2.607,1.889,2.5,1.878,1.883,1.881,2.477
3.214,3.22,2.607,1.889,2.5,1.878,1.883,1.881,2.477,1.874
3.22,2.607,1.889,2.5,1.878,1.883,1.881,2.477,1.874,2.59
2.607,1.889,2.5,1.878,1.883,1.881,2.477,1.874,2.59,1.777
1.889,2.5,1.878,1.883,1.881,2.477,1.874,2.59,1.777,2.524
2.5,1.878,1.883,1.881,2.477,1.874,2.59,1.777,2.524,1.855
1.878,1.883,1.881,2.477,1.874,2.59,1.777,2.524,1.855,2.469
1.883,1.881,2.477,1.874,2.59,1.777,2.524,1.855,2.469,2.593
1.881,2.477,1.874,2.59,1.777,2.524,1.855,2.469,2.593,1.919
2.477,1.874,2.59,1.777,2.524,1.855,2.469,2.593,1.919,3.192
1.874,2.59,1.777,2.524,1.855,2.469,2.593,1.919,3.192,4.47
2.59,1.777,2.524,1.855,2.469,2.593,1.919,3.192,4.47,4.503
1.777,2.524,1.855,2.469,2.593,1.919,3.192,4.47,4.503,3.93
2.524,1.855,2.469,2.593,1.919,3.192,4.47,4.503,3.93,3.212
1.855,2.469,2.593,1.919,3.192,4.47,4.503,3.93,3.212,3.206
2.469,2.593,1.919,3.192,4.47,4.503,3.93,3.212,3.206,3.203
2.593,1.919,3.192,4.47,4.503,3.93,3.212,3.206,3.203,2.491
1.919,3.192,4.47,4.503,3.93,3.212,3.206,3.203,2.491,2.6
3.192,4.47,4.503,3.93,3.212,3.206,3.203,2.491,2.6,1.934
4.47,4.503,3.93,3.212,3.206,3.203,2.491,2.6,1.934,2.516
4.503,3.93,3.212,3.206,3.203,2.491,2.6,1.934,2.516,1.915
3.93,3.212,3.206,3.203,2.491,2.6,1.934,2.516,1.915,2.508
3.212,3.206,3.203,2.491,2.6,1.934,2.516,1.915,2.508,2.599
3.206,3.203,2.491,2.6,1.934,2.516,1.915,2.508,2.599,1.892
3.203,2.491,2.6,1.934,2.516,1.915,2.508,2.599,1.892,2.493
2.491,2.6,1.934,2.516,1.915,2.508,2.599,1.892,2.493,1.896
2.6,1.934,2.516,1.915,2.508,2.599,1.892,2.493,1.896,2.595
1.934,2.516,1.915,2.508,2.599,1.892,2.493,1.896,2.595,2.499
2.516,1.915,2.508,2.599,1.892,2.493,1.896,2.595,2.499,1.871
1.915,2.508,2.599,1.892,2.493,1.896,2.595,2.499,1.871,2.482
2.508,2.599,1.892,2.493,1.896,2.595,2.499,1.871,2.482,2.586
2.599,1.892,2.493,1.896,2.595,2.499,1.871,2.482,2.586,1.876
1.892,2.493,1.896,2.595,2.499,1.871,2.482,2.586,1.876,1.857
2.493,1.896,2.595,2.499,1.871,2.482,2.586,1.876,1.857,1.853
1.896,2.595,2.499,1.871,2.482,2.586,1.876,1.857,1.853,2.464
2.595,2.499,1.871,2.482,2.586,1.876,1.857,1.853,2.464,1.843
2.499,1.871,2.482,2.586,1.876,1.857,1.853,2.464,1.843,1.833
1.871,2.482,2.586,1.876,1.857,1.853,2.464,1.843,1.833,2.455
2.482,2.586,1.876,1.857,1.853,2.464,1.843,1.833,2.455,1.831
2.586,1.876,1.857,1.853,2.464,1.843,1.833,2.455,1.831,1.828
1.876,1.857,1.853,2.464,1.843,1.833,2.455,1.831,1.828,2.443
1.857,1.853,2.464,1.843,1.833,2.455,1.831,1.828,2.443,2.543
1.853,2.464,1.843,1.833,2.455,1.831,1.828,2.443,2.543,1.808
2.464,1.843,1.833,2.455,1.831,1.828,2.443,2.543,1.808,2.439
1.843,1.833,2.455,1.831,1.828,2.443,2.543,1.808,2.439,1.798
1.833,2.455,1.831,1.828,2.443,2.543,1.808,2.439,1.798,2.534
2.455,1.831,1.828,2.443,2.543,1.808,2.439,1.798,2.534,2.428
1.831,1.828,2.443,2.543,1.808,2.439,1.798,2.534,2.428,3.177
1.828,2.443,2.543,1.808,2.439,1.798,2.534,2.428,3.177,3.168
2.443,2.543,1.808,2.439,1.798,2.534,2.428,3.177,3.168,2.426
2.543,1.808,2.439,1.798,2.534,2.428,3.177,3.168,2.426,3.169
1.808,2.439,1.798,2.534,2.428,3.177,3.168,2.426,3.169,3.173
2.439,1.798,2.534,2.428,3.177,3.168,2.426,3.169,3.173,2.532
1.798,2.534,2.428,3.177,3.168,2.426,3.169,3.173,2.532,2.428
2.534,2.428,3.177,3.168,2.426,3.169,3.173,2.532,2.428,2.526
2.428,3.177,3.168,2.426,3.169,3.173,2.532,2.428,2.526,2.3
3.177,3.168,2.426,3.169,3.173,2.532,2.428,2.526,2.3,2.588
3.168,2.426,3.169,3.173,2.532,2.428,2.526,2.3,2.588,1.913
2.426,3.169,3.173,2.532,2.428,2.526,2.3,2.588,1.913,2.552
3.169,3.173,2.532,2.428,2.526,2.3,2.588,1.913,2.552,2.55
3.173,2.532,2.428,2.526,2.3,2.588,1.913,2.552,2.55,1.814
2.532,2.428,2.526,2.3,2.588,1.913,2.552,2.55,1.814,1.912
2.428,2.526,2.3,2.588,1.913,2.552,2.55,1.814,1.912,1.808
2.526,2.3,2.588,1.913,2.552,2.55,1.814,1.912,1.808,2.099
2.3,2.588,1.913,2.552,2.55,1.814,1.912,1.808,2.099,1.951
2.588,1.913,2.552,2.55,1.814,1.912,1.808,2.099,1.951,1.954
1.913,2.552,2.55,1.814,1.912,1.808,2.099,1.951,1.954,1.953
2.552,2.55,1.814,1.912,1.808,2.099,1.951,1.954,1.953,2.108
2.55,1.814,1.912,1.808,2.099,1.951,1.954,1.953,2.108,1.64
1.814,1.912,1.808,2.099,1.951,1.954,1.953,2.108,1.64,2.06
1.912,1.808,2.099,1.951,1.954,1.953,2.108,1.64,2.06,2.517
1.808,2.099,1.951,1.954,1.953,2.108,1.64,2.06,2.517,2.569
2.099,1.951,1.954,1.953,2.108,1.64,2.06,2.517,2.569,2.682
1.951,1.954,1.953,2.108,1.64,2.06,2.517,2.569,2.682,2.583
1.954,1.953,2.108,1.64,2.06,2.517,2.569,2.682,2.583,1.937
1.953,2.108,1.64,2.06,2.517,2.569,2.682,2.583,1.937,1.948
2.108,1.64,2.06,2.517,2.569,2.682,2.583,1.937,1.948,2.696
1.64,2.06,2.517,2.569,2.682,2.583,1.937,1.948,2.696,2.687
2.06,2.517,2.569,2.682,2.583,1.937,1.948,2.696,2.687,1.94
2.517,2.569,2.682,2.583,1.937,1.948,2.696,2.687,1.94,2.582
2.569,2.682,2.583,1.937,1.948,2.696,2.687,1.94,2.582,1.943
2.682,2.583,1.937,1.948,2.696,2.687,1.94,2.582,1.943,1.943
2.583,1.937,1.948,2.696,2.687,1.94,2.582,1.943,1.943,2.699
1.937,1.948,2.696,2.687,1.94,2.582,1.943,1.943,2.699,1.941
1.948,2.696,2.687,1.94,2.582,1.943,1.943,2.699,1.941,1.941
2.696,2.687,1.94,2.582,1.943,1.943,2.699,1.941,1.941,1.94
2.687,1.94,2.582,1.943,1.943,2.699,1.941,1.941,1.94,1.943
1.94,2.582,1.943,1.943,2.699,1.941,1.941,1.94,1.943,1.944
2.582,1.943,1.943,2.699,1.941,1.941,1.94,1.943,1.944,1.946
1.943,1.943,2.699,1.941,1.941,1.94,1.943,1.944,1.946,1.945
1.943,2.699,1.941,1.941,1.94,1.943,1.944,1.946,1.945,1.941
2.699,1.941,1.941,1.94,1.943,1.944,1.946,1.945,1.941,0.689
1.941,1.941,1.94,1.943,1.944,1.946,1.945,1.941,0.689,2.05
1.941,1.94,1.943,1.944,1.946,1.945,1.941,0.689,2.05,1.318
1.94,1.943,1.944,1.946,1.945,1.941,0.689,2.05,1.318,2.044
1.943,1.944,1.946,1.945,1.941,0.689,2.05,1.318,2.044,1.417
1.944,1.946,1.945,1.941,0.689,2.05,1.318,2.044,1.417,1.417
1.946,1.945,1.941,0.689,2.05,1.318,2.044,1.417,1.417,2.037
1.945,1.941,0.689,2.05,1.318,2.044,1.417,1.417,2.037,1.304
1.941,0.689,2.05,1.318,2.044,1.417,1.417,2.037,1.304,1.413
0.689,2.05,1.318,2.044,1.417,1.417,2.037,1.304,1.413,1.31
2.05,1.318,2.044,1.417,1.417,2.037,1.304,1.413,1.31,1.41
1.318,2.044,1.417,1.417,2.037,1.304,1.413,1.31,1.41,1.301
2.044,1.417,1.417,2.037,1.304,1.413,1.31,1.41,1.301,1.407
1.417,1.417,2.037,1.304,1.413,1.31,1.41,1.301,1.407,1.406
1.417,2.037,1.304,1.413,1.31,1.41,1.301,1.407,1.406,2.019
2.037,1.304,1.413,1.31,1.41,1.301,1.407,1.406,2.019,1.3
1.304,1.413,1.31,1.41,1.301,1.407,1.406,2.019,1.3,1.399
1.413,1.31,1.41,1.301,1.407,1.406,2.019,1.3,1.399,1.291
1.31,1.41,1.301,1.407,1.406,2.019,1.3,1.399,1.291,1.397
1.41,1.301,1.407,1.406,2.019,1.3,1.399,1.291,1.397,1.288
1.301,1.407,1.406,2.019,1.3,1.399,1.291,1.397,1.288,1.398
1.407,1.406,2.019,1.3,1.399,1.291,1.397,1.288,1.398,1.295
1.406,2.019,1.3,1.399,1.291,1.397,1.288,1.398,1.295,2.096
2.019,1.3,1.399,1.291,1.397,1.288,1.398,1.295,2.096,1.999
1.3,1.399,1.291,1.397,1.288,1.398,1.295,2.096,1.999,1.285
1.399,1.291,1.397,1.288,1.398,1.295,2.096,1.999,1.285,1.992
1.291,1.397,1.288,1.398,1.295,2.096,1.999,1.285,1.992,0.686
1.397,1.288,1.398,1.295,2.096,1.999,1.285,1.992,0.686,1.983
1.288,1.398,1.295,2.096,1.999,1.285,1.992,0.686,1.983,1.384
1.398,1.295,2.096,1.999,1.285,1.992,0.686,1.983,1.384,1.384
1.295,2.096,1.999,1.285,1.992,0.686,1.983,1.384,1.384,1.278
2.096,1.999,1.285,1.992,0.686,1.983,1.384,1.384,1.278,1.382
1.999,1.285,1.992,0.686,1.983,1.384,1.384,1.278,1.382,1.283
1.285,1.992,0.686,1.983,1.384,1.384,1.278,1.382,1.283,1.373
1.992,0.686,1.983,1.384,1.384,1.278,1.382,1.283,1.373,0.669
0.686,1.983,1.384,1.384,1.278,1.382,1.283,1.373,0.669,2.021
1.983,1.384,1.384,1.278,1.382,1.283,1.373,0.669,2.021,2.021
1.384,1.384,1.278,1.382,1.283,1.373,0.669,2.021,2.021,2.025
1.384,1.278,1.382,1.283,1.373,0.669,2.021,2.021,2.025,1.402
1.278,1.382,1.283,1.373,0.669,2.021,2.021,2.025,1.402,1.305
1.382,1.283,1.373,0.669,2.021,2.021,2.025,1.402,1.305,0.689
1.283,1.373,0.669,2.021,2.021,2.025,1.402,1.305,0.689,1.408
1.373,0.669,2.021,2.021,2.025,1.402,1.305,0.689,1.408,1.3
0.669,2.021,2.021,2.025,1.402,1.305,0.689,1.408,1.3,1.409
2.021,2.021,2.025,1.402,1.305,0.689,1.408,1.3,1.409,1.308
2.021,2.025,1.402,1.305,0.689,1.408,1.3,1.409,1.308,0.69
2.025,1.402,1.305,0.689,1.408,1.3,1.409,1.308,0.69,1.403
1.402,1.305,0.689,1.408,1.3,1.409,1.308,0.69,1.403,1.409
1.305,0.689,1.408,1.3,1.409,1.308,0.69,1.403,1.409,0.691
0.689,1.408,1.3,1.409,1.308,0.69,1.403,1.409,0.691,2.024
1.408,1.3,1.409,1.308,0.69,1.403,1.409,0.691,2.024,1.3
1.3,1.409,1.308,0.69,1.403,1.409,0.691,2.024,1.3,1.408
1.409,1.308,0.69,1.403,1.409,0.691,2.024,1.3,1.408,1.307
1.308,0.69,1.403,1.409,0.691,2.024,1.3,1.408,1.307,1.402
0.69,1.403,1.409,0.691,2.024,1.3,1.408,1.307,1.402,0.69
1.403,1.409,0.691,2.024,1.3,1.408,1.307,1.402,0.69,1.308
1.409,0.691,2.024,1.3,1.408,1.307,1.402,0.69,1.308,1.409
0.691,2.024,1.3,1.408,1.307,1.402,0.69,1.308,1.409,1.409
2.024,1.3,1.408,1.307,1.402,0.69,1.308,1.409,1.409,0.689
1.3,1.408,1.307,1.402,0.69,1.308,1.409,1.409,0.689,2.022
1.408,1.307,1.402,0.69,1.308,1.409,1.409,0.689,2.022,0.689
1.307,1.402,0.69,1.308,1.409,1.409,0.689,2.022,0.689,1.301
1.402,0.69,1.308,1.409,1.409,0.689,2.022,0.689,1.301,1.411
0.69,1.308,1.409,1.409,0.689,2.022,0.689,1.301,1.411,1.309
1.308,1.409,1.409,0.689,2.022,0.689,1.301,1.411,1.309,0.691
1.409,1.409,0.689,2.022,0.689,1.301,1.411,1.309,0.691,0.692
1.409,0.689,2.022,0.689,1.301,1.411,1.309,0.691,0.692,1.409
0.689,2.022,0.689,1.301,1.411,1.309,0.691,0.692,1.409,0.69
2.022,0.689,1.301,1.411,1.309,0.691,0.692,1.409,0.69,1.303
0.689,1.301,1.411,1.309,0.691,0.692,1.409,0.69,1.303,1.407
1.301,1.411,1.309,0.691,0.692,1.409,0.69,1.303,1.407,1.411
1.411,1.309,0.691,0.692,1.409,0.69,1.303,1.407,1.411,1.302
1.309,0.691,0.692,1.409,0.69,1.303,1.407,1.411,1.302,1.411
0.691,0.692,1.409,0.69,1.303,1.407,1.411,1.302,1.411,0.691
0.692,1.409,0.69,1.303,1.407,1.411,1.302,1.411,0.691,1.309
1.409,0.69,1.303,1.407,1.411,1.302,1.411,0.691,1.309,1.413
0.69,1.303,1.407,1.411,1.302,1.411,0.691,1.309,1.413,0.692
1.303,1.407,1.411,1.302,1.411,0.691,1.309,1.413,0.692,0.692
1.407,1.411,1.302,1.411,0.691,1.309,1.413,0.692,0.692,1.304
1.411,1.302,1.411,0.691,1.309,1.413,0.692,0.692,1.304,2.023
1.302,1.411,0.691,1.309,1.413,0.692,0.692,1.304,2.023,1.41
1.411,0.691,1.309,1.413,0.692,0.692,1.304,2.023,1.41,1.303
0.691,1.309,1.413,0.692,0.692,1.304,2.023,1.41,1.303,1.409
1.309,1.413,0.692,0.692,1.304,2.023,1.41,1.303,1.409,0.69
1.413,0.692,0.692,1.304,2.023,1.41,1.303,1.409,0.69,0.693
0.692,0.692,1.304,2.023,1.41,1.303,1.409,0.69,0.693,3.355
0.692,1.304,2.023,1.41,1.303,1.409,0.69,0.693,3.355,1.413
1.304,2.023,1.41,1.303,1.409,0.69,0.693,3.355,1.413,1.312
2.023,1.41,1.303,1.409,0.69,0.693,3.355,1.413,1.312,2.028
1.41,1.303,1.409,0.69,0.693,3.355,1.413,1.312,2.028,3.465
1.303,1.409,0.69,0.693,3.355,1.413,1.312,2.028,3.465,3.983
1.409,0.69,0.693,3.355,1.413,1.312,2.028,3.465,3.983,2.149
0.69,0.693,3.355,1.413,1.312,2.028,3.465,3.983,2.149,1.321
0.693,3.355,1.413,1.312,2.028,3.465,3.983,2.149,1.321,1.435
3.355,1.413,1.312,2.028,3.465,3.983,2.149,1.321,1.435,1.368
1.413,1.312,2.028,3.465,3.983,2.149,1.321,1.435,1.368,0.672
1.312,2.028,3.465,3.983,2.149,1.321,1.435,1.368,0.672,1.416
2.028,3.465,3.983,2.149,1.321,1.435,1.368,0.672,1.416,0.762
3.465,3.983,2.149,1.321,1.435,1.368,0.672,1.416,0.762,0.674
3.983,2.149,1.321,1.435,1.368,0.672,1.416,0.762,0.674,0.671
2.149,1.321,1.435,1.368,0.672,1.416,0.762,0.674,0.671,0.672
1.321,1.435,1.368,0.672,1.416,0.762,0.674,0.671,0.672,0.67
1.435,1.368,0.672,1.416,0.762,0.674,0.671,0.672,0.67,0.671
1.368,0.672,1.416,0.762,0.674,0.671,0.672,0.67,0.671,1.306
0.672,1.416,0.762,0.674,0.671,0.672,0.67,0.671,1.306,0.672
1.416,0.762,0.674,0.671,0.672,0.67,0.671,1.306,0.672,0.035
0.762,0.674,0.671,0.672,0.67,0.671,1.306,0.672,0.035,0.671
0.674,0.671,0.672,0.67,0.671,1.306,0.672,0.035,0.671,0.07
0.671,0.672,0.67,0.671,1.306,0.672,0.035,0.671,0.07,0.671
0.672,0.67,0.671,1.306,0.672,0.035,0.671,0.07,0.671,0.671
0.67,0.671,1.306,0.672,0.035,0.671,0.07,0.671,0.671,0.671
0.671,1.306,0.672,0.035,0.671,0.07,0.671,0.671,0.671,0.032
1.306,0.672,0.035,0.671,0.07,0.671,0.671,0.671,0.032,0.668
0.672,0.035,0.671,0.07,0.671,0.671,0.671,0.032,0.668,0.669
0.035,0.671,0.07,0.671,0.671,0.671,0.032,0.668,0.669,0.07
0.671,0.07,0.671,0.671,0.671,0.032,0.668,0.669,0.07,0.67
0.07,0.671,0.671,0.671,0.032,0.668,0.669,0.07,0.67,0.67
0.671,0.671,0.671,0.032,0.668,0.669,0.07,0.67,0.67,0.67
0.671,0.671,0.032,0.668,0.669,0.07,0.67,0.67,0.67,0.67
0.671,0.032,0.668,0.669,0.07,0.67,0.67,0.67,0.67,0.042
0.032,0.668,0.669,0.07,0.67,0.67,0.67,0.67,0.042,1.298
0.668,0.669,0.07,0.67,0.67,0.67,0.67,0.042,1.298,0.67
0.669,0.07,0.67,0.67,0.67,0.67,0.042,1.298,0.67,0.67
0.07,0.67,0.67,0.67,0.67,0.042,1.298,0.67,0.67,1.412
0.67,0.67,0.67,0.67,0.042,1.298,0.67,0.67,1.412,0.67
0.67,0.67,0.67,0.042,1.298,0.67,0.67,1.412,0.67,0.01
0.67,0.67,0.042,1.298,0.67,0.67,1.412,0.67,0.01,0.67
0.67,0.042,1.298,0.67,0.67,1.412,0.67,0.01,0.67,0.671
0.042,1.298,0.67,0.67,1.412,0.67,0.01,0.67,0.671,0.67
1.298,0.67,0.67,1.412,0.67,0.01,0.67,0.671,0.67,2.049
0.67,0.67,1.412,0.67,0.01,0.67,0.671,0.67,2.049,3.453
0.67,1.412,0.67,0.01,0.67,0.671,0.67,2.049,3.453,4.253
1.412,0.67,0.01,0.67,0.671,0.67,2.049,3.453,4.253,2.874
0.67,0.01,0.67,0.671,0.67,2.049,3.453,4.253,2.874,2.121
0.01,0.67,0.671,0.67,2.049,3.453,4.253,2.874,2.121,2.124
0.67,0.671,0.67,2.049,3.453,4.253,2.874,2.121,2.124,2.135
0.671,0.67,2.049,3.453,4.253,2.874,2.121,2.124,2.135,1.467
0.67,2.049,3.453,4.253,2.874,2.121,2.124,2.135,1.467,1.359
2.049,3.453,4.253,2.874,2.121,2.124,2.135,1.467,1.359,0.674
3.453,4.253,2.874,2.121,2.124,2.135,1.467,1.359,0.674,0.673
4.253,2.874,2.121,2.124,2.135,1.467,1.359,0.674,0.673,1.473
2.874,2.121,2.124,2.135,1.467,1.359,0.674,0.673,1.473,0.675
2.121,2.124,2.135,1.467,1.359,0.674,0.673,1.473,0.675,0.674
2.124,2.135,1.467,1.359,0.674,0.673,1.473,0.675,0.674,2.163
2.135,1.467,1.359,0.674,0.673,1.473,0.675,0.674,2.163,1.483
1.467,1.359,0.674,0.673,1.473,0.675,0.674,2.163,1.483,1.365
1.359,0.674,0.673,1.473,0.675,0.674,2.163,1.483,1.365,0.676
0.674,0.673,1.473,0.675,0.674,2.163,1.483,1.365,0.676,0.675
0.673,1.473,0.675,0.674,2.163,1.483,1.365,0.676,0.675,0.676
1.473,0.675,0.674,2.163,1.483,1.365,0.676,0.675,0.676,0.675
0.675,0.674,2.163,1.483,1.365,0.676,0.675,0.676,0.675,0.675
0.674,2.163,1.483,1.365,0.676,0.675,0.676,0.675,0.675,2.19
2.163,1.483,1.365,0.676,0.675,0.676,0.675,0.675,2.19,0.675
1.483,1.365,0.676,0.675,0.676,0.675,0.675,2.19,0.675,1.486
1.365,0.676,0.675,0.676,0.675,0.675,2.19,0.675,1.486,0.673
0.676,0.675,0.676,0.675,0.675,2.19,0.675,1.486,0.673,0.673
0.675,0.676,0.675,0.675,2.19,0.675,1.486,0.673,0.673,0.676
0.676,0.675,0.675,2.19,0.675,1.486,0.673,0.673,0.676,2.207
0.675,0.675,2.19,0.675,1.486,0.673,0.673,0.676,2.207,0.676
0.675,2.19,0.675,1.486,0.673,0.673,0.676,2.207,0.676,0.675
2.19,0.675,1.486,0.673,0.673,0.676,2.207,0.676,0.675,0.674
0.675,1.486,0.673,0.673,0.676,2.207,0.676,0.675,0.674,0.673
1.486,0.673,0.673,0.676,2.207,0.676,0.675,0.674,0.673,0.673
0.673,0.673,0.676,2.207,0.676,0.675,0.674,0.673,0.673,0.673
0.673,0.676,2.207,0.676,0.675,0.674,0.673,0.673,0.673,0.001
0.676,2.207,0.676,0.675,0.674,0.673,0.673,0.673,0.001,0.764
2.207,0.676,0.675,0.674,0.673,0.673,0.673,0.001,0.764,0.672
0.676,0.675,0.674,0.673,0.673,0.673,0.001,0.764,0.672,0.672
0.675,0.674,0.673,0.673,0.673,0.001,0.764,0.672,0.672,0.671
0.674,0.673,0.673,0.673,0.001,0.764,0.672,0.672,0.671,2.201
0.673,0.673,0.673,0.001,0.764,0.672,0.672,0.671,2.201,0.672
0.673,0.673,0.001,0.764,0.672,0.672,0.671,2.201,0.672,0.666
0.673,0.001,0.764,0.672,0.672,0.671,2.201,0.672,0.666,0.01
0.001,0.764,0.672,0.672,0.671,2.201,0.672,0.666,0.01,0.666
0.764,0.672,0.672,0.671,2.201,0.672,0.666,0.01,0.666,0.711
0.672,0.672,0.671,2.201,0.672,0.666,0.01,0.666,0.711,0.688
0.672,0.671,2.201,0.672,0.666,0.01,0.666,0.711,0.688,0.69
0.671,2.201,0.672,0.666,0.01,0.666,0.711,0.688,0.69,0.689
2.201,0.672,0.666,0.01,0.666,0.711,0.688,0.69,0.689,0.01
0.672,0.666,0.01,0.666,0.711,0.688,0.69,0.689,0.01,2.923
0.666,0.01,0.666,0.711,0.688,0.69,0.689,0.01,2.923,1.518
0.01,0.666,0.711,0.688,0.69,0.689,0.01,2.923,1.518,1.404
0.666,0.711,0.688,0.69,0.689,0.01,2.923,1.518,1.404,0.689
0.711,0.688,0.69,0.689,0.01,2.923,1.518,1.404,0.689,0.691
0.688,0.69,0.689,0.01,2.923,1.518,1.404,0.689,0.691,1.524
0.69,0.689,0.01,2.923,1.518,1.404,0.689,0.691,1.524,0.69
0.689,0.01,2.923,1.518,1.404,0.689,0.691,1.524,0.69,0.686
0.01,2.923,1.518,1.404,0.689,0.691,1.524,0.69,0.686,1.517
2.923,1.518,1.404,0.689,0.691,1.524,0.69,0.686,1.517,0.686
1.518,1.404,0.689,0.691,1.524,0.69,0.686,1.517,0.686,0.688
1.404,0.689,0.691,1.524,0.69,0.686,1.517,0.686,0.688,0.687
0.689,0.691,1.524,0.69,0.686,1.517,0.686,0.688,0.687,0.685
0.691,1.524,0.69,0.686,1.517,0.686,0.688,0.687,0.685,1.407
1.524,0.69,0.686,1.517,0.686,0.688,0.687,0.685,1.407,1.223
0.69,0.686,1.517,0.686,0.688,0.687,0.685,1.407,1.223,1.165
0.686,1.517,0.686,0.688,0.687,0.685,1.407,1.223,1.165,0.437
1.517,0.686,0.688,0.687,0.685,1.407,1.223,1.165,0.437,6.094
0.686,0.688,0.687,0.685,1.407,1.223,1.165,0.437,6.094,4.758
0.688,0.687,0.685,1.407,1.223,1.165,0.437,6.094,4.758,4.054
0.687,0.685,1.407,1.223,1.165,0.437,6.094,4.758,4.054,2.45
0.685,1.407,1.223,1.165,0.437,6.094,4.758,4.054,2.45,1.743
1.407,1.223,1.165,0.437,6.094,4.758,4.054,2.45,1.743,0.862
1.223,1.165,0.437,6.094,4.758,4.054,2.45,1.743,0.862,1.704
1.165,0.437,6.094,4.758,4.054,2.45,1.743,0.862,1.704,1.021
0.437,6.094,4.758,4.054,2.45,1.743,0.862,1.704,1.021,3.255
6.094,4.758,4.054,2.45,1.743,0.862,1.704,1.021,3.255,2.45
4.758,4.054,2.45,1.743,0.862,1.704,1.021,3.255,2.45,2.551
4.054,2.45,1.743,0.862,1.704,1.021,3.255,2.45,2.551,2.45
2.45,1.743,0.862,1.704,1.021,3.255,2.45,2.551,2.45,1.769
1.743,0.862,1.704,1.021,3.255,2.45,2.551,2.45,1.769,1.786
0.862,1.704,1.021,3.255,2.45,2.551,2.45,1.769,1.786,1.788
1.704,1.021,3.255,2.45,2.551,2.45,1.769,1.786,1.788,1.806
1.021,3.255,2.45,2.551,2.45,1.769,1.786,1.788,1.806,1.032
3.255,2.45,2.551,2.45,1.769,1.786,1.788,1.806,1.032,1.82
2.45,2.551,2.45,1.769,1.786,1.788,1.806,1.032,1.82,1.066
2.551,2.45,1.769,1.786,1.788,1.806,1.032,1.82,1.066,1.85
2.45,1.769,1.786,1.788,1.806,1.032,1.82,1.066,1.85,1.854
1.769,1.786,1.788,1.806,1.032,1.82,1.066,1.85,1.854,1.118
1.786,1.788,1.806,1.032,1.82,1.066,1.85,1.854,1.118,1.883
1.788,1.806,1.032,1.82,1.066,1.85,1.854,1.118,1.883,1.259
1.806,1.032,1.82,1.066,1.85,1.854,1.118,1.883,1.259,1.194
1.032,1.82,1.066,1.85,1.854,1.118,1.883,1.259,1.194,1.917
1.82,1.066,1.85,1.854,1.118,1.883,1.259,1.194,1.917,1.199
1.066,1.85,1.854,1.118,1.883,1.259,1.194,1.917,1.199,1.92
1.85,1.854,1.118,1.883,1.259,1.194,1.917,1.199,1.92,1.916
1.854,1.118,1.883,1.259,1.194,1.917,1.199,1.92,1.916,1.201
1.118,1.883,1.259,1.194,1.917,1.199,1.92,1.916,1.201,1.919
1.883,1.259,1.194,1.917,1.199,1.92,1.916,1.201,1.919,2.632
1.259,1.194,1.917,1.199,1.92,1.916,1.201,1.919,2.632,3.871
1.194,1.917,1.199,1.92,1.916,1.201,1.919,2.632,3.871,3.255
1.917,1.199,1.92,1.916,1.201,1.919,2.632,3.871,3.255,4.585
1.199,1.92,1.916,1.201,1.919,2.632,3.871,3.255,4.585,4.591
1.92,1.916,1.201,1.919,2.632,3.871,3.255,4.585,4.591,3.251
1.916,1.201,1.919,2.632,3.871,3.255,4.585,4.591,3.251,3.252
1.201,1.919,2.632,3.871,3.255,4.585,4.591,3.251,3.252,1.898
1.919,2.632,3.871,3.255,4.585,4.591,3.251,3.252,1.898,3.234
2.632,3.871,3.255,4.585,4.591,3.251,3.252,1.898,3.234,4.584
3.871,3.255,4.585,4.591,3.251,3.252,1.898,3.234,4.584,6.028
3.255,4.585,4.591,3.251,3.252,1.898,3.234,4.584,6.028,5.207
4.585,4.591,3.251,3.252,1.898,3.234,4.584,6.028,5.207,3.248
4.591,3.251,3.252,1.898,3.234,4.584,6.028,5.207,3.248,3.261
3.251,3.252,1.898,3.234,4.584,6.028,5.207,3.248,3.261,1.927
3.252,1.898,3.234,4.584,6.028,5.207,3.248,3.261,1.927,2.669
1.898,3.234,4.584,6.028,5.207,3.248,3.261,1.927,2.669,1.841
3.234,4.584,6.028,5.207,3.248,3.261,1.927,2.669,1.841,2.663
4.584,6.028,5.207,3.248,3.261,1.927,2.669,1.841,2.663,1.949
6.028,5.207,3.248,3.261,1.927,2.669,1.841,2.663,1.949,1.948
5.207,3.248,3.261,1.927,2.669,1.841,2.663,1.949,1.948,1.938
3.248,3.261,1.927,2.669,1.841,2.663,1.949,1.948,1.938,1.433
3.261,1.927,2.669,1.841,2.663,1.949,1.948,1.938,1.433,1.997
1.927,2.669,1.841,2.663,1.949,1.948,1.938,1.433,1.997,1.933
2.669,1.841,2.663,1.949,1.948,1.938,1.433,1.997,1.933,1.939
1.841,2.663,1.949,1.948,1.938,1.433,1.997,1.933,1.939,1.924
2.663,1.949,1.948,1.938,1.433,1.997,1.933,1.939,1.924,1.213
1.949,1.948,1.938,1.433,1.997,1.933,1.939,1.924,1.213,1.935
1.948,1.938,1.433,1.997,1.933,1.939,1.924,1.213,1.935,1.922
1.938,1.433,1.997,1.933,1.939,1.924,1.213,1.935,1.922,1.933
1.433,1.997,1.933,1.939,1.924,1.213,1.935,1.922,1.933,1.926
1.997,1.933,1.939,1.924,1.213,1.935,1.922,1.933,1.926,1.207
1.933,1.939,1.924,1.213,1.935,1.922,1.933,1.926,1.207,1.919
1.939,1.924,1.213,1.935,1.922,1.933,1.926,1.207,1.919,1.305
1.924,1.213,1.935,1.922,1.933,1.926,1.207,1.919,1.305,1.811
1.213,1.935,1.922,1.933,1.926,1.207,1.919,1.305,1.811,1.486
1.935,1.922,1.933,1.926,1.207,1.919,1.305,1.811,1.486,2.317
1.922,1.933,1.926,1.207,1.919,1.305,1.811,1.486,2.317,2.625
1.933,1.926,1.207,1.919,1.305,1.811,1.486,2.317,2.625,1.917
1.926,1.207,1.919,1.305,1.811,1.486,2.317,2.625,1.917,1.802
1.207,1.919,1.305,1.811,1.486,2.317,2.625,1.917,1.802,1.293
1.919,1.305,1.811,1.486,2.317,2.625,1.917,1.802,1.293,1.956
1.305,1.811,1.486,2.317,2.625,1.917,1.802,1.293,1.956,1.947
1.811,1.486,2.317,2.625,1.917,1.802,1.293,1.956,1.947,1.244
1.486,2.317,2.625,1.917,1.802,1.293,1.956,1.947,1.244,1.924
2.317,2.625,1.917,1.802,1.293,1.956,1.947,1.244,1.924,1.214
2.625,1.917,1.802,1.293,1.956,1.947,1.244,1.924,1.214,1.198
1.917,1.802,1.293,1.956,1.947,1.244,1.924,1.214,1.198,1.823
1.802,1.293,1.956,1.947,1.244,1.924,1.214,1.198,1.823,1.298
1.293,1.956,1.947,1.244,1.924,1.214,1.198,1.823,1.298,2.154
1.956,1.947,1.244,1.924,1.214,1.198,1.823,1.298,2.154,2.16
1.947,1.244,1.924,1.214,1.198,1.823,1.298,2.154,2.16,1.497
1.244,1.924,1.214,1.198,1.823,1.298,2.154,2.16,1.497,2.223
1.924,1.214,1.198,1.823,1.298,2.154,2.16,1.497,2.223,1.469
1.214,1.198,1.823,1.298,2.154,2.16,1.497,2.223,1.469,1.964
1.198,1.823,1.298,2.154,2.16,1.497,2.223,1.469,1.964,1.25
1.823,1.298,2.154,2.16,1.497,2.223,1.469,1.964,1.25,1.641
1.298,2.154,2.16,1.497,2.223,1.469,1.964,1.25,1.641,1.853
2.154,2.16,1.497,2.223,1.469,1.964,1.25,1.641,1.853,1.228
2.16,1.497,2.223,1.469,1.964,1.25,1.641,1.853,1.228,2.564
1.497,2.223,1.469,1.964,1.25,1.641,1.853,1.228,2.564,3.906
2.223,1.469,1.964,1.25,1.641,1.853,1.228,2.564,3.906,2.568
1.469,1.964,1.25,1.641,1.853,1.228,2.564,3.906,2.568,3.3
1.964,1.25,1.641,1.853,1.228,2.564,3.906,2.568,3.3,2.571
1.25,1.641,1.853,1.228,2.564,3.906,2.568,3.3,2.571,2.575
1.641,1.853,1.228,2.564,3.906,2.568,3.3,2.571,2.575,1.845
1.853,1.228,2.564,3.906,2.568,3.3,2.571,2.575,1.845,3.292
1.228,2.564,3.906,2.568,3.3,2.571,2.575,1.845,3.292,2.572
2.564,3.906,2.568,3.3,2.571,2.575,1.845,3.292,2.572,3.294
3.906,2.568,3.3,2.571,2.575,1.845,3.292,2.572,3.294,3.186
2.568,3.3,2.571,2.575,1.845,3.292,2.572,3.294,3.186,2.572
3.3,2.571,2.575,1.845,3.292,2.572,3.294,3.186,2.572,1.956
2.571,2.575,1.845,3.292,2.572,3.294,3.186,2.572,1.956,2.568
2.575,1.845,3.292,2.572,3.294,3.186,2.572,1.956,2.568,2.574
1.845,3.292,2.572,3.294,3.186,2.572,1.956,2.568,2.574,2.577
3.292,2.572,3.294,3.186,2.572,1.956,2.568,2.574,2.577,2.573
2.572,3.294,3.186,2.572,1.956,2.568,2.574,2.577,2.573,1.852
3.294,3.186,2.572,1.956,2.568,2.574,2.577,2.573,1.852,2.573
3.186,2.572,1.956,2.568,2.574,2.577,2.573,1.852,2.573,1.848
2.572,1.956,2.568,2.574,2.577,2.573,1.852,2.573,1.848,2.573
1.956,2.568,2.574,2.577,2.573,1.852,2.573,1.848,2.573,1.954
2.568,2.574,2.577,2.573,1.852,2.573,1.848,2.573,1.954,1.842
2.574,2.577,2.573,1.852,2.573,1.848,2.573,1.954,1.842,2.567
2.577,2.573,1.852,2.573,1.848,2.573,1.954,1.842,2.567,2.571
2.573,1.852,2.573,1.848,2.573,1.954,1.842,2.567,2.571,1.807
1.852,2.573,1.848,2.573,1.954,1.842,2.567,2.571,1.807,2.576
2.573,1.848,2.573,1.954,1.842,2.567,2.571,1.807,2.576,2.459
1.848,2.573,1.954,1.842,2.567,2.571,1.807,2.576,2.459,3.922
2.573,1.954,1.842,2.567,2.571,1.807,2.576,2.459,3.922,10.457
1.954,1.842,2.567,2.571,1.807,2.576,2.459,3.922,10.457,11.848
1.842,2.567,2.571,1.807,2.576,2.459,3.922,10.457,11.848,11
2.567,2.571,1.807,2.576,2.459,3.922,10.457,11.848,11,7.351
2.571,1.807,2.576,2.459,3.922,10.457,11.848,11,7.351,5.945
1.807,2.576,2.459,3.922,10.457,11.848,11,7.351,5.945,4.601
2.576,2.459,3.922,10.457,11.848,11,7.351,5.945,4.601,5.313
2.459,3.922,10.457,11.848,11,7.351,5.945,4.601,5.313,2.722
3.922,10.457,11.848,11,7.351,5.945,4.601,5.313,2.722,5.944
10.457,11.848,11,7.351,5.945,4.601,5.313,2.722,5.944,4.496
11.848,11,7.351,5.945,4.601,5.313,2.722,5.944,4.496,3.765
11,7.351,5.945,4.601,5.313,2.722,5.944,4.496,3.765,3.959
7.351,5.945,4.601,5.313,2.722,5.944,4.496,3.765,3.959,3.173
5.945,4.601,5.313,2.722,5.944,4.496,3.765,3.959,3.173,3.28
4.601,5.313,2.722,5.944,4.496,3.765,3.959,3.173,3.28,3.169
5.313,2.722,5.944,4.496,3.765,3.959,3.173,3.28,3.169,3.169
2.722,5.944,4.496,3.765,3.959,3.173,3.28,3.169,3.169,3.265
5.944,4.496,3.765,3.959,3.173,3.28,3.169,3.169,3.265,2.513
4.496,3.765,3.959,3.173,3.28,3.169,3.169,3.265,2.513,3.15
3.765,3.959,3.173,3.28,3.169,3.169,3.265,2.513,3.15,3.254
3.959,3.173,3.28,3.169,3.169,3.265,2.513,3.15,3.254,3.018
3.173,3.28,3.169,3.169,3.265,2.513,3.15,3.254,3.018,3.563
3.28,3.169,3.169,3.265,2.513,3.15,3.254,3.018,3.563,3.56
3.169,3.169,3.265,2.513,3.15,3.254,3.018,3.563,3.56,2.913
3.169,3.265,2.513,3.15,3.254,3.018,3.563,3.56,2.913,2.446
3.265,2.513,3.15,3.254,3.018,3.563,3.56,2.913,2.446,2.45
2.513,3.15,3.254,3.018,3.563,3.56,2.913,2.446,2.45,2.554
3.15,3.254,3.018,3.563,3.56,2.913,2.446,2.45,2.554,2.451
3.254,3.018,3.563,3.56,2.913,2.446,2.45,2.554,2.451,2.561
3.018,3.563,3.56,2.913,2.446,2.45,2.554,2.451,2.561,1.806
3.563,3.56,2.913,2.446,2.45,2.554,2.451,2.561,1.806,2.449
3.56,2.913,2.446,2.45,2.554,2.451,2.561,1.806,2.449,3.185
2.913,2.446,2.45,2.554,2.451,2.561,1.806,2.449,3.185,2.542
2.446,2.45,2.554,2.451,2.561,1.806,2.449,3.185,2.542,2.45
2.45,2.554,2.451,2.561,1.806,2.449,3.185,2.542,2.45,3.192
2.554,2.451,2.561,1.806,2.449,3.185,2.542,2.45,3.192,2.447
2.451,2.561,1.806,2.449,3.185,2.542,2.45,3.192,2.447,2.556
2.561,1.806,2.449,3.185,2.542,2.45,3.192,2.447,2.556,2.444
1.806,2.449,3.185,2.542,2.45,3.192,2.447,2.556,2.444,2.549
2.449,3.185,2.542,2.45,3.192,2.447,2.556,2.444,2.549,2.454
3.185,2.542,2.45,3.192,2.447,2.556,2.444,2.549,2.454,2.554
2.542,2.45,3.192,2.447,2.556,2.444,2.549,2.454,2.554,2.445
2.45,3.192,2.447,2.556,2.444,2.549,2.454,2.554,2.445,2.551
3.192,2.447,2.556,2.444,2.549,2.454,2.554,2.445,2.551,2.439
2.447,2.556,2.444,2.549,2.454,2.554,2.445,2.551,2.439,3.179
2.556,2.444,2.549,2.454,2.554,2.445,2.551,2.439,3.179,2.44
2.444,2.549,2.454,2.554,2.445,2.551,2.439,3.179,2.44,3.178
2.549,2.454,2.554,2.445,2.551,2.439,3.179,2.44,3.178,2.554
2.454,2.554,2.445,2.551,2.439,3.179,2.44,3.178,2.554,2.443
2.554,2.445,2.551,2.439,3.179,2.44,3.178,2.554,2.443,3.178
2.445,2.551,2.439,3.179,2.44,3.178,2.554,2.443,3.178,2.547
2.551,2.439,3.179,2.44,3.178,2.554,2.443,3.178,2.547,2.442
2.439,3.179,2.44,3.178,2.554,2.443,3.178,2.547,2.442,3.834
3.179,2.44,3.178,2.554,2.443,3.178,2.547,2.442,3.834,4.541
2.44,3.178,2.554,2.443,3.178,2.547,2.442,3.834,4.541,3.515
3.178,2.554,2.443,3.178,2.547,2.442,3.834,4.541,3.515,3.342
2.554,2.443,3.178,2.547,2.442,3.834,4.541,3.515,3.342,2.578
2.443,3.178,2.547,2.442,3.834,4.541,3.515,3.342,2.578,2.689
3.178,2.547,2.442,3.834,4.541,3.515,3.342,2.578,2.689,2.59
2.547,2.442,3.834,4.541,3.515,3.342,2.578,2.689,2.59,2.717
2.442,3.834,4.541,3.515,3.342,2.578,2.689,2.59,2.717,2.706
3.834,4.541,3.515,3.342,2.578,2.689,2.59,2.717,2.706,2.82
4.541,3.515,3.342,2.578,2.689,2.59,2.717,2.706,2.82,1.974
3.515,3.342,2.578,2.689,2.59,2.717,2.706,2.82,1.974,2.71
3.342,2.578,2.689,2.59,2.717,2.706,2.82,1.974,2.71,2.714
2.578,2.689,2.59,2.717,2.706,2.82,1.974,2.71,2.714,2.082
2.689,2.59,2.717,2.706,2.82,1.974,2.71,2.714,2.082,2.722
2.59,2.717,2.706,2.82,1.974,2.71,2.714,2.082,2.722,2.086
2.717,2.706,2.82,1.974,2.71,2.714,2.082,2.722,2.086,1.983
2.706,2.82,1.974,2.71,2.714,2.082,2.722,2.086,1.983,2.072
2.82,1.974,2.71,2.714,2.082,2.722,2.086,1.983,2.072,2.049
1.974,2.71,2.714,2.082,2.722,2.086,1.983,2.072,2.049,1.403
2.71,2.714,2.082,2.722,2.086,1.983,2.072,2.049,1.403,2.041
2.714,2.082,2.722,2.086,1.983,2.072,2.049,1.403,2.041,2.03
2.082,2.722,2.086,1.983,2.072,2.049,1.403,2.041,2.03,1.404
2.722,2.086,1.983,2.072,2.049,1.403,2.041,2.03,1.404,2.022
2.086,1.983,2.072,2.049,1.403,2.041,2.03,1.404,2.022,2.022
1.983,2.072,2.049,1.403,2.041,2.03,1.404,2.022,2.022,1.288
2.072,2.049,1.403,2.041,2.03,1.404,2.022,2.022,1.288,2.116
2.049,1.403,2.041,2.03,1.404,2.022,2.022,1.288,2.116,3.338
1.403,2.041,2.03,1.404,2.022,2.022,1.288,2.116,3.338,5.337
2.041,2.03,1.404,2.022,2.022,1.288,2.116,3.338,5.337,7.867
2.03,1.404,2.022,2.022,1.288,2.116,3.338,5.337,7.867,7.273
1.404,2.022,2.022,1.288,2.116,3.338,5.337,7.867,7.273,6.71
2.022,2.022,1.288,2.116,3.338,5.337,7.867,7.273,6.71,5.904
2.022,1.288,2.116,3.338,5.337,7.867,7.273,6.71,5.904,4.885
1.288,2.116,3.338,5.337,7.867,7.273,6.71,5.904,4.885,3.347
2.116,3.338,5.337,7.867,7.273,6.71,5.904,4.885,3.347,3.342
3.338,5.337,7.867,7.273,6.71,5.904,4.885,3.347,3.342,2.739
5.337,7.867,7.273,6.71,5.904,4.885,3.347,3.342,2.739,3.128
7.867,7.273,6.71,5.904,4.885,3.347,3.342,2.739,3.128,2.633
7.273,6.71,5.904,4.885,3.347,3.342,2.739,3.128,2.633,2.726
6.71,5.904,4.885,3.347,3.342,2.739,3.128,2.633,2.726,2.734
5.904,4.885,3.347,3.342,2.739,3.128,2.633,2.726,2.734,2.014
4.885,3.347,3.342,2.739,3.128,2.633,2.726,2.734,2.014,2.015
3.347,3.342,2.739,3.128,2.633,2.726,2.734,2.014,2.015,2.009
3.342,2.739,3.128,2.633,2.726,2.734,2.014,2.015,2.009,2.055
2.739,3.128,2.633,2.726,2.734,2.014,2.015,2.009,2.055,1.43
3.128,2.633,2.726,2.734,2.014,2.015,2.009,2.055,1.43,2.075
2.633,2.726,2.734,2.014,2.015,2.009,2.055,1.43,2.075,1.328
2.726,2.734,2.014,2.015,2.009,2.055,1.43,2.075,1.328,2.091
2.734,2.014,2.015,2.009,2.055,1.43,2.075,1.328,2.091,1.442
2.014,2.015,2.009,2.055,1.43,2.075,1.328,2.091,1.442,1.453
2.015,2.009,2.055,1.43,2.075,1.328,2.091,1.442,1.453,2.111
2.009,2.055,1.43,2.075,1.328,2.091,1.442,1.453,2.111,1.345
2.055,1.43,2.075,1.328,2.091,1.442,1.453,2.111,1.345,2.123
1.43,2.075,1.328,2.091,1.442,1.453,2.111,1.345,2.123,1.473
2.075,1.328,2.091,1.442,1.453,2.111,1.345,2.123,1.473,2.147
1.328,2.091,1.442,1.453,2.111,1.345,2.123,1.473,2.147,2.148
2.091,1.442,1.453,2.111,1.345,2.123,1.473,2.147,2.148,3.642
1.442,1.453,2.111,1.345,2.123,1.473,2.147,2.148,3.642,2.181
1.453,2.111,1.345,2.123,1.473,2.147,2.148,3.642,2.181,2.31
2.111,1.345,2.123,1.473,2.147,2.148,3.642,2.181,2.31,2.901
1.345,2.123,1.473,2.147,2.148,3.642,2.181,2.31,2.901,2.213
2.123,1.473,2.147,2.148,3.642,2.181,2.31,2.901,2.213,2.225
1.473,2.147,2.148,3.642,2.181,2.31,2.901,2.213,2.225,2.243
2.147,2.148,3.642,2.181,2.31,2.901,2.213,2.225,2.243,3.424
2.148,3.642,2.181,2.31,2.901,2.213,2.225,2.243,3.424,1.804
3.642,2.181,2.31,2.901,2.213,2.225,2.243,3.424,1.804,1.922
2.181,2.31,2.901,2.213,2.225,2.243,3.424,1.804,1.922,1.806
2.31,2.901,2.213,2.225,2.243,3.424,1.804,1.922,1.806,1.935
2.901,2.213,2.225,2.243,3.424,1.804,1.922,1.806,1.935,1.812
2.213,2.225,2.243,3.424,1.804,1.922,1.806,1.935,1.812,1.321
2.225,2.243,3.424,1.804,1.922,1.806,1.935,1.812,1.321,2.017
2.243,3.424,1.804,1.922,1.806,1.935,1.812,1.321,2.017,2.013
3.424,1.804,1.922,1.806,1.935,1.812,1.321,2.017,2.013,2.134
1.804,1.922,1.806,1.935,1.812,1.321,2.017,2.013,2.134,0.402
1.922,1.806,1.935,1.812,1.321,2.017,2.013,2.134,0.402,1.302
1.806,1.935,1.812,1.321,2.017,2.013,2.134,0.402,1.302,0.485
1.935,1.812,1.321,2.017,2.013,2.134,0.402,1.302,0.485,1.992
1.812,1.321,2.017,2.013,2.134,0.402,1.302,0.485,1.992,0.386
1.321,2.017,2.013,2.134,0.402,1.302,0.485,1.992,0.386,1.321
2.017,2.013,2.134,0.402,1.302,0.485,1.992,0.386,1.321,1.205
2.013,2.134,0.402,1.302,0.485,1.992,0.386,1.321,1.205,1.32
2.134,0.402,1.302,0.485,1.992,0.386,1.321,1.205,1.32,1.209
0.402,1.302,0.485,1.992,0.386,1.321,1.205,1.32,1.209,1.333
1.302,0.485,1.992,0.386,1.321,1.205,1.32,1.209,1.333,1.398
0.485,1.992,0.386,1.321,1.205,1.32,1.209,1.333,1.398,1.367
1.992,0.386,1.321,1.205,1.32,1.209,1.333,1.398,1.367,1.365
0.386,1.321,1.205,1.32,1.209,1.333,1.398,1.367,1.365,0.573
1.321,1.205,1.32,1.209,1.333,1.398,1.367,1.365,0.573,1.365
1.205,1.32,1.209,1.333,1.398,1.367,1.365,0.573,1.365,1.364
1.32,1.209,1.333,1.398,1.367,1.365,0.573,1.365,1.364,1.367
1.209,1.333,1.398,1.367,1.365,0.573,1.365,1.364,1.367,2.154
1.333,1.398,1.367,1.365,0.573,1.365,1.364,1.367,2.154,0.698
1.398,1.367,1.365,0.573,1.365,1.364,1.367,2.154,0.698,1.364
1.367,1.365,0.573,1.365,1.364,1.367,2.154,0.698,1.364,0.692
1.365,0.573,1.365,1.364,1.367,2.154,0.698,1.364,0.692,0.691
0.573,1.365,1.364,1.367,2.154,0.698,1.364,0.692,0.691,2.168
1.365,1.364,1.367,2.154,0.698,1.364,0.692,0.691,2.168,0.692
1.364,1.367,2.154,0.698,1.364,0.692,0.691,2.168,0.692,3.787
1.367,2.154,0.698,1.364,0.692,0.691,2.168,0.692,3.787,2.197
2.154,0.698,1.364,0.692,0.691,2.168,0.692,3.787,2.197,1.395
0.698,1.364,0.692,0.691,2.168,0.692,3.787,2.197,1.395,0.694
1.364,0.692,0.691,2.168,0.692,3.787,2.197,1.395,0.694,1.505
0.692,0.691,2.168,0.692,3.787,2.197,1.395,0.694,1.505,1.399
0.691,2.168,0.692,3.787,2.197,1.395,0.694,1.505,1.399,0.694
2.168,0.692,3.787,2.197,1.395,0.694,1.505,1.399,0.694,0.693
0.692,3.787,2.197,1.395,0.694,1.505,1.399,0.694,0.693,0.694
3.787,2.197,1.395,0.694,1.505,1.399,0.694,0.693,0.694,0.693
2.197,1.395,0.694,1.505,1.399,0.694,0.693,0.694,0.693,2.219
1.395,0.694,1.505,1.399,0.694,0.693,0.694,0.693,2.219,0.693
0.694,1.505,1.399,0.694,0.693,0.694,0.693,2.219,0.693,1.521
1.505,1.399,0.694,0.693,0.694,0.693,2.219,0.693,1.521,0.692
1.399,0.694,0.693,0.694,0.693,2.219,0.693,1.521,0.692,2.238
0.694,0.693,0.694,0.693,2.219,0.693,1.521,0.692,2.238,2.242
0.693,0.694,0.693,2.219,0.693,1.521,0.692,2.238,2.242,1.81
0.694,0.693,2.219,0.693,1.521,0.692,2.238,2.242,1.81,1.981
0.693,2.219,0.693,1.521,0.692,2.238,2.242,1.81,1.981,1.256
2.219,0.693,1.521,0.692,2.238,2.242,1.81,1.981,1.256,1.978
0.693,1.521,0.692,2.238,2.242,1.81,1.981,1.256,1.978,1.149
1.521,0.692,2.238,2.242,1.81,1.981,1.256,1.978,1.149,0.428
0.692,2.238,2.242,1.81,1.981,1.256,1.978,1.149,0.428,1.148
2.238,2.242,1.81,1.981,1.256,1.978,1.149,0.428,1.148,1.274
2.242,1.81,1.981,1.256,1.978,1.149,0.428,1.148,1.274,0.444
1.81,1.981,1.256,1.978,1.149,0.428,1.148,1.274,0.444,0.725
1.981,1.256,1.978,1.149,0.428,1.148,1.274,0.444,0.725,0.691
1.256,1.978,1.149,0.428,1.148,1.274,0.444,0.725,0.691,0.688
1.978,1.149,0.428,1.148,1.274,0.444,0.725,0.691,0.688,0.691
1.149,0.428,1.148,1.274,0.444,0.725,0.691,0.688,0.691,0.685
0.428,1.148,1.274,0.444,0.725,0.691,0.688,0.691,0.685,0.693
1.148,1.274,0.444,0.725,0.691,0.688,0.691,0.685,0.693,0.692
1.274,0.444,0.725,0.691,0.688,0.691,0.685,0.693,0.692,0.691
0.444,0.725,0.691,0.688,0.691,0.685,0.693,0.692,0.691,0.693
0.725,0.691,0.688,0.691,0.685,0.693,0.692,0.691,0.693,0.69
0.691,0.688,0.691,0.685,0.693,0.692,0.691,0.693,0.69,0.691
0.688,0.691,0.685,0.693,0.692,0.691,0.693,0.69,0.691,0.691
0.691,0.685,0.693,0.692,0.691,0.693,0.69,0.691,0.691,0.69
0.685,0.693,0.692,0.691,0.693,0.69,0.691,0.691,0.69,0.69
0.693,0.692,0.691,0.693,0.69,0.691,0.691,0.69,0.69,1.264
0.692,0.691,0.693,0.69,0.691,0.691,0.69,0.69,1.264,0.11
0.691,0.693,0.69,0.691,0.691,0.69,0.69,1.264,0.11,0.688
0.693,0.69,0.691,0.691,0.69,0.69,1.264,0.11,0.688,0.689
0.69,0.691,0.691,0.69,0.69,1.264,0.11,0.688,0.689,0.01
0.691,0.691,0.69,0.69,1.264,0.11,0.688,0.689,0.01,1.5
0.691,0.69,0.69,1.264,0.11,0.688,0.689,0.01,1.5,0.689
0.69,0.69,1.264,0.11,0.688,0.689,0.01,1.5,0.689,1.391
0.69,1.264,0.11,0.688,0.689,0.01,1.5,0.689,1.391,0.02
1.264,0.11,0.688,0.689,0.01,1.5,0.689,1.391,0.02,0.689
0.11,0.688,0.689,0.01,1.5,0.689,1.391,0.02,0.689,0.687
0.688,0.689,0.01,1.5,0.689,1.391,0.02,0.689,0.687,0.13
0.689,0.01,1.5,0.689,1.391,0.02,0.689,0.687,0.13,0.687
0.01,1.5,0.689,1.391,0.02,0.689,0.687,0.13,0.687,0.685
1.5,0.689,1.391,0.02,0.689,0.687,0.13,0.687,0.685,0.69
0.689,1.391,0.02,0.689,0.687,0.13,0.687,0.685,0.69,0.687
1.391,0.02,0.689,0.687,0.13,0.687,0.685,0.69,0.687,0.688
0.02,0.689,0.687,0.13,0.687,0.685,0.69,0.687,0.688,0.688
0.689,0.687,0.13,0.687,0.685,0.69,0.687,0.688,0.688,0.69
0.687,0.13,0.687,0.685,0.69,0.687,0.688,0.688,0.69,0.687
0.13,0.687,0.685,0.69,0.687,0.688,0.688,0.69,0.687,0.688
0.687,0.685,0.69,0.687,0.688,0.688,0.69,0.687,0.688,0.69
0.685,0.69,0.687,0.688,0.688,0.69,0.687,0.688,0.69,0.687
0.69,0.687,0.688,0.688,0.69,0.687,0.688,0.69,0.687,0.004
0.687,0.688,0.688,0.69,0.687,0.688,0.69,0.687,0.004,0.001
0.688,0.688,0.69,0.687,0.688,0.69,0.687,0.004,0.001,0.535
0.688,0.69,0.687,0.688,0.69,0.687,0.004,0.001,0.535,0.01
0.69,0.687,0.688,0.69,0.687,0.004,0.001,0.535,0.01,0.651
0.687,0.688,0.69,0.687,0.004,0.001,0.535,0.01,0.651,1.324
0.688,0.69,0.687,0.004,0.001,0.535,0.01,0.651,1.324,1.325
0.69,0.687,0.004,0.001,0.535,0.01,0.651,1.324,1.325,4.94
0.687,0.004,0.001,0.535,0.01,0.651,1.324,1.325,4.94,4.224
0.004,0.001,0.535,0.01,0.651,1.324,1.325,4.94,4.224,1.959
0.001,0.535,0.01,0.651,1.324,1.325,4.94,4.224,1.959,1.952
0.535,0.01,0.651,1.324,1.325,4.94,4.224,1.959,1.952,1.158
0.01,0.651,1.324,1.325,4.94,4.224,1.959,1.952,1.158,0.479
0.651,1.324,1.325,4.94,4.224,1.959,1.952,1.158,0.479,1.276
1.324,1.325,4.94,4.224,1.959,1.952,1.158,0.479,1.276,0.492
1.325,4.94,4.224,1.959,1.952,1.158,0.479,1.276,0.492,1.959
4.94,4.224,1.959,1.952,1.158,0.479,1.276,0.492,1.959,1.171
4.224,1.959,1.952,1.158,0.479,1.276,0.492,1.959,1.171,0.509
1.959,1.952,1.158,0.479,1.276,0.492,1.959,1.171,0.509,1.178
1.952,1.158,0.479,1.276,0.492,1.959,1.171,0.509,1.178,0.515
1.158,0.479,1.276,0.492,1.959,1.171,0.509,1.178,0.515,1.302
0.479,1.276,0.492,1.959,1.171,0.509,1.178,0.515,1.302,0.533
1.276,0.492,1.959,1.171,0.509,1.178,0.515,1.302,0.533,1.191
0.492,1.959,1.171,0.509,1.178,0.515,1.302,0.533,1.191,1.299
1.959,1.171,0.509,1.178,0.515,1.302,0.533,1.191,1.299,0.445
1.171,0.509,1.178,0.515,1.302,0.533,1.191,1.299,0.445,0.552
0.509,1.178,0.515,1.302,0.533,1.191,1.299,0.445,0.552,1.315
1.178,0.515,1.302,0.533,1.191,1.299,0.445,0.552,1.315,0.564
0.515,1.302,0.533,1.191,1.299,0.445,0.552,1.315,0.564,0.777
1.302,0.533,1.191,1.299,0.445,0.552,1.315,0.564,0.777,0.999
0.533,1.191,1.299,0.445,0.552,1.315,0.564,0.777,0.999,1.168
1.191,1.299,0.445,0.552,1.315,0.564,0.777,0.999,1.168,0.614
1.299,0.445,0.552,1.315,0.564,0.777,0.999,1.168,0.614,1.33
0.445,0.552,1.315,0.564,0.777,0.999,1.168,0.614,1.33,0.617
0.552,1.315,0.564,0.777,0.999,1.168,0.614,1.33,0.617,0.619
1.315,0.564,0.777,0.999,1.168,0.614,1.33,0.617,0.619,1.233
0.564,0.777,0.999,1.168,0.614,1.33,0.617,0.619,1.233,1.235
0.777,0.999,1.168,0.614,1.33,0.617,0.619,1.233,1.235,1.328
0.999,1.168,0.614,1.33,0.617,0.619,1.233,1.235,1.328,0.62
1.168,0.614,1.33,0.617,0.619,1.233,1.235,1.328,0.62,1.231
0.614,1.33,0.617,0.619,1.233,1.235,1.328,0.62,1.231,1.33
1.33,0.617,0.619,1.233,1.235,1.328,0.62,1.231,1.33,1.233
0.617,0.619,1.233,1.235,1.328,0.62,1.231,1.33,1.233,0.621
0.619,1.233,1.235,1.328,0.62,1.231,1.33,1.233,0.621,1.231
1.233,1.235,1.328,0.62,1.231,1.33,1.233,0.621,1.231,1.326
1.235,1.328,0.62,1.231,1.33,1.233,0.621,1.231,1.326,0.618
1.328,0.62,1.231,1.33,1.233,0.621,1.231,1.326,0.618,1.233
0.62,1.231,1.33,1.233,0.621,1.231,1.326,0.618,1.233,1.34
1.231,1.33,1.233,0.621,1.231,1.326,0.618,1.233,1.34,0.612
1.33,1.233,0.621,1.231,1.326,0.618,1.233,1.34,0.612,0.62
1.233,0.621,1.231,1.326,0.618,1.233,1.34,0.612,0.62,1.231
0.621,1.231,1.326,0.618,1.233,1.34,0.612,0.62,1.231,0.619
1.231,1.326,0.618,1.233,1.34,0.612,0.62,1.231,0.619,0.611
1.326,0.618,1.233,1.34,0.612,0.62,1.231,0.619,0.611,0.617
0.618,1.233,1.34,0.612,0.62,1.231,0.619,0.611,0.617,0.611
1.233,1.34,0.612,0.62,1.231,0.619,0.611,0.617,0.611,1.217
1.34,0.612,0.62,1.231,0.619,0.611,0.617,0.611,1.217,0.605
0.612,0.62,1.231,0.619,0.611,0.617,0.611,1.217,0.605,1.216
0.62,1.231,0.619,0.611,0.617,0.611,1.217,0.605,1.216,1.32
1.231,0.619,0.611,0.617,0.611,1.217,0.605,1.216,1.32,1.221
0.619,0.611,0.617,0.611,1.217,0.605,1.216,1.32,1.221,1.327
0.611,0.617,0.611,1.217,0.605,1.216,1.32,1.221,1.327,1.933
0.617,0.611,1.217,0.605,1.216,1.32,1.221,1.327,1.933,1.938
0.611,1.217,0.605,1.216,1.32,1.221,1.327,1.933,1.938,0.598
