h1,h2,h3,h4,h5,h6,h7,h8,h9,h10
0.122,0.123,0.119,0.103,0.379,0.341,0.306,0.636,0.592,0.888
0.123,0.119,0.103,0.379,0.341,0.306,0.636,0.592,0.888,0.765
0.119,0.103,0.379,0.341,0.306,0.636,0.592,0.888,0.765,0.736
0.103,0.379,0.341,0.306,0.636,0.592,0.888,0.765,0.736,0.742
0.379,0.341,0.306,0.636,0.592,0.888,0.765,0.736,0.742,0.707
0.341,0.306,0.636,0.592,0.888,0.765,0.736,0.742,0.707,0.707
0.306,0.636,0.592,0.888,0.765,0.736,0.742,0.707,0.707,0.95
0.636,0.592,0.888,0.765,0.736,0.742,0.707,0.707,0.95,0.926
0.592,0.888,0.765,0.736,0.742,0.707,0.707,0.95,0.926,0.76
0.888,0.765,0.736,0.742,0.707,0.707,0.95,0.926,0.76,0.746
0.765,0.736,0.742,0.707,0.707,0.95,0.926,0.76,0.746,0.74
0.736,0.742,0.707,0.707,0.95,0.926,0.76,0.746,0.74,0.737
0.742,0.707,0.707,0.95,0.926,0.76,0.746,0.74,0.737,0.734
0.707,0.707,0.95,0.926,0.76,0.746,0.74,0.737,0.734,0.736
0.707,0.95,0.926,0.76,0.746,0.74,0.737,0.734,0.736,0.713
0.95,0.926,0.76,0.746,0.74,0.737,0.734,0.736,0.713,0.846
0.926,0.76,0.746,0.74,0.737,0.734,0.736,0.713,0.846,0.752
0.76,0.746,0.74,0.737,0.734,0.736,0.713,0.846,0.752,0.71
0.746,0.74,0.737,0.734,0.736,0.713,0.846,0.752,0.71,0.662
0.74,0.737,0.734,0.736,0.713,0.846,0.752,0.71,0.662,0.683
0.737,0.734,0.736,0.713,0.846,0.752,0.71,0.662,0.683,0.692
0.734,0.736,0.713,0.846,0.752,0.71,0.662,0.683,0.692,1.314
0.736,0.713,0.846,0.752,0.71,0.662,0.683,0.692,1.314,0.787
0.713,0.846,0.752,0.71,0.662,0.683,0.692,1.314,0.787,0.861
0.846,0.752,0.71,0.662,0.683,0.692,1.314,0.787,0.861,2.091
0.752,0.71,0.662,0.683,0.692,1.314,0.787,0.861,2.091,1.306
0.71,0.662,0.683,0.692,1.314,0.787,0.861,2.091,1.306,1.291
0.662,0.683,0.692,1.314,0.787,0.861,2.091,1.306,1.291,1.322
0.683,0.692,1.314,0.787,0.861,2.091,1.306,1.291,1.322,1.281
0.692,1.314,0.787,0.861,2.091,1.306,1.291,1.322,1.281,1.185
1.314,0.787,0.861,2.091,1.306,1.291,1.322,1.281,1.185,1.108
0.787,0.861,2.091,1.306,1.291,1.322,1.281,1.185,1.108,0.922
0.861,2.091,1.306,1.291,1.322,1.281,1.185,1.108,0.922,0.763
2.091,1.306,1.291,1.322,1.281,1.185,1.108,0.922,0.763,0.724
1.306,1.291,1.322,1.281,1.185,1.108,0.922,0.763,0.724,0.7
1.291,1.322,1.281,1.185,1.108,0.922,0.763,0.724,0.7,0.681
1.322,1.281,1.185,1.108,0.922,0.763,0.724,0.7,0.681,0.633
1.281,1.185,1.108,0.922,0.763,0.724,0.7,0.681,0.633,0.664
1.185,1.108,0.922,0.763,0.724,0.7,0.681,0.633,0.664,1.661
1.108,0.922,0.763,0.724,0.7,0.681,0.633,0.664,1.661,1.18
0.922,0.763,0.724,0.7,0.681,0.633,0.664,1.661,1.18,1.234
0.763,0.724,0.7,0.681,0.633,0.664,1.661,1.18,1.234,1.262
0.724,0.7,0.681,0.633,0.664,1.661,1.18,1.234,1.262,1.67
0.7,0.681,0.633,0.664,1.661,1.18,1.234,1.262,1.67,1.37
0.681,0.633,0.664,1.661,1.18,1.234,1.262,1.67,1.37,1.304
0.633,0.664,1.661,1.18,1.234,1.262,1.67,1.37,1.304,1.082
0.664,1.661,1.18,1.234,1.262,1.67,1.37,1.304,1.082,0.841
1.661,1.18,1.234,1.262,1.67,1.37,1.304,1.082,0.841,1.448
1.18,1.234,1.262,1.67,1.37,1.304,1.082,0.841,1.448,0.772
1.234,1.262,1.67,1.37,1.304,1.082,0.841,1.448,0.772,0.882
1.262,1.67,1.37,1.304,1.082,0.841,1.448,0.772,0.882,0.948
1.67,1.37,1.304,1.082,0.841,1.448,0.772,0.882,0.948,0.928
1.37,1.304,1.082,0.841,1.448,0.772,0.882,0.948,0.928,0.865
1.304,1.082,0.841,1.448,0.772,0.882,0.948,0.928,0.865,0.89
1.082,0.841,1.448,0.772,0.882,0.948,0.928,0.865,0.89,0.769
0.841,1.448,0.772,0.882,0.948,0.928,0.865,0.89,0.769,0.648
1.448,0.772,0.882,0.948,0.928,0.865,0.89,0.769,0.648,0.494
0.772,0.882,0.948,0.928,0.865,0.89,0.769,0.648,0.494,0.48
0.882,0.948,0.928,0.865,0.89,0.769,0.648,0.494,0.48,0.381
0.948,0.928,0.865,0.89,0.769,0.648,0.494,0.48,0.381,0.416
0.928,0.865,0.89,0.769,0.648,0.494,0.48,0.381,0.416,0.592
0.865,0.89,0.769,0.648,0.494,0.48,0.381,0.416,0.592,0.157
0.89,0.769,0.648,0.494,0.48,0.381,0.416,0.592,0.157,0.285
0.769,0.648,0.494,0.48,0.381,0.416,0.592,0.157,0.285,0.435
0.648,0.494,0.48,0.381,0.416,0.592,0.157,0.285,0.435,0.811
0.494,0.48,0.381,0.416,0.592,0.157,0.285,0.435,0.811,1.969
0.48,0.381,0.416,0.592,0.157,0.285,0.435,0.811,1.969,1.52
0.381,0.416,0.592,0.157,0.285,0.435,0.811,1.969,1.52,2.062
0.416,0.592,0.157,0.285,0.435,0.811,1.969,1.52,2.062,3.629
0.592,0.157,0.285,0.435,0.811,1.969,1.52,2.062,3.629,4.011
0.157,0.285,0.435,0.811,1.969,1.52,2.062,3.629,4.011,4.127
0.285,0.435,0.811,1.969,1.52,2.062,3.629,4.011,4.127,4.338
0.435,0.811,1.969,1.52,2.062,3.629,4.011,4.127,4.338,4.722
0.811,1.969,1.52,2.062,3.629,4.011,4.127,4.338,4.722,4.509
1.969,1.52,2.062,3.629,4.011,4.127,4.338,4.722,4.509,3.528
1.52,2.062,3.629,4.011,4.127,4.338,4.722,4.509,3.528,3.041
2.062,3.629,4.011,4.127,4.338,4.722,4.509,3.528,3.041,2.762
3.629,4.011,4.127,4.338,4.722,4.509,3.528,3.041,2.762,2.82
4.011,4.127,4.338,4.722,4.509,3.528,3.041,2.762,2.82,1.904
4.127,4.338,4.722,4.509,3.528,3.041,2.762,2.82,1.904,2.537
4.338,4.722,4.509,3.528,3.041,2.762,2.82,1.904,2.537,2.69
4.722,4.509,3.528,3.041,2.762,2.82,1.904,2.537,2.69,2.87
4.509,3.528,3.041,2.762,2.82,1.904,2.537,2.69,2.87,2.451
3.528,3.041,2.762,2.82,1.904,2.537,2.69,2.87,2.451,2.242
3.041,2.762,2.82,1.904,2.537,2.69,2.87,2.451,2.242,2.378
2.762,2.82,1.904,2.537,2.69,2.87,2.451,2.242,2.378,2.376
2.82,1.904,2.537,2.69,2.87,2.451,2.242,2.378,2.376,1.864
1.904,2.537,2.69,2.87,2.451,2.242,2.378,2.376,1.864,1.51
2.537,2.69,2.87,2.451,2.242,2.378,2.376,1.864,1.51,1.809
2.69,2.87,2.451,2.242,2.378,2.376,1.864,1.51,1.809,1.702
2.87,2.451,2.242,2.378,2.376,1.864,1.51,1.809,1.702,1.537
2.451,2.242,2.378,2.376,1.864,1.51,1.809,1.702,1.537,1.425
2.242,2.378,2.376,1.864,1.51,1.809,1.702,1.537,1.425,1.455
2.378,2.376,1.864,1.51,1.809,1.702,1.537,1.425,1.455,1.478
2.376,1.864,1.51,1.809,1.702,1.537,1.425,1.455,1.478,1.38
1.864,1.51,1.809,1.702,1.537,1.425,1.455,1.478,1.38,1.35
1.51,1.809,1.702,1.537,1.425,1.455,1.478,1.38,1.35,1.219
1.809,1.702,1.537,1.425,1.455,1.478,1.38,1.35,1.219,1.284
1.702,1.537,1.425,1.455,1.478,1.38,1.35,1.219,1.284,1.396
1.537,1.425,1.455,1.478,1.38,1.35,1.219,1.284,1.396,1.236
1.425,1.455,1.478,1.38,1.35,1.219,1.284,1.396,1.236,1.193
1.455,1.478,1.38,1.35,1.219,1.284,1.396,1.236,1.193,1.109
1.478,1.38,1.35,1.219,1.284,1.396,1.236,1.193,1.109,1.289
1.38,1.35,1.219,1.284,1.396,1.236,1.193,1.109,1.289,1.43
1.35,1.219,1.284,1.396,1.236,1.193,1.109,1.289,1.43,1.366
1.219,1.284,1.396,1.236,1.193,1.109,1.289,1.43,1.366,1.362
1.284,1.396,1.236,1.193,1.109,1.289,1.43,1.366,1.362,1.282
1.396,1.236,1.193,1.109,1.289,1.43,1.366,1.362,1.282,1.297
1.236,1.193,1.109,1.289,1.43,1.366,1.362,1.282,1.297,1.393
1.193,1.109,1.289,1.43,1.366,1.362,1.282,1.297,1.393,1.023
1.109,1.289,1.43,1.366,1.362,1.282,1.297,1.393,1.023,0.938
1.289,1.43,1.366,1.362,1.282,1.297,1.393,1.023,0.938,0.884
1.43,1.366,1.362,1.282,1.297,1.393,1.023,0.938,0.884,0.957
1.366,1.362,1.282,1.297,1.393,1.023,0.938,0.884,0.957,0.787
1.362,1.282,1.297,1.393,1.023,0.938,0.884,0.957,0.787,0.94
1.282,1.297,1.393,1.023,0.938,0.884,0.957,0.787,0.94,0.887
1.297,1.393,1.023,0.938,0.884,0.957,0.787,0.94,0.887,0.973
1.393,1.023,0.938,0.884,0.957,0.787,0.94,0.887,0.973,0.903
1.023,0.938,0.884,0.957,0.787,0.94,0.887,0.973,0.903,1.15
0.938,0.884,0.957,0.787,0.94,0.887,0.973,0.903,1.15,1.206
0.884,0.957,0.787,0.94,0.887,0.973,0.903,1.15,1.206,1.156
0.957,0.787,0.94,0.887,0.973,0.903,1.15,1.206,1.156,1.016
0.787,0.94,0.887,0.973,0.903,1.15,1.206,1.156,1.016,0.859
0.94,0.887,0.973,0.903,1.15,1.206,1.156,1.016,0.859,0.903
0.887,0.973,0.903,1.15,1.206,1.156,1.016,0.859,0.903,0.84
0.973,0.903,1.15,1.206,1.156,1.016,0.859,0.903,0.84,0.915
0.903,1.15,1.206,1.156,1.016,0.859,0.903,0.84,0.915,1.034
1.15,1.206,1.156,1.016,0.859,0.903,0.84,0.915,1.034,1.121
1.206,1.156,1.016,0.859,0.903,0.84,0.915,1.034,1.121,1.42
1.156,1.016,0.859,0.903,0.84,0.915,1.034,1.121,1.42,1.193
1.016,0.859,0.903,0.84,0.915,1.034,1.121,1.42,1.193,0.998
0.859,0.903,0.84,0.915,1.034,1.121,1.42,1.193,0.998,1.2
0.903,0.84,0.915,1.034,1.121,1.42,1.193,0.998,1.2,1.348
0.84,0.915,1.034,1.121,1.42,1.193,0.998,1.2,1.348,4.081
0.915,1.034,1.121,1.42,1.193,0.998,1.2,1.348,4.081,7.191
1.034,1.121,1.42,1.193,0.998,1.2,1.348,4.081,7.191,5.698
1.121,1.42,1.193,0.998,1.2,1.348,4.081,7.191,5.698,4.043
1.42,1.193,0.998,1.2,1.348,4.081,7.191,5.698,4.043,3.11
1.193,0.998,1.2,1.348,4.081,7.191,5.698,4.043,3.11,2.592
0.998,1.2,1.348,4.081,7.191,5.698,4.043,3.11,2.592,2.511
1.2,1.348,4.081,7.191,5.698,4.043,3.11,2.592,2.511,2.546
1.348,4.081,7.191,5.698,4.043,3.11,2.592,2.511,2.546,2.093
4.081,7.191,5.698,4.043,3.11,2.592,2.511,2.546,2.093,2.317
7.191,5.698,4.043,3.11,2.592,2.511,2.546,2.093,2.317,1.354
5.698,4.043,3.11,2.592,2.511,2.546,2.093,2.317,1.354,2.118
4.043,3.11,2.592,2.511,2.546,2.093,2.317,1.354,2.118,1.718
3.11,2.592,2.511,2.546,2.093,2.317,1.354,2.118,1.718,1.636
2.592,2.511,2.546,2.093,2.317,1.354,2.118,1.718,1.636,2.336
2.511,2.546,2.093,2.317,1.354,2.118,1.718,1.636,2.336,2.062
2.546,2.093,2.317,1.354,2.118,1.718,1.636,2.336,2.062,2.315
2.093,2.317,1.354,2.118,1.718,1.636,2.336,2.062,2.315,1.383
2.317,1.354,2.118,1.718,1.636,2.336,2.062,2.315,1.383,1.778
1.354,2.118,1.718,1.636,2.336,2.062,2.315,1.383,1.778,2.051
2.118,1.718,1.636,2.336,2.062,2.315,1.383,1.778,2.051,1.846
1.718,1.636,2.336,2.062,2.315,1.383,1.778,2.051,1.846,1.831
1.636,2.336,2.062,2.315,1.383,1.778,2.051,1.846,1.831,1.114
2.336,2.062,2.315,1.383,1.778,2.051,1.846,1.831,1.114,1.546
2.062,2.315,1.383,1.778,2.051,1.846,1.831,1.114,1.546,1.467
2.315,1.383,1.778,2.051,1.846,1.831,1.114,1.546,1.467,1.308
1.383,1.778,2.051,1.846,1.831,1.114,1.546,1.467,1.308,1.848
1.778,2.051,1.846,1.831,1.114,1.546,1.467,1.308,1.848,1.557
2.051,1.846,1.831,1.114,1.546,1.467,1.308,1.848,1.557,0.828
1.846,1.831,1.114,1.546,1.467,1.308,1.848,1.557,0.828,1.087
1.831,1.114,1.546,1.467,1.308,1.848,1.557,0.828,1.087,0.975
1.114,1.546,1.467,1.308,1.848,1.557,0.828,1.087,0.975,0.61
1.546,1.467,1.308,1.848,1.557,0.828,1.087,0.975,0.61,0.7
1.467,1.308,1.848,1.557,0.828,1.087,0.975,0.61,0.7,0.7
1.308,1.848,1.557,0.828,1.087,0.975,0.61,0.7,0.7,0.741
1.848,1.557,0.828,1.087,0.975,0.61,0.7,0.7,0.741,0.667
1.557,0.828,1.087,0.975,0.61,0.7,0.7,0.741,0.667,0.672
0.828,1.087,0.975,0.61,0.7,0.7,0.741,0.667,0.672,0.747
1.087,0.975,0.61,0.7,0.7,0.741,0.667,0.672,0.747,0.816
0.975,0.61,0.7,0.7,0.741,0.667,0.672,0.747,0.816,0.7
0.61,0.7,0.7,0.741,0.667,0.672,0.747,0.816,0.7,0.584
0.7,0.7,0.741,0.667,0.672,0.747,0.816,0.7,0.584,0.747
0.7,0.741,0.667,0.672,0.747,0.816,0.7,0.584,0.747,0.668
0.741,0.667,0.672,0.747,0.816,0.7,0.584,0.747,0.668,0.582
0.667,0.672,0.747,0.816,0.7,0.584,0.747,0.668,0.582,0.475
0.672,0.747,0.816,0.7,0.584,0.747,0.668,0.582,0.475,0.622
0.747,0.816,0.7,0.584,0.747,0.668,0.582,0.475,0.622,0.801
0.816,0.7,0.584,0.747,0.668,0.582,0.475,0.622,0.801,0.839
0.7,0.584,0.747,0.668,0.582,0.475,0.622,0.801,0.839,0.753
0.584,0.747,0.668,0.582,0.475,0.622,0.801,0.839,0.753,0.585
0.747,0.668,0.582,0.475,0.622,0.801,0.839,0.753,0.585,0.674
0.668,0.582,0.475,0.622,0.801,0.839,0.753,0.585,0.674,0.481
0.582,0.475,0.622,0.801,0.839,0.753,0.585,0.674,0.481,0.413
0.475,0.622,0.801,0.839,0.753,0.585,0.674,0.481,0.413,0.463
0.622,0.801,0.839,0.753,0.585,0.674,0.481,0.413,0.463,0.364
0.801,0.839,0.753,0.585,0.674,0.481,0.413,0.463,0.364,0.424
0.839,0.753,0.585,0.674,0.481,0.413,0.463,0.364,0.424,0.371
0.753,0.585,0.674,0.481,0.413,0.463,0.364,0.424,0.371,0.316
0.585,0.674,0.481,0.413,0.463,0.364,0.424,0.371,0.316,0.351
0.674,0.481,0.413,0.463,0.364,0.424,0.371,0.316,0.351,0.408
0.481,0.413,0.463,0.364,0.424,0.371,0.316,0.351,0.408,0.388
0.413,0.463,0.364,0.424,0.371,0.316,0.351,0.408,0.388,0.964
0.463,0.364,0.424,0.371,0.316,0.351,0.408,0.388,0.964,1.151
0.364,0.424,0.371,0.316,0.351,0.408,0.388,0.964,1.151,0.623
0.424,0.371,0.316,0.351,0.408,0.388,0.964,1.151,0.623,0.416
0.371,0.316,0.351,0.408,0.388,0.964,1.151,0.623,0.416,0.42
0.316,0.351,0.408,0.388,0.964,1.151,0.623,0.416,0.42,0.538
0.351,0.408,0.388,0.964,1.151,0.623,0.416,0.42,0.538,0.519
0.408,0.388,0.964,1.151,0.623,0.416,0.42,0.538,0.519,0.562
0.388,0.964,1.151,0.623,0.416,0.42,0.538,0.519,0.562,0.645
0.964,1.151,0.623,0.416,0.42,0.538,0.519,0.562,0.645,0.533
1.151,0.623,0.416,0.42,0.538,0.519,0.562,0.645,0.533,0.383
0.623,0.416,0.42,0.538,0.519,0.562,0.645,0.533,0.383,0.621
0.416,0.42,0.538,0.519,0.562,0.645,0.533,0.383,0.621,0.466
0.42,0.538,0.519,0.562,0.645,0.533,0.383,0.621,0.466,0.606
0.538,0.519,0.562,0.645,0.533,0.383,0.621,0.466,0.606,0.461
0.519,0.562,0.645,0.533,0.383,0.621,0.466,0.606,0.461,0.488
0.562,0.645,0.533,0.383,0.621,0.466,0.606,0.461,0.488,0.784
0.645,0.533,0.383,0.621,0.466,0.606,0.461,0.488,0.784,0.664
0.533,0.383,0.621,0.466,0.606,0.461,0.488,0.784,0.664,0.546
0.383,0.621,0.466,0.606,0.461,0.488,0.784,0.664,0.546,0.459
0.621,0.466,0.606,0.461,0.488,0.784,0.664,0.546,0.459,0.632
0.466,0.606,0.461,0.488,0.784,0.664,0.546,0.459,0.632,0.474
0.606,0.461,0.488,0.784,0.664,0.546,0.459,0.632,0.474,0.409
0.461,0.488,0.784,0.664,0.546,0.459,0.632,0.474,0.409,0.432
0.488,0.784,0.664,0.546,0.459,0.632,0.474,0.409,0.432,0.454
0.784,0.664,0.546,0.459,0.632,0.474,0.409,0.432,0.454,0.454
0.664,0.546,0.459,0.632,0.474,0.409,0.432,0.454,0.454,0.369
0.546,0.459,0.632,0.474,0.409,0.432,0.454,0.454,0.369,0.362
0.459,0.632,0.474,0.409,0.432,0.454,0.454,0.369,0.362,0.441
0.632,0.474,0.409,0.432,0.454,0.454,0.369,0.362,0.441,0.074
0.474,0.409,0.432,0.454,0.454,0.369,0.362,0.441,0.074,0.227
0.409,0.432,0.454,0.454,0.369,0.362,0.441,0.074,0.227,0.398
0.432,0.454,0.454,0.369,0.362,0.441,0.074,0.227,0.398,0.256
0.454,0.454,0.369,0.362,0.441,0.074,0.227,0.398,0.256,0.283
0.454,0.369,0.362,0.441,0.074,0.227,0.398,0.256,0.283,0.236
0.369,0.362,0.441,0.074,0.227,0.398,0.256,0.283,0.236,0.24
0.362,0.441,0.074,0.227,0.398,0.256,0.283,0.236,0.24,0.184
0.441,0.074,0.227,0.398,0.256,0.283,0.236,0.24,0.184,0.168
0.074,0.227,0.398,0.256,0.283,0.236,0.24,0.184,0.168,0.18
0.227,0.398,0.256,0.283,0.236,0.24,0.184,0.168,0.18,0.088
0.398,0.256,0.283,0.236,0.24,0.184,0.168,0.18,0.088,0.094
0.256,0.283,0.236,0.24,0.184,0.168,0.18,0.088,0.094,0.111
0.283,0.236,0.24,0.184,0.168,0.18,0.088,0.094,0.111,0.31
0.236,0.24,0.184,0.168,0.18,0.088,0.094,0.111,0.31,0.169
0.24,0.184,0.168,0.18,0.088,0.094,0.111,0.31,0.169,0.151
0.184,0.168,0.18,0.088,0.094,0.111,0.31,0.169,0.151,0.274
0.168,0.18,0.088,0.094,0.111,0.31,0.169,0.151,0.274,0.123
0.18,0.088,0.094,0.111,0.31,0.169,0.151,0.274,0.123,0.236
0.088,0.094,0.111,0.31,0.169,0.151,0.274,0.123,0.236,0.148
0.094,0.111,0.31,0.169,0.151,0.274,0.123,0.236,0.148,0.136
0.111,0.31,0.169,0.151,0.274,0.123,0.236,0.148,0.136,0.14
0.31,0.169,0.151,0.274,0.123,0.236,0.148,0.136,0.14,0.286
0.169,0.151,0.274,0.123,0.236,0.148,0.136,0.14,0.286,0.434
0.151,0.274,0.123,0.236,0.148,0.136,0.14,0.286,0.434,0.114
0.274,0.123,0.236,0.148,0.136,0.14,0.286,0.434,0.114,0.214
0.123,0.236,0.148,0.136,0.14,0.286,0.434,0.114,0.214,0.063
0.236,0.148,0.136,0.14,0.286,0.434,0.114,0.214,0.063,0.177
0.148,0.136,0.14,0.286,0.434,0.114,0.214,0.063,0.177,0.918
0.136,0.14,0.286,0.434,0.114,0.214,0.063,0.177,0.918,0.272
0.14,0.286,0.434,0.114,0.214,0.063,0.177,0.918,0.272,0.11
0.286,0.434,0.114,0.214,0.063,0.177,0.918,0.272,0.11,0.012
0.434,0.114,0.214,0.063,0.177,0.918,0.272,0.11,0.012,0.026
0.114,0.214,0.063,0.177,0.918,0.272,0.11,0.012,0.026,0.012
0.214,0.063,0.177,0.918,0.272,0.11,0.012,0.026,0.012,0.012
0.063,0.177,0.918,0.272,0.11,0.012,0.026,0.012,0.012,0.012
0.177,0.918,0.272,0.11,0.012,0.026,0.012,0.012,0.012,0.065
0.918,0.272,0.11,0.012,0.026,0.012,0.012,0.012,0.065,0.057
0.272,0.11,0.012,0.026,0.012,0.012,0.012,0.065,0.057,0.383
0.11,0.012,0.026,0.012,0.012,0.012,0.065,0.057,0.383,0.038
0.012,0.026,0.012,0.012,0.012,0.065,0.057,0.383,0.038,0.012
0.026,0.012,0.012,0.012,0.065,0.057,0.383,0.038,0.012,0.012
0.012,0.012,0.012,0.065,0.057,0.383,0.038,0.012,0.012,0.012
0.012,0.012,0.065,0.057,0.383,0.038,0.012,0.012,0.012,0.012
0.012,0.065,0.057,0.383,0.038,0.012,0.012,0.012,0.012,0.012
0.065,0.057,0.383,0.038,0.012,0.012,0.012,0.012,0.012,0.007
0.057,0.383,0.038,0.012,0.012,0.012,0.012,0.012,0.007,0.012
0.383,0.038,0.012,0.012,0.012,0.012,0.012,0.007,0.012,0.005
0.038,0.012,0.012,0.012,0.012,0.012,0.007,0.012,0.005,0.012
0.012,0.012,0.012,0.012,0.012,0.007,0.012,0.005,0.012,0.012
0.012,0.012,0.012,0.012,0.007,0.012,0.005,0.012,0.012,0.012
0.012,0.012,0.012,0.007,0.012,0.005,0.012,0.012,0.012,0.013
0.012,0.012,0.007,0.012,0.005,0.012,0.012,0.012,0.013,0.012
0.012,0.007,0.012,0.005,0.012,0.012,0.012,0.013,0.012,0.012
0.007,0.012,0.005,0.012,0.012,0.012,0.013,0.012,0.012,0.012
0.012,0.005,0.012,0.012,0.012,0.013,0.012,0.012,0.012,0.012
0.005,0.012,0.012,0.012,0.013,0.012,0.012,0.012,0.012,0.012
0.012,0.012,0.012,0.013,0.012,0.012,0.012,0.012,0.012,0.06
0.012,0.012,0.013,0.012,0.012,0.012,0.012,0.012,0.06,0.33
0.012,0.013,0.012,0.012,0.012,0.012,0.012,0.06,0.33,0.478
0.013,0.012,0.012,0.012,0.012,0.012,0.06,0.33,0.478,0.405
0.012,0.012,0.012,0.012,0.012,0.06,0.33,0.478,0.405,0.257
0.012,0.012,0.012,0.012,0.06,0.33,0.478,0.405,0.257,1.161
0.012,0.012,0.012,0.06,0.33,0.478,0.405,0.257,1.161,3.187
0.012,0.012,0.06,0.33,0.478,0.405,0.257,1.161,3.187,1.336
0.012,0.06,0.33,0.478,0.405,0.257,1.161,3.187,1.336,1.022
0.06,0.33,0.478,0.405,0.257,1.161,3.187,1.336,1.022,0.859
0.33,0.478,0.405,0.257,1.161,3.187,1.336,1.022,0.859,0.599
0.478,0.405,0.257,1.161,3.187,1.336,1.022,0.859,0.599,0.634
0.405,0.257,1.161,3.187,1.336,1.022,0.859,0.599,0.634,0.584
0.257,1.161,3.187,1.336,1.022,0.859,0.599,0.634,0.584,0.567
1.161,3.187,1.336,1.022,0.859,0.599,0.634,0.584,0.567,0.494
3.187,1.336,1.022,0.859,0.599,0.634,0.584,0.567,0.494,0.436
1.336,1.022,0.859,0.599,0.634,0.584,0.567,0.494,0.436,0.443
1.022,0.859,0.599,0.634,0.584,0.567,0.494,0.436,0.443,0.381
0.859,0.599,0.634,0.584,0.567,0.494,0.436,0.443,0.381,0.432
0.599,0.634,0.584,0.567,0.494,0.436,0.443,0.381,0.432,0.348
0.634,0.584,0.567,0.494,0.436,0.443,0.381,0.432,0.348,0.333
0.584,0.567,0.494,0.436,0.443,0.381,0.432,0.348,0.333,0.269
0.567,0.494,0.436,0.443,0.381,0.432,0.348,0.333,0.269,0.242
0.494,0.436,0.443,0.381,0.432,0.348,0.333,0.269,0.242,0.241
0.436,0.443,0.381,0.432,0.348,0.333,0.269,0.242,0.241,0.211
0.443,0.381,0.432,0.348,0.333,0.269,0.242,0.241,0.211,0.407
0.381,0.432,0.348,0.333,0.269,0.242,0.241,0.211,0.407,0.371
0.432,0.348,0.333,0.269,0.242,0.241,0.211,0.407,0.371,0.275
0.348,0.333,0.269,0.242,0.241,0.211,0.407,0.371,0.275,0.282
0.333,0.269,0.242,0.241,0.211,0.407,0.371,0.275,0.282,0.196
0.269,0.242,0.241,0.211,0.407,0.371,0.275,0.282,0.196,0.188
0.242,0.241,0.211,0.407,0.371,0.275,0.282,0.196,0.188,0.381
0.241,0.211,0.407,0.371,0.275,0.282,0.196,0.188,0.381,0.748
0.211,0.407,0.371,0.275,0.282,0.196,0.188,0.381,0.748,0.486
0.407,0.371,0.275,0.282,0.196,0.188,0.381,0.748,0.486,0.379
0.371,0.275,0.282,0.196,0.188,0.381,0.748,0.486,0.379,0.554
0.275,0.282,0.196,0.188,0.381,0.748,0.486,0.379,0.554,0.794
0.282,0.196,0.188,0.381,0.748,0.486,0.379,0.554,0.794,0.621
0.196,0.188,0.381,0.748,0.486,0.379,0.554,0.794,0.621,0.573
0.188,0.381,0.748,0.486,0.379,0.554,0.794,0.621,0.573,0.571
0.381,0.748,0.486,0.379,0.554,0.794,0.621,0.573,0.571,0.929
0.748,0.486,0.379,0.554,0.794,0.621,0.573,0.571,0.929,0.577
0.486,0.379,0.554,0.794,0.621,0.573,0.571,0.929,0.577,0.454
0.379,0.554,0.794,0.621,0.573,0.571,0.929,0.577,0.454,0.444
0.554,0.794,0.621,0.573,0.571,0.929,0.577,0.454,0.444,0.446
0.794,0.621,0.573,0.571,0.929,0.577,0.454,0.444,0.446,0.305
0.621,0.573,0.571,0.929,0.577,0.454,0.444,0.446,0.305,0.316
0.573,0.571,0.929,0.577,0.454,0.444,0.446,0.305,0.316,0.575
0.571,0.929,0.577,0.454,0.444,0.446,0.305,0.316,0.575,0.455
0.929,0.577,0.454,0.444,0.446,0.305,0.316,0.575,0.455,0.223
0.577,0.454,0.444,0.446,0.305,0.316,0.575,0.455,0.223,0.326
0.454,0.444,0.446,0.305,0.316,0.575,0.455,0.223,0.326,0.176
0.444,0.446,0.305,0.316,0.575,0.455,0.223,0.326,0.176,0.349
0.446,0.305,0.316,0.575,0.455,0.223,0.326,0.176,0.349,0.296
0.305,0.316,0.575,0.455,0.223,0.326,0.176,0.349,0.296,0.397
0.316,0.575,0.455,0.223,0.326,0.176,0.349,0.296,0.397,0.44
0.575,0.455,0.223,0.326,0.176,0.349,0.296,0.397,0.44,0.229
0.455,0.223,0.326,0.176,0.349,0.296,0.397,0.44,0.229,0.316
0.223,0.326,0.176,0.349,0.296,0.397,0.44,0.229,0.316,0.177
0.326,0.176,0.349,0.296,0.397,0.44,0.229,0.316,0.177,0.198
0.176,0.349,0.296,0.397,0.44,0.229,0.316,0.177,0.198,0.291
0.349,0.296,0.397,0.44,0.229,0.316,0.177,0.198,0.291,0.462
0.296,0.397,0.44,0.229,0.316,0.177,0.198,0.291,0.462,0.255
0.397,0.44,0.229,0.316,0.177,0.198,0.291,0.462,0.255,0.335
0.44,0.229,0.316,0.177,0.198,0.291,0.462,0.255,0.335,0.588
0.229,0.316,0.177,0.198,0.291,0.462,0.255,0.335,0.588,0.169
0.316,0.177,0.198,0.291,0.462,0.255,0.335,0.588,0.169,0.294
0.177,0.198,0.291,0.462,0.255,0.335,0.588,0.169,0.294,0.448
0.198,0.291,0.462,0.255,0.335,0.588,0.169,0.294,0.448,0.922
0.291,0.462,0.255,0.335,0.588,0.169,0.294,0.448,0.922,1.403
0.462,0.255,0.335,0.588,0.169,0.294,0.448,0.922,1.403,0.959
0.255,0.335,0.588,0.169,0.294,0.448,0.922,1.403,0.959,0.805
0.335,0.588,0.169,0.294,0.448,0.922,1.403,0.959,0.805,0.934
0.588,0.169,0.294,0.448,0.922,1.403,0.959,0.805,0.934,0.81
0.169,0.294,0.448,0.922,1.403,0.959,0.805,0.934,0.81,0.831
0.294,0.448,0.922,1.403,0.959,0.805,0.934,0.81,0.831,1.291
0.448,0.922,1.403,0.959,0.805,0.934,0.81,0.831,1.291,0.922
0.922,1.403,0.959,0.805,0.934,0.81,0.831,1.291,0.922,1.171
1.403,0.959,0.805,0.934,0.81,0.831,1.291,0.922,1.171,1.621
0.959,0.805,0.934,0.81,0.831,1.291,0.922,1.171,1.621,2.23
0.805,0.934,0.81,0.831,1.291,0.922,1.171,1.621,2.23,1.735
0.934,0.81,0.831,1.291,0.922,1.171,1.621,2.23,1.735,1.862
0.81,0.831,1.291,0.922,1.171,1.621,2.23,1.735,1.862,2.177
0.831,1.291,0.922,1.171,1.621,2.23,1.735,1.862,2.177,2.028
1.291,0.922,1.171,1.621,2.23,1.735,1.862,2.177,2.028,1.734
0.922,1.171,1.621,2.23,1.735,1.862,2.177,2.028,1.734,1.787
1.171,1.621,2.23,1.735,1.862,2.177,2.028,1.734,1.787,1.575
1.621,2.23,1.735,1.862,2.177,2.028,1.734,1.787,1.575,1.434
2.23,1.735,1.862,2.177,2.028,1.734,1.787,1.575,1.434,1.279
1.735,1.862,2.177,2.028,1.734,1.787,1.575,1.434,1.279,1.324
1.862,2.177,2.028,1.734,1.787,1.575,1.434,1.279,1.324,1.025
2.177,2.028,1.734,1.787,1.575,1.434,1.279,1.324,1.025,1.159
2.028,1.734,1.787,1.575,1.434,1.279,1.324,1.025,1.159,1.059
1.734,1.787,1.575,1.434,1.279,1.324,1.025,1.159,1.059,0.554
1.787,1.575,1.434,1.279,1.324,1.025,1.159,1.059,0.554,1.163
1.575,1.434,1.279,1.324,1.025,1.159,1.059,0.554,1.163,0.898
1.434,1.279,1.324,1.025,1.159,1.059,0.554,1.163,0.898,0.891
1.279,1.324,1.025,1.159,1.059,0.554,1.163,0.898,0.891,0.689
1.324,1.025,1.159,1.059,0.554,1.163,0.898,0.891,0.689,0.685
1.025,1.159,1.059,0.554,1.163,0.898,0.891,0.689,0.685,0.586
1.159,1.059,0.554,1.163,0.898,0.891,0.689,0.685,0.586,0.317
1.059,0.554,1.163,0.898,0.891,0.689,0.685,0.586,0.317,0.699
0.554,1.163,0.898,0.891,0.689,0.685,0.586,0.317,0.699,0.532
1.163,0.898,0.891,0.689,0.685,0.586,0.317,0.699,0.532,0.555
0.898,0.891,0.689,0.685,0.586,0.317,0.699,0.532,0.555,0.337
0.891,0.689,0.685,0.586,0.317,0.699,0.532,0.555,0.337,0.635
0.689,0.685,0.586,0.317,0.699,0.532,0.555,0.337,0.635,0.422
0.685,0.586,0.317,0.699,0.532,0.555,0.337,0.635,0.422,0.298
0.586,0.317,0.699,0.532,0.555,0.337,0.635,0.422,0.298,0.445
0.317,0.699,0.532,0.555,0.337,0.635,0.422,0.298,0.445,0.42
0.699,0.532,0.555,0.337,0.635,0.422,0.298,0.445,0.42,0.575
0.532,0.555,0.337,0.635,0.422,0.298,0.445,0.42,0.575,0.246
0.555,0.337,0.635,0.422,0.298,0.445,0.42,0.575,0.246,0.268
0.337,0.635,0.422,0.298,0.445,0.42,0.575,0.246,0.268,0.262
0.635,0.422,0.298,0.445,0.42,0.575,0.246,0.268,0.262,0.262
0.422,0.298,0.445,0.42,0.575,0.246,0.268,0.262,0.262,0.115
0.298,0.445,0.42,0.575,0.246,0.268,0.262,0.262,0.115,0.926
0.445,0.42,0.575,0.246,0.268,0.262,0.262,0.115,0.926,0.4
0.42,0.575,0.246,0.268,0.262,0.262,0.115,0.926,0.4,0.462
0.575,0.246,0.268,0.262,0.262,0.115,0.926,0.4,0.462,1.438
0.246,0.268,0.262,0.262,0.115,0.926,0.4,0.462,1.438,2.143
0.268,0.262,0.262,0.115,0.926,0.4,0.462,1.438,2.143,1.556
0.262,0.262,0.115,0.926,0.4,0.462,1.438,2.143,1.556,1.465
0.262,0.115,0.926,0.4,0.462,1.438,2.143,1.556,1.465,1.222
0.115,0.926,0.4,0.462,1.438,2.143,1.556,1.465,1.222,1.059
0.926,0.4,0.462,1.438,2.143,1.556,1.465,1.222,1.059,0.843
0.4,0.462,1.438,2.143,1.556,1.465,1.222,1.059,0.843,0.85
0.462,1.438,2.143,1.556,1.465,1.222,1.059,0.843,0.85,1.012
1.438,2.143,1.556,1.465,1.222,1.059,0.843,0.85,1.012,0.999
2.143,1.556,1.465,1.222,1.059,0.843,0.85,1.012,0.999,1.025
1.556,1.465,1.222,1.059,0.843,0.85,1.012,0.999,1.025,0.865
1.465,1.222,1.059,0.843,0.85,1.012,0.999,1.025,0.865,0.84
1.222,1.059,0.843,0.85,1.012,0.999,1.025,0.865,0.84,0.529
1.059,0.843,0.85,1.012,0.999,1.025,0.865,0.84,0.529,0.522
0.843,0.85,1.012,0.999,1.025,0.865,0.84,0.529,0.522,0.504
0.85,1.012,0.999,1.025,0.865,0.84,0.529,0.522,0.504,0.518
1.012,0.999,1.025,0.865,0.84,0.529,0.522,0.504,0.518,0.635
0.999,1.025,0.865,0.84,0.529,0.522,0.504,0.518,0.635,0.576
1.025,0.865,0.84,0.529,0.522,0.504,0.518,0.635,0.576,0.573
0.865,0.84,0.529,0.522,0.504,0.518,0.635,0.576,0.573,0.541
0.84,0.529,0.522,0.504,0.518,0.635,0.576,0.573,0.541,0.429
0.529,0.522,0.504,0.518,0.635,0.576,0.573,0.541,0.429,0.418
0.522,0.504,0.518,0.635,0.576,0.573,0.541,0.429,0.418,0.438
0.504,0.518,0.635,0.576,0.573,0.541,0.429,0.418,0.438,0.276
0.518,0.635,0.576,0.573,0.541,0.429,0.418,0.438,0.276,0.33
0.635,0.576,0.573,0.541,0.429,0.418,0.438,0.276,0.33,0.582
0.576,0.573,0.541,0.429,0.418,0.438,0.276,0.33,0.582,0.421
0.573,0.541,0.429,0.418,0.438,0.276,0.33,0.582,0.421,0.189
0.541,0.429,0.418,0.438,0.276,0.33,0.582,0.421,0.189,0.435
0.429,0.418,0.438,0.276,0.33,0.582,0.421,0.189,0.435,0.272
0.418,0.438,0.276,0.33,0.582,0.421,0.189,0.435,0.272,0.118
0.438,0.276,0.33,0.582,0.421,0.189,0.435,0.272,0.118,0.27
0.276,0.33,0.582,0.421,0.189,0.435,0.272,0.118,0.27,0.134
0.33,0.582,0.421,0.189,0.435,0.272,0.118,0.27,0.134,0.272
0.582,0.421,0.189,0.435,0.272,0.118,0.27,0.134,0.272,0.136
0.421,0.189,0.435,0.272,0.118,0.27,0.134,0.272,0.136,0.276
0.189,0.435,0.272,0.118,0.27,0.134,0.272,0.136,0.276,0.168
0.435,0.272,0.118,0.27,0.134,0.272,0.136,0.276,0.168,0.135
0.272,0.118,0.27,0.134,0.272,0.136,0.276,0.168,0.135,0.098
0.118,0.27,0.134,0.272,0.136,0.276,0.168,0.135,0.098,0.167
0.27,0.134,0.272,0.136,0.276,0.168,0.135,0.098,0.167,0.044
0.134,0.272,0.136,0.276,0.168,0.135,0.098,0.167,0.044,0.174
0.272,0.136,0.276,0.168,0.135,0.098,0.167,0.044,0.174,0.159
0.136,0.276,0.168,0.135,0.098,0.167,0.044,0.174,0.159,0.094
0.276,0.168,0.135,0.098,0.167,0.044,0.174,0.159,0.094,0.074
0.168,0.135,0.098,0.167,0.044,0.174,0.159,0.094,0.074,0.14
0.135,0.098,0.167,0.044,0.174,0.159,0.094,0.074,0.14,0.147
0.098,0.167,0.044,0.174,0.159,0.094,0.074,0.14,0.147,0.238
0.167,0.044,0.174,0.159,0.094,0.074,0.14,0.147,0.238,0.28
0.044,0.174,0.159,0.094,0.074,0.14,0.147,0.238,0.28,0.37
0.174,0.159,0.094,0.074,0.14,0.147,0.238,0.28,0.37,0.306
0.159,0.094,0.074,0.14,0.147,0.238,0.28,0.37,0.306,0.306
0.094,0.074,0.14,0.147,0.238,0.28,0.37,0.306,0.306,0.377
0.074,0.14,0.147,0.238,0.28,0.37,0.306,0.306,0.377,0.263
0.14,0.147,0.238,0.28,0.37,0.306,0.306,0.377,0.263,0.33
0.147,0.238,0.28,0.37,0.306,0.306,0.377,0.263,0.33,0.33
0.238,0.28,0.37,0.306,0.306,0.377,0.263,0.33,0.33,0.396
0.28,0.37,0.306,0.306,0.377,0.263,0.33,0.33,0.396,0.405
0.37,0.306,0.306,0.377,0.263,0.33,0.33,0.396,0.405,0.379
0.306,0.306,0.377,0.263,0.33,0.33,0.396,0.405,0.379,0.396
0.306,0.377,0.263,0.33,0.33,0.396,0.405,0.379,0.396,0.255
0.377,0.263,0.33,0.33,0.396,0.405,0.379,0.396,0.255,0.412
0.263,0.33,0.33,0.396,0.405,0.379,0.396,0.255,0.412,0.27
0.33,0.33,0.396,0.405,0.379,0.396,0.255,0.412,0.27,0.377
0.33,0.396,0.405,0.379,0.396,0.255,0.412,0.27,0.377,0.269
0.396,0.405,0.379,0.396,0.255,0.412,0.27,0.377,0.269,0.406
0.405,0.379,0.396,0.255,0.412,0.27,0.377,0.269,0.406,0.277
0.379,0.396,0.255,0.412,0.27,0.377,0.269,0.406,0.277,0.393
0.396,0.255,0.412,0.27,0.377,0.269,0.406,0.277,0.393,0.072
0.255,0.412,0.27,0.377,0.269,0.406,0.277,0.393,0.072,0.324
0.412,0.27,0.377,0.269,0.406,0.277,0.393,0.072,0.324,0.185
0.27,0.377,0.269,0.406,0.277,0.393,0.072,0.324,0.185,0.404
0.377,0.269,0.406,0.277,0.393,0.072,0.324,0.185,0.404,0.398
0.269,0.406,0.277,0.393,0.072,0.324,0.185,0.404,0.398,0.275
0.406,0.277,0.393,0.072,0.324,0.185,0.404,0.398,0.275,0.251
0.277,0.393,0.072,0.324,0.185,0.404,0.398,0.275,0.251,0.271
0.393,0.072,0.324,0.185,0.404,0.398,0.275,0.251,0.271,0.404
0.072,0.324,0.185,0.404,0.398,0.275,0.251,0.271,0.404,0.157
0.324,0.185,0.404,0.398,0.275,0.251,0.271,0.404,0.157,0.385
0.185,0.404,0.398,0.275,0.251,0.271,0.404,0.157,0.385,0.262
0.404,0.398,0.275,0.251,0.271,0.404,0.157,0.385,0.262,0.291
0.398,0.275,0.251,0.271,0.404,0.157,0.385,0.262,0.291,0.384
0.275,0.251,0.271,0.404,0.157,0.385,0.262,0.291,0.384,0.264
0.251,0.271,0.404,0.157,0.385,0.262,0.291,0.384,0.264,0.297
0.271,0.404,0.157,0.385,0.262,0.291,0.384,0.264,0.297,0.317
0.404,0.157,0.385,0.262,0.291,0.384,0.264,0.297,0.317,0.557
0.157,0.385,0.262,0.291,0.384,0.264,0.297,0.317,0.557,0.652
0.385,0.262,0.291,0.384,0.264,0.297,0.317,0.557,0.652,0.88
0.262,0.291,0.384,0.264,0.297,0.317,0.557,0.652,0.88,0.885
0.291,0.384,0.264,0.297,0.317,0.557,0.652,0.88,0.885,1.026
0.384,0.264,0.297,0.317,0.557,0.652,0.88,0.885,1.026,1.132
0.264,0.297,0.317,0.557,0.652,0.88,0.885,1.026,1.132,1.732
0.297,0.317,0.557,0.652,0.88,0.885,1.026,1.132,1.732,1.879
0.317,0.557,0.652,0.88,0.885,1.026,1.132,1.732,1.879,1.618
0.557,0.652,0.88,0.885,1.026,1.132,1.732,1.879,1.618,1.382
0.652,0.88,0.885,1.026,1.132,1.732,1.879,1.618,1.382,1.388
0.88,0.885,1.026,1.132,1.732,1.879,1.618,1.382,1.388,1.102
0.885,1.026,1.132,1.732,1.879,1.618,1.382,1.388,1.102,1.128
1.026,1.132,1.732,1.879,1.618,1.382,1.388,1.102,1.128,0.884
1.132,1.732,1.879,1.618,1.382,1.388,1.102,1.128,0.884,0.886
1.732,1.879,1.618,1.382,1.388,1.102,1.128,0.884,0.886,0.867
1.879,1.618,1.382,1.388,1.102,1.128,0.884,0.886,0.867,0.741
1.618,1.382,1.388,1.102,1.128,0.884,0.886,0.867,0.741,0.755
1.382,1.388,1.102,1.128,0.884,0.886,0.867,0.741,0.755,0.638
1.388,1.102,1.128,0.884,0.886,0.867,0.741,0.755,0.638,0.64
1.102,1.128,0.884,0.886,0.867,0.741,0.755,0.638,0.64,1.131
1.128,0.884,0.886,0.867,0.741,0.755,0.638,0.64,1.131,1.244
0.884,0.886,0.867,0.741,0.755,0.638,0.64,1.131,1.244,1.316
0.886,0.867,0.741,0.755,0.638,0.64,1.131,1.244,1.316,1.226
0.867,0.741,0.755,0.638,0.64,1.131,1.244,1.316,1.226,1.175
0.741,0.755,0.638,0.64,1.131,1.244,1.316,1.226,1.175,0.988
0.755,0.638,0.64,1.131,1.244,1.316,1.226,1.175,0.988,0.97
0.638,0.64,1.131,1.244,1.316,1.226,1.175,0.988,0.97,1
0.64,1.131,1.244,1.316,1.226,1.175,0.988,0.97,1,0.905
1.131,1.244,1.316,1.226,1.175,0.988,0.97,1,0.905,0.822
1.244,1.316,1.226,1.175,0.988,0.97,1,0.905,0.822,0.981
1.316,1.226,1.175,0.988,0.97,1,0.905,0.822,0.981,0.739
1.226,1.175,0.988,0.97,1,0.905,0.822,0.981,0.739,0.747
1.175,0.988,0.97,1,0.905,0.822,0.981,0.739,0.747,0.891
0.988,0.97,1,0.905,0.822,0.981,0.739,0.747,0.891,0.812
0.97,1,0.905,0.822,0.981,0.739,0.747,0.891,0.812,0.675
1,0.905,0.822,0.981,0.739,0.747,0.891,0.812,0.675,0.915
0.905,0.822,0.981,0.739,0.747,0.891,0.812,0.675,0.915,1.156
0.822,0.981,0.739,0.747,0.891,0.812,0.675,0.915,1.156,0.706
0.981,0.739,0.747,0.891,0.812,0.675,0.915,1.156,0.706,0.679
0.739,0.747,0.891,0.812,0.675,0.915,1.156,0.706,0.679,0.712
0.747,0.891,0.812,0.675,0.915,1.156,0.706,0.679,0.712,0.709
0.891,0.812,0.675,0.915,1.156,0.706,0.679,0.712,0.709,0.824
0.812,0.675,0.915,1.156,0.706,0.679,0.712,0.709,0.824,0.69
0.675,0.915,1.156,0.706,0.679,0.712,0.709,0.824,0.69,0.696
0.915,1.156,0.706,0.679,0.712,0.709,0.824,0.69,0.696,0.701
1.156,0.706,0.679,0.712,0.709,0.824,0.69,0.696,0.701,0.693
0.706,0.679,0.712,0.709,0.824,0.69,0.696,0.701,0.693,0.716
0.679,0.712,0.709,0.824,0.69,0.696,0.701,0.693,0.716,0.558
0.712,0.709,0.824,0.69,0.696,0.701,0.693,0.716,0.558,0.549
0.709,0.824,0.69,0.696,0.701,0.693,0.716,0.558,0.549,0.537
0.824,0.69,0.696,0.701,0.693,0.716,0.558,0.549,0.537,0.536
0.69,0.696,0.701,0.693,0.716,0.558,0.549,0.537,0.536,0.541
0.696,0.701,0.693,0.716,0.558,0.549,0.537,0.536,0.541,0.416
0.701,0.693,0.716,0.558,0.549,0.537,0.536,0.541,0.416,0.543
0.693,0.716,0.558,0.549,0.537,0.536,0.541,0.416,0.543,0.413
0.716,0.558,0.549,0.537,0.536,0.541,0.416,0.543,0.413,0.382
0.558,0.549,0.537,0.536,0.541,0.416,0.543,0.413,0.382,0.383
0.549,0.537,0.536,0.541,0.416,0.543,0.413,0.382,0.383,0.354
0.537,0.536,0.541,0.416,0.543,0.413,0.382,0.383,0.354,0.47
0.536,0.541,0.416,0.543,0.413,0.382,0.383,0.354,0.47,0.491
0.541,0.416,0.543,0.413,0.382,0.383,0.354,0.47,0.491,0.486
0.416,0.543,0.413,0.382,0.383,0.354,0.47,0.491,0.486,0.604
0.543,0.413,0.382,0.383,0.354,0.47,0.491,0.486,0.604,0.972
0.413,0.382,0.383,0.354,0.47,0.491,0.486,0.604,0.972,0.734
0.382,0.383,0.354,0.47,0.491,0.486,0.604,0.972,0.734,0.475
0.383,0.354,0.47,0.491,0.486,0.604,0.972,0.734,0.475,0.585
0.354,0.47,0.491,0.486,0.604,0.972,0.734,0.475,0.585,0.495
0.47,0.491,0.486,0.604,0.972,0.734,0.475,0.585,0.495,0.621
0.491,0.486,0.604,0.972,0.734,0.475,0.585,0.495,0.621,0.621
0.486,0.604,0.972,0.734,0.475,0.585,0.495,0.621,0.621,0.478
0.604,0.972,0.734,0.475,0.585,0.495,0.621,0.621,0.478,0.488
0.972,0.734,0.475,0.585,0.495,0.621,0.621,0.478,0.488,0.503
0.734,0.475,0.585,0.495,0.621,0.621,0.478,0.488,0.503,0.496
0.475,0.585,0.495,0.621,0.621,0.478,0.488,0.503,0.496,0.447
0.585,0.495,0.621,0.621,0.478,0.488,0.503,0.496,0.447,0.547
0.495,0.621,0.621,0.478,0.488,0.503,0.496,0.447,0.547,0.363
0.621,0.621,0.478,0.488,0.503,0.496,0.447,0.547,0.363,0.323
0.621,0.478,0.488,0.503,0.496,0.447,0.547,0.363,0.323,0.473
0.478,0.488,0.503,0.496,0.447,0.547,0.363,0.323,0.473,0.319
0.488,0.503,0.496,0.447,0.547,0.363,0.323,0.473,0.319,0.343
0.503,0.496,0.447,0.547,0.363,0.323,0.473,0.319,0.343,0.288
0.496,0.447,0.547,0.363,0.323,0.473,0.319,0.343,0.288,0.417
0.447,0.547,0.363,0.323,0.473,0.319,0.343,0.288,0.417,0.331
0.547,0.363,0.323,0.473,0.319,0.343,0.288,0.417,0.331,0.214
0.363,0.323,0.473,0.319,0.343,0.288,0.417,0.331,0.214,0.379
0.323,0.473,0.319,0.343,0.288,0.417,0.331,0.214,0.379,0.724
0.473,0.319,0.343,0.288,0.417,0.331,0.214,0.379,0.724,0.373
0.319,0.343,0.288,0.417,0.331,0.214,0.379,0.724,0.373,0.21
0.343,0.288,0.417,0.331,0.214,0.379,0.724,0.373,0.21,0.196
0.288,0.417,0.331,0.214,0.379,0.724,0.373,0.21,0.196,0.08
0.417,0.331,0.214,0.379,0.724,0.373,0.21,0.196,0.08,0.256
0.331,0.214,0.379,0.724,0.373,0.21,0.196,0.08,0.256,0.267
0.214,0.379,0.724,0.373,0.21,0.196,0.08,0.256,0.267,0.198
0.379,0.724,0.373,0.21,0.196,0.08,0.256,0.267,0.198,0.312
0.724,0.373,0.21,0.196,0.08,0.256,0.267,0.198,0.312,0.317
0.373,0.21,0.196,0.08,0.256,0.267,0.198,0.312,0.317,0.557
0.21,0.196,0.08,0.256,0.267,0.198,0.312,0.317,0.557,0.615
0.196,0.08,0.256,0.267,0.198,0.312,0.317,0.557,0.615,0.332
0.08,0.256,0.267,0.198,0.312,0.317,0.557,0.615,0.332,0.051
0.256,0.267,0.198,0.312,0.317,0.557,0.615,0.332,0.051,0.048
0.267,0.198,0.312,0.317,0.557,0.615,0.332,0.051,0.048,0.17
0.198,0.312,0.317,0.557,0.615,0.332,0.051,0.048,0.17,0.215
0.312,0.317,0.557,0.615,0.332,0.051,0.048,0.17,0.215,0.458
0.317,0.557,0.615,0.332,0.051,0.048,0.17,0.215,0.458,0.589
0.557,0.615,0.332,0.051,0.048,0.17,0.215,0.458,0.589,0.412
0.615,0.332,0.051,0.048,0.17,0.215,0.458,0.589,0.412,0.434
0.332,0.051,0.048,0.17,0.215,0.458,0.589,0.412,0.434,0.307
0.051,0.048,0.17,0.215,0.458,0.589,0.412,0.434,0.307,0.292
0.048,0.17,0.215,0.458,0.589,0.412,0.434,0.307,0.292,0.307
0.17,0.215,0.458,0.589,0.412,0.434,0.307,0.292,0.307,0.539
0.215,0.458,0.589,0.412,0.434,0.307,0.292,0.307,0.539,0.424
0.458,0.589,0.412,0.434,0.307,0.292,0.307,0.539,0.424,1.412
0.589,0.412,0.434,0.307,0.292,0.307,0.539,0.424,1.412,2.244
0.412,0.434,0.307,0.292,0.307,0.539,0.424,1.412,2.244,1.437
0.434,0.307,0.292,0.307,0.539,0.424,1.412,2.244,1.437,1.313
0.307,0.292,0.307,0.539,0.424,1.412,2.244,1.437,1.313,2.259
0.292,0.307,0.539,0.424,1.412,2.244,1.437,1.313,2.259,1.584
0.307,0.539,0.424,1.412,2.244,1.437,1.313,2.259,1.584,1.322
0.539,0.424,1.412,2.244,1.437,1.313,2.259,1.584,1.322,0.916
0.424,1.412,2.244,1.437,1.313,2.259,1.584,1.322,0.916,0.922
1.412,2.244,1.437,1.313,2.259,1.584,1.322,0.916,0.922,0.948
2.244,1.437,1.313,2.259,1.584,1.322,0.916,0.922,0.948,0.804
1.437,1.313,2.259,1.584,1.322,0.916,0.922,0.948,0.804,0.805
1.313,2.259,1.584,1.322,0.916,0.922,0.948,0.804,0.805,0.685
2.259,1.584,1.322,0.916,0.922,0.948,0.804,0.805,0.685,0.669
1.584,1.322,0.916,0.922,0.948,0.804,0.805,0.685,0.669,0.567
1.322,0.916,0.922,0.948,0.804,0.805,0.685,0.669,0.567,0.546
0.916,0.922,0.948,0.804,0.805,0.685,0.669,0.567,0.546,0.68
0.922,0.948,0.804,0.805,0.685,0.669,0.567,0.546,0.68,0.68
0.948,0.804,0.805,0.685,0.669,0.567,0.546,0.68,0.68,0.673
0.804,0.805,0.685,0.669,0.567,0.546,0.68,0.68,0.673,0.69
0.805,0.685,0.669,0.567,0.546,0.68,0.68,0.673,0.69,0.434
0.685,0.669,0.567,0.546,0.68,0.68,0.673,0.69,0.434,0.424
0.669,0.567,0.546,0.68,0.68,0.673,0.69,0.434,0.424,0.551
0.567,0.546,0.68,0.68,0.673,0.69,0.434,0.424,0.551,0.425
0.546,0.68,0.68,0.673,0.69,0.434,0.424,0.551,0.425,0.295
0.68,0.68,0.673,0.69,0.434,0.424,0.551,0.425,0.295,0.445
0.68,0.673,0.69,0.434,0.424,0.551,0.425,0.295,0.445,0.334
0.673,0.69,0.434,0.424,0.551,0.425,0.295,0.445,0.334,0.287
0.69,0.434,0.424,0.551,0.425,0.295,0.445,0.334,0.287,0.302
0.434,0.424,0.551,0.425,0.295,0.445,0.334,0.287,0.302,0.306
0.424,0.551,0.425,0.295,0.445,0.334,0.287,0.302,0.306,0.334
0.551,0.425,0.295,0.445,0.334,0.287,0.302,0.306,0.334,0.343
0.425,0.295,0.445,0.334,0.287,0.302,0.306,0.334,0.343,0.176
0.295,0.445,0.334,0.287,0.302,0.306,0.334,0.343,0.176,0.186
0.445,0.334,0.287,0.302,0.306,0.334,0.343,0.176,0.186,0.167
0.334,0.287,0.302,0.306,0.334,0.343,0.176,0.186,0.167,0.307
0.287,0.302,0.306,0.334,0.343,0.176,0.186,0.167,0.307,0.439
0.302,0.306,0.334,0.343,0.176,0.186,0.167,0.307,0.439,0.557
0.306,0.334,0.343,0.176,0.186,0.167,0.307,0.439,0.557,0.446
0.334,0.343,0.176,0.186,0.167,0.307,0.439,0.557,0.446,0.58
0.343,0.176,0.186,0.167,0.307,0.439,0.557,0.446,0.58,0.601
0.176,0.186,0.167,0.307,0.439,0.557,0.446,0.58,0.601,0.44
0.186,0.167,0.307,0.439,0.557,0.446,0.58,0.601,0.44,0.314
0.167,0.307,0.439,0.557,0.446,0.58,0.601,0.44,0.314,0.321
0.307,0.439,0.557,0.446,0.58,0.601,0.44,0.314,0.321,0.332
0.439,0.557,0.446,0.58,0.601,0.44,0.314,0.321,0.332,0.349
0.557,0.446,0.58,0.601,0.44,0.314,0.321,0.332,0.349,0.192
0.446,0.58,0.601,0.44,0.314,0.321,0.332,0.349,0.192,0.305
0.58,0.601,0.44,0.314,0.321,0.332,0.349,0.192,0.305,0.332
0.601,0.44,0.314,0.321,0.332,0.349,0.192,0.305,0.332,0.305
0.44,0.314,0.321,0.332,0.349,0.192,0.305,0.332,0.305,0.193
0.314,0.321,0.332,0.349,0.192,0.305,0.332,0.305,0.193,0.322
0.321,0.332,0.349,0.192,0.305,0.332,0.305,0.193,0.322,0.325
0.332,0.349,0.192,0.305,0.332,0.305,0.193,0.322,0.325,0.338
0.349,0.192,0.305,0.332,0.305,0.193,0.322,0.325,0.338,0.336
0.192,0.305,0.332,0.305,0.193,0.322,0.325,0.338,0.336,0.317
0.305,0.332,0.305,0.193,0.322,0.325,0.338,0.336,0.317,0.162
0.332,0.305,0.193,0.322,0.325,0.338,0.336,0.317,0.162,0.362
0.305,0.193,0.322,0.325,0.338,0.336,0.317,0.162,0.362,0.059
0.193,0.322,0.325,0.338,0.336,0.317,0.162,0.362,0.059,0.224
0.322,0.325,0.338,0.336,0.317,0.162,0.362,0.059,0.224,0.048
0.325,0.338,0.336,0.317,0.162,0.362,0.059,0.224,0.048,0.185
0.338,0.336,0.317,0.162,0.362,0.059,0.224,0.048,0.185,0.199
0.336,0.317,0.162,0.362,0.059,0.224,0.048,0.185,0.199,0.178
0.317,0.162,0.362,0.059,0.224,0.048,0.185,0.199,0.178,0.195
0.162,0.362,0.059,0.224,0.048,0.185,0.199,0.178,0.195,0.198
0.362,0.059,0.224,0.048,0.185,0.199,0.178,0.195,0.198,0.204
0.059,0.224,0.048,0.185,0.199,0.178,0.195,0.198,0.204,0.38
0.224,0.048,0.185,0.199,0.178,0.195,0.198,0.204,0.38,1.333
0.048,0.185,0.199,0.178,0.195,0.198,0.204,0.38,1.333,0.896
0.185,0.199,0.178,0.195,0.198,0.204,0.38,1.333,0.896,0.633
0.199,0.178,0.195,0.198,0.204,0.38,1.333,0.896,0.633,0.783
0.178,0.195,0.198,0.204,0.38,1.333,0.896,0.633,0.783,0.42
0.195,0.198,0.204,0.38,1.333,0.896,0.633,0.783,0.42,0.415
0.198,0.204,0.38,1.333,0.896,0.633,0.783,0.42,0.415,0.581
0.204,0.38,1.333,0.896,0.633,0.783,0.42,0.415,0.581,0.58
0.38,1.333,0.896,0.633,0.783,0.42,0.415,0.581,0.58,0.541
1.333,0.896,0.633,0.783,0.42,0.415,0.581,0.58,0.541,0.591
0.896,0.633,0.783,0.42,0.415,0.581,0.58,0.541,0.591,0.552
0.633,0.783,0.42,0.415,0.581,0.58,0.541,0.591,0.552,0.543
0.783,0.42,0.415,0.581,0.58,0.541,0.591,0.552,0.543,0.414
0.42,0.415,0.581,0.58,0.541,0.591,0.552,0.543,0.414,0.417
0.415,0.581,0.58,0.541,0.591,0.552,0.543,0.414,0.417,0.425
0.581,0.58,0.541,0.591,0.552,0.543,0.414,0.417,0.425,0.631
0.58,0.541,0.591,0.552,0.543,0.414,0.417,0.425,0.631,0.361
0.541,0.591,0.552,0.543,0.414,0.417,0.425,0.631,0.361,0.363
0.591,0.552,0.543,0.414,0.417,0.425,0.631,0.361,0.363,0.484
0.552,0.543,0.414,0.417,0.425,0.631,0.361,0.363,0.484,0.363
0.543,0.414,0.417,0.425,0.631,0.361,0.363,0.484,0.363,0.356
0.414,0.417,0.425,0.631,0.361,0.363,0.484,0.363,0.356,0.508
0.417,0.425,0.631,0.361,0.363,0.484,0.363,0.356,0.508,0.355
0.425,0.631,0.361,0.363,0.484,0.363,0.356,0.508,0.355,0.47
0.631,0.361,0.363,0.484,0.363,0.356,0.508,0.355,0.47,0.476
0.361,0.363,0.484,0.363,0.356,0.508,0.355,0.47,0.476,0.487
0.363,0.484,0.363,0.356,0.508,0.355,0.47,0.476,0.487,0.355
0.484,0.363,0.356,0.508,0.355,0.47,0.476,0.487,0.355,0.331
0.363,0.356,0.508,0.355,0.47,0.476,0.487,0.355,0.331,0.361
0.356,0.508,0.355,0.47,0.476,0.487,0.355,0.331,0.361,0.219
0.508,0.355,0.47,0.476,0.487,0.355,0.331,0.361,0.219,0.348
0.355,0.47,0.476,0.487,0.355,0.331,0.361,0.219,0.348,0.221
0.47,0.476,0.487,0.355,0.331,0.361,0.219,0.348,0.221,0.339
0.476,0.487,0.355,0.331,0.361,0.219,0.348,0.221,0.339,0.466
0.487,0.355,0.331,0.361,0.219,0.348,0.221,0.339,0.466,0.466
0.355,0.331,0.361,0.219,0.348,0.221,0.339,0.466,0.466,0.466
0.331,0.361,0.219,0.348,0.221,0.339,0.466,0.466,0.466,0.593
0.361,0.219,0.348,0.221,0.339,0.466,0.466,0.466,0.593,2.862
0.219,0.348,0.221,0.339,0.466,0.466,0.466,0.593,2.862,2.586
0.348,0.221,0.339,0.466,0.466,0.466,0.593,2.862,2.586,2.302
0.221,0.339,0.466,0.466,0.466,0.593,2.862,2.586,2.302,1.897
0.339,0.466,0.466,0.466,0.593,2.862,2.586,2.302,1.897,1.631
0.466,0.466,0.466,0.593,2.862,2.586,2.302,1.897,1.631,1.631
0.466,0.466,0.593,2.862,2.586,2.302,1.897,1.631,1.631,1.69
0.466,0.593,2.862,2.586,2.302,1.897,1.631,1.631,1.69,1.619
0.593,2.862,2.586,2.302,1.897,1.631,1.631,1.69,1.619,1.359
2.862,2.586,2.302,1.897,1.631,1.631,1.69,1.619,1.359,1.199
2.586,2.302,1.897,1.631,1.631,1.69,1.619,1.359,1.199,1.105
2.302,1.897,1.631,1.631,1.69,1.619,1.359,1.199,1.105,1.606
1.897,1.631,1.631,1.69,1.619,1.359,1.199,1.105,1.606,1.469
1.631,1.631,1.69,1.619,1.359,1.199,1.105,1.606,1.469,1.143
1.631,1.69,1.619,1.359,1.199,1.105,1.606,1.469,1.143,1.154
1.69,1.619,1.359,1.199,1.105,1.606,1.469,1.143,1.154,1.353
1.619,1.359,1.199,1.105,1.606,1.469,1.143,1.154,1.353,1.353
1.359,1.199,1.105,1.606,1.469,1.143,1.154,1.353,1.353,1.622
1.199,1.105,1.606,1.469,1.143,1.154,1.353,1.353,1.622,1.634
1.105,1.606,1.469,1.143,1.154,1.353,1.353,1.622,1.634,1.635
1.606,1.469,1.143,1.154,1.353,1.353,1.622,1.634,1.635,1.623
1.469,1.143,1.154,1.353,1.353,1.622,1.634,1.635,1.623,1.171
1.143,1.154,1.353,1.353,1.622,1.634,1.635,1.623,1.171,0.948
1.154,1.353,1.353,1.622,1.634,1.635,1.623,1.171,0.948,1.226
1.353,1.353,1.622,1.634,1.635,1.623,1.171,0.948,1.226,1.344
1.353,1.622,1.634,1.635,1.623,1.171,0.948,1.226,1.344,1.288
1.622,1.634,1.635,1.623,1.171,0.948,1.226,1.344,1.288,1.329
1.634,1.635,1.623,1.171,0.948,1.226,1.344,1.288,1.329,0.673
1.635,1.623,1.171,0.948,1.226,1.344,1.288,1.329,0.673,0.8
1.623,1.171,0.948,1.226,1.344,1.288,1.329,0.673,0.8,0.733
1.171,0.948,1.226,1.344,1.288,1.329,0.673,0.8,0.733,1.011
0.948,1.226,1.344,1.288,1.329,0.673,0.8,0.733,1.011,0.888
1.226,1.344,1.288,1.329,0.673,0.8,0.733,1.011,0.888,0.888
1.344,1.288,1.329,0.673,0.8,0.733,1.011,0.888,0.888,0.888
1.288,1.329,0.673,0.8,0.733,1.011,0.888,0.888,0.888,0.761
1.329,0.673,0.8,0.733,1.011,0.888,0.888,0.888,0.761,0.872
0.673,0.8,0.733,1.011,0.888,0.888,0.888,0.761,0.872,0.809
0.8,0.733,1.011,0.888,0.888,0.888,0.761,0.872,0.809,0.809
0.733,1.011,0.888,0.888,0.888,0.761,0.872,0.809,0.809,0.682
1.011,0.888,0.888,0.888,0.761,0.872,0.809,0.809,0.682,0.809
0.888,0.888,0.888,0.761,0.872,0.809,0.809,0.682,0.809,0.654
0.888,0.888,0.761,0.872,0.809,0.809,0.682,0.809,0.654,0.749
0.888,0.761,0.872,0.809,0.809,0.682,0.809,0.654,0.749,0.761
0.761,0.872,0.809,0.809,0.682,0.809,0.654,0.749,0.761,0.809
0.872,0.809,0.809,0.682,0.809,0.654,0.749,0.761,0.809,0.633
0.809,0.809,0.682,0.809,0.654,0.749,0.761,0.809,0.633,0.682
0.809,0.682,0.809,0.654,0.749,0.761,0.809,0.633,0.682,0.566
0.682,0.809,0.654,0.749,0.761,0.809,0.633,0.682,0.566,0.494
0.809,0.654,0.749,0.761,0.809,0.633,0.682,0.566,0.494,0.554
0.654,0.749,0.761,0.809,0.633,0.682,0.566,0.494,0.554,0.566
0.749,0.761,0.809,0.633,0.682,0.566,0.494,0.554,0.566,0.494
0.761,0.809,0.633,0.682,0.566,0.494,0.554,0.566,0.494,0.494
0.809,0.633,0.682,0.566,0.494,0.554,0.566,0.494,0.494,0.566
0.633,0.682,0.566,0.494,0.554,0.566,0.494,0.494,0.566,0.554
0.682,0.566,0.494,0.554,0.566,0.494,0.494,0.566,0.554,0.654
0.566,0.494,0.554,0.566,0.494,0.494,0.566,0.554,0.654,0.633
0.494,0.554,0.566,0.494,0.494,0.566,0.554,0.654,0.633,0.339
0.554,0.566,0.494,0.494,0.566,0.554,0.654,0.633,0.339,0.424
0.566,0.494,0.494,0.566,0.554,0.654,0.633,0.339,0.424,0.424
0.494,0.494,0.566,0.554,0.654,0.633,0.339,0.424,0.424,0.445
0.494,0.566,0.554,0.654,0.633,0.339,0.424,0.424,0.445,0.827
0.566,0.554,0.654,0.633,0.339,0.424,0.424,0.445,0.827,0.888
0.554,0.654,0.633,0.339,0.424,0.424,0.445,0.827,0.888,0.633
0.654,0.633,0.339,0.424,0.424,0.445,0.827,0.888,0.633,0.622
0.633,0.339,0.424,0.424,0.445,0.827,0.888,0.633,0.622,0.633
0.339,0.424,0.424,0.445,0.827,0.888,0.633,0.622,0.633,0.367
0.424,0.424,0.445,0.827,0.888,0.633,0.622,0.633,0.367,0.367
0.424,0.445,0.827,0.888,0.633,0.622,0.633,0.367,0.367,0.367
0.445,0.827,0.888,0.633,0.622,0.633,0.367,0.367,0.367,0.356
0.827,0.888,0.633,0.622,0.633,0.367,0.367,0.367,0.356,0.367
0.888,0.633,0.622,0.633,0.367,0.367,0.367,0.356,0.367,0.494
0.633,0.622,0.633,0.367,0.367,0.367,0.356,0.367,0.494,0.35
0.622,0.633,0.367,0.367,0.367,0.356,0.367,0.494,0.35,0.257
0.633,0.367,0.367,0.367,0.356,0.367,0.494,0.35,0.257,0.384
0.367,0.367,0.367,0.356,0.367,0.494,0.35,0.257,0.384,0.384
0.367,0.367,0.356,0.367,0.494,0.35,0.257,0.384,0.384,0.384
0.367,0.356,0.367,0.494,0.35,0.257,0.384,0.384,0.384,0.512
0.356,0.367,0.494,0.35,0.257,0.384,0.384,0.384,0.512,0.437
0.367,0.494,0.35,0.257,0.384,0.384,0.384,0.512,0.437,0.428
0.494,0.35,0.257,0.384,0.384,0.384,0.512,0.437,0.428,0.278
0.35,0.257,0.384,0.384,0.384,0.512,0.437,0.428,0.278,0.428
0.257,0.384,0.384,0.384,0.512,0.437,0.428,0.278,0.428,0.377
0.384,0.384,0.384,0.512,0.437,0.428,0.278,0.428,0.377,0.249
0.384,0.384,0.512,0.437,0.428,0.278,0.428,0.377,0.249,0.249
0.384,0.512,0.437,0.428,0.278,0.428,0.377,0.249,0.249,0.377
0.512,0.437,0.428,0.278,0.428,0.377,0.249,0.249,0.377,0.238
0.437,0.428,0.278,0.428,0.377,0.249,0.249,0.377,0.238,0.238
0.428,0.278,0.428,0.377,0.249,0.249,0.377,0.238,0.238,0.238
0.278,0.428,0.377,0.249,0.249,0.377,0.238,0.238,0.238,0.249
0.428,0.377,0.249,0.249,0.377,0.238,0.238,0.238,0.249,0.238
0.377,0.249,0.249,0.377,0.238,0.238,0.238,0.249,0.238,0.377
0.249,0.249,0.377,0.238,0.238,0.238,0.249,0.238,0.377,0.238
0.249,0.377,0.238,0.238,0.238,0.249,0.238,0.377,0.238,0.377
0.377,0.238,0.238,0.238,0.249,0.238,0.377,0.238,0.377,0.249
0.238,0.238,0.238,0.249,0.238,0.377,0.238,0.377,0.249,0.238
0.238,0.238,0.249,0.238,0.377,0.238,0.377,0.249,0.238,0.249
0.238,0.249,0.238,0.377,0.238,0.377,0.249,0.238,0.249,0.377
0.249,0.238,0.377,0.238,0.377,0.249,0.238,0.249,0.377,0.249
0.238,0.377,0.238,0.377,0.249,0.238,0.249,0.377,0.249,0.111
0.377,0.238,0.377,0.249,0.238,0.249,0.377,0.249,0.111,0.249
0.238,0.377,0.249,0.238,0.249,0.377,0.249,0.111,0.249,0.249
0.377,0.249,0.238,0.249,0.377,0.249,0.111,0.249,0.249,0.289
0.249,0.238,0.249,0.377,0.249,0.111,0.249,0.249,0.289,0.249
0.238,0.249,0.377,0.249,0.111,0.249,0.249,0.289,0.249,0.115
0.249,0.377,0.249,0.111,0.249,0.249,0.289,0.249,0.115,0.127
0.377,0.249,0.111,0.249,0.249,0.289,0.249,0.115,0.127,0.115
0.249,0.111,0.249,0.249,0.289,0.249,0.115,0.127,0.115,0.176
0.111,0.249,0.249,0.289,0.249,0.115,0.127,0.115,0.176,0.254
0.249,0.249,0.289,0.249,0.115,0.127,0.115,0.176,0.254,0.165
0.249,0.289,0.249,0.115,0.127,0.115,0.176,0.254,0.165,0.165
0.289,0.249,0.115,0.127,0.115,0.176,0.254,0.165,0.165,0.165
0.249,0.115,0.127,0.115,0.176,0.254,0.165,0.165,0.165,0.127
0.115,0.127,0.115,0.176,0.254,0.165,0.165,0.165,0.127,0.115
0.127,0.115,0.176,0.254,0.165,0.165,0.165,0.127,0.115,0.254
0.115,0.176,0.254,0.165,0.165,0.165,0.127,0.115,0.254,0.36
0.176,0.254,0.165,0.165,0.165,0.127,0.115,0.254,0.36,1.644
0.254,0.165,0.165,0.165,0.127,0.115,0.254,0.36,1.644,1.886
0.165,0.165,0.165,0.127,0.115,0.254,0.36,1.644,1.886,1.377
0.165,0.165,0.127,0.115,0.254,0.36,1.644,1.886,1.377,1.25
0.165,0.127,0.115,0.254,0.36,1.644,1.886,1.377,1.25,1.122
0.127,0.115,0.254,0.36,1.644,1.886,1.377,1.25,1.122,1.122
0.115,0.254,0.36,1.644,1.886,1.377,1.25,1.122,1.122,0.984
0.254,0.36,1.644,1.886,1.377,1.25,1.122,1.122,0.984,1.122
0.36,1.644,1.886,1.377,1.25,1.122,1.122,0.984,1.122,0.949
1.644,1.886,1.377,1.25,1.122,1.122,0.984,1.122,0.949,2.176
1.886,1.377,1.25,1.122,1.122,0.984,1.122,0.949,2.176,2.153
1.377,1.25,1.122,1.122,0.984,1.122,0.949,2.176,2.153,2.558
1.25,1.122,1.122,0.984,1.122,0.949,2.176,2.153,2.558,3.992
1.122,1.122,0.984,1.122,0.949,2.176,2.153,2.558,3.992,4.351
1.122,0.984,1.122,0.949,2.176,2.153,2.558,3.992,4.351,4.275
0.984,1.122,0.949,2.176,2.153,2.558,3.992,4.351,4.275,3.742
1.122,0.949,2.176,2.153,2.558,3.992,4.351,4.275,3.742,4.296
0.949,2.176,2.153,2.558,3.992,4.351,4.275,3.742,4.296,3.139
2.176,2.153,2.558,3.992,4.351,4.275,3.742,4.296,3.139,3.152
2.153,2.558,3.992,4.351,4.275,3.742,4.296,3.139,3.152,0.745
2.558,3.992,4.351,4.275,3.742,4.296,3.139,3.152,0.745,1.687
3.992,4.351,4.275,3.742,4.296,3.139,3.152,0.745,1.687,1.817
4.351,4.275,3.742,4.296,3.139,3.152,0.745,1.687,1.817,3.961
4.275,3.742,4.296,3.139,3.152,0.745,1.687,1.817,3.961,1.345
3.742,4.296,3.139,3.152,0.745,1.687,1.817,3.961,1.345,1.824
4.296,3.139,3.152,0.745,1.687,1.817,3.961,1.345,1.824,3.417
3.139,3.152,0.745,1.687,1.817,3.961,1.345,1.824,3.417,1.575
3.152,0.745,1.687,1.817,3.961,1.345,1.824,3.417,1.575,0.871
0.745,1.687,1.817,3.961,1.345,1.824,3.417,1.575,0.871,1.149
1.687,1.817,3.961,1.345,1.824,3.417,1.575,0.871,1.149,1.149
1.817,3.961,1.345,1.824,3.417,1.575,0.871,1.149,1.149,1.362
3.961,1.345,1.824,3.417,1.575,0.871,1.149,1.149,1.362,4.055
1.345,1.824,3.417,1.575,0.871,1.149,1.149,1.362,4.055,2.583
1.824,3.417,1.575,0.871,1.149,1.149,1.362,4.055,2.583,1.014
3.417,1.575,0.871,1.149,1.149,1.362,4.055,2.583,1.014,2.294
1.575,0.871,1.149,1.149,1.362,4.055,2.583,1.014,2.294,3.611
0.871,1.149,1.149,1.362,4.055,2.583,1.014,2.294,3.611,1.089
1.149,1.149,1.362,4.055,2.583,1.014,2.294,3.611,1.089,0.606
1.149,1.362,4.055,2.583,1.014,2.294,3.611,1.089,0.606,1.694
1.362,4.055,2.583,1.014,2.294,3.611,1.089,0.606,1.694,3.011
4.055,2.583,1.014,2.294,3.611,1.089,0.606,1.694,3.011,2.709
2.583,1.014,2.294,3.611,1.089,0.606,1.694,3.011,2.709,1.417
1.014,2.294,3.611,1.089,0.606,1.694,3.011,2.709,1.417,1.374
2.294,3.611,1.089,0.606,1.694,3.011,2.709,1.417,1.374,1.791
3.611,1.089,0.606,1.694,3.011,2.709,1.417,1.374,1.791,1.791
1.089,0.606,1.694,3.011,2.709,1.417,1.374,1.791,1.791,1.509
0.606,1.694,3.011,2.709,1.417,1.374,1.791,1.791,1.509,1.382
1.694,3.011,2.709,1.417,1.374,1.791,1.791,1.509,1.382,1.791
3.011,2.709,1.417,1.374,1.791,1.791,1.509,1.382,1.791,1.513
2.709,1.417,1.374,1.791,1.791,1.509,1.382,1.791,1.513,0.957
1.417,1.374,1.791,1.791,1.509,1.382,1.791,1.513,0.957,1.149
1.374,1.791,1.791,1.509,1.382,1.791,1.513,0.957,1.149,1.554
1.791,1.791,1.509,1.382,1.791,1.513,0.957,1.149,1.554,1.836
1.791,1.509,1.382,1.791,1.513,0.957,1.149,1.554,1.836,1.961
1.509,1.382,1.791,1.513,0.957,1.149,1.554,1.836,1.961,0.594
1.382,1.791,1.513,0.957,1.149,1.554,1.836,1.961,0.594,1.011
1.791,1.513,0.957,1.149,1.554,1.836,1.961,0.594,1.011,1.15
1.513,0.957,1.149,1.554,1.836,1.961,0.594,1.011,1.15,1.501
0.957,1.149,1.554,1.836,1.961,0.594,1.011,1.15,1.501,1.223
1.149,1.554,1.836,1.961,0.594,1.011,1.15,1.501,1.223,1.223
1.554,1.836,1.961,0.594,1.011,1.15,1.501,1.223,1.223,1.795
1.836,1.961,0.594,1.011,1.15,1.501,1.223,1.223,1.795,1.367
1.961,0.594,1.011,1.15,1.501,1.223,1.223,1.795,1.367,0.682
0.594,1.011,1.15,1.501,1.223,1.223,1.795,1.367,0.682,0.948
1.011,1.15,1.501,1.223,1.223,1.795,1.367,0.682,0.948,0.948
1.15,1.501,1.223,1.223,1.795,1.367,0.682,0.948,0.948,1.138
1.501,1.223,1.223,1.795,1.367,0.682,0.948,0.948,1.138,1.011
1.223,1.223,1.795,1.367,0.682,0.948,0.948,1.138,1.011,1.011
1.223,1.795,1.367,0.682,0.948,0.948,1.138,1.011,1.011,1.011
1.795,1.367,0.682,0.948,0.948,1.138,1.011,1.011,1.011,0.884
1.367,0.682,0.948,0.948,1.138,1.011,1.011,1.011,0.884,0.948
0.682,0.948,0.948,1.138,1.011,1.011,1.011,0.884,0.948,0.809
0.948,0.948,1.138,1.011,1.011,1.011,0.884,0.948,0.809,0.775
0.948,1.138,1.011,1.011,1.011,0.884,0.948,0.809,0.775,1.203
1.138,1.011,1.011,1.011,0.884,0.948,0.809,0.775,1.203,0.872
1.011,1.011,1.011,0.884,0.948,0.809,0.775,1.203,0.872,0.948
1.011,1.011,0.884,0.948,0.809,0.775,1.203,0.872,0.948,1.027
1.011,0.884,0.948,0.809,0.775,1.203,0.872,0.948,1.027,0.636
0.884,0.948,0.809,0.775,1.203,0.872,0.948,1.027,0.636,0.921
0.948,0.809,0.775,1.203,0.872,0.948,1.027,0.636,0.921,0.868
0.809,0.775,1.203,0.872,0.948,1.027,0.636,0.921,0.868,0.831
0.775,1.203,0.872,0.948,1.027,0.636,0.921,0.868,0.831,1.149
1.203,0.872,0.948,1.027,0.636,0.921,0.868,0.831,1.149,0.809
0.872,0.948,1.027,0.636,0.921,0.868,0.831,1.149,0.809,0.809
0.948,1.027,0.636,0.921,0.868,0.831,1.149,0.809,0.809,0.809
1.027,0.636,0.921,0.868,0.831,1.149,0.809,0.809,0.809,0.682
0.636,0.921,0.868,0.831,1.149,0.809,0.809,0.809,0.682,0.939
0.921,0.868,0.831,1.149,0.809,0.809,0.809,0.682,0.939,0.733
0.868,0.831,1.149,0.809,0.809,0.809,0.682,0.939,0.733,0.622
0.831,1.149,0.809,0.809,0.809,0.682,0.939,0.733,0.622,0.553
1.149,0.809,0.809,0.809,0.682,0.939,0.733,0.622,0.553,0.692
0.809,0.809,0.809,0.682,0.939,0.733,0.622,0.553,0.692,0.704
0.809,0.809,0.682,0.939,0.733,0.622,0.553,0.692,0.704,0.433
0.809,0.682,0.939,0.733,0.622,0.553,0.692,0.704,0.433,0.57
0.682,0.939,0.733,0.622,0.553,0.692,0.704,0.433,0.57,0.551
0.939,0.733,0.622,0.553,0.692,0.704,0.433,0.57,0.551,0.492
0.733,0.622,0.553,0.692,0.704,0.433,0.57,0.551,0.492,0.507
0.622,0.553,0.692,0.704,0.433,0.57,0.551,0.492,0.507,0.499
0.553,0.692,0.704,0.433,0.57,0.551,0.492,0.507,0.499,0.485
0.692,0.704,0.433,0.57,0.551,0.492,0.507,0.499,0.485,0.566
0.704,0.433,0.57,0.551,0.492,0.507,0.499,0.485,0.566,0.501
0.433,0.57,0.551,0.492,0.507,0.499,0.485,0.566,0.501,0.504
0.57,0.551,0.492,0.507,0.499,0.485,0.566,0.501,0.504,0.378
0.551,0.492,0.507,0.499,0.485,0.566,0.501,0.504,0.378,0.364
0.492,0.507,0.499,0.485,0.566,0.501,0.504,0.378,0.364,0.365
0.507,0.499,0.485,0.566,0.501,0.504,0.378,0.364,0.365,0.369
0.499,0.485,0.566,0.501,0.504,0.378,0.364,0.365,0.369,0.492
0.485,0.566,0.501,0.504,0.378,0.364,0.365,0.369,0.492,0.243
0.566,0.501,0.504,0.378,0.364,0.365,0.369,0.492,0.243,0.366
0.501,0.504,0.378,0.364,0.365,0.369,0.492,0.243,0.366,0.186
0.504,0.378,0.364,0.365,0.369,0.492,0.243,0.366,0.186,0.311
0.378,0.364,0.365,0.369,0.492,0.243,0.366,0.186,0.311,0.435
0.364,0.365,0.369,0.492,0.243,0.366,0.186,0.311,0.435,0.208
0.365,0.369,0.492,0.243,0.366,0.186,0.311,0.435,0.208,0.343
0.369,0.492,0.243,0.366,0.186,0.311,0.435,0.208,0.343,0.195
0.492,0.243,0.366,0.186,0.311,0.435,0.208,0.343,0.195,0.334
0.243,0.366,0.186,0.311,0.435,0.208,0.343,0.195,0.334,0.34
0.366,0.186,0.311,0.435,0.208,0.343,0.195,0.334,0.34,0.215
0.186,0.311,0.435,0.208,0.343,0.195,0.334,0.34,0.215,0.21
0.311,0.435,0.208,0.343,0.195,0.334,0.34,0.215,0.21,0.21
0.435,0.208,0.343,0.195,0.334,0.34,0.215,0.21,0.21,0.216
0.208,0.343,0.195,0.334,0.34,0.215,0.21,0.21,0.216,0.185
0.343,0.195,0.334,0.34,0.215,0.21,0.21,0.216,0.185,0.34
0.195,0.334,0.34,0.215,0.21,0.21,0.216,0.185,0.34,0.161
0.334,0.34,0.215,0.21,0.21,0.216,0.185,0.34,0.161,0.189
0.34,0.215,0.21,0.21,0.216,0.185,0.34,0.161,0.189,0.296
0.215,0.21,0.21,0.216,0.185,0.34,0.161,0.189,0.296,0.243
0.21,0.21,0.216,0.185,0.34,0.161,0.189,0.296,0.243,0.373
0.21,0.216,0.185,0.34,0.161,0.189,0.296,0.243,0.373,0.442
0.216,0.185,0.34,0.161,0.189,0.296,0.243,0.373,0.442,0.246
0.185,0.34,0.161,0.189,0.296,0.243,0.373,0.442,0.246,0.26
0.34,0.161,0.189,0.296,0.243,0.373,0.442,0.246,0.26,0.241
0.161,0.189,0.296,0.243,0.373,0.442,0.246,0.26,0.241,0.337
0.189,0.296,0.243,0.373,0.442,0.246,0.26,0.241,0.337,0.247
0.296,0.243,0.373,0.442,0.246,0.26,0.241,0.337,0.247,0.299
0.243,0.373,0.442,0.246,0.26,0.241,0.337,0.247,0.299,0.113
0.373,0.442,0.246,0.26,0.241,0.337,0.247,0.299,0.113,0.184
0.442,0.246,0.26,0.241,0.337,0.247,0.299,0.113,0.184,0.168
0.246,0.26,0.241,0.337,0.247,0.299,0.113,0.184,0.168,0.185
0.26,0.241,0.337,0.247,0.299,0.113,0.184,0.168,0.185,0.293
0.241,0.337,0.247,0.299,0.113,0.184,0.168,0.185,0.293,0.476
0.337,0.247,0.299,0.113,0.184,0.168,0.185,0.293,0.476,0.401
0.247,0.299,0.113,0.184,0.168,0.185,0.293,0.476,0.401,0.22
0.299,0.113,0.184,0.168,0.185,0.293,0.476,0.401,0.22,0.172
0.113,0.184,0.168,0.185,0.293,0.476,0.401,0.22,0.172,0.185
0.184,0.168,0.185,0.293,0.476,0.401,0.22,0.172,0.185,0.185
0.168,0.185,0.293,0.476,0.401,0.22,0.172,0.185,0.185,0.198
0.185,0.293,0.476,0.401,0.22,0.172,0.185,0.185,0.198,0.162
0.293,0.476,0.401,0.22,0.172,0.185,0.185,0.198,0.162,0.036
0.476,0.401,0.22,0.172,0.185,0.185,0.198,0.162,0.036,0.046
0.401,0.22,0.172,0.185,0.185,0.198,0.162,0.036,0.046,0.162
0.22,0.172,0.185,0.185,0.198,0.162,0.036,0.046,0.162,0.185
0.172,0.185,0.185,0.198,0.162,0.036,0.046,0.162,0.185,0.127
0.185,0.185,0.198,0.162,0.036,0.046,0.162,0.185,0.127,0.229
0.185,0.198,0.162,0.036,0.046,0.162,0.185,0.127,0.229,0.212
0.198,0.162,0.036,0.046,0.162,0.185,0.127,0.229,0.212,0.228
0.162,0.036,0.046,0.162,0.185,0.127,0.229,0.212,0.228,0.337
0.036,0.046,0.162,0.185,0.127,0.229,0.212,0.228,0.337,0.336
0.046,0.162,0.185,0.127,0.229,0.212,0.228,0.337,0.336,0.478
0.162,0.185,0.127,0.229,0.212,0.228,0.337,0.336,0.478,0.414
0.185,0.127,0.229,0.212,0.228,0.337,0.336,0.478,0.414,0.46
0.127,0.229,0.212,0.228,0.337,0.336,0.478,0.414,0.46,0.353
0.229,0.212,0.228,0.337,0.336,0.478,0.414,0.46,0.353,0.343
0.212,0.228,0.337,0.336,0.478,0.414,0.46,0.353,0.343,0.327
0.228,0.337,0.336,0.478,0.414,0.46,0.353,0.343,0.327,0.212
0.337,0.336,0.478,0.414,0.46,0.353,0.343,0.327,0.212,0.424
0.336,0.478,0.414,0.46,0.353,0.343,0.327,0.212,0.424,0.128
0.478,0.414,0.46,0.353,0.343,0.327,0.212,0.424,0.128,0.209
0.414,0.46,0.353,0.343,0.327,0.212,0.424,0.128,0.209,0.216
0.46,0.353,0.343,0.327,0.212,0.424,0.128,0.209,0.216,0.214
0.353,0.343,0.327,0.212,0.424,0.128,0.209,0.216,0.214,0.362
0.343,0.327,0.212,0.424,0.128,0.209,0.216,0.214,0.362,0.213
0.327,0.212,0.424,0.128,0.209,0.216,0.214,0.362,0.213,0.082
0.212,0.424,0.128,0.209,0.216,0.214,0.362,0.213,0.082,0.201
0.424,0.128,0.209,0.216,0.214,0.362,0.213,0.082,0.201,0.079
0.128,0.209,0.216,0.214,0.362,0.213,0.082,0.201,0.079,0.078
0.209,0.216,0.214,0.362,0.213,0.082,0.201,0.079,0.078,0.207
0.216,0.214,0.362,0.213,0.082,0.201,0.079,0.078,0.207,0.147
0.214,0.362,0.213,0.082,0.201,0.079,0.078,0.207,0.147,0.182
0.362,0.213,0.082,0.201,0.079,0.078,0.207,0.147,0.182,0.094
0.213,0.082,0.201,0.079,0.078,0.207,0.147,0.182,0.094,0.105
0.082,0.201,0.079,0.078,0.207,0.147,0.182,0.094,0.105,0.1
0.201,0.079,0.078,0.207,0.147,0.182,0.094,0.105,0.1,0.096
0.079,0.078,0.207,0.147,0.182,0.094,0.105,0.1,0.096,0.091
0.078,0.207,0.147,0.182,0.094,0.105,0.1,0.096,0.091,0.096
0.207,0.147,0.182,0.094,0.105,0.1,0.096,0.091,0.096,0.103
0.147,0.182,0.094,0.105,0.1,0.096,0.091,0.096,0.103,0.084
0.182,0.094,0.105,0.1,0.096,0.091,0.096,0.103,0.084,0.331
0.094,0.105,0.1,0.096,0.091,0.096,0.103,0.084,0.331,0.337
0.105,0.1,0.096,0.091,0.096,0.103,0.084,0.331,0.337,0.096
0.1,0.096,0.091,0.096,0.103,0.084,0.331,0.337,0.096,0.103
0.096,0.091,0.096,0.103,0.084,0.331,0.337,0.096,0.103,0.081
0.091,0.096,0.103,0.084,0.331,0.337,0.096,0.103,0.081,0.213
0.096,0.103,0.084,0.331,0.337,0.096,0.103,0.081,0.213,0.132
0.103,0.084,0.331,0.337,0.096,0.103,0.081,0.213,0.132,0.122
0.084,0.331,0.337,0.096,0.103,0.081,0.213,0.132,0.122,0.107
0.331,0.337,0.096,0.103,0.081,0.213,0.132,0.122,0.107,0.122
0.337,0.096,0.103,0.081,0.213,0.132,0.122,0.107,0.122,0.235
0.096,0.103,0.081,0.213,0.132,0.122,0.107,0.122,0.235,0.164
0.103,0.081,0.213,0.132,0.122,0.107,0.122,0.235,0.164,0.101
0.081,0.213,0.132,0.122,0.107,0.122,0.235,0.164,0.101,0.103
0.213,0.132,0.122,0.107,0.122,0.235,0.164,0.101,0.103,0.1
0.132,0.122,0.107,0.122,0.235,0.164,0.101,0.103,0.1,0.097
0.122,0.107,0.122,0.235,0.164,0.101,0.103,0.1,0.097,0.092
0.107,0.122,0.235,0.164,0.101,0.103,0.1,0.097,0.092,0.127
0.122,0.235,0.164,0.101,0.103,0.1,0.097,0.092,0.127,0.213
0.235,0.164,0.101,0.103,0.1,0.097,0.092,0.127,0.213,0.092
0.164,0.101,0.103,0.1,0.097,0.092,0.127,0.213,0.092,0.079
0.101,0.103,0.1,0.097,0.092,0.127,0.213,0.092,0.079,0.079
0.103,0.1,0.097,0.092,0.127,0.213,0.092,0.079,0.079,0.079
0.1,0.097,0.092,0.127,0.213,0.092,0.079,0.079,0.079,0.079
0.097,0.092,0.127,0.213,0.092,0.079,0.079,0.079,0.079,0.08
0.092,0.127,0.213,0.092,0.079,0.079,0.079,0.079,0.08,0.211
0.127,0.213,0.092,0.079,0.079,0.079,0.079,0.08,0.211,0.084
0.213,0.092,0.079,0.079,0.079,0.079,0.08,0.211,0.084,0.08
0.092,0.079,0.079,0.079,0.079,0.08,0.211,0.084,0.08,0.08
0.079,0.079,0.079,0.079,0.08,0.211,0.084,0.08,0.08,0.08
0.079,0.079,0.079,0.08,0.211,0.084,0.08,0.08,0.08,0.094
0.079,0.079,0.08,0.211,0.084,0.08,0.08,0.08,0.094,0.08
0.079,0.08,0.211,0.084,0.08,0.08,0.08,0.094,0.08,0.065
0.08,0.211,0.084,0.08,0.08,0.08,0.094,0.08,0.065,0.07
0.211,0.084,0.08,0.08,0.08,0.094,0.08,0.065,0.07,0.086
0.084,0.08,0.08,0.08,0.094,0.08,0.065,0.07,0.086,0.08
0.08,0.08,0.08,0.094,0.08,0.065,0.07,0.086,0.08,0.079
0.08,0.08,0.094,0.08,0.065,0.07,0.086,0.08,0.079,0.077
0.08,0.094,0.08,0.065,0.07,0.086,0.08,0.079,0.077,0.077
0.094,0.08,0.065,0.07,0.086,0.08,0.079,0.077,0.077,0.078
0.08,0.065,0.07,0.086,0.08,0.079,0.077,0.077,0.078,0.073
0.065,0.07,0.086,0.08,0.079,0.077,0.077,0.078,0.073,0.08
0.07,0.086,0.08,0.079,0.077,0.077,0.078,0.073,0.08,0.084
0.086,0.08,0.079,0.077,0.077,0.078,0.073,0.08,0.084,0.103
0.08,0.079,0.077,0.077,0.078,0.073,0.08,0.084,0.103,0.081
0.079,0.077,0.077,0.078,0.073,0.08,0.084,0.103,0.081,0.191
0.077,0.077,0.078,0.073,0.08,0.084,0.103,0.081,0.191,0.095
0.077,0.078,0.073,0.08,0.084,0.103,0.081,0.191,0.095,0.084
0.078,0.073,0.08,0.084,0.103,0.081,0.191,0.095,0.084,0.09
0.073,0.08,0.084,0.103,0.081,0.191,0.095,0.084,0.09,0.089
0.08,0.084,0.103,0.081,0.191,0.095,0.084,0.09,0.089,0.12
0.084,0.103,0.081,0.191,0.095,0.084,0.09,0.089,0.12,0.077
0.103,0.081,0.191,0.095,0.084,0.09,0.089,0.12,0.077,0.111
0.081,0.191,0.095,0.084,0.09,0.089,0.12,0.077,0.111,0.222
0.191,0.095,0.084,0.09,0.089,0.12,0.077,0.111,0.222,0.197
0.095,0.084,0.09,0.089,0.12,0.077,0.111,0.222,0.197,0.315
0.084,0.09,0.089,0.12,0.077,0.111,0.222,0.197,0.315,0.22
0.09,0.089,0.12,0.077,0.111,0.222,0.197,0.315,0.22,0.339
0.089,0.12,0.077,0.111,0.222,0.197,0.315,0.22,0.339,0.335
0.12,0.077,0.111,0.222,0.197,0.315,0.22,0.339,0.335,0.244
0.077,0.111,0.222,0.197,0.315,0.22,0.339,0.335,0.244,0.139
0.111,0.222,0.197,0.315,0.22,0.339,0.335,0.244,0.139,0.153
0.222,0.197,0.315,0.22,0.339,0.335,0.244,0.139,0.153,0.157
0.197,0.315,0.22,0.339,0.335,0.244,0.139,0.153,0.157,0.104
0.315,0.22,0.339,0.335,0.244,0.139,0.153,0.157,0.104,0.083
0.22,0.339,0.335,0.244,0.139,0.153,0.157,0.104,0.083,0.115
0.339,0.335,0.244,0.139,0.153,0.157,0.104,0.083,0.115,0.115
0.335,0.244,0.139,0.153,0.157,0.104,0.083,0.115,0.115,0.118
0.244,0.139,0.153,0.157,0.104,0.083,0.115,0.115,0.118,0.223
0.139,0.153,0.157,0.104,0.083,0.115,0.115,0.118,0.223,0.088
0.153,0.157,0.104,0.083,0.115,0.115,0.118,0.223,0.088,0.073
0.157,0.104,0.083,0.115,0.115,0.118,0.223,0.088,0.073,0.101
0.104,0.083,0.115,0.115,0.118,0.223,0.088,0.073,0.101,0.085
0.083,0.115,0.115,0.118,0.223,0.088,0.073,0.101,0.085,0.096
0.115,0.115,0.118,0.223,0.088,0.073,0.101,0.085,0.096,0.133
0.115,0.118,0.223,0.088,0.073,0.101,0.085,0.096,0.133,0.129
0.118,0.223,0.088,0.073,0.101,0.085,0.096,0.133,0.129,0.117
0.223,0.088,0.073,0.101,0.085,0.096,0.133,0.129,0.117,0.12
0.088,0.073,0.101,0.085,0.096,0.133,0.129,0.117,0.12,0.13
0.073,0.101,0.085,0.096,0.133,0.129,0.117,0.12,0.13,0.131
0.101,0.085,0.096,0.133,0.129,0.117,0.12,0.13,0.131,0.092
0.085,0.096,0.133,0.129,0.117,0.12,0.13,0.131,0.092,0.104
0.096,0.133,0.129,0.117,0.12,0.13,0.131,0.092,0.104,0.201
0.133,0.129,0.117,0.12,0.13,0.131,0.092,0.104,0.201,0.128
0.129,0.117,0.12,0.13,0.131,0.092,0.104,0.201,0.128,0.127
0.117,0.12,0.13,0.131,0.092,0.104,0.201,0.128,0.127,0.138
0.12,0.13,0.131,0.092,0.104,0.201,0.128,0.127,0.138,0.13
0.13,0.131,0.092,0.104,0.201,0.128,0.127,0.138,0.13,0.135
0.131,0.092,0.104,0.201,0.128,0.127,0.138,0.13,0.135,0.234
0.092,0.104,0.201,0.128,0.127,0.138,0.13,0.135,0.234,0.372
0.104,0.201,0.128,0.127,0.138,0.13,0.135,0.234,0.372,0.254
0.201,0.128,0.127,0.138,0.13,0.135,0.234,0.372,0.254,0.242
0.128,0.127,0.138,0.13,0.135,0.234,0.372,0.254,0.242,0.091
0.127,0.138,0.13,0.135,0.234,0.372,0.254,0.242,0.091,0.088
0.138,0.13,0.135,0.234,0.372,0.254,0.242,0.091,0.088,0.094
0.13,0.135,0.234,0.372,0.254,0.242,0.091,0.088,0.094,0.116
0.135,0.234,0.372,0.254,0.242,0.091,0.088,0.094,0.116,0.226
0.234,0.372,0.254,0.242,0.091,0.088,0.094,0.116,0.226,0.121
0.372,0.254,0.242,0.091,0.088,0.094,0.116,0.226,0.121,0.111
0.254,0.242,0.091,0.088,0.094,0.116,0.226,0.121,0.111,0.142
0.242,0.091,0.088,0.094,0.116,0.226,0.121,0.111,0.142,0.142
0.091,0.088,0.094,0.116,0.226,0.121,0.111,0.142,0.142,0.157
0.088,0.094,0.116,0.226,0.121,0.111,0.142,0.142,0.157,0.157
0.094,0.116,0.226,0.121,0.111,0.142,0.142,0.157,0.157,0.134
0.116,0.226,0.121,0.111,0.142,0.142,0.157,0.157,0.134,0.134
0.226,0.121,0.111,0.142,0.142,0.157,0.157,0.134,0.134,0.134
0.121,0.111,0.142,0.142,0.157,0.157,0.134,0.134,0.134,0.129
0.111,0.142,0.142,0.157,0.157,0.134,0.134,0.134,0.129,0.129
0.142,0.142,0.157,0.157,0.134,0.134,0.134,0.129,0.129,0.129
0.142,0.157,0.157,0.134,0.134,0.134,0.129,0.129,0.129,0.192
0.157,0.157,0.134,0.134,0.134,0.129,0.129,0.129,0.192,0.193
0.157,0.134,0.134,0.134,0.129,0.129,0.129,0.192,0.193,0.107
0.134,0.134,0.134,0.129,0.129,0.129,0.192,0.193,0.107,0.204
0.134,0.134,0.129,0.129,0.129,0.192,0.193,0.107,0.204,0.114
0.134,0.129,0.129,0.129,0.192,0.193,0.107,0.204,0.114,0.427
0.129,0.129,0.129,0.192,0.193,0.107,0.204,0.114,0.427,0.997
0.129,0.129,0.192,0.193,0.107,0.204,0.114,0.427,0.997,1.12
0.129,0.192,0.193,0.107,0.204,0.114,0.427,0.997,1.12,0.871
0.192,0.193,0.107,0.204,0.114,0.427,0.997,1.12,0.871,0.66
0.193,0.107,0.204,0.114,0.427,0.997,1.12,0.871,0.66,0.582
0.107,0.204,0.114,0.427,0.997,1.12,0.871,0.66,0.582,0.305
0.204,0.114,0.427,0.997,1.12,0.871,0.66,0.582,0.305,0.321
0.114,0.427,0.997,1.12,0.871,0.66,0.582,0.305,0.321,0.335
0.427,0.997,1.12,0.871,0.66,0.582,0.305,0.321,0.335,0.456
0.997,1.12,0.871,0.66,0.582,0.305,0.321,0.335,0.456,0.426
1.12,0.871,0.66,0.582,0.305,0.321,0.335,0.456,0.426,0.431
0.871,0.66,0.582,0.305,0.321,0.335,0.456,0.426,0.431,0.427
0.66,0.582,0.305,0.321,0.335,0.456,0.426,0.431,0.427,0.333
0.582,0.305,0.321,0.335,0.456,0.426,0.431,0.427,0.333,0.7
0.305,0.321,0.335,0.456,0.426,0.431,0.427,0.333,0.7,0.884
0.321,0.335,0.456,0.426,0.431,0.427,0.333,0.7,0.884,0.924
0.335,0.456,0.426,0.431,0.427,0.333,0.7,0.884,0.924,0.64
0.456,0.426,0.431,0.427,0.333,0.7,0.884,0.924,0.64,0.75
0.426,0.431,0.427,0.333,0.7,0.884,0.924,0.64,0.75,0.657
0.431,0.427,0.333,0.7,0.884,0.924,0.64,0.75,0.657,0.541
0.427,0.333,0.7,0.884,0.924,0.64,0.75,0.657,0.541,0.661
0.333,0.7,0.884,0.924,0.64,0.75,0.657,0.541,0.661,0.701
0.7,0.884,0.924,0.64,0.75,0.657,0.541,0.661,0.701,0.663
0.884,0.924,0.64,0.75,0.657,0.541,0.661,0.701,0.663,0.781
0.924,0.64,0.75,0.657,0.541,0.661,0.701,0.663,0.781,0.774
0.64,0.75,0.657,0.541,0.661,0.701,0.663,0.781,0.774,0.682
0.75,0.657,0.541,0.661,0.701,0.663,0.781,0.774,0.682,0.574
0.657,0.541,0.661,0.701,0.663,0.781,0.774,0.682,0.574,0.751
0.541,0.661,0.701,0.663,0.781,0.774,0.682,0.574,0.751,0.679
0.661,0.701,0.663,0.781,0.774,0.682,0.574,0.751,0.679,0.715
0.701,0.663,0.781,0.774,0.682,0.574,0.751,0.679,0.715,0.517
0.663,0.781,0.774,0.682,0.574,0.751,0.679,0.715,0.517,0.536
0.781,0.774,0.682,0.574,0.751,0.679,0.715,0.517,0.536,0.541
0.774,0.682,0.574,0.751,0.679,0.715,0.517,0.536,0.541,0.628
0.682,0.574,0.751,0.679,0.715,0.517,0.536,0.541,0.628,0.519
0.574,0.751,0.679,0.715,0.517,0.536,0.541,0.628,0.519,0.6
0.751,0.679,0.715,0.517,0.536,0.541,0.628,0.519,0.6,0.6
0.679,0.715,0.517,0.536,0.541,0.628,0.519,0.6,0.6,0.542
0.715,0.517,0.536,0.541,0.628,0.519,0.6,0.6,0.542,0.578
0.517,0.536,0.541,0.628,0.519,0.6,0.6,0.542,0.578,0.649
0.536,0.541,0.628,0.519,0.6,0.6,0.542,0.578,0.649,0.529
0.541,0.628,0.519,0.6,0.6,0.542,0.578,0.649,0.529,0.558
0.628,0.519,0.6,0.6,0.542,0.578,0.649,0.529,0.558,0.385
0.519,0.6,0.6,0.542,0.578,0.649,0.529,0.558,0.385,0.44
0.6,0.6,0.542,0.578,0.649,0.529,0.558,0.385,0.44,0.585
0.6,0.542,0.578,0.649,0.529,0.558,0.385,0.44,0.585,0.279
0.542,0.578,0.649,0.529,0.558,0.385,0.44,0.585,0.279,0.199
0.578,0.649,0.529,0.558,0.385,0.44,0.585,0.279,0.199,0.257
0.649,0.529,0.558,0.385,0.44,0.585,0.279,0.199,0.257,0.321
0.529,0.558,0.385,0.44,0.585,0.279,0.199,0.257,0.321,0.437
0.558,0.385,0.44,0.585,0.279,0.199,0.257,0.321,0.437,0.464
0.385,0.44,0.585,0.279,0.199,0.257,0.321,0.437,0.464,0.231
0.44,0.585,0.279,0.199,0.257,0.321,0.437,0.464,0.231,0.289
0.585,0.279,0.199,0.257,0.321,0.437,0.464,0.231,0.289,0.328
0.279,0.199,0.257,0.321,0.437,0.464,0.231,0.289,0.328,0.33
0.199,0.257,0.321,0.437,0.464,0.231,0.289,0.328,0.33,0.321
0.257,0.321,0.437,0.464,0.231,0.289,0.328,0.33,0.321,0.316
0.321,0.437,0.464,0.231,0.289,0.328,0.33,0.321,0.316,0.317
0.437,0.464,0.231,0.289,0.328,0.33,0.321,0.316,0.317,0.299
0.464,0.231,0.289,0.328,0.33,0.321,0.316,0.317,0.299,0.289
0.231,0.289,0.328,0.33,0.321,0.316,0.317,0.299,0.289,0.291
0.289,0.328,0.33,0.321,0.316,0.317,0.299,0.289,0.291,0.292
0.328,0.33,0.321,0.316,0.317,0.299,0.289,0.291,0.292,0.298
0.33,0.321,0.316,0.317,0.299,0.289,0.291,0.292,0.298,0.299
0.321,0.316,0.317,0.299,0.289,0.291,0.292,0.298,0.299,0.67
0.316,0.317,0.299,0.289,0.291,0.292,0.298,0.299,0.67,0.67
0.317,0.299,0.289,0.291,0.292,0.298,0.299,0.67,0.67,0.783
0.299,0.289,0.291,0.292,0.298,0.299,0.67,0.67,0.783,0.775
0.289,0.291,0.292,0.298,0.299,0.67,0.67,0.783,0.775,0.9
0.291,0.292,0.298,0.299,0.67,0.67,0.783,0.775,0.9,0.655
0.292,0.298,0.299,0.67,0.67,0.783,0.775,0.9,0.655,0.576
0.298,0.299,0.67,0.67,0.783,0.775,0.9,0.655,0.576,0.765
0.299,0.67,0.67,0.783,0.775,0.9,0.655,0.576,0.765,0.536
0.67,0.67,0.783,0.775,0.9,0.655,0.576,0.765,0.536,0.654
0.67,0.783,0.775,0.9,0.655,0.576,0.765,0.536,0.654,0.665
0.783,0.775,0.9,0.655,0.576,0.765,0.536,0.654,0.665,0.547
0.775,0.9,0.655,0.576,0.765,0.536,0.654,0.665,0.547,0.568
0.9,0.655,0.576,0.765,0.536,0.654,0.665,0.547,0.568,0.625
0.655,0.576,0.765,0.536,0.654,0.665,0.547,0.568,0.625,0.53
0.576,0.765,0.536,0.654,0.665,0.547,0.568,0.625,0.53,0.533
0.765,0.536,0.654,0.665,0.547,0.568,0.625,0.53,0.533,0.55
0.536,0.654,0.665,0.547,0.568,0.625,0.53,0.533,0.55,0.553
0.654,0.665,0.547,0.568,0.625,0.53,0.533,0.55,0.553,0.553
0.665,0.547,0.568,0.625,0.53,0.533,0.55,0.553,0.553,0.536
0.547,0.568,0.625,0.53,0.533,0.55,0.553,0.553,0.536,0.65
0.568,0.625,0.53,0.533,0.55,0.553,0.553,0.536,0.65,1.055
0.625,0.53,0.533,0.55,0.553,0.553,0.536,0.65,1.055,0.879
0.53,0.533,0.55,0.553,0.553,0.536,0.65,1.055,0.879,0.799
0.533,0.55,0.553,0.553,0.536,0.65,1.055,0.879,0.799,0.8
0.55,0.553,0.553,0.536,0.65,1.055,0.879,0.799,0.8,0.783
0.553,0.553,0.536,0.65,1.055,0.879,0.799,0.8,0.783,0.673
0.553,0.536,0.65,1.055,0.879,0.799,0.8,0.783,0.673,0.655
0.536,0.65,1.055,0.879,0.799,0.8,0.783,0.673,0.655,0.802
0.65,1.055,0.879,0.799,0.8,0.783,0.673,0.655,0.802,0.89
1.055,0.879,0.799,0.8,0.783,0.673,0.655,0.802,0.89,0.957
0.879,0.799,0.8,0.783,0.673,0.655,0.802,0.89,0.957,1.868
0.799,0.8,0.783,0.673,0.655,0.802,0.89,0.957,1.868,2.041
0.8,0.783,0.673,0.655,0.802,0.89,0.957,1.868,2.041,1.905
0.783,0.673,0.655,0.802,0.89,0.957,1.868,2.041,1.905,1.706
0.673,0.655,0.802,0.89,0.957,1.868,2.041,1.905,1.706,1.776
0.655,0.802,0.89,0.957,1.868,2.041,1.905,1.706,1.776,1.553
0.802,0.89,0.957,1.868,2.041,1.905,1.706,1.776,1.553,1.323
0.89,0.957,1.868,2.041,1.905,1.706,1.776,1.553,1.323,1.409
0.957,1.868,2.041,1.905,1.706,1.776,1.553,1.323,1.409,1.189
1.868,2.041,1.905,1.706,1.776,1.553,1.323,1.409,1.189,1.062
2.041,1.905,1.706,1.776,1.553,1.323,1.409,1.189,1.062,1.078
1.905,1.706,1.776,1.553,1.323,1.409,1.189,1.062,1.078,1.057
1.706,1.776,1.553,1.323,1.409,1.189,1.062,1.078,1.057,1.053
1.776,1.553,1.323,1.409,1.189,1.062,1.078,1.057,1.053,0.953
1.553,1.323,1.409,1.189,1.062,1.078,1.057,1.053,0.953,0.71
1.323,1.409,1.189,1.062,1.078,1.057,1.053,0.953,0.71,1.056
1.409,1.189,1.062,1.078,1.057,1.053,0.953,0.71,1.056,0.812
1.189,1.062,1.078,1.057,1.053,0.953,0.71,1.056,0.812,0.972
1.062,1.078,1.057,1.053,0.953,0.71,1.056,0.812,0.972,0.83
1.078,1.057,1.053,0.953,0.71,1.056,0.812,0.972,0.83,0.704
1.057,1.053,0.953,0.71,1.056,0.812,0.972,0.83,0.704,0.767
1.053,0.953,0.71,1.056,0.812,0.972,0.83,0.704,0.767,0.796
0.953,0.71,1.056,0.812,0.972,0.83,0.704,0.767,0.796,0.659
0.71,1.056,0.812,0.972,0.83,0.704,0.767,0.796,0.659,0.43
1.056,0.812,0.972,0.83,0.704,0.767,0.796,0.659,0.43,0.778
0.812,0.972,0.83,0.704,0.767,0.796,0.659,0.43,0.778,0.69
0.972,0.83,0.704,0.767,0.796,0.659,0.43,0.778,0.69,0.847
0.83,0.704,0.767,0.796,0.659,0.43,0.778,0.69,0.847,0.533
0.704,0.767,0.796,0.659,0.43,0.778,0.69,0.847,0.533,0.755
0.767,0.796,0.659,0.43,0.778,0.69,0.847,0.533,0.755,0.414
0.796,0.659,0.43,0.778,0.69,0.847,0.533,0.755,0.414,0.606
0.659,0.43,0.778,0.69,0.847,0.533,0.755,0.414,0.606,0.538
0.43,0.778,0.69,0.847,0.533,0.755,0.414,0.606,0.538,0.398
0.778,0.69,0.847,0.533,0.755,0.414,0.606,0.538,0.398,0.421
0.69,0.847,0.533,0.755,0.414,0.606,0.538,0.398,0.421,0.653
0.847,0.533,0.755,0.414,0.606,0.538,0.398,0.421,0.653,0.412
0.533,0.755,0.414,0.606,0.538,0.398,0.421,0.653,0.412,0.547
0.755,0.414,0.606,0.538,0.398,0.421,0.653,0.412,0.547,0.417
0.414,0.606,0.538,0.398,0.421,0.653,0.412,0.547,0.417,0.401
0.606,0.538,0.398,0.421,0.653,0.412,0.547,0.417,0.401,0.382
0.538,0.398,0.421,0.653,0.412,0.547,0.417,0.401,0.382,0.369
0.398,0.421,0.653,0.412,0.547,0.417,0.401,0.382,0.369,0.368
0.421,0.653,0.412,0.547,0.417,0.401,0.382,0.369,0.368,0.376
0.653,0.412,0.547,0.417,0.401,0.382,0.369,0.368,0.376,0.367
0.412,0.547,0.417,0.401,0.382,0.369,0.368,0.376,0.367,0.374
0.547,0.417,0.401,0.382,0.369,0.368,0.376,0.367,0.374,0.373
0.417,0.401,0.382,0.369,0.368,0.376,0.367,0.374,0.373,0.385
0.401,0.382,0.369,0.368,0.376,0.367,0.374,0.373,0.385,0.505
0.382,0.369,0.368,0.376,0.367,0.374,0.373,0.385,0.505,0.508
0.369,0.368,0.376,0.367,0.374,0.373,0.385,0.505,0.508,0.4
0.368,0.376,0.367,0.374,0.373,0.385,0.505,0.508,0.4,0.472
0.376,0.367,0.374,0.373,0.385,0.505,0.508,0.4,0.472,0.391
0.367,0.374,0.373,0.385,0.505,0.508,0.4,0.472,0.391,0.376
0.374,0.373,0.385,0.505,0.508,0.4,0.472,0.391,0.376,0.278
0.373,0.385,0.505,0.508,0.4,0.472,0.391,0.376,0.278,0.465
0.385,0.505,0.508,0.4,0.472,0.391,0.376,0.278,0.465,0.376
0.505,0.508,0.4,0.472,0.391,0.376,0.278,0.465,0.376,0.371
0.508,0.4,0.472,0.391,0.376,0.278,0.465,0.376,0.371,0.259
0.4,0.472,0.391,0.376,0.278,0.465,0.376,0.371,0.259,0.268
0.472,0.391,0.376,0.278,0.465,0.376,0.371,0.259,0.268,0.151
0.391,0.376,0.278,0.465,0.376,0.371,0.259,0.268,0.151,0.151
0.376,0.278,0.465,0.376,0.371,0.259,0.268,0.151,0.151,0.151
0.278,0.465,0.376,0.371,0.259,0.268,0.151,0.151,0.151,0.151
0.465,0.376,0.371,0.259,0.268,0.151,0.151,0.151,0.151,0.151
0.376,0.371,0.259,0.268,0.151,0.151,0.151,0.151,0.151,0.151
0.371,0.259,0.268,0.151,0.151,0.151,0.151,0.151,0.151,0.151
0.259,0.268,0.151,0.151,0.151,0.151,0.151,0.151,0.151,0.203
0.268,0.151,0.151,0.151,0.151,0.151,0.151,0.151,0.203,0.153
0.151,0.151,0.151,0.151,0.151,0.151,0.151,0.203,0.153,0.173
0.151,0.151,0.151,0.151,0.151,0.151,0.203,0.153,0.173,0.166
0.151,0.151,0.151,0.151,0.151,0.203,0.153,0.173,0.166,0.17
0.151,0.151,0.151,0.151,0.203,0.153,0.173,0.166,0.17,0.174
0.151,0.151,0.151,0.203,0.153,0.173,0.166,0.17,0.174,0.175
0.151,0.151,0.203,0.153,0.173,0.166,0.17,0.174,0.175,0.1
0.151,0.203,0.153,0.173,0.166,0.17,0.174,0.175,0.1,0.295
0.203,0.153,0.173,0.166,0.17,0.174,0.175,0.1,0.295,0.406
0.153,0.173,0.166,0.17,0.174,0.175,0.1,0.295,0.406,0.409
0.173,0.166,0.17,0.174,0.175,0.1,0.295,0.406,0.409,0.112
0.166,0.17,0.174,0.175,0.1,0.295,0.406,0.409,0.112,0.323
0.17,0.174,0.175,0.1,0.295,0.406,0.409,0.112,0.323,0.178
0.174,0.175,0.1,0.295,0.406,0.409,0.112,0.323,0.178,0.216
0.175,0.1,0.295,0.406,0.409,0.112,0.323,0.178,0.216,0.213
0.1,0.295,0.406,0.409,0.112,0.323,0.178,0.216,0.213,0.067
0.295,0.406,0.409,0.112,0.323,0.178,0.216,0.213,0.067,0.078
0.406,0.409,0.112,0.323,0.178,0.216,0.213,0.067,0.078,0.229
0.409,0.112,0.323,0.178,0.216,0.213,0.067,0.078,0.229,0.099
0.112,0.323,0.178,0.216,0.213,0.067,0.078,0.229,0.099,0.215
0.323,0.178,0.216,0.213,0.067,0.078,0.229,0.099,0.215,0.175
0.178,0.216,0.213,0.067,0.078,0.229,0.099,0.215,0.175,0.489
0.216,0.213,0.067,0.078,0.229,0.099,0.215,0.175,0.489,0.293
0.213,0.067,0.078,0.229,0.099,0.215,0.175,0.489,0.293,0.488
0.067,0.078,0.229,0.099,0.215,0.175,0.489,0.293,0.488,0.316
0.078,0.229,0.099,0.215,0.175,0.489,0.293,0.488,0.316,0.324
0.229,0.099,0.215,0.175,0.489,0.293,0.488,0.316,0.324,0.332
0.099,0.215,0.175,0.489,0.293,0.488,0.316,0.324,0.332,0.226
0.215,0.175,0.489,0.293,0.488,0.316,0.324,0.332,0.226,0.33
0.175,0.489,0.293,0.488,0.316,0.324,0.332,0.226,0.33,0.305
0.489,0.293,0.488,0.316,0.324,0.332,0.226,0.33,0.305,0.329
0.293,0.488,0.316,0.324,0.332,0.226,0.33,0.305,0.329,0.213
0.488,0.316,0.324,0.332,0.226,0.33,0.305,0.329,0.213,0.088
0.316,0.324,0.332,0.226,0.33,0.305,0.329,0.213,0.088,0.303
0.324,0.332,0.226,0.33,0.305,0.329,0.213,0.088,0.303,0.18
0.332,0.226,0.33,0.305,0.329,0.213,0.088,0.303,0.18,0.089
0.226,0.33,0.305,0.329,0.213,0.088,0.303,0.18,0.089,0.08
0.33,0.305,0.329,0.213,0.088,0.303,0.18,0.089,0.08,0.08
0.305,0.329,0.213,0.088,0.303,0.18,0.089,0.08,0.08,0.08
0.329,0.213,0.088,0.303,0.18,0.089,0.08,0.08,0.08,0.08
0.213,0.088,0.303,0.18,0.089,0.08,0.08,0.08,0.08,0.08
0.088,0.303,0.18,0.089,0.08,0.08,0.08,0.08,0.08,0.08
0.303,0.18,0.089,0.08,0.08,0.08,0.08,0.08,0.08,0.08
0.18,0.089,0.08,0.08,0.08,0.08,0.08,0.08,0.08,0.178
0.089,0.08,0.08,0.08,0.08,0.08,0.08,0.08,0.178,0.286
0.08,0.08,0.08,0.08,0.08,0.08,0.08,0.178,0.286,0.319
0.08,0.08,0.08,0.08,0.08,0.08,0.178,0.286,0.319,0.223
0.08,0.08,0.08,0.08,0.08,0.178,0.286,0.319,0.223,0.41
0.08,0.08,0.08,0.08,0.178,0.286,0.319,0.223,0.41,0.226
0.08,0.08,0.08,0.178,0.286,0.319,0.223,0.41,0.226,0.404
0.08,0.08,0.178,0.286,0.319,0.223,0.41,0.226,0.404,0.356
0.08,0.178,0.286,0.319,0.223,0.41,0.226,0.404,0.356,0.479
0.178,0.286,0.319,0.223,0.41,0.226,0.404,0.356,0.479,0.574
0.286,0.319,0.223,0.41,0.226,0.404,0.356,0.479,0.574,0.455
0.319,0.223,0.41,0.226,0.404,0.356,0.479,0.574,0.455,0.373
0.223,0.41,0.226,0.404,0.356,0.479,0.574,0.455,0.373,0.32
0.41,0.226,0.404,0.356,0.479,0.574,0.455,0.373,0.32,0.558
0.226,0.404,0.356,0.479,0.574,0.455,0.373,0.32,0.558,0.234
0.404,0.356,0.479,0.574,0.455,0.373,0.32,0.558,0.234,0.485
0.356,0.479,0.574,0.455,0.373,0.32,0.558,0.234,0.485,0.444
0.479,0.574,0.455,0.373,0.32,0.558,0.234,0.485,0.444,0.216
0.574,0.455,0.373,0.32,0.558,0.234,0.485,0.444,0.216,0.326
0.455,0.373,0.32,0.558,0.234,0.485,0.444,0.216,0.326,0.336
0.373,0.32,0.558,0.234,0.485,0.444,0.216,0.326,0.336,0.308
0.32,0.558,0.234,0.485,0.444,0.216,0.326,0.336,0.308,0.33
0.558,0.234,0.485,0.444,0.216,0.326,0.336,0.308,0.33,0.198
0.234,0.485,0.444,0.216,0.326,0.336,0.308,0.33,0.198,0.23
0.485,0.444,0.216,0.326,0.336,0.308,0.33,0.198,0.23,0.441
0.444,0.216,0.326,0.336,0.308,0.33,0.198,0.23,0.441,0.23
0.216,0.326,0.336,0.308,0.33,0.198,0.23,0.441,0.23,0.435
0.326,0.336,0.308,0.33,0.198,0.23,0.441,0.23,0.435,0.23
0.336,0.308,0.33,0.198,0.23,0.441,0.23,0.435,0.23,0.295
0.308,0.33,0.198,0.23,0.441,0.23,0.435,0.23,0.295,0.231
0.33,0.198,0.23,0.441,0.23,0.435,0.23,0.295,0.231,0.425
0.198,0.23,0.441,0.23,0.435,0.23,0.295,0.231,0.425,0.227
0.23,0.441,0.23,0.435,0.23,0.295,0.231,0.425,0.227,0.41
0.441,0.23,0.435,0.23,0.295,0.231,0.425,0.227,0.41,0.125
0.23,0.435,0.23,0.295,0.231,0.425,0.227,0.41,0.125,0.312
0.435,0.23,0.295,0.231,0.425,0.227,0.41,0.125,0.312,0.245
0.23,0.295,0.231,0.425,0.227,0.41,0.125,0.312,0.245,0.171
0.295,0.231,0.425,0.227,0.41,0.125,0.312,0.245,0.171,0.122
0.231,0.425,0.227,0.41,0.125,0.312,0.245,0.171,0.122,0.253
0.425,0.227,0.41,0.125,0.312,0.245,0.171,0.122,0.253,0.089
0.227,0.41,0.125,0.312,0.245,0.171,0.122,0.253,0.089,0.317
0.41,0.125,0.312,0.245,0.171,0.122,0.253,0.089,0.317,0.082
0.125,0.312,0.245,0.171,0.122,0.253,0.089,0.317,0.082,0.198
0.312,0.245,0.171,0.122,0.253,0.089,0.317,0.082,0.198,0.195
0.245,0.171,0.122,0.253,0.089,0.317,0.082,0.198,0.195,0.176
0.171,0.122,0.253,0.089,0.317,0.082,0.198,0.195,0.176,0.076
0.122,0.253,0.089,0.317,0.082,0.198,0.195,0.176,0.076,0.062
0.253,0.089,0.317,0.082,0.198,0.195,0.176,0.076,0.062,0.065
0.089,0.317,0.082,0.198,0.195,0.176,0.076,0.062,0.065,0.288
0.317,0.082,0.198,0.195,0.176,0.076,0.062,0.065,0.288,0.211
0.082,0.198,0.195,0.176,0.076,0.062,0.065,0.288,0.211,0.229
0.198,0.195,0.176,0.076,0.062,0.065,0.288,0.211,0.229,0.208
0.195,0.176,0.076,0.062,0.065,0.288,0.211,0.229,0.208,0.31
0.176,0.076,0.062,0.065,0.288,0.211,0.229,0.208,0.31,0.1
0.076,0.062,0.065,0.288,0.211,0.229,0.208,0.31,0.1,0.419
0.062,0.065,0.288,0.211,0.229,0.208,0.31,0.1,0.419,0.106
0.065,0.288,0.211,0.229,0.208,0.31,0.1,0.419,0.106,0.445
0.288,0.211,0.229,0.208,0.31,0.1,0.419,0.106,0.445,0.349
0.211,0.229,0.208,0.31,0.1,0.419,0.106,0.445,0.349,0.192
0.229,0.208,0.31,0.1,0.419,0.106,0.445,0.349,0.192,0.091
0.208,0.31,0.1,0.419,0.106,0.445,0.349,0.192,0.091,0.192
0.31,0.1,0.419,0.106,0.445,0.349,0.192,0.091,0.192,0.389
0.1,0.419,0.106,0.445,0.349,0.192,0.091,0.192,0.389,0.501
0.419,0.106,0.445,0.349,0.192,0.091,0.192,0.389,0.501,0.212
0.106,0.445,0.349,0.192,0.091,0.192,0.389,0.501,0.212,0.408
0.445,0.349,0.192,0.091,0.192,0.389,0.501,0.212,0.408,0.294
0.349,0.192,0.091,0.192,0.389,0.501,0.212,0.408,0.294,0.315
0.192,0.091,0.192,0.389,0.501,0.212,0.408,0.294,0.315,0.229
0.091,0.192,0.389,0.501,0.212,0.408,0.294,0.315,0.229,0.435
0.192,0.389,0.501,0.212,0.408,0.294,0.315,0.229,0.435,0.352
0.389,0.501,0.212,0.408,0.294,0.315,0.229,0.435,0.352,0.458
0.501,0.212,0.408,0.294,0.315,0.229,0.435,0.352,0.458,0.441
0.212,0.408,0.294,0.315,0.229,0.435,0.352,0.458,0.441,1.084
0.408,0.294,0.315,0.229,0.435,0.352,0.458,0.441,1.084,2.012
0.294,0.315,0.229,0.435,0.352,0.458,0.441,1.084,2.012,2.353
0.315,0.229,0.435,0.352,0.458,0.441,1.084,2.012,2.353,2.146
0.229,0.435,0.352,0.458,0.441,1.084,2.012,2.353,2.146,1.908
0.435,0.352,0.458,0.441,1.084,2.012,2.353,2.146,1.908,1.609
0.352,0.458,0.441,1.084,2.012,2.353,2.146,1.908,1.609,1.258
0.458,0.441,1.084,2.012,2.353,2.146,1.908,1.609,1.258,1.118
0.441,1.084,2.012,2.353,2.146,1.908,1.609,1.258,1.118,0.965
1.084,2.012,2.353,2.146,1.908,1.609,1.258,1.118,0.965,1.057
2.012,2.353,2.146,1.908,1.609,1.258,1.118,0.965,1.057,0.985
2.353,2.146,1.908,1.609,1.258,1.118,0.965,1.057,0.985,0.715
2.146,1.908,1.609,1.258,1.118,0.965,1.057,0.985,0.715,0.687
1.908,1.609,1.258,1.118,0.965,1.057,0.985,0.715,0.687,0.678
1.609,1.258,1.118,0.965,1.057,0.985,0.715,0.687,0.678,0.788
1.258,1.118,0.965,1.057,0.985,0.715,0.687,0.678,0.788,0.598
1.118,0.965,1.057,0.985,0.715,0.687,0.678,0.788,0.598,0.678
0.965,1.057,0.985,0.715,0.687,0.678,0.788,0.598,0.678,1.07
1.057,0.985,0.715,0.687,0.678,0.788,0.598,0.678,1.07,0.818
0.985,0.715,0.687,0.678,0.788,0.598,0.678,1.07,0.818,0.711
0.715,0.687,0.678,0.788,0.598,0.678,1.07,0.818,0.711,0.683
0.687,0.678,0.788,0.598,0.678,1.07,0.818,0.711,0.683,0.699
0.678,0.788,0.598,0.678,1.07,0.818,0.711,0.683,0.699,0.565
0.788,0.598,0.678,1.07,0.818,0.711,0.683,0.699,0.565,0.963
0.598,0.678,1.07,0.818,0.711,0.683,0.699,0.565,0.963,0.931
0.678,1.07,0.818,0.711,0.683,0.699,0.565,0.963,0.931,0.714
1.07,0.818,0.711,0.683,0.699,0.565,0.963,0.931,0.714,0.818
0.818,0.711,0.683,0.699,0.565,0.963,0.931,0.714,0.818,0.83
0.711,0.683,0.699,0.565,0.963,0.931,0.714,0.818,0.83,0.952
0.683,0.699,0.565,0.963,0.931,0.714,0.818,0.83,0.952,0.947
0.699,0.565,0.963,0.931,0.714,0.818,0.83,0.952,0.947,1.591
0.565,0.963,0.931,0.714,0.818,0.83,0.952,0.947,1.591,1.399
0.963,0.931,0.714,0.818,0.83,0.952,0.947,1.591,1.399,1.281
0.931,0.714,0.818,0.83,0.952,0.947,1.591,1.399,1.281,1.467
0.714,0.818,0.83,0.952,0.947,1.591,1.399,1.281,1.467,1.574
0.818,0.83,0.952,0.947,1.591,1.399,1.281,1.467,1.574,1.234
0.83,0.952,0.947,1.591,1.399,1.281,1.467,1.574,1.234,1.335
0.952,0.947,1.591,1.399,1.281,1.467,1.574,1.234,1.335,1.324
0.947,1.591,1.399,1.281,1.467,1.574,1.234,1.335,1.324,1.231
1.591,1.399,1.281,1.467,1.574,1.234,1.335,1.324,1.231,1.106
1.399,1.281,1.467,1.574,1.234,1.335,1.324,1.231,1.106,1.237
1.281,1.467,1.574,1.234,1.335,1.324,1.231,1.106,1.237,1.171
1.467,1.574,1.234,1.335,1.324,1.231,1.106,1.237,1.171,1.368
1.574,1.234,1.335,1.324,1.231,1.106,1.237,1.171,1.368,2.969
1.234,1.335,1.324,1.231,1.106,1.237,1.171,1.368,2.969,2.804
1.335,1.324,1.231,1.106,1.237,1.171,1.368,2.969,2.804,3.476
1.324,1.231,1.106,1.237,1.171,1.368,2.969,2.804,3.476,3.193
1.231,1.106,1.237,1.171,1.368,2.969,2.804,3.476,3.193,3.194
1.106,1.237,1.171,1.368,2.969,2.804,3.476,3.193,3.194,3.837
1.237,1.171,1.368,2.969,2.804,3.476,3.193,3.194,3.837,3.623
1.171,1.368,2.969,2.804,3.476,3.193,3.194,3.837,3.623,3.733
1.368,2.969,2.804,3.476,3.193,3.194,3.837,3.623,3.733,3.725
2.969,2.804,3.476,3.193,3.194,3.837,3.623,3.733,3.725,3.195
2.804,3.476,3.193,3.194,3.837,3.623,3.733,3.725,3.195,2.213
3.476,3.193,3.194,3.837,3.623,3.733,3.725,3.195,2.213,1.507
3.193,3.194,3.837,3.623,3.733,3.725,3.195,2.213,1.507,1.025
3.194,3.837,3.623,3.733,3.725,3.195,2.213,1.507,1.025,1.968
3.837,3.623,3.733,3.725,3.195,2.213,1.507,1.025,1.968,3.159
3.623,3.733,3.725,3.195,2.213,1.507,1.025,1.968,3.159,2.858
3.733,3.725,3.195,2.213,1.507,1.025,1.968,3.159,2.858,2.968
3.725,3.195,2.213,1.507,1.025,1.968,3.159,2.858,2.968,2.51
3.195,2.213,1.507,1.025,1.968,3.159,2.858,2.968,2.51,2.215
2.213,1.507,1.025,1.968,3.159,2.858,2.968,2.51,2.215,1.431
1.507,1.025,1.968,3.159,2.858,2.968,2.51,2.215,1.431,1.571
1.025,1.968,3.159,2.858,2.968,2.51,2.215,1.431,1.571,1.808
1.968,3.159,2.858,2.968,2.51,2.215,1.431,1.571,1.808,1.342
3.159,2.858,2.968,2.51,2.215,1.431,1.571,1.808,1.342,1.159
2.858,2.968,2.51,2.215,1.431,1.571,1.808,1.342,1.159,1.31
2.968,2.51,2.215,1.431,1.571,1.808,1.342,1.159,1.31,1.109
2.51,2.215,1.431,1.571,1.808,1.342,1.159,1.31,1.109,1.246
2.215,1.431,1.571,1.808,1.342,1.159,1.31,1.109,1.246,1.17
1.431,1.571,1.808,1.342,1.159,1.31,1.109,1.246,1.17,0.951
1.571,1.808,1.342,1.159,1.31,1.109,1.246,1.17,0.951,1.14
1.808,1.342,1.159,1.31,1.109,1.246,1.17,0.951,1.14,0.795
1.342,1.159,1.31,1.109,1.246,1.17,0.951,1.14,0.795,1.221
1.159,1.31,1.109,1.246,1.17,0.951,1.14,0.795,1.221,1.041
1.31,1.109,1.246,1.17,0.951,1.14,0.795,1.221,1.041,0.802
1.109,1.246,1.17,0.951,1.14,0.795,1.221,1.041,0.802,0.756
1.246,1.17,0.951,1.14,0.795,1.221,1.041,0.802,0.756,1.01
1.17,0.951,1.14,0.795,1.221,1.041,0.802,0.756,1.01,0.649
0.951,1.14,0.795,1.221,1.041,0.802,0.756,1.01,0.649,0.898
1.14,0.795,1.221,1.041,0.802,0.756,1.01,0.649,0.898,0.803
0.795,1.221,1.041,0.802,0.756,1.01,0.649,0.898,0.803,0.798
1.221,1.041,0.802,0.756,1.01,0.649,0.898,0.803,0.798,0.774
1.041,0.802,0.756,1.01,0.649,0.898,0.803,0.798,0.774,0.657
0.802,0.756,1.01,0.649,0.898,0.803,0.798,0.774,0.657,0.528
0.756,1.01,0.649,0.898,0.803,0.798,0.774,0.657,0.528,0.783
1.01,0.649,0.898,0.803,0.798,0.774,0.657,0.528,0.783,0.666
0.649,0.898,0.803,0.798,0.774,0.657,0.528,0.783,0.666,0.77
0.898,0.803,0.798,0.774,0.657,0.528,0.783,0.666,0.77,1.044
0.803,0.798,0.774,0.657,0.528,0.783,0.666,0.77,1.044,2.194
0.798,0.774,0.657,0.528,0.783,0.666,0.77,1.044,2.194,2.029
0.774,0.657,0.528,0.783,0.666,0.77,1.044,2.194,2.029,2.844
0.657,0.528,0.783,0.666,0.77,1.044,2.194,2.029,2.844,3.307
0.528,0.783,0.666,0.77,1.044,2.194,2.029,2.844,3.307,2.512
0.783,0.666,0.77,1.044,2.194,2.029,2.844,3.307,2.512,2.59
0.666,0.77,1.044,2.194,2.029,2.844,3.307,2.512,2.59,2.176
0.77,1.044,2.194,2.029,2.844,3.307,2.512,2.59,2.176,1.782
1.044,2.194,2.029,2.844,3.307,2.512,2.59,2.176,1.782,1.777
2.194,2.029,2.844,3.307,2.512,2.59,2.176,1.782,1.777,1.195
2.029,2.844,3.307,2.512,2.59,2.176,1.782,1.777,1.195,1.814
2.844,3.307,2.512,2.59,2.176,1.782,1.777,1.195,1.814,0.832
3.307,2.512,2.59,2.176,1.782,1.777,1.195,1.814,0.832,1.25
2.512,2.59,2.176,1.782,1.777,1.195,1.814,0.832,1.25,1.402
2.59,2.176,1.782,1.777,1.195,1.814,0.832,1.25,1.402,1.241
2.176,1.782,1.777,1.195,1.814,0.832,1.25,1.402,1.241,1.101
1.782,1.777,1.195,1.814,0.832,1.25,1.402,1.241,1.101,0.95
1.777,1.195,1.814,0.832,1.25,1.402,1.241,1.101,0.95,1.043
1.195,1.814,0.832,1.25,1.402,1.241,1.101,0.95,1.043,1.018
1.814,0.832,1.25,1.402,1.241,1.101,0.95,1.043,1.018,0.818
0.832,1.25,1.402,1.241,1.101,0.95,1.043,1.018,0.818,1.18
1.25,1.402,1.241,1.101,0.95,1.043,1.018,0.818,1.18,1.388
1.402,1.241,1.101,0.95,1.043,1.018,0.818,1.18,1.388,1.047
1.241,1.101,0.95,1.043,1.018,0.818,1.18,1.388,1.047,1.075
1.101,0.95,1.043,1.018,0.818,1.18,1.388,1.047,1.075,1.196
0.95,1.043,1.018,0.818,1.18,1.388,1.047,1.075,1.196,1.479
1.043,1.018,0.818,1.18,1.388,1.047,1.075,1.196,1.479,1.327
1.018,0.818,1.18,1.388,1.047,1.075,1.196,1.479,1.327,0.936
0.818,1.18,1.388,1.047,1.075,1.196,1.479,1.327,0.936,1.187
1.18,1.388,1.047,1.075,1.196,1.479,1.327,0.936,1.187,1.178
1.388,1.047,1.075,1.196,1.479,1.327,0.936,1.187,1.178,1.296
1.047,1.075,1.196,1.479,1.327,0.936,1.187,1.178,1.296,1.181
1.075,1.196,1.479,1.327,0.936,1.187,1.178,1.296,1.181,1.175
1.196,1.479,1.327,0.936,1.187,1.178,1.296,1.181,1.175,1.159
1.479,1.327,0.936,1.187,1.178,1.296,1.181,1.175,1.159,1.006
1.327,0.936,1.187,1.178,1.296,1.181,1.175,1.159,1.006,0.652
0.936,1.187,1.178,1.296,1.181,1.175,1.159,1.006,0.652,0.912
1.187,1.178,1.296,1.181,1.175,1.159,1.006,0.652,0.912,0.753
1.178,1.296,1.181,1.175,1.159,1.006,0.652,0.912,0.753,0.753
1.296,1.181,1.175,1.159,1.006,0.652,0.912,0.753,0.753,0.794
1.181,1.175,1.159,1.006,0.652,0.912,0.753,0.753,0.794,0.754
1.175,1.159,1.006,0.652,0.912,0.753,0.753,0.794,0.754,0.657
1.159,1.006,0.652,0.912,0.753,0.753,0.794,0.754,0.657,0.948
1.006,0.652,0.912,0.753,0.753,0.794,0.754,0.657,0.948,1.491
0.652,0.912,0.753,0.753,0.794,0.754,0.657,0.948,1.491,1.281
0.912,0.753,0.753,0.794,0.754,0.657,0.948,1.491,1.281,1.083
0.753,0.753,0.794,0.754,0.657,0.948,1.491,1.281,1.083,1.179
0.753,0.794,0.754,0.657,0.948,1.491,1.281,1.083,1.179,1.015
0.794,0.754,0.657,0.948,1.491,1.281,1.083,1.179,1.015,0.903
0.754,0.657,0.948,1.491,1.281,1.083,1.179,1.015,0.903,0.952
0.657,0.948,1.491,1.281,1.083,1.179,1.015,0.903,0.952,1.044
0.948,1.491,1.281,1.083,1.179,1.015,0.903,0.952,1.044,1.045
1.491,1.281,1.083,1.179,1.015,0.903,0.952,1.044,1.045,1.899
1.281,1.083,1.179,1.015,0.903,0.952,1.044,1.045,1.899,2.286
1.083,1.179,1.015,0.903,0.952,1.044,1.045,1.899,2.286,1.445
1.179,1.015,0.903,0.952,1.044,1.045,1.899,2.286,1.445,1.548
1.015,0.903,0.952,1.044,1.045,1.899,2.286,1.445,1.548,1.808
0.903,0.952,1.044,1.045,1.899,2.286,1.445,1.548,1.808,1.562
0.952,1.044,1.045,1.899,2.286,1.445,1.548,1.808,1.562,1.153
1.044,1.045,1.899,2.286,1.445,1.548,1.808,1.562,1.153,1.307
1.045,1.899,2.286,1.445,1.548,1.808,1.562,1.153,1.307,1.428
1.899,2.286,1.445,1.548,1.808,1.562,1.153,1.307,1.428,1.276
2.286,1.445,1.548,1.808,1.562,1.153,1.307,1.428,1.276,1.313
1.445,1.548,1.808,1.562,1.153,1.307,1.428,1.276,1.313,0.913
1.548,1.808,1.562,1.153,1.307,1.428,1.276,1.313,0.913,1.071
1.808,1.562,1.153,1.307,1.428,1.276,1.313,0.913,1.071,1.116
1.562,1.153,1.307,1.428,1.276,1.313,0.913,1.071,1.116,1.038
1.153,1.307,1.428,1.276,1.313,0.913,1.071,1.116,1.038,3.079
1.307,1.428,1.276,1.313,0.913,1.071,1.116,1.038,3.079,2.816
1.428,1.276,1.313,0.913,1.071,1.116,1.038,3.079,2.816,2.137
1.276,1.313,0.913,1.071,1.116,1.038,3.079,2.816,2.137,2.419
1.313,0.913,1.071,1.116,1.038,3.079,2.816,2.137,2.419,2.149
0.913,1.071,1.116,1.038,3.079,2.816,2.137,2.419,2.149,2.116
1.071,1.116,1.038,3.079,2.816,2.137,2.419,2.149,2.116,1.908
1.116,1.038,3.079,2.816,2.137,2.419,2.149,2.116,1.908,1.892
1.038,3.079,2.816,2.137,2.419,2.149,2.116,1.908,1.892,1.883
3.079,2.816,2.137,2.419,2.149,2.116,1.908,1.892,1.883,1.734
2.816,2.137,2.419,2.149,2.116,1.908,1.892,1.883,1.734,1.625
2.137,2.419,2.149,2.116,1.908,1.892,1.883,1.734,1.625,4.403
2.419,2.149,2.116,1.908,1.892,1.883,1.734,1.625,4.403,7.324
2.149,2.116,1.908,1.892,1.883,1.734,1.625,4.403,7.324,7.309
2.116,1.908,1.892,1.883,1.734,1.625,4.403,7.324,7.309,7.525
1.908,1.892,1.883,1.734,1.625,4.403,7.324,7.309,7.525,5.986
1.892,1.883,1.734,1.625,4.403,7.324,7.309,7.525,5.986,4.876
1.883,1.734,1.625,4.403,7.324,7.309,7.525,5.986,4.876,4.167
1.734,1.625,4.403,7.324,7.309,7.525,5.986,4.876,4.167,3.946
1.625,4.403,7.324,7.309,7.525,5.986,4.876,4.167,3.946,4.207
4.403,7.324,7.309,7.525,5.986,4.876,4.167,3.946,4.207,3.591
7.324,7.309,7.525,5.986,4.876,4.167,3.946,4.207,3.591,3.424
7.309,7.525,5.986,4.876,4.167,3.946,4.207,3.591,3.424,3.441
7.525,5.986,4.876,4.167,3.946,4.207,3.591,3.424,3.441,3.246
5.986,4.876,4.167,3.946,4.207,3.591,3.424,3.441,3.246,3.149
4.876,4.167,3.946,4.207,3.591,3.424,3.441,3.246,3.149,3.082
4.167,3.946,4.207,3.591,3.424,3.441,3.246,3.149,3.082,2.174
3.946,4.207,3.591,3.424,3.441,3.246,3.149,3.082,2.174,2.397
4.207,3.591,3.424,3.441,3.246,3.149,3.082,2.174,2.397,2.047
3.591,3.424,3.441,3.246,3.149,3.082,2.174,2.397,2.047,1.949
3.424,3.441,3.246,3.149,3.082,2.174,2.397,2.047,1.949,1.805
3.441,3.246,3.149,3.082,2.174,2.397,2.047,1.949,1.805,1.94
3.246,3.149,3.082,2.174,2.397,2.047,1.949,1.805,1.94,1.566
3.149,3.082,2.174,2.397,2.047,1.949,1.805,1.94,1.566,1.508
3.082,2.174,2.397,2.047,1.949,1.805,1.94,1.566,1.508,1.334
2.174,2.397,2.047,1.949,1.805,1.94,1.566,1.508,1.334,1.498
2.397,2.047,1.949,1.805,1.94,1.566,1.508,1.334,1.498,1.345
2.047,1.949,1.805,1.94,1.566,1.508,1.334,1.498,1.345,1.67
1.949,1.805,1.94,1.566,1.508,1.334,1.498,1.345,1.67,1.323
1.805,1.94,1.566,1.508,1.334,1.498,1.345,1.67,1.323,0.916
1.94,1.566,1.508,1.334,1.498,1.345,1.67,1.323,0.916,1.071
1.566,1.508,1.334,1.498,1.345,1.67,1.323,0.916,1.071,1.378
1.508,1.334,1.498,1.345,1.67,1.323,0.916,1.071,1.378,0.859
1.334,1.498,1.345,1.67,1.323,0.916,1.071,1.378,0.859,1.123
1.498,1.345,1.67,1.323,0.916,1.071,1.378,0.859,1.123,1.274
1.345,1.67,1.323,0.916,1.071,1.378,0.859,1.123,1.274,0.995
1.67,1.323,0.916,1.071,1.378,0.859,1.123,1.274,0.995,0.959
1.323,0.916,1.071,1.378,0.859,1.123,1.274,0.995,0.959,1.077
0.916,1.071,1.378,0.859,1.123,1.274,0.995,0.959,1.077,0.843
1.071,1.378,0.859,1.123,1.274,0.995,0.959,1.077,0.843,0.974
1.378,0.859,1.123,1.274,0.995,0.959,1.077,0.843,0.974,0.645
0.859,1.123,1.274,0.995,0.959,1.077,0.843,0.974,0.645,0.914
1.123,1.274,0.995,0.959,1.077,0.843,0.974,0.645,0.914,0.541
1.274,0.995,0.959,1.077,0.843,0.974,0.645,0.914,0.541,0.88
0.995,0.959,1.077,0.843,0.974,0.645,0.914,0.541,0.88,0.651
0.959,1.077,0.843,0.974,0.645,0.914,0.541,0.88,0.651,0.768
1.077,0.843,0.974,0.645,0.914,0.541,0.88,0.651,0.768,0.665
0.843,0.974,0.645,0.914,0.541,0.88,0.651,0.768,0.665,0.873
0.974,0.645,0.914,0.541,0.88,0.651,0.768,0.665,0.873,0.516
0.645,0.914,0.541,0.88,0.651,0.768,0.665,0.873,0.516,0.639
0.914,0.541,0.88,0.651,0.768,0.665,0.873,0.516,0.639,0.576
0.541,0.88,0.651,0.768,0.665,0.873,0.516,0.639,0.576,0.704
0.88,0.651,0.768,0.665,0.873,0.516,0.639,0.576,0.704,0.588
0.651,0.768,0.665,0.873,0.516,0.639,0.576,0.704,0.588,0.721
0.768,0.665,0.873,0.516,0.639,0.576,0.704,0.588,0.721,0.572
0.665,0.873,0.516,0.639,0.576,0.704,0.588,0.721,0.572,0.774
0.873,0.516,0.639,0.576,0.704,0.588,0.721,0.572,0.774,0.48
0.516,0.639,0.576,0.704,0.588,0.721,0.572,0.774,0.48,0.533
0.639,0.576,0.704,0.588,0.721,0.572,0.774,0.48,0.533,0.51
0.576,0.704,0.588,0.721,0.572,0.774,0.48,0.533,0.51,0.571
0.704,0.588,0.721,0.572,0.774,0.48,0.533,0.51,0.571,0.473
0.588,0.721,0.572,0.774,0.48,0.533,0.51,0.571,0.473,0.638
0.721,0.572,0.774,0.48,0.533,0.51,0.571,0.473,0.638,0.526
0.572,0.774,0.48,0.533,0.51,0.571,0.473,0.638,0.526,0.605
0.774,0.48,0.533,0.51,0.571,0.473,0.638,0.526,0.605,0.281
0.48,0.533,0.51,0.571,0.473,0.638,0.526,0.605,0.281,0.613
0.533,0.51,0.571,0.473,0.638,0.526,0.605,0.281,0.613,0.27
0.51,0.571,0.473,0.638,0.526,0.605,0.281,0.613,0.27,0.479
0.571,0.473,0.638,0.526,0.605,0.281,0.613,0.27,0.479,0.559
0.473,0.638,0.526,0.605,0.281,0.613,0.27,0.479,0.559,0.614
0.638,0.526,0.605,0.281,0.613,0.27,0.479,0.559,0.614,0.398
0.526,0.605,0.281,0.613,0.27,0.479,0.559,0.614,0.398,0.441
0.605,0.281,0.613,0.27,0.479,0.559,0.614,0.398,0.441,0.362
0.281,0.613,0.27,0.479,0.559,0.614,0.398,0.441,0.362,0.606
0.613,0.27,0.479,0.559,0.614,0.398,0.441,0.362,0.606,0.452
0.27,0.479,0.559,0.614,0.398,0.441,0.362,0.606,0.452,0.473
0.479,0.559,0.614,0.398,0.441,0.362,0.606,0.452,0.473,0.233
0.559,0.614,0.398,0.441,0.362,0.606,0.452,0.473,0.233,0.458
0.614,0.398,0.441,0.362,0.606,0.452,0.473,0.233,0.458,0.228
0.398,0.441,0.362,0.606,0.452,0.473,0.233,0.458,0.228,0.233
0.441,0.362,0.606,0.452,0.473,0.233,0.458,0.228,0.233,0.473
0.362,0.606,0.452,0.473,0.233,0.458,0.228,0.233,0.473,0.605
0.606,0.452,0.473,0.233,0.458,0.228,0.233,0.473,0.605,0.833
0.452,0.473,0.233,0.458,0.228,0.233,0.473,0.605,0.833,0.231
0.473,0.233,0.458,0.228,0.233,0.473,0.605,0.833,0.231,0.455
0.233,0.458,0.228,0.233,0.473,0.605,0.833,0.231,0.455,0.348
0.458,0.228,0.233,0.473,0.605,0.833,0.231,0.455,0.348,0.234
0.228,0.233,0.473,0.605,0.833,0.231,0.455,0.348,0.234,0.283
0.233,0.473,0.605,0.833,0.231,0.455,0.348,0.234,0.283,0.286
0.473,0.605,0.833,0.231,0.455,0.348,0.234,0.283,0.286,0.286
0.605,0.833,0.231,0.455,0.348,0.234,0.283,0.286,0.286,0.286
0.833,0.231,0.455,0.348,0.234,0.283,0.286,0.286,0.286,0.286
0.231,0.455,0.348,0.234,0.283,0.286,0.286,0.286,0.286,0.286
0.455,0.348,0.234,0.283,0.286,0.286,0.286,0.286,0.286,0.772
0.348,0.234,0.283,0.286,0.286,0.286,0.286,0.286,0.772,0.429
0.234,0.283,0.286,0.286,0.286,0.286,0.286,0.772,0.429,0.366
0.283,0.286,0.286,0.286,0.286,0.286,0.772,0.429,0.366,0.194
0.286,0.286,0.286,0.286,0.286,0.772,0.429,0.366,0.194,0.194
0.286,0.286,0.286,0.286,0.772,0.429,0.366,0.194,0.194,0.194
0.286,0.286,0.286,0.772,0.429,0.366,0.194,0.194,0.194,0.41
0.286,0.286,0.772,0.429,0.366,0.194,0.194,0.194,0.41,0.443
0.286,0.772,0.429,0.366,0.194,0.194,0.194,0.41,0.443,0.3
0.772,0.429,0.366,0.194,0.194,0.194,0.41,0.443,0.3,0.323
0.429,0.366,0.194,0.194,0.194,0.41,0.443,0.3,0.323,0.297
0.366,0.194,0.194,0.194,0.41,0.443,0.3,0.323,0.297,0.172
0.194,0.194,0.194,0.41,0.443,0.3,0.323,0.297,0.172,0.317
0.194,0.194,0.41,0.443,0.3,0.323,0.297,0.172,0.317,0.275
0.194,0.41,0.443,0.3,0.323,0.297,0.172,0.317,0.275,0.087
0.41,0.443,0.3,0.323,0.297,0.172,0.317,0.275,0.087,0.133
0.443,0.3,0.323,0.297,0.172,0.317,0.275,0.087,0.133,0.113
0.3,0.323,0.297,0.172,0.317,0.275,0.087,0.133,0.113,0.253
0.323,0.297,0.172,0.317,0.275,0.087,0.133,0.113,0.253,0.223
0.297,0.172,0.317,0.275,0.087,0.133,0.113,0.253,0.223,0.145
0.172,0.317,0.275,0.087,0.133,0.113,0.253,0.223,0.145,0.18
0.317,0.275,0.087,0.133,0.113,0.253,0.223,0.145,0.18,0.123
0.275,0.087,0.133,0.113,0.253,0.223,0.145,0.18,0.123,0.18
0.087,0.133,0.113,0.253,0.223,0.145,0.18,0.123,0.18,0.118
0.133,0.113,0.253,0.223,0.145,0.18,0.123,0.18,0.118,0.152
0.113,0.253,0.223,0.145,0.18,0.123,0.18,0.118,0.152,0.138
0.253,0.223,0.145,0.18,0.123,0.18,0.118,0.152,0.138,0.152
0.223,0.145,0.18,0.123,0.18,0.118,0.152,0.138,0.152,0.14
0.145,0.18,0.123,0.18,0.118,0.152,0.138,0.152,0.14,0.14
0.18,0.123,0.18,0.118,0.152,0.138,0.152,0.14,0.14,0.14
0.123,0.18,0.118,0.152,0.138,0.152,0.14,0.14,0.14,0.089
0.18,0.118,0.152,0.138,0.152,0.14,0.14,0.14,0.089,0.089
0.118,0.152,0.138,0.152,0.14,0.14,0.14,0.089,0.089,0.089
0.152,0.138,0.152,0.14,0.14,0.14,0.089,0.089,0.089,0.224
0.138,0.152,0.14,0.14,0.14,0.089,0.089,0.089,0.224,0.563
0.152,0.14,0.14,0.14,0.089,0.089,0.089,0.224,0.563,0.105
0.14,0.14,0.14,0.089,0.089,0.089,0.224,0.563,0.105,0.208
0.14,0.14,0.089,0.089,0.089,0.224,0.563,0.105,0.208,0.07
0.14,0.089,0.089,0.089,0.224,0.563,0.105,0.208,0.07,0.311
0.089,0.089,0.089,0.224,0.563,0.105,0.208,0.07,0.311,0.093
0.089,0.089,0.224,0.563,0.105,0.208,0.07,0.311,0.093,0.195
0.089,0.224,0.563,0.105,0.208,0.07,0.311,0.093,0.195,0.091
0.224,0.563,0.105,0.208,0.07,0.311,0.093,0.195,0.091,0.437
0.563,0.105,0.208,0.07,0.311,0.093,0.195,0.091,0.437,0.238
0.105,0.208,0.07,0.311,0.093,0.195,0.091,0.437,0.238,0.158
0.208,0.07,0.311,0.093,0.195,0.091,0.437,0.238,0.158,0.065
0.07,0.311,0.093,0.195,0.091,0.437,0.238,0.158,0.065,0.055
0.311,0.093,0.195,0.091,0.437,0.238,0.158,0.065,0.055,0.055
0.093,0.195,0.091,0.437,0.238,0.158,0.065,0.055,0.055,0.041
0.195,0.091,0.437,0.238,0.158,0.065,0.055,0.055,0.041,0.049
0.091,0.437,0.238,0.158,0.065,0.055,0.055,0.041,0.049,0.013
0.437,0.238,0.158,0.065,0.055,0.055,0.041,0.049,0.013,0.056
0.238,0.158,0.065,0.055,0.055,0.041,0.049,0.013,0.056,0.041
0.158,0.065,0.055,0.055,0.041,0.049,0.013,0.056,0.041,0.145
0.065,0.055,0.055,0.041,0.049,0.013,0.056,0.041,0.145,0.043
0.055,0.055,0.041,0.049,0.013,0.056,0.041,0.145,0.043,0.045
0.055,0.041,0.049,0.013,0.056,0.041,0.145,0.043,0.045,0.013
0.041,0.049,0.013,0.056,0.041,0.145,0.043,0.045,0.013,0.013
0.049,0.013,0.056,0.041,0.145,0.043,0.045,0.013,0.013,0.013
0.013,0.056,0.041,0.145,0.043,0.045,0.013,0.013,0.013,0.013
0.056,0.041,0.145,0.043,0.045,0.013,0.013,0.013,0.013,0.013
0.041,0.145,0.043,0.045,0.013,0.013,0.013,0.013,0.013,0.01
0.145,0.043,0.045,0.013,0.013,0.013,0.013,0.013,0.01,0.01
0.043,0.045,0.013,0.013,0.013,0.013,0.013,0.01,0.01,0.01
0.045,0.013,0.013,0.013,0.013,0.013,0.01,0.01,0.01,0.01
0.013,0.013,0.013,0.013,0.013,0.01,0.01,0.01,0.01,0.01
0.013,0.013,0.013,0.013,0.01,0.01,0.01,0.01,0.01,0.01
0.013,0.013,0.013,0.01,0.01,0.01,0.01,0.01,0.01,0.01
0.013,0.013,0.01,0.01,0.01,0.01,0.01,0.01,0.01,0.228
0.013,0.01,0.01,0.01,0.01,0.01,0.01,0.01,0.228,0.067
0.01,0.01,0.01,0.01,0.01,0.01,0.01,0.228,0.067,0.037
0.01,0.01,0.01,0.01,0.01,0.01,0.228,0.067,0.037,0.037
0.01,0.01,0.01,0.01,0.01,0.228,0.067,0.037,0.037,0.037
0.01,0.01,0.01,0.01,0.228,0.067,0.037,0.037,0.037,0.037
0.01,0.01,0.01,0.228,0.067,0.037,0.037,0.037,0.037,0.037
0.01,0.01,0.228,0.067,0.037,0.037,0.037,0.037,0.037,0.307
0.01,0.228,0.067,0.037,0.037,0.037,0.037,0.037,0.307,0.399
0.228,0.067,0.037,0.037,0.037,0.037,0.037,0.307,0.399,0.176
0.067,0.037,0.037,0.037,0.037,0.037,0.307,0.399,0.176,0.029
0.037,0.037,0.037,0.037,0.037,0.307,0.399,0.176,0.029,0.029
0.037,0.037,0.037,0.037,0.307,0.399,0.176,0.029,0.029,0.029
0.037,0.037,0.037,0.307,0.399,0.176,0.029,0.029,0.029,0.029
0.037,0.037,0.307,0.399,0.176,0.029,0.029,0.029,0.029,0.029
0.037,0.307,0.399,0.176,0.029,0.029,0.029,0.029,0.029,0.029
0.307,0.399,0.176,0.029,0.029,0.029,0.029,0.029,0.029,0.029
0.399,0.176,0.029,0.029,0.029,0.029,0.029,0.029,0.029,0.029
0.176,0.029,0.029,0.029,0.029,0.029,0.029,0.029,0.029,0.029
0.029,0.029,0.029,0.029,0.029,0.029,0.029,0.029,0.029,0.064
0.029,0.029,0.029,0.029,0.029,0.029,0.029,0.029,0.064,0.284
0.029,0.029,0.029,0.029,0.029,0.029,0.029,0.064,0.284,0.004
0.029,0.029,0.029,0.029,0.029,0.029,0.064,0.284,0.004,0.004
0.029,0.029,0.029,0.029,0.029,0.064,0.284,0.004,0.004,0.004
0.029,0.029,0.029,0.029,0.064,0.284,0.004,0.004,0.004,0.004
0.029,0.029,0.029,0.064,0.284,0.004,0.004,0.004,0.004,0.004
0.029,0.029,0.064,0.284,0.004,0.004,0.004,0.004,0.004,0.004
0.029,0.064,0.284,0.004,0.004,0.004,0.004,0.004,0.004,0.004
0.064,0.284,0.004,0.004,0.004,0.004,0.004,0.004,0.004,0.004
0.284,0.004,0.004,0.004,0.004,0.004,0.004,0.004,0.004,0.004
0.004,0.004,0.004,0.004,0.004,0.004,0.004,0.004,0.004,0.004
0.004,0.004,0.004,0.004,0.004,0.004,0.004,0.004,0.004,0.004
0.004,0.004,0.004,0.004,0.004,0.004,0.004,0.004,0.004,0.004
0.004,0.004,0.004,0.004,0.004,0.004,0.004,0.004,0.004,0.002
0.004,0.004,0.004,0.004,0.004,0.004,0.004,0.004,0.002,0.002
0.004,0.004,0.004,0.004,0.004,0.004,0.004,0.002,0.002,0.002
0.004,0.004,0.004,0.004,0.004,0.004,0.002,0.002,0.002,0.002
0.004,0.004,0.004,0.004,0.004,0.002,0.002,0.002,0.002,0.002
0.004,0.004,0.004,0.004,0.002,0.002,0.002,0.002,0.002,0.002
0.004,0.004,0.004,0.002,0.002,0.002,0.002,0.002,0.002,0.002
0.004,0.004,0.002,0.002,0.002,0.002,0.002,0.002,0.002,0.002
0.004,0.002,0.002,0.002,0.002,0.002,0.002,0.002,0.002,0.002
0.002,0.002,0.002,0.002,0.002,0.002,0.002,0.002,0.002,0.002
0.002,0.002,0.002,0.002,0.002,0.002,0.002,0.002,0.002,0.002
0.002,0.002,0.002,0.002,0.002,0.002,0.002,0.002,0.002,0.002
0.002,0.002,0.002,0.002,0.002,0.002,0.002,0.002,0.002,0.002
0.002,0.002,0.002,0.002,0.002,0.002,0.002,0.002,0.002,0.002
0.002,0.002,0.002,0.002,0.002,0.002,0.002,0.002,0.002,0.179
0.002,0.002,0.002,0.002,0.002,0.002,0.002,0.002,0.179,0.251
0.002,0.002,0.002,0.002,0.002,0.002,0.002,0.179,0.251,0.117
0.002,0.002,0.002,0.002,0.002,0.002,0.179,0.251,0.117,0.117
0.002,0.002,0.002,0.002,0.002,0.179,0.251,0.117,0.117,0.117
0.002,0.002,0.002,0.002,0.179,0.251,0.117,0.117,0.117,0.117
0.002,0.002,0.002,0.179,0.251,0.117,0.117,0.117,0.117,0.117
0.002,0.002,0.179,0.251,0.117,0.117,0.117,0.117,0.117,0.117
0.002,0.179,0.251,0.117,0.117,0.117,0.117,0.117,0.117,0.057
0.179,0.251,0.117,0.117,0.117,0.117,0.117,0.117,0.057,0.267
0.251,0.117,0.117,0.117,0.117,0.117,0.117,0.057,0.267,0.126
0.117,0.117,0.117,0.117,0.117,0.117,0.057,0.267,0.126,0.126
0.117,0.117,0.117,0.117,0.117,0.057,0.267,0.126,0.126,0.126
0.117,0.117,0.117,0.117,0.057,0.267,0.126,0.126,0.126,0.211
0.117,0.117,0.117,0.057,0.267,0.126,0.126,0.126,0.211,0.237
0.117,0.117,0.057,0.267,0.126,0.126,0.126,0.211,0.237,0.424
0.117,0.057,0.267,0.126,0.126,0.126,0.211,0.237,0.424,0.244
0.057,0.267,0.126,0.126,0.126,0.211,0.237,0.424,0.244,0.101
0.267,0.126,0.126,0.126,0.211,0.237,0.424,0.244,0.101,0.082
0.126,0.126,0.126,0.211,0.237,0.424,0.244,0.101,0.082,0.338
0.126,0.126,0.211,0.237,0.424,0.244,0.101,0.082,0.338,0.068
0.126,0.211,0.237,0.424,0.244,0.101,0.082,0.338,0.068,0.059
0.211,0.237,0.424,0.244,0.101,0.082,0.338,0.068,0.059,0.059
0.237,0.424,0.244,0.101,0.082,0.338,0.068,0.059,0.059,0.059
0.424,0.244,0.101,0.082,0.338,0.068,0.059,0.059,0.059,0.079
0.244,0.101,0.082,0.338,0.068,0.059,0.059,0.059,0.079,0.073
0.101,0.082,0.338,0.068,0.059,0.059,0.059,0.079,0.073,0.073
0.082,0.338,0.068,0.059,0.059,0.059,0.079,0.073,0.073,0.073
0.338,0.068,0.059,0.059,0.059,0.079,0.073,0.073,0.073,0.073
0.068,0.059,0.059,0.059,0.079,0.073,0.073,0.073,0.073,0.073
0.059,0.059,0.059,0.079,0.073,0.073,0.073,0.073,0.073,0.21
0.059,0.059,0.079,0.073,0.073,0.073,0.073,0.073,0.21,0.124
0.059,0.079,0.073,0.073,0.073,0.073,0.073,0.21,0.124,0.128
0.079,0.073,0.073,0.073,0.073,0.073,0.21,0.124,0.128,0.128
0.073,0.073,0.073,0.073,0.073,0.21,0.124,0.128,0.128,0.128
0.073,0.073,0.073,0.073,0.21,0.124,0.128,0.128,0.128,0.115
0.073,0.073,0.073,0.21,0.124,0.128,0.128,0.128,0.115,0.115
0.073,0.073,0.21,0.124,0.128,0.128,0.128,0.115,0.115,0.115
0.073,0.21,0.124,0.128,0.128,0.128,0.115,0.115,0.115,0.196
0.21,0.124,0.128,0.128,0.128,0.115,0.115,0.115,0.196,0.159
0.124,0.128,0.128,0.128,0.115,0.115,0.115,0.196,0.159,0.219
0.128,0.128,0.128,0.115,0.115,0.115,0.196,0.159,0.219,0.281
0.128,0.128,0.115,0.115,0.115,0.196,0.159,0.219,0.281,0.109
0.128,0.115,0.115,0.115,0.196,0.159,0.219,0.281,0.109,0.176
0.115,0.115,0.115,0.196,0.159,0.219,0.281,0.109,0.176,0.438
0.115,0.115,0.196,0.159,0.219,0.281,0.109,0.176,0.438,0.324
0.115,0.196,0.159,0.219,0.281,0.109,0.176,0.438,0.324,0.352
0.196,0.159,0.219,0.281,0.109,0.176,0.438,0.324,0.352,0.529
0.159,0.219,0.281,0.109,0.176,0.438,0.324,0.352,0.529,0.211
0.219,0.281,0.109,0.176,0.438,0.324,0.352,0.529,0.211,0.307
0.281,0.109,0.176,0.438,0.324,0.352,0.529,0.211,0.307,0.197
0.109,0.176,0.438,0.324,0.352,0.529,0.211,0.307,0.197,0.209
0.176,0.438,0.324,0.352,0.529,0.211,0.307,0.197,0.209,0.172
0.438,0.324,0.352,0.529,0.211,0.307,0.197,0.209,0.172,0.172
0.324,0.352,0.529,0.211,0.307,0.197,0.209,0.172,0.172,0.172
0.352,0.529,0.211,0.307,0.197,0.209,0.172,0.172,0.172,0.174
0.529,0.211,0.307,0.197,0.209,0.172,0.172,0.172,0.174,0.136
0.211,0.307,0.197,0.209,0.172,0.172,0.172,0.174,0.136,0.136
0.307,0.197,0.209,0.172,0.172,0.172,0.174,0.136,0.136,0.136
0.197,0.209,0.172,0.172,0.172,0.174,0.136,0.136,0.136,0.29
0.209,0.172,0.172,0.172,0.174,0.136,0.136,0.136,0.29,0.229
0.172,0.172,0.172,0.174,0.136,0.136,0.136,0.29,0.229,0.184
0.172,0.172,0.174,0.136,0.136,0.136,0.29,0.229,0.184,0.122
0.172,0.174,0.136,0.136,0.136,0.29,0.229,0.184,0.122,0.087
0.174,0.136,0.136,0.136,0.29,0.229,0.184,0.122,0.087,0.166
0.136,0.136,0.136,0.29,0.229,0.184,0.122,0.087,0.166,0.166
0.136,0.136,0.29,0.229,0.184,0.122,0.087,0.166,0.166,0.166
0.136,0.29,0.229,0.184,0.122,0.087,0.166,0.166,0.166,0.197
0.29,0.229,0.184,0.122,0.087,0.166,0.166,0.166,0.197,0.213
0.229,0.184,0.122,0.087,0.166,0.166,0.166,0.197,0.213,0.322
0.184,0.122,0.087,0.166,0.166,0.166,0.197,0.213,0.322,0.092
0.122,0.087,0.166,0.166,0.166,0.197,0.213,0.322,0.092,0.289
0.087,0.166,0.166,0.166,0.197,0.213,0.322,0.092,0.289,0.136
0.166,0.166,0.166,0.197,0.213,0.322,0.092,0.289,0.136,0.334
0.166,0.166,0.197,0.213,0.322,0.092,0.289,0.136,0.334,0.221
0.166,0.197,0.213,0.322,0.092,0.289,0.136,0.334,0.221,0.297
0.197,0.213,0.322,0.092,0.289,0.136,0.334,0.221,0.297,0.239
0.213,0.322,0.092,0.289,0.136,0.334,0.221,0.297,0.239,0.302
0.322,0.092,0.289,0.136,0.334,0.221,0.297,0.239,0.302,0.601
0.092,0.289,0.136,0.334,0.221,0.297,0.239,0.302,0.601,0.448
0.289,0.136,0.334,0.221,0.297,0.239,0.302,0.601,0.448,0.325
0.136,0.334,0.221,0.297,0.239,0.302,0.601,0.448,0.325,0.343
0.334,0.221,0.297,0.239,0.302,0.601,0.448,0.325,0.343,0.33
0.221,0.297,0.239,0.302,0.601,0.448,0.325,0.343,0.33,0.324
0.297,0.239,0.302,0.601,0.448,0.325,0.343,0.33,0.324,0.32
0.239,0.302,0.601,0.448,0.325,0.343,0.33,0.324,0.32,0.326
0.302,0.601,0.448,0.325,0.343,0.33,0.324,0.32,0.326,0.328
0.601,0.448,0.325,0.343,0.33,0.324,0.32,0.326,0.328,0.202
0.448,0.325,0.343,0.33,0.324,0.32,0.326,0.328,0.202,0.2
0.325,0.343,0.33,0.324,0.32,0.326,0.328,0.202,0.2,0.227
0.343,0.33,0.324,0.32,0.326,0.328,0.202,0.2,0.227,0.229
0.33,0.324,0.32,0.326,0.328,0.202,0.2,0.227,0.229,0.448
0.324,0.32,0.326,0.328,0.202,0.2,0.227,0.229,0.448,0.563
0.32,0.326,0.328,0.202,0.2,0.227,0.229,0.448,0.563,0.464
0.326,0.328,0.202,0.2,0.227,0.229,0.448,0.563,0.464,0.327
0.328,0.202,0.2,0.227,0.229,0.448,0.563,0.464,0.327,0.348
0.202,0.2,0.227,0.229,0.448,0.563,0.464,0.327,0.348,0.334
0.2,0.227,0.229,0.448,0.563,0.464,0.327,0.348,0.334,0.229
0.227,0.229,0.448,0.563,0.464,0.327,0.348,0.334,0.229,0.329
0.229,0.448,0.563,0.464,0.327,0.348,0.334,0.229,0.329,0.325
0.448,0.563,0.464,0.327,0.348,0.334,0.229,0.329,0.325,0.206
0.563,0.464,0.327,0.348,0.334,0.229,0.329,0.325,0.206,0.338
0.464,0.327,0.348,0.334,0.229,0.329,0.325,0.206,0.338,0.34
0.327,0.348,0.334,0.229,0.329,0.325,0.206,0.338,0.34,0.335
0.348,0.334,0.229,0.329,0.325,0.206,0.338,0.34,0.335,0.334
0.334,0.229,0.329,0.325,0.206,0.338,0.34,0.335,0.334,0.339
0.229,0.329,0.325,0.206,0.338,0.34,0.335,0.334,0.339,0.343
0.329,0.325,0.206,0.338,0.34,0.335,0.334,0.339,0.343,0.342
0.325,0.206,0.338,0.34,0.335,0.334,0.339,0.343,0.342,0.322
0.206,0.338,0.34,0.335,0.334,0.339,0.343,0.342,0.322,0.234
0.338,0.34,0.335,0.334,0.339,0.343,0.342,0.322,0.234,0.335
0.34,0.335,0.334,0.339,0.343,0.342,0.322,0.234,0.335,0.195
0.335,0.334,0.339,0.343,0.342,0.322,0.234,0.335,0.195,0.223
0.334,0.339,0.343,0.342,0.322,0.234,0.335,0.195,0.223,0.378
0.339,0.343,0.342,0.322,0.234,0.335,0.195,0.223,0.378,0.88
0.343,0.342,0.322,0.234,0.335,0.195,0.223,0.378,0.88,2.676
0.342,0.322,0.234,0.335,0.195,0.223,0.378,0.88,2.676,1.682
0.322,0.234,0.335,0.195,0.223,0.378,0.88,2.676,1.682,1.44
0.234,0.335,0.195,0.223,0.378,0.88,2.676,1.682,1.44,1.418
0.335,0.195,0.223,0.378,0.88,2.676,1.682,1.44,1.418,1.313
0.195,0.223,0.378,0.88,2.676,1.682,1.44,1.418,1.313,0.955
0.223,0.378,0.88,2.676,1.682,1.44,1.418,1.313,0.955,0.692
0.378,0.88,2.676,1.682,1.44,1.418,1.313,0.955,0.692,0.577
0.88,2.676,1.682,1.44,1.418,1.313,0.955,0.692,0.577,0.821
2.676,1.682,1.44,1.418,1.313,0.955,0.692,0.577,0.821,0.83
1.682,1.44,1.418,1.313,0.955,0.692,0.577,0.821,0.83,0.848
1.44,1.418,1.313,0.955,0.692,0.577,0.821,0.83,0.848,1.236
1.418,1.313,0.955,0.692,0.577,0.821,0.83,0.848,1.236,2.249
1.313,0.955,0.692,0.577,0.821,0.83,0.848,1.236,2.249,4.027
0.955,0.692,0.577,0.821,0.83,0.848,1.236,2.249,4.027,4.72
0.692,0.577,0.821,0.83,0.848,1.236,2.249,4.027,4.72,4.66
0.577,0.821,0.83,0.848,1.236,2.249,4.027,4.72,4.66,4.14
0.821,0.83,0.848,1.236,2.249,4.027,4.72,4.66,4.14,4.6
0.83,0.848,1.236,2.249,4.027,4.72,4.66,4.14,4.6,3.67
0.848,1.236,2.249,4.027,4.72,4.66,4.14,4.6,3.67,3.066
1.236,2.249,4.027,4.72,4.66,4.14,4.6,3.67,3.066,3.05
2.249,4.027,4.72,4.66,4.14,4.6,3.67,3.066,3.05,3.355
4.027,4.72,4.66,4.14,4.6,3.67,3.066,3.05,3.355,2.937
4.72,4.66,4.14,4.6,3.67,3.066,3.05,3.355,2.937,2.681
4.66,4.14,4.6,3.67,3.066,3.05,3.355,2.937,2.681,2.591
4.14,4.6,3.67,3.066,3.05,3.355,2.937,2.681,2.591,2.324
4.6,3.67,3.066,3.05,3.355,2.937,2.681,2.591,2.324,2.015
3.67,3.066,3.05,3.355,2.937,2.681,2.591,2.324,2.015,1.783
3.066,3.05,3.355,2.937,2.681,2.591,2.324,2.015,1.783,1.927
3.05,3.355,2.937,2.681,2.591,2.324,2.015,1.783,1.927,2.068
3.355,2.937,2.681,2.591,2.324,2.015,1.783,1.927,2.068,1.648
2.937,2.681,2.591,2.324,2.015,1.783,1.927,2.068,1.648,1.663
2.681,2.591,2.324,2.015,1.783,1.927,2.068,1.648,1.663,1.552
2.591,2.324,2.015,1.783,1.927,2.068,1.648,1.663,1.552,1.238
2.324,2.015,1.783,1.927,2.068,1.648,1.663,1.552,1.238,1.354
2.015,1.783,1.927,2.068,1.648,1.663,1.552,1.238,1.354,1.253
1.783,1.927,2.068,1.648,1.663,1.552,1.238,1.354,1.253,1.219
1.927,2.068,1.648,1.663,1.552,1.238,1.354,1.253,1.219,1.583
2.068,1.648,1.663,1.552,1.238,1.354,1.253,1.219,1.583,2.753
1.648,1.663,1.552,1.238,1.354,1.253,1.219,1.583,2.753,1.818
1.663,1.552,1.238,1.354,1.253,1.219,1.583,2.753,1.818,1.883
1.552,1.238,1.354,1.253,1.219,1.583,2.753,1.818,1.883,2.168
1.238,1.354,1.253,1.219,1.583,2.753,1.818,1.883,2.168,2.829
1.354,1.253,1.219,1.583,2.753,1.818,1.883,2.168,2.829,2.971
1.253,1.219,1.583,2.753,1.818,1.883,2.168,2.829,2.971,2.72
1.219,1.583,2.753,1.818,1.883,2.168,2.829,2.971,2.72,2.96
1.583,2.753,1.818,1.883,2.168,2.829,2.971,2.72,2.96,2.665
2.753,1.818,1.883,2.168,2.829,2.971,2.72,2.96,2.665,2.033
1.818,1.883,2.168,2.829,2.971,2.72,2.96,2.665,2.033,2.112
1.883,2.168,2.829,2.971,2.72,2.96,2.665,2.033,2.112,2.112
2.168,2.829,2.971,2.72,2.96,2.665,2.033,2.112,2.112,2.762
2.829,2.971,2.72,2.96,2.665,2.033,2.112,2.112,2.762,4.233
2.971,2.72,2.96,2.665,2.033,2.112,2.112,2.762,4.233,4.856
2.72,2.96,2.665,2.033,2.112,2.112,2.762,4.233,4.856,6.246
2.96,2.665,2.033,2.112,2.112,2.762,4.233,4.856,6.246,5.558
2.665,2.033,2.112,2.112,2.762,4.233,4.856,6.246,5.558,5.144
2.033,2.112,2.112,2.762,4.233,4.856,6.246,5.558,5.144,5.657
2.112,2.112,2.762,4.233,4.856,6.246,5.558,5.144,5.657,5.162
2.112,2.762,4.233,4.856,6.246,5.558,5.144,5.657,5.162,4.853
2.762,4.233,4.856,6.246,5.558,5.144,5.657,5.162,4.853,4.853
4.233,4.856,6.246,5.558,5.144,5.657,5.162,4.853,4.853,4.853
4.856,6.246,5.558,5.144,5.657,5.162,4.853,4.853,4.853,5.834
6.246,5.558,5.144,5.657,5.162,4.853,4.853,4.853,5.834,4.787
5.558,5.144,5.657,5.162,4.853,4.853,4.853,5.834,4.787,3.981
5.144,5.657,5.162,4.853,4.853,4.853,5.834,4.787,3.981,3.522
5.657,5.162,4.853,4.853,4.853,5.834,4.787,3.981,3.522,3.114
5.162,4.853,4.853,4.853,5.834,4.787,3.981,3.522,3.114,3.278
4.853,4.853,4.853,5.834,4.787,3.981,3.522,3.114,3.278,2.725
4.853,4.853,5.834,4.787,3.981,3.522,3.114,3.278,2.725,2.553
4.853,5.834,4.787,3.981,3.522,3.114,3.278,2.725,2.553,2.13
5.834,4.787,3.981,3.522,3.114,3.278,2.725,2.553,2.13,1.868
4.787,3.981,3.522,3.114,3.278,2.725,2.553,2.13,1.868,2.116
3.981,3.522,3.114,3.278,2.725,2.553,2.13,1.868,2.116,2.116
3.522,3.114,3.278,2.725,2.553,2.13,1.868,2.116,2.116,1.951
3.114,3.278,2.725,2.553,2.13,1.868,2.116,2.116,1.951,1.801
3.278,2.725,2.553,2.13,1.868,2.116,2.116,1.951,1.801,1.695
2.725,2.553,2.13,1.868,2.116,2.116,1.951,1.801,1.695,1.475
2.553,2.13,1.868,2.116,2.116,1.951,1.801,1.695,1.475,1.503
2.13,1.868,2.116,2.116,1.951,1.801,1.695,1.475,1.503,1.436
1.868,2.116,2.116,1.951,1.801,1.695,1.475,1.503,1.436,1.417
2.116,2.116,1.951,1.801,1.695,1.475,1.503,1.436,1.417,1.057
2.116,1.951,1.801,1.695,1.475,1.503,1.436,1.417,1.057,1.196
1.951,1.801,1.695,1.475,1.503,1.436,1.417,1.057,1.196,1.171
1.801,1.695,1.475,1.503,1.436,1.417,1.057,1.196,1.171,1.12
1.695,1.475,1.503,1.436,1.417,1.057,1.196,1.171,1.12,1.054
1.475,1.503,1.436,1.417,1.057,1.196,1.171,1.12,1.054,1.068
1.503,1.436,1.417,1.057,1.196,1.171,1.12,1.054,1.068,1.089
1.436,1.417,1.057,1.196,1.171,1.12,1.054,1.068,1.089,0.929
1.417,1.057,1.196,1.171,1.12,1.054,1.068,1.089,0.929,1.028
1.057,1.196,1.171,1.12,1.054,1.068,1.089,0.929,1.028,0.821
1.196,1.171,1.12,1.054,1.068,1.089,0.929,1.028,0.821,0.719
1.171,1.12,1.054,1.068,1.089,0.929,1.028,0.821,0.719,0.763
1.12,1.054,1.068,1.089,0.929,1.028,0.821,0.719,0.763,0.705
1.054,1.068,1.089,0.929,1.028,0.821,0.719,0.763,0.705,0.741
1.068,1.089,0.929,1.028,0.821,0.719,0.763,0.705,0.741,0.61
1.089,0.929,1.028,0.821,0.719,0.763,0.705,0.741,0.61,0.586
0.929,1.028,0.821,0.719,0.763,0.705,0.741,0.61,0.586,0.587
1.028,0.821,0.719,0.763,0.705,0.741,0.61,0.586,0.587,0.437
0.821,0.719,0.763,0.705,0.741,0.61,0.586,0.587,0.437,0.6
0.719,0.763,0.705,0.741,0.61,0.586,0.587,0.437,0.6,0.494
0.763,0.705,0.741,0.61,0.586,0.587,0.437,0.6,0.494,0.491
0.705,0.741,0.61,0.586,0.587,0.437,0.6,0.494,0.491,0.389
0.741,0.61,0.586,0.587,0.437,0.6,0.494,0.491,0.389,0.469
0.61,0.586,0.587,0.437,0.6,0.494,0.491,0.389,0.469,0.493
0.586,0.587,0.437,0.6,0.494,0.491,0.389,0.469,0.493,0.604
0.587,0.437,0.6,0.494,0.491,0.389,0.469,0.493,0.604,0.357
0.437,0.6,0.494,0.491,0.389,0.469,0.493,0.604,0.357,0.37
0.6,0.494,0.491,0.389,0.469,0.493,0.604,0.357,0.37,0.356
0.494,0.491,0.389,0.469,0.493,0.604,0.357,0.37,0.356,0.368
0.491,0.389,0.469,0.493,0.604,0.357,0.37,0.356,0.368,0.282
0.389,0.469,0.493,0.604,0.357,0.37,0.356,0.368,0.282,0.374
0.469,0.493,0.604,0.357,0.37,0.356,0.368,0.282,0.374,0.274
0.493,0.604,0.357,0.37,0.356,0.368,0.282,0.374,0.274,0.256
0.604,0.357,0.37,0.356,0.368,0.282,0.374,0.274,0.256,0.271
0.357,0.37,0.356,0.368,0.282,0.374,0.274,0.256,0.271,0.152
0.37,0.356,0.368,0.282,0.374,0.274,0.256,0.271,0.152,0.132
0.356,0.368,0.282,0.374,0.274,0.256,0.271,0.152,0.132,0.13
0.368,0.282,0.374,0.274,0.256,0.271,0.152,0.132,0.13,0.157
0.282,0.374,0.274,0.256,0.271,0.152,0.132,0.13,0.157,0.136
0.374,0.274,0.256,0.271,0.152,0.132,0.13,0.157,0.136,0.132
0.274,0.256,0.271,0.152,0.132,0.13,0.157,0.136,0.132,0.159
0.256,0.271,0.152,0.132,0.13,0.157,0.136,0.132,0.159,0.13
0.271,0.152,0.132,0.13,0.157,0.136,0.132,0.159,0.13,0.255
0.152,0.132,0.13,0.157,0.136,0.132,0.159,0.13,0.255,0.257
0.132,0.13,0.157,0.136,0.132,0.159,0.13,0.255,0.257,0.258
0.13,0.157,0.136,0.132,0.159,0.13,0.255,0.257,0.258,0.239
0.157,0.136,0.132,0.159,0.13,0.255,0.257,0.258,0.239,0.263
0.136,0.132,0.159,0.13,0.255,0.257,0.258,0.239,0.263,0.266
0.132,0.159,0.13,0.255,0.257,0.258,0.239,0.263,0.266,0.146
0.159,0.13,0.255,0.257,0.258,0.239,0.263,0.266,0.146,0.13
0.13,0.255,0.257,0.258,0.239,0.263,0.266,0.146,0.13,0.268
0.255,0.257,0.258,0.239,0.263,0.266,0.146,0.13,0.268,0.219
0.257,0.258,0.239,0.263,0.266,0.146,0.13,0.268,0.219,0.142
0.258,0.239,0.263,0.266,0.146,0.13,0.268,0.219,0.142,0.13
0.239,0.263,0.266,0.146,0.13,0.268,0.219,0.142,0.13,0.142
0.263,0.266,0.146,0.13,0.268,0.219,0.142,0.13,0.142,0.13
0.266,0.146,0.13,0.268,0.219,0.142,0.13,0.142,0.13,0.066
0.146,0.13,0.268,0.219,0.142,0.13,0.142,0.13,0.066,0.066
0.13,0.268,0.219,0.142,0.13,0.142,0.13,0.066,0.066,0.066
0.268,0.219,0.142,0.13,0.142,0.13,0.066,0.066,0.066,0.16
0.219,0.142,0.13,0.142,0.13,0.066,0.066,0.066,0.16,0.169
0.142,0.13,0.142,0.13,0.066,0.066,0.066,0.16,0.169,0.152
0.13,0.142,0.13,0.066,0.066,0.066,0.16,0.169,0.152,0.15
0.142,0.13,0.066,0.066,0.066,0.16,0.169,0.152,0.15,0.134
0.13,0.066,0.066,0.066,0.16,0.169,0.152,0.15,0.134,0.134
0.066,0.066,0.066,0.16,0.169,0.152,0.15,0.134,0.134,0.109
0.066,0.066,0.16,0.169,0.152,0.15,0.134,0.134,0.109,0.081
0.066,0.16,0.169,0.152,0.15,0.134,0.134,0.109,0.081,0.13
0.16,0.169,0.152,0.15,0.134,0.134,0.109,0.081,0.13,0.13
0.169,0.152,0.15,0.134,0.134,0.109,0.081,0.13,0.13,0.071
0.152,0.15,0.134,0.134,0.109,0.081,0.13,0.13,0.071,0.071
0.15,0.134,0.134,0.109,0.081,0.13,0.13,0.071,0.071,0.071
0.134,0.134,0.109,0.081,0.13,0.13,0.071,0.071,0.071,0.071
0.134,0.109,0.081,0.13,0.13,0.071,0.071,0.071,0.071,0.071
0.109,0.081,0.13,0.13,0.071,0.071,0.071,0.071,0.071,0.071
0.081,0.13,0.13,0.071,0.071,0.071,0.071,0.071,0.071,0.071
0.13,0.13,0.071,0.071,0.071,0.071,0.071,0.071,0.071,0.071
0.13,0.071,0.071,0.071,0.071,0.071,0.071,0.071,0.071,0.071
0.071,0.071,0.071,0.071,0.071,0.071,0.071,0.071,0.071,0.152
0.071,0.071,0.071,0.071,0.071,0.071,0.071,0.071,0.152,0.116
0.071,0.071,0.071,0.071,0.071,0.071,0.071,0.152,0.116,0.131
0.071,0.071,0.071,0.071,0.071,0.071,0.152,0.116,0.131,0.127
0.071,0.071,0.071,0.071,0.071,0.152,0.116,0.131,0.127,0.049
0.071,0.071,0.071,0.071,0.152,0.116,0.131,0.127,0.049,0.049
0.071,0.071,0.071,0.152,0.116,0.131,0.127,0.049,0.049,0.049
0.071,0.071,0.152,0.116,0.131,0.127,0.049,0.049,0.049,0.049
0.071,0.152,0.116,0.131,0.127,0.049,0.049,0.049,0.049,0.049
0.152,0.116,0.131,0.127,0.049,0.049,0.049,0.049,0.049,0.113
0.116,0.131,0.127,0.049,0.049,0.049,0.049,0.049,0.113,0.124
0.131,0.127,0.049,0.049,0.049,0.049,0.049,0.113,0.124,0.124
0.127,0.049,0.049,0.049,0.049,0.049,0.113,0.124,0.124,0.099
0.049,0.049,0.049,0.049,0.049,0.113,0.124,0.124,0.099,0.123
0.049,0.049,0.049,0.049,0.113,0.124,0.124,0.099,0.123,0.359
0.049,0.049,0.049,0.113,0.124,0.124,0.099,0.123,0.359,0.174
0.049,0.049,0.113,0.124,0.124,0.099,0.123,0.359,0.174,0.174
0.049,0.113,0.124,0.124,0.099,0.123,0.359,0.174,0.174,0.136
0.113,0.124,0.124,0.099,0.123,0.359,0.174,0.174,0.136,0.105
0.124,0.124,0.099,0.123,0.359,0.174,0.174,0.136,0.105,0.105
0.124,0.099,0.123,0.359,0.174,0.174,0.136,0.105,0.105,0.352
0.099,0.123,0.359,0.174,0.174,0.136,0.105,0.105,0.352,0.115
0.123,0.359,0.174,0.174,0.136,0.105,0.105,0.352,0.115,0.218
0.359,0.174,0.174,0.136,0.105,0.105,0.352,0.115,0.218,0.122
0.174,0.174,0.136,0.105,0.105,0.352,0.115,0.218,0.122,0.115
0.174,0.136,0.105,0.105,0.352,0.115,0.218,0.122,0.115,0.115
0.136,0.105,0.105,0.352,0.115,0.218,0.122,0.115,0.115,0.103
0.105,0.105,0.352,0.115,0.218,0.122,0.115,0.115,0.103,0.103
0.105,0.352,0.115,0.218,0.122,0.115,0.115,0.103,0.103,0.103
0.352,0.115,0.218,0.122,0.115,0.115,0.103,0.103,0.103,0.103
0.115,0.218,0.122,0.115,0.115,0.103,0.103,0.103,0.103,0.236
0.218,0.122,0.115,0.115,0.103,0.103,0.103,0.103,0.236,0.233
0.122,0.115,0.115,0.103,0.103,0.103,0.103,0.236,0.233,0.106
0.115,0.115,0.103,0.103,0.103,0.103,0.236,0.233,0.106,0.164
0.115,0.103,0.103,0.103,0.103,0.236,0.233,0.106,0.164,0.164
0.103,0.103,0.103,0.103,0.236,0.233,0.106,0.164,0.164,0.266
0.103,0.103,0.103,0.236,0.233,0.106,0.164,0.164,0.266,0.436
0.103,0.103,0.236,0.233,0.106,0.164,0.164,0.266,0.436,0.135
0.103,0.236,0.233,0.106,0.164,0.164,0.266,0.436,0.135,0.116
0.236,0.233,0.106,0.164,0.164,0.266,0.436,0.135,0.116,0.116
0.233,0.106,0.164,0.164,0.266,0.436,0.135,0.116,0.116,0.112
0.106,0.164,0.164,0.266,0.436,0.135,0.116,0.116,0.112,0.101
0.164,0.164,0.266,0.436,0.135,0.116,0.116,0.112,0.101,0.108
0.164,0.266,0.436,0.135,0.116,0.116,0.112,0.101,0.108,0.108
0.266,0.436,0.135,0.116,0.116,0.112,0.101,0.108,0.108,0.197
0.436,0.135,0.116,0.116,0.112,0.101,0.108,0.108,0.197,0.161
0.135,0.116,0.116,0.112,0.101,0.108,0.108,0.197,0.161,0.161
0.116,0.116,0.112,0.101,0.108,0.108,0.197,0.161,0.161,0.111
0.116,0.112,0.101,0.108,0.108,0.197,0.161,0.161,0.111,0.111
0.112,0.101,0.108,0.108,0.197,0.161,0.161,0.111,0.111,0.105
0.101,0.108,0.108,0.197,0.161,0.161,0.111,0.111,0.105,0.111
0.108,0.108,0.197,0.161,0.161,0.111,0.111,0.105,0.111,0.103
0.108,0.197,0.161,0.161,0.111,0.111,0.105,0.111,0.103,0.103
0.197,0.161,0.161,0.111,0.111,0.105,0.111,0.103,0.103,0.103
0.161,0.161,0.111,0.111,0.105,0.111,0.103,0.103,0.103,0.04
0.161,0.111,0.111,0.105,0.111,0.103,0.103,0.103,0.04,0.04
0.111,0.111,0.105,0.111,0.103,0.103,0.103,0.04,0.04,0.04
0.111,0.105,0.111,0.103,0.103,0.103,0.04,0.04,0.04,0.04
0.105,0.111,0.103,0.103,0.103,0.04,0.04,0.04,0.04,0.121
0.111,0.103,0.103,0.103,0.04,0.04,0.04,0.04,0.121,0.18
0.103,0.103,0.103,0.04,0.04,0.04,0.04,0.121,0.18,0.026
0.103,0.103,0.04,0.04,0.04,0.04,0.121,0.18,0.026,0.041
0.103,0.04,0.04,0.04,0.04,0.121,0.18,0.026,0.041,0.026
0.04,0.04,0.04,0.04,0.121,0.18,0.026,0.041,0.026,0.016
0.04,0.04,0.04,0.121,0.18,0.026,0.041,0.026,0.016,0.016
0.04,0.04,0.121,0.18,0.026,0.041,0.026,0.016,0.016,0.016
0.04,0.121,0.18,0.026,0.041,0.026,0.016,0.016,0.016,0.016
0.121,0.18,0.026,0.041,0.026,0.016,0.016,0.016,0.016,0.016
0.18,0.026,0.041,0.026,0.016,0.016,0.016,0.016,0.016,0.016
0.026,0.041,0.026,0.016,0.016,0.016,0.016,0.016,0.016,0.035
0.041,0.026,0.016,0.016,0.016,0.016,0.016,0.016,0.035,0.251
0.026,0.016,0.016,0.016,0.016,0.016,0.016,0.035,0.251,0.12
0.016,0.016,0.016,0.016,0.016,0.016,0.035,0.251,0.12,0.057
0.016,0.016,0.016,0.016,0.016,0.035,0.251,0.12,0.057,0.057
0.016,0.016,0.016,0.016,0.035,0.251,0.12,0.057,0.057,0.267
0.016,0.016,0.016,0.035,0.251,0.12,0.057,0.057,0.267,0.303
0.016,0.016,0.035,0.251,0.12,0.057,0.057,0.267,0.303,0.221
0.016,0.035,0.251,0.12,0.057,0.057,0.267,0.303,0.221,0.221
0.035,0.251,0.12,0.057,0.057,0.267,0.303,0.221,0.221,0.128
0.251,0.12,0.057,0.057,0.267,0.303,0.221,0.221,0.128,0.128
0.12,0.057,0.057,0.267,0.303,0.221,0.221,0.128,0.128,0.075
0.057,0.057,0.267,0.303,0.221,0.221,0.128,0.128,0.075,0.037
0.057,0.267,0.303,0.221,0.221,0.128,0.128,0.075,0.037,0.037
0.267,0.303,0.221,0.221,0.128,0.128,0.075,0.037,0.037,0.037
0.303,0.221,0.221,0.128,0.128,0.075,0.037,0.037,0.037,0.258
0.221,0.221,0.128,0.128,0.075,0.037,0.037,0.037,0.258,0.272
0.221,0.128,0.128,0.075,0.037,0.037,0.037,0.258,0.272,0.129
0.128,0.128,0.075,0.037,0.037,0.037,0.258,0.272,0.129,0.03
0.128,0.075,0.037,0.037,0.037,0.258,0.272,0.129,0.03,0.032
0.075,0.037,0.037,0.037,0.258,0.272,0.129,0.03,0.032,0.263
0.037,0.037,0.037,0.258,0.272,0.129,0.03,0.032,0.263,0.227
0.037,0.037,0.258,0.272,0.129,0.03,0.032,0.263,0.227,0.11
0.037,0.258,0.272,0.129,0.03,0.032,0.263,0.227,0.11,0.11
0.258,0.272,0.129,0.03,0.032,0.263,0.227,0.11,0.11,0.11
0.272,0.129,0.03,0.032,0.263,0.227,0.11,0.11,0.11,0.096
0.129,0.03,0.032,0.263,0.227,0.11,0.11,0.11,0.096,0.095
0.03,0.032,0.263,0.227,0.11,0.11,0.11,0.096,0.095,0.1
0.032,0.263,0.227,0.11,0.11,0.11,0.096,0.095,0.1,0.11
0.263,0.227,0.11,0.11,0.11,0.096,0.095,0.1,0.11,0.08
0.227,0.11,0.11,0.11,0.096,0.095,0.1,0.11,0.08,0.483
0.11,0.11,0.11,0.096,0.095,0.1,0.11,0.08,0.483,0.607
0.11,0.11,0.096,0.095,0.1,0.11,0.08,0.483,0.607,0.462
0.11,0.096,0.095,0.1,0.11,0.08,0.483,0.607,0.462,0.251
0.096,0.095,0.1,0.11,0.08,0.483,0.607,0.462,0.251,0.067
0.095,0.1,0.11,0.08,0.483,0.607,0.462,0.251,0.067,0.356
0.1,0.11,0.08,0.483,0.607,0.462,0.251,0.067,0.356,0.355
0.11,0.08,0.483,0.607,0.462,0.251,0.067,0.356,0.355,0.431
0.08,0.483,0.607,0.462,0.251,0.067,0.356,0.355,0.431,0.217
0.483,0.607,0.462,0.251,0.067,0.356,0.355,0.431,0.217,0.217
0.607,0.462,0.251,0.067,0.356,0.355,0.431,0.217,0.217,0.225
0.462,0.251,0.067,0.356,0.355,0.431,0.217,0.217,0.225,0.213
0.251,0.067,0.356,0.355,0.431,0.217,0.217,0.225,0.213,0.227
0.067,0.356,0.355,0.431,0.217,0.217,0.225,0.213,0.227,0.227
0.356,0.355,0.431,0.217,0.217,0.225,0.213,0.227,0.227,0.201
0.355,0.431,0.217,0.217,0.225,0.213,0.227,0.227,0.201,0.155
0.431,0.217,0.217,0.225,0.213,0.227,0.227,0.201,0.155,0.119
0.217,0.217,0.225,0.213,0.227,0.227,0.201,0.155,0.119,0.121
0.217,0.225,0.213,0.227,0.227,0.201,0.155,0.119,0.121,0.121
0.225,0.213,0.227,0.227,0.201,0.155,0.119,0.121,0.121,0.102
0.213,0.227,0.227,0.201,0.155,0.119,0.121,0.121,0.102,0.102
0.227,0.227,0.201,0.155,0.119,0.121,0.121,0.102,0.102,0.186
0.227,0.201,0.155,0.119,0.121,0.121,0.102,0.102,0.186,0.129
0.201,0.155,0.119,0.121,0.121,0.102,0.102,0.186,0.129,0.216
0.155,0.119,0.121,0.121,0.102,0.102,0.186,0.129,0.216,0.215
0.119,0.121,0.121,0.102,0.102,0.186,0.129,0.216,0.215,0.224
0.121,0.121,0.102,0.102,0.186,0.129,0.216,0.215,0.224,0.151
0.121,0.102,0.102,0.186,0.129,0.216,0.215,0.224,0.151,0.151
0.102,0.102,0.186,0.129,0.216,0.215,0.224,0.151,0.151,0.12
0.102,0.186,0.129,0.216,0.215,0.224,0.151,0.151,0.12,0.216
0.186,0.129,0.216,0.215,0.224,0.151,0.151,0.12,0.216,0.122
0.129,0.216,0.215,0.224,0.151,0.151,0.12,0.216,0.122,0.103
0.216,0.215,0.224,0.151,0.151,0.12,0.216,0.122,0.103,0.207
0.215,0.224,0.151,0.151,0.12,0.216,0.122,0.103,0.207,0.205
0.224,0.151,0.151,0.12,0.216,0.122,0.103,0.207,0.205,0.205
0.151,0.151,0.12,0.216,0.122,0.103,0.207,0.205,0.205,0.205
0.151,0.12,0.216,0.122,0.103,0.207,0.205,0.205,0.205,0.12
0.12,0.216,0.122,0.103,0.207,0.205,0.205,0.205,0.12,0.12
0.216,0.122,0.103,0.207,0.205,0.205,0.205,0.12,0.12,0.12
0.122,0.103,0.207,0.205,0.205,0.205,0.12,0.12,0.12,0.12
0.103,0.207,0.205,0.205,0.205,0.12,0.12,0.12,0.12,0.107
0.207,0.205,0.205,0.205,0.12,0.12,0.12,0.12,0.107,0.085
0.205,0.205,0.205,0.12,0.12,0.12,0.12,0.107,0.085,0.089
0.205,0.205,0.12,0.12,0.12,0.12,0.107,0.085,0.089,0.08
0.205,0.12,0.12,0.12,0.12,0.107,0.085,0.089,0.08,0.22
0.12,0.12,0.12,0.12,0.107,0.085,0.089,0.08,0.22,0.199
0.12,0.12,0.12,0.107,0.085,0.089,0.08,0.22,0.199,0.098
0.12,0.12,0.107,0.085,0.089,0.08,0.22,0.199,0.098,0.098
0.12,0.107,0.085,0.089,0.08,0.22,0.199,0.098,0.098,0.098
0.107,0.085,0.089,0.08,0.22,0.199,0.098,0.098,0.098,0.187
0.085,0.089,0.08,0.22,0.199,0.098,0.098,0.098,0.187,0.084
0.089,0.08,0.22,0.199,0.098,0.098,0.098,0.187,0.084,0.212
0.08,0.22,0.199,0.098,0.098,0.098,0.187,0.084,0.212,0.213
0.22,0.199,0.098,0.098,0.098,0.187,0.084,0.212,0.213,0.097
0.199,0.098,0.098,0.098,0.187,0.084,0.212,0.213,0.097,0.208
0.098,0.098,0.098,0.187,0.084,0.212,0.213,0.097,0.208,0.317
0.098,0.098,0.187,0.084,0.212,0.213,0.097,0.208,0.317,0.204
0.098,0.187,0.084,0.212,0.213,0.097,0.208,0.317,0.204,0.33
0.187,0.084,0.212,0.213,0.097,0.208,0.317,0.204,0.33,0.591
0.084,0.212,0.213,0.097,0.208,0.317,0.204,0.33,0.591,0.436
0.212,0.213,0.097,0.208,0.317,0.204,0.33,0.591,0.436,0.323
0.213,0.097,0.208,0.317,0.204,0.33,0.591,0.436,0.323,0.323
0.097,0.208,0.317,0.204,0.33,0.591,0.436,0.323,0.323,0.331
0.208,0.317,0.204,0.33,0.591,0.436,0.323,0.323,0.331,0.315
0.317,0.204,0.33,0.591,0.436,0.323,0.323,0.331,0.315,0.339
0.204,0.33,0.591,0.436,0.323,0.323,0.331,0.315,0.339,0.344
0.33,0.591,0.436,0.323,0.323,0.331,0.315,0.339,0.344,0.32
0.591,0.436,0.323,0.323,0.331,0.315,0.339,0.344,0.32,0.321
0.436,0.323,0.323,0.331,0.315,0.339,0.344,0.32,0.321,0.196
0.323,0.323,0.331,0.315,0.339,0.344,0.32,0.321,0.196,0.319
0.323,0.331,0.315,0.339,0.344,0.32,0.321,0.196,0.319,0.334
0.331,0.315,0.339,0.344,0.32,0.321,0.196,0.319,0.334,0.326
0.315,0.339,0.344,0.32,0.321,0.196,0.319,0.334,0.326,0.392
0.339,0.344,0.32,0.321,0.196,0.319,0.334,0.326,0.392,0.353
0.344,0.32,0.321,0.196,0.319,0.334,0.326,0.392,0.353,0.512
0.32,0.321,0.196,0.319,0.334,0.326,0.392,0.353,0.512,0.336
0.321,0.196,0.319,0.334,0.326,0.392,0.353,0.512,0.336,0.423
0.196,0.319,0.334,0.326,0.392,0.353,0.512,0.336,0.423,0.228
0.319,0.334,0.326,0.392,0.353,0.512,0.336,0.423,0.228,0.36
0.334,0.326,0.392,0.353,0.512,0.336,0.423,0.228,0.36,0.328
0.326,0.392,0.353,0.512,0.336,0.423,0.228,0.36,0.328,0.223
0.392,0.353,0.512,0.336,0.423,0.228,0.36,0.328,0.223,0.203
0.353,0.512,0.336,0.423,0.228,0.36,0.328,0.223,0.203,0.235
0.512,0.336,0.423,0.228,0.36,0.328,0.223,0.203,0.235,0.105
0.336,0.423,0.228,0.36,0.328,0.223,0.203,0.235,0.105,0.363
0.423,0.228,0.36,0.328,0.223,0.203,0.235,0.105,0.363,0.216
0.228,0.36,0.328,0.223,0.203,0.235,0.105,0.363,0.216,0.311
0.36,0.328,0.223,0.203,0.235,0.105,0.363,0.216,0.311,0.325
0.328,0.223,0.203,0.235,0.105,0.363,0.216,0.311,0.325,0.203
0.223,0.203,0.235,0.105,0.363,0.216,0.311,0.325,0.203,0.347
0.203,0.235,0.105,0.363,0.216,0.311,0.325,0.203,0.347,0.212
0.235,0.105,0.363,0.216,0.311,0.325,0.203,0.347,0.212,0.198
0.105,0.363,0.216,0.311,0.325,0.203,0.347,0.212,0.198,0.222
0.363,0.216,0.311,0.325,0.203,0.347,0.212,0.198,0.222,0.339
0.216,0.311,0.325,0.203,0.347,0.212,0.198,0.222,0.339,0.211
0.311,0.325,0.203,0.347,0.212,0.198,0.222,0.339,0.211,0.194
0.325,0.203,0.347,0.212,0.198,0.222,0.339,0.211,0.194,0.581
0.203,0.347,0.212,0.198,0.222,0.339,0.211,0.194,0.581,0.803
0.347,0.212,0.198,0.222,0.339,0.211,0.194,0.581,0.803,0.685
0.212,0.198,0.222,0.339,0.211,0.194,0.581,0.803,0.685,0.47
0.198,0.222,0.339,0.211,0.194,0.581,0.803,0.685,0.47,0.459
0.222,0.339,0.211,0.194,0.581,0.803,0.685,0.47,0.459,0.44
0.339,0.211,0.194,0.581,0.803,0.685,0.47,0.459,0.44,0.463
0.211,0.194,0.581,0.803,0.685,0.47,0.459,0.44,0.463,0.333
0.194,0.581,0.803,0.685,0.47,0.459,0.44,0.463,0.333,0.331
0.581,0.803,0.685,0.47,0.459,0.44,0.463,0.333,0.331,0.198
0.803,0.685,0.47,0.459,0.44,0.463,0.333,0.331,0.198,0.335
0.685,0.47,0.459,0.44,0.463,0.333,0.331,0.198,0.335,0.341
0.47,0.459,0.44,0.463,0.333,0.331,0.198,0.335,0.341,0.26
0.459,0.44,0.463,0.333,0.331,0.198,0.335,0.341,0.26,0.293
0.44,0.463,0.333,0.331,0.198,0.335,0.341,0.26,0.293,0.334
0.463,0.333,0.331,0.198,0.335,0.341,0.26,0.293,0.334,0.326
0.333,0.331,0.198,0.335,0.341,0.26,0.293,0.334,0.326,0.329
0.331,0.198,0.335,0.341,0.26,0.293,0.334,0.326,0.329,0.444
0.198,0.335,0.341,0.26,0.293,0.334,0.326,0.329,0.444,0.335
0.335,0.341,0.26,0.293,0.334,0.326,0.329,0.444,0.335,0.317
0.341,0.26,0.293,0.334,0.326,0.329,0.444,0.335,0.317,0.559
0.26,0.293,0.334,0.326,0.329,0.444,0.335,0.317,0.559,0.443
0.293,0.334,0.326,0.329,0.444,0.335,0.317,0.559,0.443,0.319
0.334,0.326,0.329,0.444,0.335,0.317,0.559,0.443,0.319,0.319
0.326,0.329,0.444,0.335,0.317,0.559,0.443,0.319,0.319,0.312
0.329,0.444,0.335,0.317,0.559,0.443,0.319,0.319,0.312,0.361
0.444,0.335,0.317,0.559,0.443,0.319,0.319,0.312,0.361,0.252
0.335,0.317,0.559,0.443,0.319,0.319,0.312,0.361,0.252,0.263
0.317,0.559,0.443,0.319,0.319,0.312,0.361,0.252,0.263,0.365
0.559,0.443,0.319,0.319,0.312,0.361,0.252,0.263,0.365,0.358
0.443,0.319,0.319,0.312,0.361,0.252,0.263,0.365,0.358,0.358
0.319,0.319,0.312,0.361,0.252,0.263,0.365,0.358,0.358,0.852
0.319,0.312,0.361,0.252,0.263,0.365,0.358,0.358,0.852,1.329
0.312,0.361,0.252,0.263,0.365,0.358,0.358,0.852,1.329,1.369
0.361,0.252,0.263,0.365,0.358,0.358,0.852,1.329,1.369,1.382
0.252,0.263,0.365,0.358,0.358,0.852,1.329,1.369,1.382,1.381
0.263,0.365,0.358,0.358,0.852,1.329,1.369,1.382,1.381,1.261
0.365,0.358,0.358,0.852,1.329,1.369,1.382,1.381,1.261,1.267
0.358,0.358,0.852,1.329,1.369,1.382,1.381,1.261,1.267,1.176
0.358,0.852,1.329,1.369,1.382,1.381,1.261,1.267,1.176,1.157
0.852,1.329,1.369,1.382,1.381,1.261,1.267,1.176,1.157,1.176
1.329,1.369,1.382,1.381,1.261,1.267,1.176,1.157,1.176,0.947
1.369,1.382,1.381,1.261,1.267,1.176,1.157,1.176,0.947,1.051
1.382,1.381,1.261,1.267,1.176,1.157,1.176,0.947,1.051,0.806
1.381,1.261,1.267,1.176,1.157,1.176,0.947,1.051,0.806,0.932
1.261,1.267,1.176,1.157,1.176,0.947,1.051,0.806,0.932,0.9
1.267,1.176,1.157,1.176,0.947,1.051,0.806,0.932,0.9,0.837
1.176,1.157,1.176,0.947,1.051,0.806,0.932,0.9,0.837,0.965
1.157,1.176,0.947,1.051,0.806,0.932,0.9,0.837,0.965,0.831
1.176,0.947,1.051,0.806,0.932,0.9,0.837,0.965,0.831,0.81
0.947,1.051,0.806,0.932,0.9,0.837,0.965,0.831,0.81,0.554
1.051,0.806,0.932,0.9,0.837,0.965,0.831,0.81,0.554,0.684
0.806,0.932,0.9,0.837,0.965,0.831,0.81,0.554,0.684,0.683
0.932,0.9,0.837,0.965,0.831,0.81,0.554,0.684,0.683,0.57
0.9,0.837,0.965,0.831,0.81,0.554,0.684,0.683,0.57,0.686
0.837,0.965,0.831,0.81,0.554,0.684,0.683,0.57,0.686,0.557
0.965,0.831,0.81,0.554,0.684,0.683,0.57,0.686,0.557,0.514
0.831,0.81,0.554,0.684,0.683,0.57,0.686,0.557,0.514,0.591
0.81,0.554,0.684,0.683,0.57,0.686,0.557,0.514,0.591,0.683
0.554,0.684,0.683,0.57,0.686,0.557,0.514,0.591,0.683,0.561
0.684,0.683,0.57,0.686,0.557,0.514,0.591,0.683,0.561,0.438
0.683,0.57,0.686,0.557,0.514,0.591,0.683,0.561,0.438,0.574
0.57,0.686,0.557,0.514,0.591,0.683,0.561,0.438,0.574,0.702
0.686,0.557,0.514,0.591,0.683,0.561,0.438,0.574,0.702,1.426
0.557,0.514,0.591,0.683,0.561,0.438,0.574,0.702,1.426,1.556
0.514,0.591,0.683,0.561,0.438,0.574,0.702,1.426,1.556,2.192
0.591,0.683,0.561,0.438,0.574,0.702,1.426,1.556,2.192,2.933
0.683,0.561,0.438,0.574,0.702,1.426,1.556,2.192,2.933,3.3
0.561,0.438,0.574,0.702,1.426,1.556,2.192,2.933,3.3,2.847
0.438,0.574,0.702,1.426,1.556,2.192,2.933,3.3,2.847,2.956
0.574,0.702,1.426,1.556,2.192,2.933,3.3,2.847,2.956,2.805
0.702,1.426,1.556,2.192,2.933,3.3,2.847,2.956,2.805,2.65
1.426,1.556,2.192,2.933,3.3,2.847,2.956,2.805,2.65,2.819
1.556,2.192,2.933,3.3,2.847,2.956,2.805,2.65,2.819,2.965
2.192,2.933,3.3,2.847,2.956,2.805,2.65,2.819,2.965,2.493
2.933,3.3,2.847,2.956,2.805,2.65,2.819,2.965,2.493,2.651
3.3,2.847,2.956,2.805,2.65,2.819,2.965,2.493,2.651,3.448
2.847,2.956,2.805,2.65,2.819,2.965,2.493,2.651,3.448,4.498
2.956,2.805,2.65,2.819,2.965,2.493,2.651,3.448,4.498,4.407
2.805,2.65,2.819,2.965,2.493,2.651,3.448,4.498,4.407,5.135
2.65,2.819,2.965,2.493,2.651,3.448,4.498,4.407,5.135,3.969
2.819,2.965,2.493,2.651,3.448,4.498,4.407,5.135,3.969,3.613
2.965,2.493,2.651,3.448,4.498,4.407,5.135,3.969,3.613,3.23
2.493,2.651,3.448,4.498,4.407,5.135,3.969,3.613,3.23,2.61
2.651,3.448,4.498,4.407,5.135,3.969,3.613,3.23,2.61,2.618
3.448,4.498,4.407,5.135,3.969,3.613,3.23,2.61,2.618,2.219
4.498,4.407,5.135,3.969,3.613,3.23,2.61,2.618,2.219,1.846
4.407,5.135,3.969,3.613,3.23,2.61,2.618,2.219,1.846,1.726
5.135,3.969,3.613,3.23,2.61,2.618,2.219,1.846,1.726,1.616
3.969,3.613,3.23,2.61,2.618,2.219,1.846,1.726,1.616,1.743
3.613,3.23,2.61,2.618,2.219,1.846,1.726,1.616,1.743,1.473
3.23,2.61,2.618,2.219,1.846,1.726,1.616,1.743,1.473,1.357
2.61,2.618,2.219,1.846,1.726,1.616,1.743,1.473,1.357,1.504
2.618,2.219,1.846,1.726,1.616,1.743,1.473,1.357,1.504,1.389
2.219,1.846,1.726,1.616,1.743,1.473,1.357,1.504,1.389,1.124
1.846,1.726,1.616,1.743,1.473,1.357,1.504,1.389,1.124,1.223
1.726,1.616,1.743,1.473,1.357,1.504,1.389,1.124,1.223,1.186
1.616,1.743,1.473,1.357,1.504,1.389,1.124,1.223,1.186,0.931
1.743,1.473,1.357,1.504,1.389,1.124,1.223,1.186,0.931,0.971
1.473,1.357,1.504,1.389,1.124,1.223,1.186,0.931,0.971,0.961
1.357,1.504,1.389,1.124,1.223,1.186,0.931,0.971,0.961,1.244
1.504,1.389,1.124,1.223,1.186,0.931,0.971,0.961,1.244,1.731
1.389,1.124,1.223,1.186,0.931,0.971,0.961,1.244,1.731,1.478
1.124,1.223,1.186,0.931,0.971,0.961,1.244,1.731,1.478,1.432
1.223,1.186,0.931,0.971,0.961,1.244,1.731,1.478,1.432,1.83
1.186,0.931,0.971,0.961,1.244,1.731,1.478,1.432,1.83,1.557
0.931,0.971,0.961,1.244,1.731,1.478,1.432,1.83,1.557,1.507
0.971,0.961,1.244,1.731,1.478,1.432,1.83,1.557,1.507,1.471
0.961,1.244,1.731,1.478,1.432,1.83,1.557,1.507,1.471,1.396
1.244,1.731,1.478,1.432,1.83,1.557,1.507,1.471,1.396,1.283
1.731,1.478,1.432,1.83,1.557,1.507,1.471,1.396,1.283,1.389
1.478,1.432,1.83,1.557,1.507,1.471,1.396,1.283,1.389,1.483
1.432,1.83,1.557,1.507,1.471,1.396,1.283,1.389,1.483,1.241
1.83,1.557,1.507,1.471,1.396,1.283,1.389,1.483,1.241,1.349
1.557,1.507,1.471,1.396,1.283,1.389,1.483,1.241,1.349,1.226
1.507,1.471,1.396,1.283,1.389,1.483,1.241,1.349,1.226,1.209
1.471,1.396,1.283,1.389,1.483,1.241,1.349,1.226,1.209,0.983
1.396,1.283,1.389,1.483,1.241,1.349,1.226,1.209,0.983,1.028
1.283,1.389,1.483,1.241,1.349,1.226,1.209,0.983,1.028,0.93
1.389,1.483,1.241,1.349,1.226,1.209,0.983,1.028,0.93,1.192
1.483,1.241,1.349,1.226,1.209,0.983,1.028,0.93,1.192,1.026
1.241,1.349,1.226,1.209,0.983,1.028,0.93,1.192,1.026,0.989
1.349,1.226,1.209,0.983,1.028,0.93,1.192,1.026,0.989,0.804
1.226,1.209,0.983,1.028,0.93,1.192,1.026,0.989,0.804,0.806
1.209,0.983,1.028,0.93,1.192,1.026,0.989,0.804,0.806,0.85
0.983,1.028,0.93,1.192,1.026,0.989,0.804,0.806,0.85,0.701
1.028,0.93,1.192,1.026,0.989,0.804,0.806,0.85,0.701,0.598
0.93,1.192,1.026,0.989,0.804,0.806,0.85,0.701,0.598,0.537
1.192,1.026,0.989,0.804,0.806,0.85,0.701,0.598,0.537,0.519
1.026,0.989,0.804,0.806,0.85,0.701,0.598,0.537,0.519,0.488
0.989,0.804,0.806,0.85,0.701,0.598,0.537,0.519,0.488,0.622
0.804,0.806,0.85,0.701,0.598,0.537,0.519,0.488,0.622,0.613
0.806,0.85,0.701,0.598,0.537,0.519,0.488,0.622,0.613,0.479
0.85,0.701,0.598,0.537,0.519,0.488,0.622,0.613,0.479,0.426
0.701,0.598,0.537,0.519,0.488,0.622,0.613,0.479,0.426,0.443
0.598,0.537,0.519,0.488,0.622,0.613,0.479,0.426,0.443,0.468
0.537,0.519,0.488,0.622,0.613,0.479,0.426,0.443,0.468,0.477
0.519,0.488,0.622,0.613,0.479,0.426,0.443,0.468,0.477,0.369
0.488,0.622,0.613,0.479,0.426,0.443,0.468,0.477,0.369,0.195
0.622,0.613,0.479,0.426,0.443,0.468,0.477,0.369,0.195,0.273
0.613,0.479,0.426,0.443,0.468,0.477,0.369,0.195,0.273,0.323
0.479,0.426,0.443,0.468,0.477,0.369,0.195,0.273,0.323,0.374
0.426,0.443,0.468,0.477,0.369,0.195,0.273,0.323,0.374,0.256
0.443,0.468,0.477,0.369,0.195,0.273,0.323,0.374,0.256,0.173
0.468,0.477,0.369,0.195,0.273,0.323,0.374,0.256,0.173,0.23
0.477,0.369,0.195,0.273,0.323,0.374,0.256,0.173,0.23,0.515
0.369,0.195,0.273,0.323,0.374,0.256,0.173,0.23,0.515,0.24
0.195,0.273,0.323,0.374,0.256,0.173,0.23,0.515,0.24,0.453
0.273,0.323,0.374,0.256,0.173,0.23,0.515,0.24,0.453,0.504
0.323,0.374,0.256,0.173,0.23,0.515,0.24,0.453,0.504,0.5
0.374,0.256,0.173,0.23,0.515,0.24,0.453,0.504,0.5,0.871
0.256,0.173,0.23,0.515,0.24,0.453,0.504,0.5,0.871,0.355
0.173,0.23,0.515,0.24,0.453,0.504,0.5,0.871,0.355,0.386
0.23,0.515,0.24,0.453,0.504,0.5,0.871,0.355,0.386,0.388
0.515,0.24,0.453,0.504,0.5,0.871,0.355,0.386,0.388,0.474
0.24,0.453,0.504,0.5,0.871,0.355,0.386,0.388,0.474,0.378
0.453,0.504,0.5,0.871,0.355,0.386,0.388,0.474,0.378,0.503
0.504,0.5,0.871,0.355,0.386,0.388,0.474,0.378,0.503,0.513
0.5,0.871,0.355,0.386,0.388,0.474,0.378,0.503,0.513,0.51
0.871,0.355,0.386,0.388,0.474,0.378,0.503,0.513,0.51,0.26
0.355,0.386,0.388,0.474,0.378,0.503,0.513,0.51,0.26,0.379
0.386,0.388,0.474,0.378,0.503,0.513,0.51,0.26,0.379,0.413
0.388,0.474,0.378,0.503,0.513,0.51,0.26,0.379,0.413,0.245
0.474,0.378,0.503,0.513,0.51,0.26,0.379,0.413,0.245,0.518
0.378,0.503,0.513,0.51,0.26,0.379,0.413,0.245,0.518,0.515
0.503,0.513,0.51,0.26,0.379,0.413,0.245,0.518,0.515,0.39
0.513,0.51,0.26,0.379,0.413,0.245,0.518,0.515,0.39,0.335
0.51,0.26,0.379,0.413,0.245,0.518,0.515,0.39,0.335,0.221
0.26,0.379,0.413,0.245,0.518,0.515,0.39,0.335,0.221,0.221
0.379,0.413,0.245,0.518,0.515,0.39,0.335,0.221,0.221,0.372
0.413,0.245,0.518,0.515,0.39,0.335,0.221,0.221,0.372,0.361
0.245,0.518,0.515,0.39,0.335,0.221,0.221,0.372,0.361,0.11
0.518,0.515,0.39,0.335,0.221,0.221,0.372,0.361,0.11,0.258
0.515,0.39,0.335,0.221,0.221,0.372,0.361,0.11,0.258,0.1
0.39,0.335,0.221,0.221,0.372,0.361,0.11,0.258,0.1,0.35
0.335,0.221,0.221,0.372,0.361,0.11,0.258,0.1,0.35,0.297
0.221,0.221,0.372,0.361,0.11,0.258,0.1,0.35,0.297,0.112
0.221,0.372,0.361,0.11,0.258,0.1,0.35,0.297,0.112,0.068
0.372,0.361,0.11,0.258,0.1,0.35,0.297,0.112,0.068,0.068
0.361,0.11,0.258,0.1,0.35,0.297,0.112,0.068,0.068,0.068
0.11,0.258,0.1,0.35,0.297,0.112,0.068,0.068,0.068,0.068
0.258,0.1,0.35,0.297,0.112,0.068,0.068,0.068,0.068,0.068
0.1,0.35,0.297,0.112,0.068,0.068,0.068,0.068,0.068,0.068
0.35,0.297,0.112,0.068,0.068,0.068,0.068,0.068,0.068,6.473
0.297,0.112,0.068,0.068,0.068,0.068,0.068,0.068,6.473,3.507
0.112,0.068,0.068,0.068,0.068,0.068,0.068,6.473,3.507,2.214
0.068,0.068,0.068,0.068,0.068,0.068,6.473,3.507,2.214,1.803
0.068,0.068,0.068,0.068,0.068,6.473,3.507,2.214,1.803,1.464
0.068,0.068,0.068,0.068,6.473,3.507,2.214,1.803,1.464,1.243
0.068,0.068,0.068,6.473,3.507,2.214,1.803,1.464,1.243,1.288
0.068,0.068,6.473,3.507,2.214,1.803,1.464,1.243,1.288,0.974
0.068,6.473,3.507,2.214,1.803,1.464,1.243,1.288,0.974,1.284
6.473,3.507,2.214,1.803,1.464,1.243,1.288,0.974,1.284,1.87
3.507,2.214,1.803,1.464,1.243,1.288,0.974,1.284,1.87,1.205
2.214,1.803,1.464,1.243,1.288,0.974,1.284,1.87,1.205,1.217
1.803,1.464,1.243,1.288,0.974,1.284,1.87,1.205,1.217,0.973
1.464,1.243,1.288,0.974,1.284,1.87,1.205,1.217,0.973,0.838
1.243,1.288,0.974,1.284,1.87,1.205,1.217,0.973,0.838,0.961
1.288,0.974,1.284,1.87,1.205,1.217,0.973,0.838,0.961,0.846
0.974,1.284,1.87,1.205,1.217,0.973,0.838,0.961,0.846,0.71
1.284,1.87,1.205,1.217,0.973,0.838,0.961,0.846,0.71,0.648
1.87,1.205,1.217,0.973,0.838,0.961,0.846,0.71,0.648,0.535
1.205,1.217,0.973,0.838,0.961,0.846,0.71,0.648,0.535,0.501
1.217,0.973,0.838,0.961,0.846,0.71,0.648,0.535,0.501,0.532
0.973,0.838,0.961,0.846,0.71,0.648,0.535,0.501,0.532,0.552
0.838,0.961,0.846,0.71,0.648,0.535,0.501,0.532,0.552,0.499
0.961,0.846,0.71,0.648,0.535,0.501,0.532,0.552,0.499,0.426
0.846,0.71,0.648,0.535,0.501,0.532,0.552,0.499,0.426,0.526
0.71,0.648,0.535,0.501,0.532,0.552,0.499,0.426,0.526,0.412
0.648,0.535,0.501,0.532,0.552,0.499,0.426,0.526,0.412,0.421
0.535,0.501,0.532,0.552,0.499,0.426,0.526,0.412,0.421,0.401
0.501,0.532,0.552,0.499,0.426,0.526,0.412,0.421,0.401,0.549
0.532,0.552,0.499,0.426,0.526,0.412,0.421,0.401,0.549,0.522
0.552,0.499,0.426,0.526,0.412,0.421,0.401,0.549,0.522,0.401
0.499,0.426,0.526,0.412,0.421,0.401,0.549,0.522,0.401,0.367
0.426,0.526,0.412,0.421,0.401,0.549,0.522,0.401,0.367,0.265
0.526,0.412,0.421,0.401,0.549,0.522,0.401,0.367,0.265,0.39
0.412,0.421,0.401,0.549,0.522,0.401,0.367,0.265,0.39,0.39
0.421,0.401,0.549,0.522,0.401,0.367,0.265,0.39,0.39,0.39
0.401,0.549,0.522,0.401,0.367,0.265,0.39,0.39,0.39,0.253
0.549,0.522,0.401,0.367,0.265,0.39,0.39,0.39,0.253,0.389
0.522,0.401,0.367,0.265,0.39,0.39,0.39,0.253,0.389,0.217
0.401,0.367,0.265,0.39,0.39,0.39,0.253,0.389,0.217,0.177
0.367,0.265,0.39,0.39,0.39,0.253,0.389,0.217,0.177,0.32
0.265,0.39,0.39,0.39,0.253,0.389,0.217,0.177,0.32,0.314
0.39,0.39,0.39,0.253,0.389,0.217,0.177,0.32,0.314,0.345
0.39,0.39,0.253,0.389,0.217,0.177,0.32,0.314,0.345,0.212
0.39,0.253,0.389,0.217,0.177,0.32,0.314,0.345,0.212,0.558
0.253,0.389,0.217,0.177,0.32,0.314,0.345,0.212,0.558,0.351
0.389,0.217,0.177,0.32,0.314,0.345,0.212,0.558,0.351,0.203
0.217,0.177,0.32,0.314,0.345,0.212,0.558,0.351,0.203,0.215
0.177,0.32,0.314,0.345,0.212,0.558,0.351,0.203,0.215,0.228
0.32,0.314,0.345,0.212,0.558,0.351,0.203,0.215,0.228,0.131
0.314,0.345,0.212,0.558,0.351,0.203,0.215,0.228,0.131,0.131
0.345,0.212,0.558,0.351,0.203,0.215,0.228,0.131,0.131,0.131
0.212,0.558,0.351,0.203,0.215,0.228,0.131,0.131,0.131,0.131
0.558,0.351,0.203,0.215,0.228,0.131,0.131,0.131,0.131,0.131
0.351,0.203,0.215,0.228,0.131,0.131,0.131,0.131,0.131,0.156
0.203,0.215,0.228,0.131,0.131,0.131,0.131,0.131,0.156,0.192
0.215,0.228,0.131,0.131,0.131,0.131,0.131,0.156,0.192,0.352
0.228,0.131,0.131,0.131,0.131,0.131,0.156,0.192,0.352,0.36
0.131,0.131,0.131,0.131,0.131,0.156,0.192,0.352,0.36,0.207
0.131,0.131,0.131,0.131,0.156,0.192,0.352,0.36,0.207,0.245
0.131,0.131,0.131,0.156,0.192,0.352,0.36,0.207,0.245,0.205
0.131,0.131,0.156,0.192,0.352,0.36,0.207,0.245,0.205,0.2
0.131,0.156,0.192,0.352,0.36,0.207,0.245,0.205,0.2,0.312
0.156,0.192,0.352,0.36,0.207,0.245,0.205,0.2,0.312,0.351
0.192,0.352,0.36,0.207,0.245,0.205,0.2,0.312,0.351,0.445
0.352,0.36,0.207,0.245,0.205,0.2,0.312,0.351,0.445,0.721
0.36,0.207,0.245,0.205,0.2,0.312,0.351,0.445,0.721,0.581
0.207,0.245,0.205,0.2,0.312,0.351,0.445,0.721,0.581,0.582
0.245,0.205,0.2,0.312,0.351,0.445,0.721,0.581,0.582,0.707
0.205,0.2,0.312,0.351,0.445,0.721,0.581,0.582,0.707,0.601
0.2,0.312,0.351,0.445,0.721,0.581,0.582,0.707,0.601,0.436
0.312,0.351,0.445,0.721,0.581,0.582,0.707,0.601,0.436,0.457
0.351,0.445,0.721,0.581,0.582,0.707,0.601,0.436,0.457,0.323
0.445,0.721,0.581,0.582,0.707,0.601,0.436,0.457,0.323,0.586
0.721,0.581,0.582,0.707,0.601,0.436,0.457,0.323,0.586,0.45
0.581,0.582,0.707,0.601,0.436,0.457,0.323,0.586,0.45,0.837
0.582,0.707,0.601,0.436,0.457,0.323,0.586,0.45,0.837,0.875
0.707,0.601,0.436,0.457,0.323,0.586,0.45,0.837,0.875,0.586
0.601,0.436,0.457,0.323,0.586,0.45,0.837,0.875,0.586,0.457
0.436,0.457,0.323,0.586,0.45,0.837,0.875,0.586,0.457,0.458
0.457,0.323,0.586,0.45,0.837,0.875,0.586,0.457,0.458,0.525
0.323,0.586,0.45,0.837,0.875,0.586,0.457,0.458,0.525,0.61
0.586,0.45,0.837,0.875,0.586,0.457,0.458,0.525,0.61,0.45
0.45,0.837,0.875,0.586,0.457,0.458,0.525,0.61,0.45,0.459
0.837,0.875,0.586,0.457,0.458,0.525,0.61,0.45,0.459,0.32
0.875,0.586,0.457,0.458,0.525,0.61,0.45,0.459,0.32,0.905
0.586,0.457,0.458,0.525,0.61,0.45,0.459,0.32,0.905,0.524
0.457,0.458,0.525,0.61,0.45,0.459,0.32,0.905,0.524,0.506
0.458,0.525,0.61,0.45,0.459,0.32,0.905,0.524,0.506,0.58
0.525,0.61,0.45,0.459,0.32,0.905,0.524,0.506,0.58,0.573
0.61,0.45,0.459,0.32,0.905,0.524,0.506,0.58,0.573,0.632
0.45,0.459,0.32,0.905,0.524,0.506,0.58,0.573,0.632,0.462
0.459,0.32,0.905,0.524,0.506,0.58,0.573,0.632,0.462,0.463
0.32,0.905,0.524,0.506,0.58,0.573,0.632,0.462,0.463,0.484
0.905,0.524,0.506,0.58,0.573,0.632,0.462,0.463,0.484,0.463
0.524,0.506,0.58,0.573,0.632,0.462,0.463,0.484,0.463,0.365
0.506,0.58,0.573,0.632,0.462,0.463,0.484,0.463,0.365,0.403
0.58,0.573,0.632,0.462,0.463,0.484,0.463,0.365,0.403,0.421
0.573,0.632,0.462,0.463,0.484,0.463,0.365,0.403,0.421,0.345
0.632,0.462,0.463,0.484,0.463,0.365,0.403,0.421,0.345,0.482
0.462,0.463,0.484,0.463,0.365,0.403,0.421,0.345,0.482,0.349
0.463,0.484,0.463,0.365,0.403,0.421,0.345,0.482,0.349,0.356
0.484,0.463,0.365,0.403,0.421,0.345,0.482,0.349,0.356,0.355
0.463,0.365,0.403,0.421,0.345,0.482,0.349,0.356,0.355,0.319
0.365,0.403,0.421,0.345,0.482,0.349,0.356,0.355,0.319,0.356
0.403,0.421,0.345,0.482,0.349,0.356,0.355,0.319,0.356,0.346
0.421,0.345,0.482,0.349,0.356,0.355,0.319,0.356,0.346,0.497
0.345,0.482,0.349,0.356,0.355,0.319,0.356,0.346,0.497,0.466
0.482,0.349,0.356,0.355,0.319,0.356,0.346,0.497,0.466,0.352
0.349,0.356,0.355,0.319,0.356,0.346,0.497,0.466,0.352,0.603
0.356,0.355,0.319,0.356,0.346,0.497,0.466,0.352,0.603,0.352
0.355,0.319,0.356,0.346,0.497,0.466,0.352,0.603,0.352,0.432
0.319,0.356,0.346,0.497,0.466,0.352,0.603,0.352,0.432,0.323
0.356,0.346,0.497,0.466,0.352,0.603,0.352,0.432,0.323,0.451
0.346,0.497,0.466,0.352,0.603,0.352,0.432,0.323,0.451,0.407
0.497,0.466,0.352,0.603,0.352,0.432,0.323,0.451,0.407,0.348
0.466,0.352,0.603,0.352,0.432,0.323,0.451,0.407,0.348,0.413
0.352,0.603,0.352,0.432,0.323,0.451,0.407,0.348,0.413,0.223
0.603,0.352,0.432,0.323,0.451,0.407,0.348,0.413,0.223,0.488
0.352,0.432,0.323,0.451,0.407,0.348,0.413,0.223,0.488,0.327
0.432,0.323,0.451,0.407,0.348,0.413,0.223,0.488,0.327,0.335
0.323,0.451,0.407,0.348,0.413,0.223,0.488,0.327,0.335,0.346
0.451,0.407,0.348,0.413,0.223,0.488,0.327,0.335,0.346,0.14
0.407,0.348,0.413,0.223,0.488,0.327,0.335,0.346,0.14,0.476
0.348,0.413,0.223,0.488,0.327,0.335,0.346,0.14,0.476,1.284
0.413,0.223,0.488,0.327,0.335,0.346,0.14,0.476,1.284,0.568
0.223,0.488,0.327,0.335,0.346,0.14,0.476,1.284,0.568,0.56
0.488,0.327,0.335,0.346,0.14,0.476,1.284,0.568,0.56,0.393
0.327,0.335,0.346,0.14,0.476,1.284,0.568,0.56,0.393,0.672
0.335,0.346,0.14,0.476,1.284,0.568,0.56,0.393,0.672,0.496
0.346,0.14,0.476,1.284,0.568,0.56,0.393,0.672,0.496,0.595
0.14,0.476,1.284,0.568,0.56,0.393,0.672,0.496,0.595,0.486
0.476,1.284,0.568,0.56,0.393,0.672,0.496,0.595,0.486,0.479
1.284,0.568,0.56,0.393,0.672,0.496,0.595,0.486,0.479,0.475
0.568,0.56,0.393,0.672,0.496,0.595,0.486,0.479,0.475,0.48
0.56,0.393,0.672,0.496,0.595,0.486,0.479,0.475,0.48,0.467
0.393,0.672,0.496,0.595,0.486,0.479,0.475,0.48,0.467,0.591
0.672,0.496,0.595,0.486,0.479,0.475,0.48,0.467,0.591,0.371
0.496,0.595,0.486,0.479,0.475,0.48,0.467,0.591,0.371,0.73
0.595,0.486,0.479,0.475,0.48,0.467,0.591,0.371,0.73,0.57
0.486,0.479,0.475,0.48,0.467,0.591,0.371,0.73,0.57,0.751
0.479,0.475,0.48,0.467,0.591,0.371,0.73,0.57,0.751,0.506
0.475,0.48,0.467,0.591,0.371,0.73,0.57,0.751,0.506,0.728
0.48,0.467,0.591,0.371,0.73,0.57,0.751,0.506,0.728,1.519
0.467,0.591,0.371,0.73,0.57,0.751,0.506,0.728,1.519,1.446
0.591,0.371,0.73,0.57,0.751,0.506,0.728,1.519,1.446,1.671
0.371,0.73,0.57,0.751,0.506,0.728,1.519,1.446,1.671,2.042
0.73,0.57,0.751,0.506,0.728,1.519,1.446,1.671,2.042,1.889
0.57,0.751,0.506,0.728,1.519,1.446,1.671,2.042,1.889,2.017
0.751,0.506,0.728,1.519,1.446,1.671,2.042,1.889,2.017,1.772
0.506,0.728,1.519,1.446,1.671,2.042,1.889,2.017,1.772,1.923
0.728,1.519,1.446,1.671,2.042,1.889,2.017,1.772,1.923,2.085
1.519,1.446,1.671,2.042,1.889,2.017,1.772,1.923,2.085,4.046
1.446,1.671,2.042,1.889,2.017,1.772,1.923,2.085,4.046,3.437
1.671,2.042,1.889,2.017,1.772,1.923,2.085,4.046,3.437,3.109
2.042,1.889,2.017,1.772,1.923,2.085,4.046,3.437,3.109,2.566
1.889,2.017,1.772,1.923,2.085,4.046,3.437,3.109,2.566,2.454
2.017,1.772,1.923,2.085,4.046,3.437,3.109,2.566,2.454,2.291
1.772,1.923,2.085,4.046,3.437,3.109,2.566,2.454,2.291,2.07
1.923,2.085,4.046,3.437,3.109,2.566,2.454,2.291,2.07,1.484
2.085,4.046,3.437,3.109,2.566,2.454,2.291,2.07,1.484,1.417
4.046,3.437,3.109,2.566,2.454,2.291,2.07,1.484,1.417,1.418
3.437,3.109,2.566,2.454,2.291,2.07,1.484,1.417,1.418,1.173
3.109,2.566,2.454,2.291,2.07,1.484,1.417,1.418,1.173,1.168
2.566,2.454,2.291,2.07,1.484,1.417,1.418,1.173,1.168,1.075
2.454,2.291,2.07,1.484,1.417,1.418,1.173,1.168,1.075,1.206
2.291,2.07,1.484,1.417,1.418,1.173,1.168,1.075,1.206,0.905
2.07,1.484,1.417,1.418,1.173,1.168,1.075,1.206,0.905,1.069
1.484,1.417,1.418,1.173,1.168,1.075,1.206,0.905,1.069,1.26
1.417,1.418,1.173,1.168,1.075,1.206,0.905,1.069,1.26,0.703
1.418,1.173,1.168,1.075,1.206,0.905,1.069,1.26,0.703,0.937
1.173,1.168,1.075,1.206,0.905,1.069,1.26,0.703,0.937,1.125
1.168,1.075,1.206,0.905,1.069,1.26,0.703,0.937,1.125,0.833
1.075,1.206,0.905,1.069,1.26,0.703,0.937,1.125,0.833,0.848
1.206,0.905,1.069,1.26,0.703,0.937,1.125,0.833,0.848,0.948
0.905,1.069,1.26,0.703,0.937,1.125,0.833,0.848,0.948,0.988
1.069,1.26,0.703,0.937,1.125,0.833,0.848,0.948,0.988,0.793
1.26,0.703,0.937,1.125,0.833,0.848,0.948,0.988,0.793,0.71
0.703,0.937,1.125,0.833,0.848,0.948,0.988,0.793,0.71,0.82
0.937,1.125,0.833,0.848,0.948,0.988,0.793,0.71,0.82,0.4
1.125,0.833,0.848,0.948,0.988,0.793,0.71,0.82,0.4,0.55
0.833,0.848,0.948,0.988,0.793,0.71,0.82,0.4,0.55,0.79
0.848,0.948,0.988,0.793,0.71,0.82,0.4,0.55,0.79,0.14
0.948,0.988,0.793,0.71,0.82,0.4,0.55,0.79,0.14,0.54
0.988,0.793,0.71,0.82,0.4,0.55,0.79,0.14,0.54,0.53
0.793,0.71,0.82,0.4,0.55,0.79,0.14,0.54,0.53,0.57
0.71,0.82,0.4,0.55,0.79,0.14,0.54,0.53,0.57,0.43
0.82,0.4,0.55,0.79,0.14,0.54,0.53,0.57,0.43,0.42
0.4,0.55,0.79,0.14,0.54,0.53,0.57,0.43,0.42,0.59
0.55,0.79,0.14,0.54,0.53,0.57,0.43,0.42,0.59,0.57
0.79,0.14,0.54,0.53,0.57,0.43,0.42,0.59,0.57,0.46
0.14,0.54,0.53,0.57,0.43,0.42,0.59,0.57,0.46,0.45
0.54,0.53,0.57,0.43,0.42,0.59,0.57,0.46,0.45,0.45
0.53,0.57,0.43,0.42,0.59,0.57,0.46,0.45,0.45,0.44
0.57,0.43,0.42,0.59,0.57,0.46,0.45,0.45,0.44,0.44
0.43,0.42,0.59,0.57,0.46,0.45,0.45,0.44,0.44,0.57
0.42,0.59,0.57,0.46,0.45,0.45,0.44,0.44,0.57,0.62
0.59,0.57,0.46,0.45,0.45,0.44,0.44,0.57,0.62,1.07
0.57,0.46,0.45,0.45,0.44,0.44,0.57,0.62,1.07,1.17
0.46,0.45,0.45,0.44,0.44,0.57,0.62,1.07,1.17,1.17
0.45,0.45,0.44,0.44,0.57,0.62,1.07,1.17,1.17,1.8
0.45,0.44,0.44,0.57,0.62,1.07,1.17,1.17,1.8,2.72
0.44,0.44,0.57,0.62,1.07,1.17,1.17,1.8,2.72,3.1
0.44,0.57,0.62,1.07,1.17,1.17,1.8,2.72,3.1,6.55
0.57,0.62,1.07,1.17,1.17,1.8,2.72,3.1,6.55,9.58
0.62,1.07,1.17,1.17,1.8,2.72,3.1,6.55,9.58,7.76
1.07,1.17,1.17,1.8,2.72,3.1,6.55,9.58,7.76,5.9
1.17,1.17,1.8,2.72,3.1,6.55,9.58,7.76,5.9,5.12
1.17,1.8,2.72,3.1,6.55,9.58,7.76,5.9,5.12,3.86
1.8,2.72,3.1,6.55,9.58,7.76,5.9,5.12,3.86,3.65
2.72,3.1,6.55,9.58,7.76,5.9,5.12,3.86,3.65,3.19
3.1,6.55,9.58,7.76,5.9,5.12,3.86,3.65,3.19,2.9
6.55,9.58,7.76,5.9,5.12,3.86,3.65,3.19,2.9,2.68
9.58,7.76,5.9,5.12,3.86,3.65,3.19,2.9,2.68,2.24
7.76,5.9,5.12,3.86,3.65,3.19,2.9,2.68,2.24,2.04
5.9,5.12,3.86,3.65,3.19,2.9,2.68,2.24,2.04,2.06
5.12,3.86,3.65,3.19,2.9,2.68,2.24,2.04,2.06,2.2
3.86,3.65,3.19,2.9,2.68,2.24,2.04,2.06,2.2,2.35
3.65,3.19,2.9,2.68,2.24,2.04,2.06,2.2,2.35,1.95
3.19,2.9,2.68,2.24,2.04,2.06,2.2,2.35,1.95,2.81
2.9,2.68,2.24,2.04,2.06,2.2,2.35,1.95,2.81,4.57
2.68,2.24,2.04,2.06,2.2,2.35,1.95,2.81,4.57,3.84
2.24,2.04,2.06,2.2,2.35,1.95,2.81,4.57,3.84,3.45
2.04,2.06,2.2,2.35,1.95,2.81,4.57,3.84,3.45,3
2.06,2.2,2.35,1.95,2.81,4.57,3.84,3.45,3,2.61
2.2,2.35,1.95,2.81,4.57,3.84,3.45,3,2.61,2.41
2.35,1.95,2.81,4.57,3.84,3.45,3,2.61,2.41,2.29
1.95,2.81,4.57,3.84,3.45,3,2.61,2.41,2.29,2.66
2.81,4.57,3.84,3.45,3,2.61,2.41,2.29,2.66,2.33
4.57,3.84,3.45,3,2.61,2.41,2.29,2.66,2.33,2.23
3.84,3.45,3,2.61,2.41,2.29,2.66,2.33,2.23,2.34
3.45,3,2.61,2.41,2.29,2.66,2.33,2.23,2.34,2.09
3,2.61,2.41,2.29,2.66,2.33,2.23,2.34,2.09,2.21
2.61,2.41,2.29,2.66,2.33,2.23,2.34,2.09,2.21,3.8
2.41,2.29,2.66,2.33,2.23,2.34,2.09,2.21,3.8,5.05
2.29,2.66,2.33,2.23,2.34,2.09,2.21,3.8,5.05,4.81
2.66,2.33,2.23,2.34,2.09,2.21,3.8,5.05,4.81,4.41
2.33,2.23,2.34,2.09,2.21,3.8,5.05,4.81,4.41,3.88
2.23,2.34,2.09,2.21,3.8,5.05,4.81,4.41,3.88,3.39
2.34,2.09,2.21,3.8,5.05,4.81,4.41,3.88,3.39,3.06
2.09,2.21,3.8,5.05,4.81,4.41,3.88,3.39,3.06,2.5
2.21,3.8,5.05,4.81,4.41,3.88,3.39,3.06,2.5,2.11
3.8,5.05,4.81,4.41,3.88,3.39,3.06,2.5,2.11,2.56
5.05,4.81,4.41,3.88,3.39,3.06,2.5,2.11,2.56,1.89
4.81,4.41,3.88,3.39,3.06,2.5,2.11,2.56,1.89,1.9
4.41,3.88,3.39,3.06,2.5,2.11,2.56,1.89,1.9,1.98
3.88,3.39,3.06,2.5,2.11,2.56,1.89,1.9,1.98,1.69
3.39,3.06,2.5,2.11,2.56,1.89,1.9,1.98,1.69,1.42
3.06,2.5,2.11,2.56,1.89,1.9,1.98,1.69,1.42,1.44
2.5,2.11,2.56,1.89,1.9,1.98,1.69,1.42,1.44,1.45
2.11,2.56,1.89,1.9,1.98,1.69,1.42,1.44,1.45,1.15
2.56,1.89,1.9,1.98,1.69,1.42,1.44,1.45,1.15,1.27
1.89,1.9,1.98,1.69,1.42,1.44,1.45,1.15,1.27,1.29
1.9,1.98,1.69,1.42,1.44,1.45,1.15,1.27,1.29,1.17
1.98,1.69,1.42,1.44,1.45,1.15,1.27,1.29,1.17,1.57
1.69,1.42,1.44,1.45,1.15,1.27,1.29,1.17,1.57,2.39
1.42,1.44,1.45,1.15,1.27,1.29,1.17,1.57,2.39,2.4
1.44,1.45,1.15,1.27,1.29,1.17,1.57,2.39,2.4,3.08
1.45,1.15,1.27,1.29,1.17,1.57,2.39,2.4,3.08,3.1
1.15,1.27,1.29,1.17,1.57,2.39,2.4,3.08,3.1,2.77
1.27,1.29,1.17,1.57,2.39,2.4,3.08,3.1,2.77,2.65
1.29,1.17,1.57,2.39,2.4,3.08,3.1,2.77,2.65,2.38
1.17,1.57,2.39,2.4,3.08,3.1,2.77,2.65,2.38,2.38
1.57,2.39,2.4,3.08,3.1,2.77,2.65,2.38,2.38,2.14
2.39,2.4,3.08,3.1,2.77,2.65,2.38,2.38,2.14,2.07
2.4,3.08,3.1,2.77,2.65,2.38,2.38,2.14,2.07,1.99
3.08,3.1,2.77,2.65,2.38,2.38,2.14,2.07,1.99,1.77
3.1,2.77,2.65,2.38,2.38,2.14,2.07,1.99,1.77,1.49
2.77,2.65,2.38,2.38,2.14,2.07,1.99,1.77,1.49,1.42
2.65,2.38,2.38,2.14,2.07,1.99,1.77,1.49,1.42,1.42
2.38,2.38,2.14,2.07,1.99,1.77,1.49,1.42,1.42,1.35
2.38,2.14,2.07,1.99,1.77,1.49,1.42,1.42,1.35,1.3
2.14,2.07,1.99,1.77,1.49,1.42,1.42,1.35,1.3,1.08
2.07,1.99,1.77,1.49,1.42,1.42,1.35,1.3,1.08,1.19
1.99,1.77,1.49,1.42,1.42,1.35,1.3,1.08,1.19,1.05
1.77,1.49,1.42,1.42,1.35,1.3,1.08,1.19,1.05,0.98
1.49,1.42,1.42,1.35,1.3,1.08,1.19,1.05,0.98,0.98
1.42,1.42,1.35,1.3,1.08,1.19,1.05,0.98,0.98,0.93
1.42,1.35,1.3,1.08,1.19,1.05,0.98,0.98,0.93,0.91
1.35,1.3,1.08,1.19,1.05,0.98,0.98,0.93,0.91,0.93
1.3,1.08,1.19,1.05,0.98,0.98,0.93,0.91,0.93,1.06
1.08,1.19,1.05,0.98,0.98,0.93,0.91,0.93,1.06,0.78
1.19,1.05,0.98,0.98,0.93,0.91,0.93,1.06,0.78,0.9
1.05,0.98,0.98,0.93,0.91,0.93,1.06,0.78,0.9,0.78
0.98,0.98,0.93,0.91,0.93,1.06,0.78,0.9,0.78,0.78
0.98,0.93,0.91,0.93,1.06,0.78,0.9,0.78,0.78,0.64
0.93,0.91,0.93,1.06,0.78,0.9,0.78,0.78,0.64,0.79
0.91,0.93,1.06,0.78,0.9,0.78,0.78,0.64,0.79,0.67
0.93,1.06,0.78,0.9,0.78,0.78,0.64,0.79,0.67,0.64
1.06,0.78,0.9,0.78,0.78,0.64,0.79,0.67,0.64,0.63
0.78,0.9,0.78,0.78,0.64,0.79,0.67,0.64,0.63,0.52
0.9,0.78,0.78,0.64,0.79,0.67,0.64,0.63,0.52,0.65
0.78,0.78,0.64,0.79,0.67,0.64,0.63,0.52,0.65,0.63
0.78,0.64,0.79,0.67,0.64,0.63,0.52,0.65,0.63,0.79
0.64,0.79,0.67,0.64,0.63,0.52,0.65,0.63,0.79,0.51
0.79,0.67,0.64,0.63,0.52,0.65,0.63,0.79,0.51,0.54
0.67,0.64,0.63,0.52,0.65,0.63,0.79,0.51,0.54,0.7
0.64,0.63,0.52,0.65,0.63,0.79,0.51,0.54,0.7,0.53
0.63,0.52,0.65,0.63,0.79,0.51,0.54,0.7,0.53,0.52
0.52,0.65,0.63,0.79,0.51,0.54,0.7,0.53,0.52,0.48
0.65,0.63,0.79,0.51,0.54,0.7,0.53,0.52,0.48,0.63
0.63,0.79,0.51,0.54,0.7,0.53,0.52,0.48,0.63,0.53
0.79,0.51,0.54,0.7,0.53,0.52,0.48,0.63,0.53,0.66
0.51,0.54,0.7,0.53,0.52,0.48,0.63,0.53,0.66,0.39
0.54,0.7,0.53,0.52,0.48,0.63,0.53,0.66,0.39,0.41
0.7,0.53,0.52,0.48,0.63,0.53,0.66,0.39,0.41,0.55
0.53,0.52,0.48,0.63,0.53,0.66,0.39,0.41,0.55,0.52
0.52,0.48,0.63,0.53,0.66,0.39,0.41,0.55,0.52,0.52
0.48,0.63,0.53,0.66,0.39,0.41,0.55,0.52,0.52,0.54
0.63,0.53,0.66,0.39,0.41,0.55,0.52,0.52,0.54,0.38
0.53,0.66,0.39,0.41,0.55,0.52,0.52,0.54,0.38,0.4
0.66,0.39,0.41,0.55,0.52,0.52,0.54,0.38,0.4,0.4
0.39,0.41,0.55,0.52,0.52,0.54,0.38,0.4,0.4,0.4
0.41,0.55,0.52,0.52,0.54,0.38,0.4,0.4,0.4,0.39
0.55,0.52,0.52,0.54,0.38,0.4,0.4,0.4,0.39,0.26
0.52,0.52,0.54,0.38,0.4,0.4,0.4,0.39,0.26,0.52
0.52,0.54,0.38,0.4,0.4,0.4,0.39,0.26,0.52,0.37
0.54,0.38,0.4,0.4,0.4,0.39,0.26,0.52,0.37,0.35
0.38,0.4,0.4,0.4,0.39,0.26,0.52,0.37,0.35,0.23
0.4,0.4,0.4,0.39,0.26,0.52,0.37,0.35,0.23,0.52
0.4,0.4,0.39,0.26,0.52,0.37,0.35,0.23,0.52,0.55
0.4,0.39,0.26,0.52,0.37,0.35,0.23,0.52,0.55,0.5
0.39,0.26,0.52,0.37,0.35,0.23,0.52,0.55,0.5,0.48
0.26,0.52,0.37,0.35,0.23,0.52,0.55,0.5,0.48,0.5
0.52,0.37,0.35,0.23,0.52,0.55,0.5,0.48,0.5,0.22
0.37,0.35,0.23,0.52,0.55,0.5,0.48,0.5,0.22,0.24
0.35,0.23,0.52,0.55,0.5,0.48,0.5,0.22,0.24,0.41
0.23,0.52,0.55,0.5,0.48,0.5,0.22,0.24,0.41,0.27
0.52,0.55,0.5,0.48,0.5,0.22,0.24,0.41,0.27,0.21
0.55,0.5,0.48,0.5,0.22,0.24,0.41,0.27,0.21,0.36
0.5,0.48,0.5,0.22,0.24,0.41,0.27,0.21,0.36,0.22
0.48,0.5,0.22,0.24,0.41,0.27,0.21,0.36,0.22,0.25
0.5,0.22,0.24,0.41,0.27,0.21,0.36,0.22,0.25,0.34
0.22,0.24,0.41,0.27,0.21,0.36,0.22,0.25,0.34,0.74
0.24,0.41,0.27,0.21,0.36,0.22,0.25,0.34,0.74,1.35
0.41,0.27,0.21,0.36,0.22,0.25,0.34,0.74,1.35,1.05
0.27,0.21,0.36,0.22,0.25,0.34,0.74,1.35,1.05,0.41
0.21,0.36,0.22,0.25,0.34,0.74,1.35,1.05,0.41,0.54
0.36,0.22,0.25,0.34,0.74,1.35,1.05,0.41,0.54,0.42
0.22,0.25,0.34,0.74,1.35,1.05,0.41,0.54,0.42,0.42
0.25,0.34,0.74,1.35,1.05,0.41,0.54,0.42,0.42,0.28
0.34,0.74,1.35,1.05,0.41,0.54,0.42,0.42,0.28,0.43
0.74,1.35,1.05,0.41,0.54,0.42,0.42,0.28,0.43,0.77
1.35,1.05,0.41,0.54,0.42,0.42,0.28,0.43,0.77,0.54
1.05,0.41,0.54,0.42,0.42,0.28,0.43,0.77,0.54,0.27
0.41,0.54,0.42,0.42,0.28,0.43,0.77,0.54,0.27,0.42
0.54,0.42,0.42,0.28,0.43,0.77,0.54,0.27,0.42,0.47
0.42,0.42,0.28,0.43,0.77,0.54,0.27,0.42,0.47,0.43
0.42,0.28,0.43,0.77,0.54,0.27,0.42,0.47,0.43,0.42
0.28,0.43,0.77,0.54,0.27,0.42,0.47,0.43,0.42,0.28
0.43,0.77,0.54,0.27,0.42,0.47,0.43,0.42,0.28,0.01
0.77,0.54,0.27,0.42,0.47,0.43,0.42,0.28,0.01,0.24
0.54,0.27,0.42,0.47,0.43,0.42,0.28,0.01,0.24,0.1
0.27,0.42,0.47,0.43,0.42,0.28,0.01,0.24,0.1,0.11
0.42,0.47,0.43,0.42,0.28,0.01,0.24,0.1,0.11,0.12
0.47,0.43,0.42,0.28,0.01,0.24,0.1,0.11,0.12,0.24
0.43,0.42,0.28,0.01,0.24,0.1,0.11,0.12,0.24,0.25
0.42,0.28,0.01,0.24,0.1,0.11,0.12,0.24,0.25,0.18
0.28,0.01,0.24,0.1,0.11,0.12,0.24,0.25,0.18,0.01
0.01,0.24,0.1,0.11,0.12,0.24,0.25,0.18,0.01,0.28
0.24,0.1,0.11,0.12,0.24,0.25,0.18,0.01,0.28,0.18
0.1,0.11,0.12,0.24,0.25,0.18,0.01,0.28,0.18,0.16
0.11,0.12,0.24,0.25,0.18,0.01,0.28,0.18,0.16,0.04
0.12,0.24,0.25,0.18,0.01,0.28,0.18,0.16,0.04,0.18
0.24,0.25,0.18,0.01,0.28,0.18,0.16,0.04,0.18,0.15
0.25,0.18,0.01,0.28,0.18,0.16,0.04,0.18,0.15,0.04
0.18,0.01,0.28,0.18,0.16,0.04,0.18,0.15,0.04,0.05
0.01,0.28,0.18,0.16,0.04,0.18,0.15,0.04,0.05,0.31
0.28,0.18,0.16,0.04,0.18,0.15,0.04,0.05,0.31,0.14
0.18,0.16,0.04,0.18,0.15,0.04,0.05,0.31,0.14,0.08
0.16,0.04,0.18,0.15,0.04,0.05,0.31,0.14,0.08,0.3
0.04,0.18,0.15,0.04,0.05,0.31,0.14,0.08,0.3,0.19
0.18,0.15,0.04,0.05,0.31,0.14,0.08,0.3,0.19,0.06
0.15,0.04,0.05,0.31,0.14,0.08,0.3,0.19,0.06,0.29
0.04,0.05,0.31,0.14,0.08,0.3,0.19,0.06,0.29,0.15
0.05,0.31,0.14,0.08,0.3,0.19,0.06,0.29,0.15,0.04
0.31,0.14,0.08,0.3,0.19,0.06,0.29,0.15,0.04,0.16
0.14,0.08,0.3,0.19,0.06,0.29,0.15,0.04,0.16,0.07
0.08,0.3,0.19,0.06,0.29,0.15,0.04,0.16,0.07,0.17
0.3,0.19,0.06,0.29,0.15,0.04,0.16,0.07,0.17,0.05
0.19,0.06,0.29,0.15,0.04,0.16,0.07,0.17,0.05,0.03
0.06,0.29,0.15,0.04,0.16,0.07,0.17,0.05,0.03,0.17
0.29,0.15,0.04,0.16,0.07,0.17,0.05,0.03,0.17,0.05
0.15,0.04,0.16,0.07,0.17,0.05,0.03,0.17,0.05,0.16
0.04,0.16,0.07,0.17,0.05,0.03,0.17,0.05,0.16,0.16
0.16,0.07,0.17,0.05,0.03,0.17,0.05,0.16,0.16,0.07
0.07,0.17,0.05,0.03,0.17,0.05,0.16,0.16,0.07,0.02
0.17,0.05,0.03,0.17,0.05,0.16,0.16,0.07,0.02,0.03
0.05,0.03,0.17,0.05,0.16,0.16,0.07,0.02,0.03,0.04
0.03,0.17,0.05,0.16,0.16,0.07,0.02,0.03,0.04,0.03
0.17,0.05,0.16,0.16,0.07,0.02,0.03,0.04,0.03,0.03
0.05,0.16,0.16,0.07,0.02,0.03,0.04,0.03,0.03,0.04
0.16,0.16,0.07,0.02,0.03,0.04,0.03,0.03,0.04,0.41
0.16,0.07,0.02,0.03,0.04,0.03,0.03,0.04,0.41,0.04
0.07,0.02,0.03,0.04,0.03,0.03,0.04,0.41,0.04,0.43
0.02,0.03,0.04,0.03,0.03,0.04,0.41,0.04,0.43,0.8
0.03,0.04,0.03,0.03,0.04,0.41,0.04,0.43,0.8,0.43
0.04,0.03,0.03,0.04,0.41,0.04,0.43,0.8,0.43,0.34
0.03,0.03,0.04,0.41,0.04,0.43,0.8,0.43,0.34,0.15
0.03,0.04,0.41,0.04,0.43,0.8,0.43,0.34,0.15,0.53
0.04,0.41,0.04,0.43,0.8,0.43,0.34,0.15,0.53,4.81
0.41,0.04,0.43,0.8,0.43,0.34,0.15,0.53,4.81,3.37
0.04,0.43,0.8,0.43,0.34,0.15,0.53,4.81,3.37,2.04
0.43,0.8,0.43,0.34,0.15,0.53,4.81,3.37,2.04,1.42
0.8,0.43,0.34,0.15,0.53,4.81,3.37,2.04,1.42,1.32
0.43,0.34,0.15,0.53,4.81,3.37,2.04,1.42,1.32,1.03
0.34,0.15,0.53,4.81,3.37,2.04,1.42,1.32,1.03,0.92
0.15,0.53,4.81,3.37,2.04,1.42,1.32,1.03,0.92,0.79
0.53,4.81,3.37,2.04,1.42,1.32,1.03,0.92,0.79,0.55
4.81,3.37,2.04,1.42,1.32,1.03,0.92,0.79,0.55,1.49
3.37,2.04,1.42,1.32,1.03,0.92,0.79,0.55,1.49,0.81
2.04,1.42,1.32,1.03,0.92,0.79,0.55,1.49,0.81,0.53
1.42,1.32,1.03,0.92,0.79,0.55,1.49,0.81,0.53,0.56
1.32,1.03,0.92,0.79,0.55,1.49,0.81,0.53,0.56,1.09
1.03,0.92,0.79,0.55,1.49,0.81,0.53,0.56,1.09,0.55
0.92,0.79,0.55,1.49,0.81,0.53,0.56,1.09,0.55,0.81
0.79,0.55,1.49,0.81,0.53,0.56,1.09,0.55,0.81,0.81
0.55,1.49,0.81,0.53,0.56,1.09,0.55,0.81,0.81,0.55
1.49,0.81,0.53,0.56,1.09,0.55,0.81,0.81,0.55,0.57
0.81,0.53,0.56,1.09,0.55,0.81,0.81,0.55,0.57,0.55
0.53,0.56,1.09,0.55,0.81,0.81,0.55,0.57,0.55,0.3
0.56,1.09,0.55,0.81,0.81,0.55,0.57,0.55,0.3,0.42
1.09,0.55,0.81,0.81,0.55,0.57,0.55,0.3,0.42,0.28
0.55,0.81,0.81,0.55,0.57,0.55,0.3,0.42,0.28,0.29
0.81,0.81,0.55,0.57,0.55,0.3,0.42,0.28,0.29,0.98
0.81,0.55,0.57,0.55,0.3,0.42,0.28,0.29,0.98,0.56
0.55,0.57,0.55,0.3,0.42,0.28,0.29,0.98,0.56,0.43
0.57,0.55,0.3,0.42,0.28,0.29,0.98,0.56,0.43,0.29
0.55,0.3,0.42,0.28,0.29,0.98,0.56,0.43,0.29,0.28
0.3,0.42,0.28,0.29,0.98,0.56,0.43,0.29,0.28,1.36
0.42,0.28,0.29,0.98,0.56,0.43,0.29,0.28,1.36,0.82
0.28,0.29,0.98,0.56,0.43,0.29,0.28,1.36,0.82,0.4
0.29,0.98,0.56,0.43,0.29,0.28,1.36,0.82,0.4,0.43
0.98,0.56,0.43,0.29,0.28,1.36,0.82,0.4,0.43,0.55
0.56,0.43,0.29,0.28,1.36,0.82,0.4,0.43,0.55,0.43
0.43,0.29,0.28,1.36,0.82,0.4,0.43,0.55,0.43,0.42
0.29,0.28,1.36,0.82,0.4,0.43,0.55,0.43,0.42,0.44
0.28,1.36,0.82,0.4,0.43,0.55,0.43,0.42,0.44,0.43
1.36,0.82,0.4,0.43,0.55,0.43,0.42,0.44,0.43,0.31
0.82,0.4,0.43,0.55,0.43,0.42,0.44,0.43,0.31,0.46
0.4,0.43,0.55,0.43,0.42,0.44,0.43,0.31,0.46,0.32
0.43,0.55,0.43,0.42,0.44,0.43,0.31,0.46,0.32,0.32
0.55,0.43,0.42,0.44,0.43,0.31,0.46,0.32,0.32,0.45
0.43,0.42,0.44,0.43,0.31,0.46,0.32,0.32,0.45,0.46
0.42,0.44,0.43,0.31,0.46,0.32,0.32,0.45,0.46,0.44
0.44,0.43,0.31,0.46,0.32,0.32,0.45,0.46,0.44,0.68
0.43,0.31,0.46,0.32,0.32,0.45,0.46,0.44,0.68,0.57
0.31,0.46,0.32,0.32,0.45,0.46,0.44,0.68,0.57,0.3
0.46,0.32,0.32,0.45,0.46,0.44,0.68,0.57,0.3,0.3
0.32,0.32,0.45,0.46,0.44,0.68,0.57,0.3,0.3,0.32
0.32,0.45,0.46,0.44,0.68,0.57,0.3,0.3,0.32,0.31
0.45,0.46,0.44,0.68,0.57,0.3,0.3,0.32,0.31,0.3
0.46,0.44,0.68,0.57,0.3,0.3,0.32,0.31,0.3,0.45
0.44,0.68,0.57,0.3,0.3,0.32,0.31,0.3,0.45,0.44
0.68,0.57,0.3,0.3,0.32,0.31,0.3,0.45,0.44,0.47
0.57,0.3,0.3,0.32,0.31,0.3,0.45,0.44,0.47,1.09
0.3,0.3,0.32,0.31,0.3,0.45,0.44,0.47,1.09,0.73
0.3,0.32,0.31,0.3,0.45,0.44,0.47,1.09,0.73,0.65
0.32,0.31,0.3,0.45,0.44,0.47,1.09,0.73,0.65,0.52
0.31,0.3,0.45,0.44,0.47,1.09,0.73,0.65,0.52,0.53
0.3,0.45,0.44,0.47,1.09,0.73,0.65,0.52,0.53,0.55
0.45,0.44,0.47,1.09,0.73,0.65,0.52,0.53,0.55,0.51
0.44,0.47,1.09,0.73,0.65,0.52,0.53,0.55,0.51,0.52
0.47,1.09,0.73,0.65,0.52,0.53,0.55,0.51,0.52,0.55
1.09,0.73,0.65,0.52,0.53,0.55,0.51,0.52,0.55,0.66
0.73,0.65,0.52,0.53,0.55,0.51,0.52,0.55,0.66,0.65
0.65,0.52,0.53,0.55,0.51,0.52,0.55,0.66,0.65,0.66
0.52,0.53,0.55,0.51,0.52,0.55,0.66,0.65,0.66,0.47
0.53,0.55,0.51,0.52,0.55,0.66,0.65,0.66,0.47,0.63
0.55,0.51,0.52,0.55,0.66,0.65,0.66,0.47,0.63,0.47
0.51,0.52,0.55,0.66,0.65,0.66,0.47,0.63,0.47,0.59
0.52,0.55,0.66,0.65,0.66,0.47,0.63,0.47,0.59,0.81
0.55,0.66,0.65,0.66,0.47,0.63,0.47,0.59,0.81,0.66
0.66,0.65,0.66,0.47,0.63,0.47,0.59,0.81,0.66,0.73
0.65,0.66,0.47,0.63,0.47,0.59,0.81,0.66,0.73,1.38
0.66,0.47,0.63,0.47,0.59,0.81,0.66,0.73,1.38,1.89
0.47,0.63,0.47,0.59,0.81,0.66,0.73,1.38,1.89,1.86
0.63,0.47,0.59,0.81,0.66,0.73,1.38,1.89,1.86,1.5
0.47,0.59,0.81,0.66,0.73,1.38,1.89,1.86,1.5,1.66
0.59,0.81,0.66,0.73,1.38,1.89,1.86,1.5,1.66,1.63
0.81,0.66,0.73,1.38,1.89,1.86,1.5,1.66,1.63,1.39
0.66,0.73,1.38,1.89,1.86,1.5,1.66,1.63,1.39,1.51
0.73,1.38,1.89,1.86,1.5,1.66,1.63,1.39,1.51,2.96
1.38,1.89,1.86,1.5,1.66,1.63,1.39,1.51,2.96,2.81
1.89,1.86,1.5,1.66,1.63,1.39,1.51,2.96,2.81,2.93
1.86,1.5,1.66,1.63,1.39,1.51,2.96,2.81,2.93,2.86
1.5,1.66,1.63,1.39,1.51,2.96,2.81,2.93,2.86,2.55
1.66,1.63,1.39,1.51,2.96,2.81,2.93,2.86,2.55,2.18
1.63,1.39,1.51,2.96,2.81,2.93,2.86,2.55,2.18,2.23
1.39,1.51,2.96,2.81,2.93,2.86,2.55,2.18,2.23,2.51
1.51,2.96,2.81,2.93,2.86,2.55,2.18,2.23,2.51,2.2
2.96,2.81,2.93,2.86,2.55,2.18,2.23,2.51,2.2,3.27
2.81,2.93,2.86,2.55,2.18,2.23,2.51,2.2,3.27,3.15
2.93,2.86,2.55,2.18,2.23,2.51,2.2,3.27,3.15,3.14
2.86,2.55,2.18,2.23,2.51,2.2,3.27,3.15,3.14,2.97
2.55,2.18,2.23,2.51,2.2,3.27,3.15,3.14,2.97,2.52
2.18,2.23,2.51,2.2,3.27,3.15,3.14,2.97,2.52,2.39
2.23,2.51,2.2,3.27,3.15,3.14,2.97,2.52,2.39,2.05
2.51,2.2,3.27,3.15,3.14,2.97,2.52,2.39,2.05,1.99
2.2,3.27,3.15,3.14,2.97,2.52,2.39,2.05,1.99,3.62
3.27,3.15,3.14,2.97,2.52,2.39,2.05,1.99,3.62,2.38
3.15,3.14,2.97,2.52,2.39,2.05,1.99,3.62,2.38,2.35
3.14,2.97,2.52,2.39,2.05,1.99,3.62,2.38,2.35,2.72
2.97,2.52,2.39,2.05,1.99,3.62,2.38,2.35,2.72,2.8
2.52,2.39,2.05,1.99,3.62,2.38,2.35,2.72,2.8,2.35
2.39,2.05,1.99,3.62,2.38,2.35,2.72,2.8,2.35,2.18
2.05,1.99,3.62,2.38,2.35,2.72,2.8,2.35,2.18,2.33
1.99,3.62,2.38,2.35,2.72,2.8,2.35,2.18,2.33,2.18
3.62,2.38,2.35,2.72,2.8,2.35,2.18,2.33,2.18,1.96
2.38,2.35,2.72,2.8,2.35,2.18,2.33,2.18,1.96,2.26
2.35,2.72,2.8,2.35,2.18,2.33,2.18,1.96,2.26,3.49
2.72,2.8,2.35,2.18,2.33,2.18,1.96,2.26,3.49,2.74
2.8,2.35,2.18,2.33,2.18,1.96,2.26,3.49,2.74,3.05
2.35,2.18,2.33,2.18,1.96,2.26,3.49,2.74,3.05,3.11
2.18,2.33,2.18,1.96,2.26,3.49,2.74,3.05,3.11,2.59
2.33,2.18,1.96,2.26,3.49,2.74,3.05,3.11,2.59,2.57
2.18,1.96,2.26,3.49,2.74,3.05,3.11,2.59,2.57,2.04
1.96,2.26,3.49,2.74,3.05,3.11,2.59,2.57,2.04,2.05
2.26,3.49,2.74,3.05,3.11,2.59,2.57,2.04,2.05,1.76
3.49,2.74,3.05,3.11,2.59,2.57,2.04,2.05,1.76,1.45
2.74,3.05,3.11,2.59,2.57,2.04,2.05,1.76,1.45,1.32
3.05,3.11,2.59,2.57,2.04,2.05,1.76,1.45,1.32,1.39
3.11,2.59,2.57,2.04,2.05,1.76,1.45,1.32,1.39,1.28
2.59,2.57,2.04,2.05,1.76,1.45,1.32,1.39,1.28,1.28
2.57,2.04,2.05,1.76,1.45,1.32,1.39,1.28,1.28,1.07
2.04,2.05,1.76,1.45,1.32,1.39,1.28,1.28,1.07,1.09
2.05,1.76,1.45,1.32,1.39,1.28,1.28,1.07,1.09,1.1
1.76,1.45,1.32,1.39,1.28,1.28,1.07,1.09,1.1,0.89
1.45,1.32,1.39,1.28,1.28,1.07,1.09,1.1,0.89,0.91
1.32,1.39,1.28,1.28,1.07,1.09,1.1,0.89,0.91,0.77
1.39,1.28,1.28,1.07,1.09,1.1,0.89,0.91,0.77,0.89
1.28,1.28,1.07,1.09,1.1,0.89,0.91,0.77,0.89,0.82
1.28,1.07,1.09,1.1,0.89,0.91,0.77,0.89,0.82,1.39
1.07,1.09,1.1,0.89,0.91,0.77,0.89,0.82,1.39,2.17
1.09,1.1,0.89,0.91,0.77,0.89,0.82,1.39,2.17,1
1.1,0.89,0.91,0.77,0.89,0.82,1.39,2.17,1,0.76
0.89,0.91,0.77,0.89,0.82,1.39,2.17,1,0.76,0.9
0.91,0.77,0.89,0.82,1.39,2.17,1,0.76,0.9,0.68
0.77,0.89,0.82,1.39,2.17,1,0.76,0.9,0.68,0.83
0.89,0.82,1.39,2.17,1,0.76,0.9,0.68,0.83,1.65
0.82,1.39,2.17,1,0.76,0.9,0.68,0.83,1.65,7.57
1.39,2.17,1,0.76,0.9,0.68,0.83,1.65,7.57,5.07
2.17,1,0.76,0.9,0.68,0.83,1.65,7.57,5.07,4.57
1,0.76,0.9,0.68,0.83,1.65,7.57,5.07,4.57,7.05
0.76,0.9,0.68,0.83,1.65,7.57,5.07,4.57,7.05,6.37
0.9,0.68,0.83,1.65,7.57,5.07,4.57,7.05,6.37,5.49
0.68,0.83,1.65,7.57,5.07,4.57,7.05,6.37,5.49,4.47
0.83,1.65,7.57,5.07,4.57,7.05,6.37,5.49,4.47,3.66
1.65,7.57,5.07,4.57,7.05,6.37,5.49,4.47,3.66,2.94
7.57,5.07,4.57,7.05,6.37,5.49,4.47,3.66,2.94,2.34
5.07,4.57,7.05,6.37,5.49,4.47,3.66,2.94,2.34,1.95
4.57,7.05,6.37,5.49,4.47,3.66,2.94,2.34,1.95,1.82
7.05,6.37,5.49,4.47,3.66,2.94,2.34,1.95,1.82,1.63
6.37,5.49,4.47,3.66,2.94,2.34,1.95,1.82,1.63,1.45
5.49,4.47,3.66,2.94,2.34,1.95,1.82,1.63,1.45,1.08
4.47,3.66,2.94,2.34,1.95,1.82,1.63,1.45,1.08,1.41
3.66,2.94,2.34,1.95,1.82,1.63,1.45,1.08,1.41,1.15
2.94,2.34,1.95,1.82,1.63,1.45,1.08,1.41,1.15,1.17
2.34,1.95,1.82,1.63,1.45,1.08,1.41,1.15,1.17,1.15
1.95,1.82,1.63,1.45,1.08,1.41,1.15,1.17,1.15,1.02
1.82,1.63,1.45,1.08,1.41,1.15,1.17,1.15,1.02,0.93
1.63,1.45,1.08,1.41,1.15,1.17,1.15,1.02,0.93,1.06
1.45,1.08,1.41,1.15,1.17,1.15,1.02,0.93,1.06,0.92
1.08,1.41,1.15,1.17,1.15,1.02,0.93,1.06,0.92,0.92
1.41,1.15,1.17,1.15,1.02,0.93,1.06,0.92,0.92,0.91
1.15,1.17,1.15,1.02,0.93,1.06,0.92,0.92,0.91,0.93
1.17,1.15,1.02,0.93,1.06,0.92,0.92,0.91,0.93,0.78
1.15,1.02,0.93,1.06,0.92,0.92,0.91,0.93,0.78,0.66
1.02,0.93,1.06,0.92,0.92,0.91,0.93,0.78,0.66,1.19
0.93,1.06,0.92,0.92,0.91,0.93,0.78,0.66,1.19,2.5
1.06,0.92,0.92,0.91,0.93,0.78,0.66,1.19,2.5,1.72
0.92,0.92,0.91,0.93,0.78,0.66,1.19,2.5,1.72,1.21
0.92,0.91,0.93,0.78,0.66,1.19,2.5,1.72,1.21,1.18
0.91,0.93,0.78,0.66,1.19,2.5,1.72,1.21,1.18,0.92
0.93,0.78,0.66,1.19,2.5,1.72,1.21,1.18,0.92,1.04
0.78,0.66,1.19,2.5,1.72,1.21,1.18,0.92,1.04,1.05
0.66,1.19,2.5,1.72,1.21,1.18,0.92,1.04,1.05,0.91
1.19,2.5,1.72,1.21,1.18,0.92,1.04,1.05,0.91,0.9
2.5,1.72,1.21,1.18,0.92,1.04,1.05,0.91,0.9,0.91
1.72,1.21,1.18,0.92,1.04,1.05,0.91,0.9,0.91,0.76
1.21,1.18,0.92,1.04,1.05,0.91,0.9,0.91,0.76,0.65
1.18,0.92,1.04,1.05,0.91,0.9,0.91,0.76,0.65,0.79
0.92,1.04,1.05,0.91,0.9,0.91,0.76,0.65,0.79,0.63
1.04,1.05,0.91,0.9,0.91,0.76,0.65,0.79,0.63,0.53
1.05,0.91,0.9,0.91,0.76,0.65,0.79,0.63,0.53,0.5
0.91,0.9,0.91,0.76,0.65,0.79,0.63,0.53,0.5,0.53
0.9,0.91,0.76,0.65,0.79,0.63,0.53,0.5,0.53,0.54
0.91,0.76,0.65,0.79,0.63,0.53,0.5,0.53,0.54,0.52
0.76,0.65,0.79,0.63,0.53,0.5,0.53,0.54,0.52,0.66
0.65,0.79,0.63,0.53,0.5,0.53,0.54,0.52,0.66,0.52
0.79,0.63,0.53,0.5,0.53,0.54,0.52,0.66,0.52,0.54
0.63,0.53,0.5,0.53,0.54,0.52,0.66,0.52,0.54,0.52
0.53,0.5,0.53,0.54,0.52,0.66,0.52,0.54,0.52,0.53
0.5,0.53,0.54,0.52,0.66,0.52,0.54,0.52,0.53,0.54
0.53,0.54,0.52,0.66,0.52,0.54,0.52,0.53,0.54,0.53
0.54,0.52,0.66,0.52,0.54,0.52,0.53,0.54,0.53,0.4
0.52,0.66,0.52,0.54,0.52,0.53,0.54,0.53,0.4,0.53
0.66,0.52,0.54,0.52,0.53,0.54,0.53,0.4,0.53,0.55
0.52,0.54,0.52,0.53,0.54,0.53,0.4,0.53,0.55,0.38
0.54,0.52,0.53,0.54,0.53,0.4,0.53,0.55,0.38,0.41
0.52,0.53,0.54,0.53,0.4,0.53,0.55,0.38,0.41,0.54
0.53,0.54,0.53,0.4,0.53,0.55,0.38,0.41,0.54,0.68
0.54,0.53,0.4,0.53,0.55,0.38,0.41,0.54,0.68,0.67
0.53,0.4,0.53,0.55,0.38,0.41,0.54,0.68,0.67,0.94
0.4,0.53,0.55,0.38,0.41,0.54,0.68,0.67,0.94,1.24
0.53,0.55,0.38,0.41,0.54,0.68,0.67,0.94,1.24,1.22
0.55,0.38,0.41,0.54,0.68,0.67,0.94,1.24,1.22,1.13
0.38,0.41,0.54,0.68,0.67,0.94,1.24,1.22,1.13,1.11
0.41,0.54,0.68,0.67,0.94,1.24,1.22,1.13,1.11,0.96
0.54,0.68,0.67,0.94,1.24,1.22,1.13,1.11,0.96,1.21
0.68,0.67,0.94,1.24,1.22,1.13,1.11,0.96,1.21,1.6
0.67,0.94,1.24,1.22,1.13,1.11,0.96,1.21,1.6,2.28
0.94,1.24,1.22,1.13,1.11,0.96,1.21,1.6,2.28,3.71
1.24,1.22,1.13,1.11,0.96,1.21,1.6,2.28,3.71,2.79
1.22,1.13,1.11,0.96,1.21,1.6,2.28,3.71,2.79,2.34
1.13,1.11,0.96,1.21,1.6,2.28,3.71,2.79,2.34,2.23
1.11,0.96,1.21,1.6,2.28,3.71,2.79,2.34,2.23,2.15
0.96,1.21,1.6,2.28,3.71,2.79,2.34,2.23,2.15,1.97
1.21,1.6,2.28,3.71,2.79,2.34,2.23,2.15,1.97,1.81
1.6,2.28,3.71,2.79,2.34,2.23,2.15,1.97,1.81,1.63
2.28,3.71,2.79,2.34,2.23,2.15,1.97,1.81,1.63,1.54
3.71,2.79,2.34,2.23,2.15,1.97,1.81,1.63,1.54,1.54
2.79,2.34,2.23,2.15,1.97,1.81,1.63,1.54,1.54,1.4
2.34,2.23,2.15,1.97,1.81,1.63,1.54,1.54,1.4,1.26
2.23,2.15,1.97,1.81,1.63,1.54,1.54,1.4,1.26,1.26
2.15,1.97,1.81,1.63,1.54,1.54,1.4,1.26,1.26,1.06
1.97,1.81,1.63,1.54,1.54,1.4,1.26,1.26,1.06,1.35
1.81,1.63,1.54,1.54,1.4,1.26,1.26,1.06,1.35,1.19
1.63,1.54,1.54,1.4,1.26,1.26,1.06,1.35,1.19,1.21
1.54,1.54,1.4,1.26,1.26,1.06,1.35,1.19,1.21,1.18
1.54,1.4,1.26,1.26,1.06,1.35,1.19,1.21,1.18,1.21
1.4,1.26,1.26,1.06,1.35,1.19,1.21,1.18,1.21,1.07
1.26,1.26,1.06,1.35,1.19,1.21,1.18,1.21,1.07,1.07
1.26,1.06,1.35,1.19,1.21,1.18,1.21,1.07,1.07,1.53
1.06,1.35,1.19,1.21,1.18,1.21,1.07,1.07,1.53,1.11
1.35,1.19,1.21,1.18,1.21,1.07,1.07,1.53,1.11,1.13
1.19,1.21,1.18,1.21,1.07,1.07,1.53,1.11,1.13,0.91
1.21,1.18,1.21,1.07,1.07,1.53,1.11,1.13,0.91,1.09
1.18,1.21,1.07,1.07,1.53,1.11,1.13,0.91,1.09,0.96
1.21,1.07,1.07,1.53,1.11,1.13,0.91,1.09,0.96,0.72
1.07,1.07,1.53,1.11,1.13,0.91,1.09,0.96,0.72,1
1.07,1.53,1.11,1.13,0.91,1.09,0.96,0.72,1,0.85
1.53,1.11,1.13,0.91,1.09,0.96,0.72,1,0.85,0.88
1.11,1.13,0.91,1.09,0.96,0.72,1,0.85,0.88,0.87
1.13,0.91,1.09,0.96,0.72,1,0.85,0.88,0.87,0.89
0.91,1.09,0.96,0.72,1,0.85,0.88,0.87,0.89,0.75
1.09,0.96,0.72,1,0.85,0.88,0.87,0.89,0.75,0.79
0.96,0.72,1,0.85,0.88,0.87,0.89,0.75,0.79,0.78
0.72,1,0.85,0.88,0.87,0.89,0.75,0.79,0.78,0.66
1,0.85,0.88,0.87,0.89,0.75,0.79,0.78,0.66,0.75
0.85,0.88,0.87,0.89,0.75,0.79,0.78,0.66,0.75,1.18
0.88,0.87,0.89,0.75,0.79,0.78,0.66,0.75,1.18,0.86
0.87,0.89,0.75,0.79,0.78,0.66,0.75,1.18,0.86,0.86
0.89,0.75,0.79,0.78,0.66,0.75,1.18,0.86,0.86,0.67
0.75,0.79,0.78,0.66,0.75,1.18,0.86,0.86,0.67,0.64
0.79,0.78,0.66,0.75,1.18,0.86,0.86,0.67,0.64,0.74
0.78,0.66,0.75,1.18,0.86,0.86,0.67,0.64,0.74,0.61
0.66,0.75,1.18,0.86,0.86,0.67,0.64,0.74,0.61,0.64
0.75,1.18,0.86,0.86,0.67,0.64,0.74,0.61,0.64,0.76
1.18,0.86,0.86,0.67,0.64,0.74,0.61,0.64,0.76,0.63
0.86,0.86,0.67,0.64,0.74,0.61,0.64,0.76,0.63,0.65
0.86,0.67,0.64,0.74,0.61,0.64,0.76,0.63,0.65,0.63
0.67,0.64,0.74,0.61,0.64,0.76,0.63,0.65,0.63,0.63
0.64,0.74,0.61,0.64,0.76,0.63,0.65,0.63,0.63,0.51
0.74,0.61,0.64,0.76,0.63,0.65,0.63,0.63,0.51,0.51
0.61,0.64,0.76,0.63,0.65,0.63,0.63,0.51,0.51,0.51
0.64,0.76,0.63,0.65,0.63,0.63,0.51,0.51,0.51,0.39
0.76,0.63,0.65,0.63,0.63,0.51,0.51,0.51,0.39,0.62
0.63,0.65,0.63,0.63,0.51,0.51,0.51,0.39,0.62,0.42
0.65,0.63,0.63,0.51,0.51,0.51,0.39,0.62,0.42,0.76
0.63,0.63,0.51,0.51,0.51,0.39,0.62,0.42,0.76,0.81
0.63,0.51,0.51,0.51,0.39,0.62,0.42,0.76,0.81,0.56
0.51,0.51,0.51,0.39,0.62,0.42,0.76,0.81,0.56,0.69
0.51,0.51,0.39,0.62,0.42,0.76,0.81,0.56,0.69,0.93
0.51,0.39,0.62,0.42,0.76,0.81,0.56,0.69,0.93,0.66
0.39,0.62,0.42,0.76,0.81,0.56,0.69,0.93,0.66,0.52
0.62,0.42,0.76,0.81,0.56,0.69,0.93,0.66,0.52,0.79
0.42,0.76,0.81,0.56,0.69,0.93,0.66,0.52,0.79,0.39
0.76,0.81,0.56,0.69,0.93,0.66,0.52,0.79,0.39,0.5
0.81,0.56,0.69,0.93,0.66,0.52,0.79,0.39,0.5,0.62
0.56,0.69,0.93,0.66,0.52,0.79,0.39,0.5,0.62,1.09
0.69,0.93,0.66,0.52,0.79,0.39,0.5,0.62,1.09,0.65
0.93,0.66,0.52,0.79,0.39,0.5,0.62,1.09,0.65,0.5
0.66,0.52,0.79,0.39,0.5,0.62,1.09,0.65,0.5,0.48
0.52,0.79,0.39,0.5,0.62,1.09,0.65,0.5,0.48,0.51
0.79,0.39,0.5,0.62,1.09,0.65,0.5,0.48,0.51,0.51
0.39,0.5,0.62,1.09,0.65,0.5,0.48,0.51,0.51,0.76
0.5,0.62,1.09,0.65,0.5,0.48,0.51,0.51,0.76,1.19
0.62,1.09,0.65,0.5,0.48,0.51,0.51,0.76,1.19,0.63
1.09,0.65,0.5,0.48,0.51,0.51,0.76,1.19,0.63,0.49
0.65,0.5,0.48,0.51,0.51,0.76,1.19,0.63,0.49,0.44
0.5,0.48,0.51,0.51,0.76,1.19,0.63,0.49,0.44,0.35
0.48,0.51,0.51,0.76,1.19,0.63,0.49,0.44,0.35,0.5
0.51,0.51,0.76,1.19,0.63,0.49,0.44,0.35,0.5,0.36
0.51,0.76,1.19,0.63,0.49,0.44,0.35,0.5,0.36,0.5
0.76,1.19,0.63,0.49,0.44,0.35,0.5,0.36,0.5,0.2
1.19,0.63,0.49,0.44,0.35,0.5,0.36,0.5,0.2,0.39
0.63,0.49,0.44,0.35,0.5,0.36,0.5,0.2,0.39,0.38
0.49,0.44,0.35,0.5,0.36,0.5,0.2,0.39,0.38,0.36
0.44,0.35,0.5,0.36,0.5,0.2,0.39,0.38,0.36,0.25
0.35,0.5,0.36,0.5,0.2,0.39,0.38,0.36,0.25,0.51
0.5,0.36,0.5,0.2,0.39,0.38,0.36,0.25,0.51,0.37
0.36,0.5,0.2,0.39,0.38,0.36,0.25,0.51,0.37,0.37
0.5,0.2,0.39,0.38,0.36,0.25,0.51,0.37,0.37,0.26
0.2,0.39,0.38,0.36,0.25,0.51,0.37,0.37,0.26,0.36
0.39,0.38,0.36,0.25,0.51,0.37,0.37,0.26,0.36,0.36
0.38,0.36,0.25,0.51,0.37,0.37,0.26,0.36,0.36,0.25
0.36,0.25,0.51,0.37,0.37,0.26,0.36,0.36,0.25,0.25
0.25,0.51,0.37,0.37,0.26,0.36,0.36,0.25,0.25,0.24
0.51,0.37,0.37,0.26,0.36,0.36,0.25,0.25,0.24,0.26
0.37,0.37,0.26,0.36,0.36,0.25,0.25,0.24,0.26,0.36
0.37,0.26,0.36,0.36,0.25,0.25,0.24,0.26,0.36,0.29
0.26,0.36,0.36,0.25,0.25,0.24,0.26,0.36,0.29,0.24
0.36,0.36,0.25,0.25,0.24,0.26,0.36,0.29,0.24,0.25
0.36,0.25,0.25,0.24,0.26,0.36,0.29,0.24,0.25,0.11
0.25,0.25,0.24,0.26,0.36,0.29,0.24,0.25,0.11,0.23
0.25,0.24,0.26,0.36,0.29,0.24,0.25,0.11,0.23,0.22
0.24,0.26,0.36,0.29,0.24,0.25,0.11,0.23,0.22,0.1
0.26,0.36,0.29,0.24,0.25,0.11,0.23,0.22,0.1,0.23
0.36,0.29,0.24,0.25,0.11,0.23,0.22,0.1,0.23,0.09
0.29,0.24,0.25,0.11,0.23,0.22,0.1,0.23,0.09,0.22
0.24,0.25,0.11,0.23,0.22,0.1,0.23,0.09,0.22,0.09
0.25,0.11,0.23,0.22,0.1,0.23,0.09,0.22,0.09,0.36
0.11,0.23,0.22,0.1,0.23,0.09,0.22,0.09,0.36,0.64
0.23,0.22,0.1,0.23,0.09,0.22,0.09,0.36,0.64,0.23
0.22,0.1,0.23,0.09,0.22,0.09,0.36,0.64,0.23,0.26
0.1,0.23,0.09,0.22,0.09,0.36,0.64,0.23,0.26,0.49
0.23,0.09,0.22,0.09,0.36,0.64,0.23,0.26,0.49,0.35
0.09,0.22,0.09,0.36,0.64,0.23,0.26,0.49,0.35,0.22
0.22,0.09,0.36,0.64,0.23,0.26,0.49,0.35,0.22,0.22
0.09,0.36,0.64,0.23,0.26,0.49,0.35,0.22,0.22,0.23
0.36,0.64,0.23,0.26,0.49,0.35,0.22,0.22,0.23,0.12
0.64,0.23,0.26,0.49,0.35,0.22,0.22,0.23,0.12,0.23
0.23,0.26,0.49,0.35,0.22,0.22,0.23,0.12,0.23,0.12
0.26,0.49,0.35,0.22,0.22,0.23,0.12,0.23,0.12,0.23
0.49,0.35,0.22,0.22,0.23,0.12,0.23,0.12,0.23,0.11
0.35,0.22,0.22,0.23,0.12,0.23,0.12,0.23,0.11,0.22
0.22,0.22,0.23,0.12,0.23,0.12,0.23,0.11,0.22,0.11
0.22,0.23,0.12,0.23,0.12,0.23,0.11,0.22,0.11,0.13
0.23,0.12,0.23,0.12,0.23,0.11,0.22,0.11,0.13,0.13
0.12,0.23,0.12,0.23,0.11,0.22,0.11,0.13,0.13,0.25
0.23,0.12,0.23,0.11,0.22,0.11,0.13,0.13,0.25,0.07
0.12,0.23,0.11,0.22,0.11,0.13,0.13,0.25,0.07,0.23
0.23,0.11,0.22,0.11,0.13,0.13,0.25,0.07,0.23,0.15
0.11,0.22,0.11,0.13,0.13,0.25,0.07,0.23,0.15,0.1
0.22,0.11,0.13,0.13,0.25,0.07,0.23,0.15,0.1,0.36
0.11,0.13,0.13,0.25,0.07,0.23,0.15,0.1,0.36,0.35
0.13,0.13,0.25,0.07,0.23,0.15,0.1,0.36,0.35,0.13
0.13,0.25,0.07,0.23,0.15,0.1,0.36,0.35,0.13,0.11
0.25,0.07,0.23,0.15,0.1,0.36,0.35,0.13,0.11,0.22
0.07,0.23,0.15,0.1,0.36,0.35,0.13,0.11,0.22,0.24
0.23,0.15,0.1,0.36,0.35,0.13,0.11,0.22,0.24,0.24
0.15,0.1,0.36,0.35,0.13,0.11,0.22,0.24,0.24,0.22
0.1,0.36,0.35,0.13,0.11,0.22,0.24,0.24,0.22,0.11
0.36,0.35,0.13,0.11,0.22,0.24,0.24,0.22,0.11,0.14
0.35,0.13,0.11,0.22,0.24,0.24,0.22,0.11,0.14,0.12
0.13,0.11,0.22,0.24,0.24,0.22,0.11,0.14,0.12,0.14
0.11,0.22,0.24,0.24,0.22,0.11,0.14,0.12,0.14,0.05
0.22,0.24,0.24,0.22,0.11,0.14,0.12,0.14,0.05,0.17
0.24,0.24,0.22,0.11,0.14,0.12,0.14,0.05,0.17,0.06
0.24,0.22,0.11,0.14,0.12,0.14,0.05,0.17,0.06,0.06
0.22,0.11,0.14,0.12,0.14,0.05,0.17,0.06,0.06,0.07
0.11,0.14,0.12,0.14,0.05,0.17,0.06,0.06,0.07,0.02
0.14,0.12,0.14,0.05,0.17,0.06,0.06,0.07,0.02,0.05
0.12,0.14,0.05,0.17,0.06,0.06,0.07,0.02,0.05,0
0.14,0.05,0.17,0.06,0.06,0.07,0.02,0.05,0,0
0.05,0.17,0.06,0.06,0.07,0.02,0.05,0,0,0.07
0.17,0.06,0.06,0.07,0.02,0.05,0,0,0.07,0.06
0.06,0.06,0.07,0.02,0.05,0,0,0.07,0.06,0.01
0.06,0.07,0.02,0.05,0,0,0.07,0.06,0.01,0.01
0.07,0.02,0.05,0,0,0.07,0.06,0.01,0.01,0.04
0.02,0.05,0,0,0.07,0.06,0.01,0.01,0.04,0.01
0.05,0,0,0.07,0.06,0.01,0.01,0.04,0.01,0.04
0,0,0.07,0.06,0.01,0.01,0.04,0.01,0.04,0.05
0,0.07,0.06,0.01,0.01,0.04,0.01,0.04,0.05,0
0.07,0.06,0.01,0.01,0.04,0.01,0.04,0.05,0,0.01
0.06,0.01,0.01,0.04,0.01,0.04,0.05,0,0.01,0.01
0.01,0.01,0.04,0.01,0.04,0.05,0,0.01,0.01,0
0.01,0.04,0.01,0.04,0.05,0,0.01,0.01,0,0.05
0.04,0.01,0.04,0.05,0,0.01,0.01,0,0.05,0.01
0.01,0.04,0.05,0,0.01,0.01,0,0.05,0.01,0.01
0.04,0.05,0,0.01,0.01,0,0.05,0.01,0.01,0
0.05,0,0.01,0.01,0,0.05,0.01,0.01,0,0.03
0,0.01,0.01,0,0.05,0.01,0.01,0,0.03,0.04
0.01,0.01,0,0.05,0.01,0.01,0,0.03,0.04,0.03
0.01,0,0.05,0.01,0.01,0,0.03,0.04,0.03,0.02
0,0.05,0.01,0.01,0,0.03,0.04,0.03,0.02,0.03
0.05,0.01,0.01,0,0.03,0.04,0.03,0.02,0.03,0.01
0.01,0.01,0,0.03,0.04,0.03,0.02,0.03,0.01,0.04
0.01,0,0.03,0.04,0.03,0.02,0.03,0.01,0.04,0
0,0.03,0.04,0.03,0.02,0.03,0.01,0.04,0,0.05
0.03,0.04,0.03,0.02,0.03,0.01,0.04,0,0.05,0.01
0.04,0.03,0.02,0.03,0.01,0.04,0,0.05,0.01,0.08
0.03,0.02,0.03,0.01,0.04,0,0.05,0.01,0.08,0.1
0.02,0.03,0.01,0.04,0,0.05,0.01,0.08,0.1,0.01
0.03,0.01,0.04,0,0.05,0.01,0.08,0.1,0.01,0.35
0.01,0.04,0,0.05,0.01,0.08,0.1,0.01,0.35,0.35
0.04,0,0.05,0.01,0.08,0.1,0.01,0.35,0.35,0.15
0,0.05,0.01,0.08,0.1,0.01,0.35,0.35,0.15,0.11
0.05,0.01,0.08,0.1,0.01,0.35,0.35,0.15,0.11,0.06
0.01,0.08,0.1,0.01,0.35,0.35,0.15,0.11,0.06,0.06
0.08,0.1,0.01,0.35,0.35,0.15,0.11,0.06,0.06,0.01
0.1,0.01,0.35,0.35,0.15,0.11,0.06,0.06,0.01,0.1
0.01,0.35,0.35,0.15,0.11,0.06,0.06,0.01,0.1,0.1
0.35,0.35,0.15,0.11,0.06,0.06,0.01,0.1,0.1,0
0.35,0.15,0.11,0.06,0.06,0.01,0.1,0.1,0,0
0.15,0.11,0.06,0.06,0.01,0.1,0.1,0,0,0.1
0.11,0.06,0.06,0.01,0.1,0.1,0,0,0.1,0.1
0.06,0.06,0.01,0.1,0.1,0,0,0.1,0.1,0.09
0.06,0.01,0.1,0.1,0,0,0.1,0.1,0.09,0
0.01,0.1,0.1,0,0,0.1,0.1,0.09,0,0.01
0.1,0.1,0,0,0.1,0.1,0.09,0,0.01,0.09
0.1,0,0,0.1,0.1,0.09,0,0.01,0.09,0.1
0,0,0.1,0.1,0.09,0,0.01,0.09,0.1,0.11
0,0.1,0.1,0.09,0,0.01,0.09,0.1,0.11,0.1
0.1,0.1,0.09,0,0.01,0.09,0.1,0.11,0.1,0.01
0.1,0.09,0,0.01,0.09,0.1,0.11,0.1,0.01,0.09
0.09,0,0.01,0.09,0.1,0.11,0.1,0.01,0.09,0.2
0,0.01,0.09,0.1,0.11,0.1,0.01,0.09,0.2,0.08
0.01,0.09,0.1,0.11,0.1,0.01,0.09,0.2,0.08,0.21
0.09,0.1,0.11,0.1,0.01,0.09,0.2,0.08,0.21,0.08
0.1,0.11,0.1,0.01,0.09,0.2,0.08,0.21,0.08,0.17
0.11,0.1,0.01,0.09,0.2,0.08,0.21,0.08,0.17,0.49
0.1,0.01,0.09,0.2,0.08,0.21,0.08,0.17,0.49,0.52
0.01,0.09,0.2,0.08,0.21,0.08,0.17,0.49,0.52,0.29
0.09,0.2,0.08,0.21,0.08,0.17,0.49,0.52,0.29,0.22
0.2,0.08,0.21,0.08,0.17,0.49,0.52,0.29,0.22,0.19
0.08,0.21,0.08,0.17,0.49,0.52,0.29,0.22,0.19,0.1
0.21,0.08,0.17,0.49,0.52,0.29,0.22,0.19,0.1,0.1
0.08,0.17,0.49,0.52,0.29,0.22,0.19,0.1,0.1,0.13
0.17,0.49,0.52,0.29,0.22,0.19,0.1,0.1,0.13,0.1
0.49,0.52,0.29,0.22,0.19,0.1,0.1,0.13,0.1,0.1
0.52,0.29,0.22,0.19,0.1,0.1,0.13,0.1,0.1,0.01
0.29,0.22,0.19,0.1,0.1,0.13,0.1,0.1,0.01,0.1
0.22,0.19,0.1,0.1,0.13,0.1,0.1,0.01,0.1,0.1
0.19,0.1,0.1,0.13,0.1,0.1,0.01,0.1,0.1,0.16
0.1,0.1,0.13,0.1,0.1,0.01,0.1,0.1,0.16,0.1
0.1,0.13,0.1,0.1,0.01,0.1,0.1,0.16,0.1,0.11
0.13,0.1,0.1,0.01,0.1,0.1,0.16,0.1,0.11,0.1
0.1,0.1,0.01,0.1,0.1,0.16,0.1,0.11,0.1,0.09
0.1,0.01,0.1,0.1,0.16,0.1,0.11,0.1,0.09,0.11
0.01,0.1,0.1,0.16,0.1,0.11,0.1,0.09,0.11,0.21
0.1,0.1,0.16,0.1,0.11,0.1,0.09,0.11,0.21,0.1
0.1,0.16,0.1,0.11,0.1,0.09,0.11,0.21,0.1,0.1
0.16,0.1,0.11,0.1,0.09,0.11,0.21,0.1,0.1,0.1
0.1,0.11,0.1,0.09,0.11,0.21,0.1,0.1,0.1,0.19
0.11,0.1,0.09,0.11,0.21,0.1,0.1,0.1,0.19,0.11
0.1,0.09,0.11,0.21,0.1,0.1,0.1,0.19,0.11,0.1
0.09,0.11,0.21,0.1,0.1,0.1,0.19,0.11,0.1,0.19
0.11,0.21,0.1,0.1,0.1,0.19,0.11,0.1,0.19,0.11
0.21,0.1,0.1,0.1,0.19,0.11,0.1,0.19,0.11,0.18
0.1,0.1,0.1,0.19,0.11,0.1,0.19,0.11,0.18,0
0.1,0.1,0.19,0.11,0.1,0.19,0.11,0.18,0,0.11
0.1,0.19,0.11,0.1,0.19,0.11,0.18,0,0.11,0.09
0.19,0.11,0.1,0.19,0.11,0.18,0,0.11,0.09,0.11
0.11,0.1,0.19,0.11,0.18,0,0.11,0.09,0.11,0.11
0.1,0.19,0.11,0.18,0,0.11,0.09,0.11,0.11,0.09
0.19,0.11,0.18,0,0.11,0.09,0.11,0.11,0.09,0.04
0.11,0.18,0,0.11,0.09,0.11,0.11,0.09,0.04,0.09
0.18,0,0.11,0.09,0.11,0.11,0.09,0.04,0.09,0.19
0,0.11,0.09,0.11,0.11,0.09,0.04,0.09,0.19,0.11
0.11,0.09,0.11,0.11,0.09,0.04,0.09,0.19,0.11,0.1
0.09,0.11,0.11,0.09,0.04,0.09,0.19,0.11,0.1,0.21
0.11,0.11,0.09,0.04,0.09,0.19,0.11,0.1,0.21,0.2
0.11,0.09,0.04,0.09,0.19,0.11,0.1,0.21,0.2,0.2
0.09,0.04,0.09,0.19,0.11,0.1,0.21,0.2,0.2,0.2
0.04,0.09,0.19,0.11,0.1,0.21,0.2,0.2,0.2,0.11
0.09,0.19,0.11,0.1,0.21,0.2,0.2,0.2,0.11,0.17
0.19,0.11,0.1,0.21,0.2,0.2,0.2,0.11,0.17,0.12
0.11,0.1,0.21,0.2,0.2,0.2,0.11,0.17,0.12,0.11
0.1,0.21,0.2,0.2,0.2,0.11,0.17,0.12,0.11,0.1
0.21,0.2,0.2,0.2,0.11,0.17,0.12,0.11,0.1,0.1
0.2,0.2,0.2,0.11,0.17,0.12,0.11,0.1,0.1,0.19
0.2,0.2,0.11,0.17,0.12,0.11,0.1,0.1,0.19,0.12
0.2,0.11,0.17,0.12,0.11,0.1,0.1,0.19,0.12,0.26
0.11,0.17,0.12,0.11,0.1,0.1,0.19,0.12,0.26,0.19
0.17,0.12,0.11,0.1,0.1,0.19,0.12,0.26,0.19,0.15
0.12,0.11,0.1,0.1,0.19,0.12,0.26,0.19,0.15,0.1
0.11,0.1,0.1,0.19,0.12,0.26,0.19,0.15,0.1,0.17
0.1,0.1,0.19,0.12,0.26,0.19,0.15,0.1,0.17,0.11
0.1,0.19,0.12,0.26,0.19,0.15,0.1,0.17,0.11,0.11
0.19,0.12,0.26,0.19,0.15,0.1,0.17,0.11,0.11,0.21
0.12,0.26,0.19,0.15,0.1,0.17,0.11,0.11,0.21,0.1
0.26,0.19,0.15,0.1,0.17,0.11,0.11,0.21,0.1,0.09
0.19,0.15,0.1,0.17,0.11,0.11,0.21,0.1,0.09,0.19
0.15,0.1,0.17,0.11,0.11,0.21,0.1,0.09,0.19,0.03
0.1,0.17,0.11,0.11,0.21,0.1,0.09,0.19,0.03,0.11
0.17,0.11,0.11,0.21,0.1,0.09,0.19,0.03,0.11,0.11
0.11,0.11,0.21,0.1,0.09,0.19,0.03,0.11,0.11,0.42
0.11,0.21,0.1,0.09,0.19,0.03,0.11,0.11,0.42,0.5
0.21,0.1,0.09,0.19,0.03,0.11,0.11,0.42,0.5,0.43
0.1,0.09,0.19,0.03,0.11,0.11,0.42,0.5,0.43,0.25
0.09,0.19,0.03,0.11,0.11,0.42,0.5,0.43,0.25,0.32
0.19,0.03,0.11,0.11,0.42,0.5,0.43,0.25,0.32,0.13
0.03,0.11,0.11,0.42,0.5,0.43,0.25,0.32,0.13,0.23
0.11,0.11,0.42,0.5,0.43,0.25,0.32,0.13,0.23,0.2
0.11,0.42,0.5,0.43,0.25,0.32,0.13,0.23,0.2,0.52
0.42,0.5,0.43,0.25,0.32,0.13,0.23,0.2,0.52,0.41
0.5,0.43,0.25,0.32,0.13,0.23,0.2,0.52,0.41,0.2
0.43,0.25,0.32,0.13,0.23,0.2,0.52,0.41,0.2,0.22
0.25,0.32,0.13,0.23,0.2,0.52,0.41,0.2,0.22,0.21
0.32,0.13,0.23,0.2,0.52,0.41,0.2,0.22,0.21,0.31
0.13,0.23,0.2,0.52,0.41,0.2,0.22,0.21,0.31,0.18
0.23,0.2,0.52,0.41,0.2,0.22,0.21,0.31,0.18,0.2
0.2,0.52,0.41,0.2,0.22,0.21,0.31,0.18,0.2,0.28
0.52,0.41,0.2,0.22,0.21,0.31,0.18,0.2,0.28,0.19
0.41,0.2,0.22,0.21,0.31,0.18,0.2,0.28,0.19,0.21
0.2,0.22,0.21,0.31,0.18,0.2,0.28,0.19,0.21,0.12
0.22,0.21,0.31,0.18,0.2,0.28,0.19,0.21,0.12,0.11
0.21,0.31,0.18,0.2,0.28,0.19,0.21,0.12,0.11,0.2
0.31,0.18,0.2,0.28,0.19,0.21,0.12,0.11,0.2,0.2
0.18,0.2,0.28,0.19,0.21,0.12,0.11,0.2,0.2,0.3
0.2,0.28,0.19,0.21,0.12,0.11,0.2,0.2,0.3,0.03
0.28,0.19,0.21,0.12,0.11,0.2,0.2,0.3,0.03,0.28
0.19,0.21,0.12,0.11,0.2,0.2,0.3,0.03,0.28,0.18
0.21,0.12,0.11,0.2,0.2,0.3,0.03,0.28,0.18,0.21
0.12,0.11,0.2,0.2,0.3,0.03,0.28,0.18,0.21,0.19
0.11,0.2,0.2,0.3,0.03,0.28,0.18,0.21,0.19,0.28
0.2,0.2,0.3,0.03,0.28,0.18,0.21,0.19,0.28,0.48
0.2,0.3,0.03,0.28,0.18,0.21,0.19,0.28,0.48,0.6
0.3,0.03,0.28,0.18,0.21,0.19,0.28,0.48,0.6,0.63
0.03,0.28,0.18,0.21,0.19,0.28,0.48,0.6,0.63,0.48
0.28,0.18,0.21,0.19,0.28,0.48,0.6,0.63,0.48,0.47
0.18,0.21,0.19,0.28,0.48,0.6,0.63,0.48,0.47,0.39
0.21,0.19,0.28,0.48,0.6,0.63,0.48,0.47,0.39,0.29
0.19,0.28,0.48,0.6,0.63,0.48,0.47,0.39,0.29,0.49
0.28,0.48,0.6,0.63,0.48,0.47,0.39,0.29,0.49,0.31
0.48,0.6,0.63,0.48,0.47,0.39,0.29,0.49,0.31,0.4
0.6,0.63,0.48,0.47,0.39,0.29,0.49,0.31,0.4,0.29
0.63,0.48,0.47,0.39,0.29,0.49,0.31,0.4,0.29,0.19
0.48,0.47,0.39,0.29,0.49,0.31,0.4,0.29,0.19,0.29
0.47,0.39,0.29,0.49,0.31,0.4,0.29,0.19,0.29,0.29
0.39,0.29,0.49,0.31,0.4,0.29,0.19,0.29,0.29,0.29
0.29,0.49,0.31,0.4,0.29,0.19,0.29,0.29,0.29,0.29
0.49,0.31,0.4,0.29,0.19,0.29,0.29,0.29,0.29,0.29
0.31,0.4,0.29,0.19,0.29,0.29,0.29,0.29,0.29,0.26
0.4,0.29,0.19,0.29,0.29,0.29,0.29,0.29,0.26,0.22
0.29,0.19,0.29,0.29,0.29,0.29,0.29,0.26,0.22,0.29
0.19,0.29,0.29,0.29,0.29,0.29,0.26,0.22,0.29,0.5
0.29,0.29,0.29,0.29,0.29,0.26,0.22,0.29,0.5,1.46
0.29,0.29,0.29,0.29,0.26,0.22,0.29,0.5,1.46,4.31
0.29,0.29,0.29,0.26,0.22,0.29,0.5,1.46,4.31,3.74
0.29,0.29,0.26,0.22,0.29,0.5,1.46,4.31,3.74,4.12
0.29,0.26,0.22,0.29,0.5,1.46,4.31,3.74,4.12,4.49
0.26,0.22,0.29,0.5,1.46,4.31,3.74,4.12,4.49,3.87
0.22,0.29,0.5,1.46,4.31,3.74,4.12,4.49,3.87,3.25
0.29,0.5,1.46,4.31,3.74,4.12,4.49,3.87,3.25,2.57
0.5,1.46,4.31,3.74,4.12,4.49,3.87,3.25,2.57,2.32
1.46,4.31,3.74,4.12,4.49,3.87,3.25,2.57,2.32,1.85
4.31,3.74,4.12,4.49,3.87,3.25,2.57,2.32,1.85,1.63
3.74,4.12,4.49,3.87,3.25,2.57,2.32,1.85,1.63,1.51
4.12,4.49,3.87,3.25,2.57,2.32,1.85,1.63,1.51,1.63
4.49,3.87,3.25,2.57,2.32,1.85,1.63,1.51,1.63,1.77
3.87,3.25,2.57,2.32,1.85,1.63,1.51,1.63,1.77,1.3
3.25,2.57,2.32,1.85,1.63,1.51,1.63,1.77,1.3,1.33
2.57,2.32,1.85,1.63,1.51,1.63,1.77,1.3,1.33,1.18
2.32,1.85,1.63,1.51,1.63,1.77,1.3,1.33,1.18,1.21
1.85,1.63,1.51,1.63,1.77,1.3,1.33,1.18,1.21,1.08
1.63,1.51,1.63,1.77,1.3,1.33,1.18,1.21,1.08,0.98
1.51,1.63,1.77,1.3,1.33,1.18,1.21,1.08,0.98,0.86
1.63,1.77,1.3,1.33,1.18,1.21,1.08,0.98,0.86,0.88
1.77,1.3,1.33,1.18,1.21,1.08,0.98,0.86,0.88,1
1.3,1.33,1.18,1.21,1.08,0.98,0.86,0.88,1,0.87
1.33,1.18,1.21,1.08,0.98,0.86,0.88,1,0.87,0.77
1.18,1.21,1.08,0.98,0.86,0.88,1,0.87,0.77,0.75
1.21,1.08,0.98,0.86,0.88,1,0.87,0.77,0.75,0.77
1.08,0.98,0.86,0.88,1,0.87,0.77,0.75,0.77,0.66
0.98,0.86,0.88,1,0.87,0.77,0.75,0.77,0.66,0.64
0.86,0.88,1,0.87,0.77,0.75,0.77,0.66,0.64,0.73
0.88,1,0.87,0.77,0.75,0.77,0.66,0.64,0.73,0.65
1,0.87,0.77,0.75,0.77,0.66,0.64,0.73,0.65,0.53
0.87,0.77,0.75,0.77,0.66,0.64,0.73,0.65,0.53,0.4
0.77,0.75,0.77,0.66,0.64,0.73,0.65,0.53,0.4,0.52
0.75,0.77,0.66,0.64,0.73,0.65,0.53,0.4,0.52,0.64
0.77,0.66,0.64,0.73,0.65,0.53,0.4,0.52,0.64,0.41
0.66,0.64,0.73,0.65,0.53,0.4,0.52,0.64,0.41,0.41
0.64,0.73,0.65,0.53,0.4,0.52,0.64,0.41,0.41,0.43
0.73,0.65,0.53,0.4,0.52,0.64,0.41,0.41,0.43,0.49
0.65,0.53,0.4,0.52,0.64,0.41,0.41,0.43,0.49,0.4
0.53,0.4,0.52,0.64,0.41,0.41,0.43,0.49,0.4,0.54
0.4,0.52,0.64,0.41,0.41,0.43,0.49,0.4,0.54,0.52
0.52,0.64,0.41,0.41,0.43,0.49,0.4,0.54,0.52,0.86
0.64,0.41,0.41,0.43,0.49,0.4,0.54,0.52,0.86,0.96
0.41,0.41,0.43,0.49,0.4,0.54,0.52,0.86,0.96,0.95
0.41,0.43,0.49,0.4,0.54,0.52,0.86,0.96,0.95,0.96
0.43,0.49,0.4,0.54,0.52,0.86,0.96,0.95,0.96,1.21
0.49,0.4,0.54,0.52,0.86,0.96,0.95,0.96,1.21,1.31
0.4,0.54,0.52,0.86,0.96,0.95,0.96,1.21,1.31,1.18
0.54,0.52,0.86,0.96,0.95,0.96,1.21,1.31,1.18,1.09
0.52,0.86,0.96,0.95,0.96,1.21,1.31,1.18,1.09,1.08
0.86,0.96,0.95,0.96,1.21,1.31,1.18,1.09,1.08,1.19
0.96,0.95,0.96,1.21,1.31,1.18,1.09,1.08,1.19,0.98
0.95,0.96,1.21,1.31,1.18,1.09,1.08,1.19,0.98,0.86
0.96,1.21,1.31,1.18,1.09,1.08,1.19,0.98,0.86,0.73
1.21,1.31,1.18,1.09,1.08,1.19,0.98,0.86,0.73,0.85
1.31,1.18,1.09,1.08,1.19,0.98,0.86,0.73,0.85,0.88
1.18,1.09,1.08,1.19,0.98,0.86,0.73,0.85,0.88,0.75
1.09,1.08,1.19,0.98,0.86,0.73,0.85,0.88,0.75,0.63
1.08,1.19,0.98,0.86,0.73,0.85,0.88,0.75,0.63,0.87
1.19,0.98,0.86,0.73,0.85,0.88,0.75,0.63,0.87,0.63
0.98,0.86,0.73,0.85,0.88,0.75,0.63,0.87,0.63,0.61
0.86,0.73,0.85,0.88,0.75,0.63,0.87,0.63,0.61,0.5
0.73,0.85,0.88,0.75,0.63,0.87,0.63,0.61,0.5,0.77
0.85,0.88,0.75,0.63,0.87,0.63,0.61,0.5,0.77,0.99
0.88,0.75,0.63,0.87,0.63,0.61,0.5,0.77,0.99,0.64
0.75,0.63,0.87,0.63,0.61,0.5,0.77,0.99,0.64,0.87
0.63,0.87,0.63,0.61,0.5,0.77,0.99,0.64,0.87,0.65
0.87,0.63,0.61,0.5,0.77,0.99,0.64,0.87,0.65,0.63
0.63,0.61,0.5,0.77,0.99,0.64,0.87,0.65,0.63,0.48
0.61,0.5,0.77,0.99,0.64,0.87,0.65,0.63,0.48,0.51
0.5,0.77,0.99,0.64,0.87,0.65,0.63,0.48,0.51,0.5
0.77,0.99,0.64,0.87,0.65,0.63,0.48,0.51,0.5,0.63
0.99,0.64,0.87,0.65,0.63,0.48,0.51,0.5,0.63,0.38
0.64,0.87,0.65,0.63,0.48,0.51,0.5,0.63,0.38,0.63
0.87,0.65,0.63,0.48,0.51,0.5,0.63,0.38,0.63,0.36
0.65,0.63,0.48,0.51,0.5,0.63,0.38,0.63,0.36,0.49
0.63,0.48,0.51,0.5,0.63,0.38,0.63,0.36,0.49,0.64
0.48,0.51,0.5,0.63,0.38,0.63,0.36,0.49,0.64,0.5
0.51,0.5,0.63,0.38,0.63,0.36,0.49,0.64,0.5,0.39
0.5,0.63,0.38,0.63,0.36,0.49,0.64,0.5,0.39,0.37
0.63,0.38,0.63,0.36,0.49,0.64,0.5,0.39,0.37,0.64
0.38,0.63,0.36,0.49,0.64,0.5,0.39,0.37,0.64,0.39
0.63,0.36,0.49,0.64,0.5,0.39,0.37,0.64,0.39,0.26
0.36,0.49,0.64,0.5,0.39,0.37,0.64,0.39,0.26,0.37
0.49,0.64,0.5,0.39,0.37,0.64,0.39,0.26,0.37,0.52
0.64,0.5,0.39,0.37,0.64,0.39,0.26,0.37,0.52,0.22
0.5,0.39,0.37,0.64,0.39,0.26,0.37,0.52,0.22,0.26
0.39,0.37,0.64,0.39,0.26,0.37,0.52,0.22,0.26,0.39
0.37,0.64,0.39,0.26,0.37,0.52,0.22,0.26,0.39,0.27
0.64,0.39,0.26,0.37,0.52,0.22,0.26,0.39,0.27,0.51
0.39,0.26,0.37,0.52,0.22,0.26,0.39,0.27,0.51,0.28
0.26,0.37,0.52,0.22,0.26,0.39,0.27,0.51,0.28,0.35
0.37,0.52,0.22,0.26,0.39,0.27,0.51,0.28,0.35,0.51
0.52,0.22,0.26,0.39,0.27,0.51,0.28,0.35,0.51,0.87
0.22,0.26,0.39,0.27,0.51,0.28,0.35,0.51,0.87,1.38
0.26,0.39,0.27,0.51,0.28,0.35,0.51,0.87,1.38,0.73
0.39,0.27,0.51,0.28,0.35,0.51,0.87,1.38,0.73,0.66
0.27,0.51,0.28,0.35,0.51,0.87,1.38,0.73,0.66,1.38
0.51,0.28,0.35,0.51,0.87,1.38,0.73,0.66,1.38,1.87
0.28,0.35,0.51,0.87,1.38,0.73,0.66,1.38,1.87,1.27
0.35,0.51,0.87,1.38,0.73,0.66,1.38,1.87,1.27,1.14
0.51,0.87,1.38,0.73,0.66,1.38,1.87,1.27,1.14,1.14
0.87,1.38,0.73,0.66,1.38,1.87,1.27,1.14,1.14,1.12
1.38,0.73,0.66,1.38,1.87,1.27,1.14,1.14,1.12,1.27
0.73,0.66,1.38,1.87,1.27,1.14,1.14,1.12,1.27,0.76
0.66,1.38,1.87,1.27,1.14,1.14,1.12,1.27,0.76,0.91
1.38,1.87,1.27,1.14,1.14,1.12,1.27,0.76,0.91,0.77
1.87,1.27,1.14,1.14,1.12,1.27,0.76,0.91,0.77,0.66
1.27,1.14,1.14,1.12,1.27,0.76,0.91,0.77,0.66,0.77
1.14,1.14,1.12,1.27,0.76,0.91,0.77,0.66,0.77,0.76
1.14,1.12,1.27,0.76,0.91,0.77,0.66,0.77,0.76,0.9
1.12,1.27,0.76,0.91,0.77,0.66,0.77,0.76,0.9,0.65
1.27,0.76,0.91,0.77,0.66,0.77,0.76,0.9,0.65,0.51
0.76,0.91,0.77,0.66,0.77,0.76,0.9,0.65,0.51,0.63
0.91,0.77,0.66,0.77,0.76,0.9,0.65,0.51,0.63,0.51
0.77,0.66,0.77,0.76,0.9,0.65,0.51,0.63,0.51,0.41
0.66,0.77,0.76,0.9,0.65,0.51,0.63,0.51,0.41,0.52
0.77,0.76,0.9,0.65,0.51,0.63,0.51,0.41,0.52,0.4
0.76,0.9,0.65,0.51,0.63,0.51,0.41,0.52,0.4,0.53
0.9,0.65,0.51,0.63,0.51,0.41,0.52,0.4,0.53,0.53
0.65,0.51,0.63,0.51,0.41,0.52,0.4,0.53,0.53,0.39
0.51,0.63,0.51,0.41,0.52,0.4,0.53,0.53,0.39,0.66
0.63,0.51,0.41,0.52,0.4,0.53,0.53,0.39,0.66,0.46
0.51,0.41,0.52,0.4,0.53,0.53,0.39,0.66,0.46,0.5
0.41,0.52,0.4,0.53,0.53,0.39,0.66,0.46,0.5,0.51
0.52,0.4,0.53,0.53,0.39,0.66,0.46,0.5,0.51,0.5
0.4,0.53,0.53,0.39,0.66,0.46,0.5,0.51,0.5,0.31
0.53,0.53,0.39,0.66,0.46,0.5,0.51,0.5,0.31,0.31
0.53,0.39,0.66,0.46,0.5,0.51,0.5,0.31,0.31,0.93
0.39,0.66,0.46,0.5,0.51,0.5,0.31,0.31,0.93,0.79
0.66,0.46,0.5,0.51,0.5,0.31,0.31,0.93,0.79,0.88
0.46,0.5,0.51,0.5,0.31,0.31,0.93,0.79,0.88,0.66
0.5,0.51,0.5,0.31,0.31,0.93,0.79,0.88,0.66,0.53
0.51,0.5,0.31,0.31,0.93,0.79,0.88,0.66,0.53,1.05
0.5,0.31,0.31,0.93,0.79,0.88,0.66,0.53,1.05,0.48
0.31,0.31,0.93,0.79,0.88,0.66,0.53,1.05,0.48,0.56
0.31,0.93,0.79,0.88,0.66,0.53,1.05,0.48,0.56,0.85
0.93,0.79,0.88,0.66,0.53,1.05,0.48,0.56,0.85,1.31
0.79,0.88,0.66,0.53,1.05,0.48,0.56,0.85,1.31,0.47
0.88,0.66,0.53,1.05,0.48,0.56,0.85,1.31,0.47,0.63
0.66,0.53,1.05,0.48,0.56,0.85,1.31,0.47,0.63,0.58
0.53,1.05,0.48,0.56,0.85,1.31,0.47,0.63,0.58,0.6
1.05,0.48,0.56,0.85,1.31,0.47,0.63,0.58,0.6,0.69
0.48,0.56,0.85,1.31,0.47,0.63,0.58,0.6,0.69,0.78
0.56,0.85,1.31,0.47,0.63,0.58,0.6,0.69,0.78,0.69
0.85,1.31,0.47,0.63,0.58,0.6,0.69,0.78,0.69,0.47
1.31,0.47,0.63,0.58,0.6,0.69,0.78,0.69,0.47,0.38
0.47,0.63,0.58,0.6,0.69,0.78,0.69,0.47,0.38,0.2
0.63,0.58,0.6,0.69,0.78,0.69,0.47,0.38,0.2,0.09
0.58,0.6,0.69,0.78,0.69,0.47,0.38,0.2,0.09,0.32
0.6,0.69,0.78,0.69,0.47,0.38,0.2,0.09,0.32,0.21
0.69,0.78,0.69,0.47,0.38,0.2,0.09,0.32,0.21,0.35
0.78,0.69,0.47,0.38,0.2,0.09,0.32,0.21,0.35,0.19
0.69,0.47,0.38,0.2,0.09,0.32,0.21,0.35,0.19,0.2
0.47,0.38,0.2,0.09,0.32,0.21,0.35,0.19,0.2,0.21
0.38,0.2,0.09,0.32,0.21,0.35,0.19,0.2,0.21,0.13
0.2,0.09,0.32,0.21,0.35,0.19,0.2,0.21,0.13,1.22
0.09,0.32,0.21,0.35,0.19,0.2,0.21,0.13,1.22,0.87
0.32,0.21,0.35,0.19,0.2,0.21,0.13,1.22,0.87,0.48
0.21,0.35,0.19,0.2,0.21,0.13,1.22,0.87,0.48,0.45
0.35,0.19,0.2,0.21,0.13,1.22,0.87,0.48,0.45,0.45
0.19,0.2,0.21,0.13,1.22,0.87,0.48,0.45,0.45,0.44
0.2,0.21,0.13,1.22,0.87,0.48,0.45,0.45,0.44,0.45
0.21,0.13,1.22,0.87,0.48,0.45,0.45,0.44,0.45,0.45
0.13,1.22,0.87,0.48,0.45,0.45,0.44,0.45,0.45,0.45
1.22,0.87,0.48,0.45,0.45,0.44,0.45,0.45,0.45,0.31
0.87,0.48,0.45,0.45,0.44,0.45,0.45,0.45,0.31,0.71
0.48,0.45,0.45,0.44,0.45,0.45,0.45,0.31,0.71,1.85
0.45,0.45,0.44,0.45,0.45,0.45,0.31,0.71,1.85,2.21
0.45,0.44,0.45,0.45,0.45,0.31,0.71,1.85,2.21,0.52
0.44,0.45,0.45,0.45,0.31,0.71,1.85,2.21,0.52,0.49
0.45,0.45,0.45,0.31,0.71,1.85,2.21,0.52,0.49,0.76
0.45,0.45,0.31,0.71,1.85,2.21,0.52,0.49,0.76,2.43
0.45,0.31,0.71,1.85,2.21,0.52,0.49,0.76,2.43,2.19
0.31,0.71,1.85,2.21,0.52,0.49,0.76,2.43,2.19,1.95
0.71,1.85,2.21,0.52,0.49,0.76,2.43,2.19,1.95,2.07
1.85,2.21,0.52,0.49,0.76,2.43,2.19,1.95,2.07,1.96
2.21,0.52,0.49,0.76,2.43,2.19,1.95,2.07,1.96,0.36
0.52,0.49,0.76,2.43,2.19,1.95,2.07,1.96,0.36,0.49
0.49,0.76,2.43,2.19,1.95,2.07,1.96,0.36,0.49,0.41
0.76,2.43,2.19,1.95,2.07,1.96,0.36,0.49,0.41,0.49
2.43,2.19,1.95,2.07,1.96,0.36,0.49,0.41,0.49,0.28
2.19,1.95,2.07,1.96,0.36,0.49,0.41,0.49,0.28,0.23
1.95,2.07,1.96,0.36,0.49,0.41,0.49,0.28,0.23,0.24
2.07,1.96,0.36,0.49,0.41,0.49,0.28,0.23,0.24,0.26
1.96,0.36,0.49,0.41,0.49,0.28,0.23,0.24,0.26,0.12
0.36,0.49,0.41,0.49,0.28,0.23,0.24,0.26,0.12,0.24
0.49,0.41,0.49,0.28,0.23,0.24,0.26,0.12,0.24,0.14
0.41,0.49,0.28,0.23,0.24,0.26,0.12,0.24,0.14,0.1
0.49,0.28,0.23,0.24,0.26,0.12,0.24,0.14,0.1,0.1
0.28,0.23,0.24,0.26,0.12,0.24,0.14,0.1,0.1,0.26
0.23,0.24,0.26,0.12,0.24,0.14,0.1,0.1,0.26,0.38
0.24,0.26,0.12,0.24,0.14,0.1,0.1,0.26,0.38,0.5
0.26,0.12,0.24,0.14,0.1,0.1,0.26,0.38,0.5,0.37
0.12,0.24,0.14,0.1,0.1,0.26,0.38,0.5,0.37,0.24
0.24,0.14,0.1,0.1,0.26,0.38,0.5,0.37,0.24,0.27
0.14,0.1,0.1,0.26,0.38,0.5,0.37,0.24,0.27,0.25
0.1,0.1,0.26,0.38,0.5,0.37,0.24,0.27,0.25,0.14
0.1,0.26,0.38,0.5,0.37,0.24,0.27,0.25,0.14,0.25
0.26,0.38,0.5,0.37,0.24,0.27,0.25,0.14,0.25,0.25
0.38,0.5,0.37,0.24,0.27,0.25,0.14,0.25,0.25,0.14
0.5,0.37,0.24,0.27,0.25,0.14,0.25,0.25,0.14,0.25
0.37,0.24,0.27,0.25,0.14,0.25,0.25,0.14,0.25,0.16
0.24,0.27,0.25,0.14,0.25,0.25,0.14,0.25,0.16,0.39
0.27,0.25,0.14,0.25,0.25,0.14,0.25,0.16,0.39,0.26
0.25,0.14,0.25,0.25,0.14,0.25,0.16,0.39,0.26,0.26
0.14,0.25,0.25,0.14,0.25,0.16,0.39,0.26,0.26,0.14
0.25,0.25,0.14,0.25,0.16,0.39,0.26,0.26,0.14,0.24
0.25,0.14,0.25,0.16,0.39,0.26,0.26,0.14,0.24,0.28
0.14,0.25,0.16,0.39,0.26,0.26,0.14,0.24,0.28,0.47
0.25,0.16,0.39,0.26,0.26,0.14,0.24,0.28,0.47,0.25
0.16,0.39,0.26,0.26,0.14,0.24,0.28,0.47,0.25,0.13
0.39,0.26,0.26,0.14,0.24,0.28,0.47,0.25,0.13,0.14
0.26,0.26,0.14,0.24,0.28,0.47,0.25,0.13,0.14,0.03
0.26,0.14,0.24,0.28,0.47,0.25,0.13,0.14,0.03,0.13
0.14,0.24,0.28,0.47,0.25,0.13,0.14,0.03,0.13,0.12
0.24,0.28,0.47,0.25,0.13,0.14,0.03,0.13,0.12,0.08
0.28,0.47,0.25,0.13,0.14,0.03,0.13,0.12,0.08,0.17
0.47,0.25,0.13,0.14,0.03,0.13,0.12,0.08,0.17,0
0.25,0.13,0.14,0.03,0.13,0.12,0.08,0.17,0,0.13
0.13,0.14,0.03,0.13,0.12,0.08,0.17,0,0.13,0.02
0.14,0.03,0.13,0.12,0.08,0.17,0,0.13,0.02,0.13
0.03,0.13,0.12,0.08,0.17,0,0.13,0.02,0.13,0.14
0.13,0.12,0.08,0.17,0,0.13,0.02,0.13,0.14,0.01
0.12,0.08,0.17,0,0.13,0.02,0.13,0.14,0.01,0.13
0.08,0.17,0,0.13,0.02,0.13,0.14,0.01,0.13,0.1
0.17,0,0.13,0.02,0.13,0.14,0.01,0.13,0.1,0.02
0,0.13,0.02,0.13,0.14,0.01,0.13,0.1,0.02,0.12
0.13,0.02,0.13,0.14,0.01,0.13,0.1,0.02,0.12,0.02
0.02,0.13,0.14,0.01,0.13,0.1,0.02,0.12,0.02,0.12
0.13,0.14,0.01,0.13,0.1,0.02,0.12,0.02,0.12,0.03
0.14,0.01,0.13,0.1,0.02,0.12,0.02,0.12,0.03,0.06
0.01,0.13,0.1,0.02,0.12,0.02,0.12,0.03,0.06,0.66
0.13,0.1,0.02,0.12,0.02,0.12,0.03,0.06,0.66,2.43
0.1,0.02,0.12,0.02,0.12,0.03,0.06,0.66,2.43,0.97
0.02,0.12,0.02,0.12,0.03,0.06,0.66,2.43,0.97,1.1
0.12,0.02,0.12,0.03,0.06,0.66,2.43,0.97,1.1,0.68
0.02,0.12,0.03,0.06,0.66,2.43,0.97,1.1,0.68,0.72
0.12,0.03,0.06,0.66,2.43,0.97,1.1,0.68,0.72,0.7
0.03,0.06,0.66,2.43,0.97,1.1,0.68,0.72,0.7,0.59
0.06,0.66,2.43,0.97,1.1,0.68,0.72,0.7,0.59,0.71
0.66,2.43,0.97,1.1,0.68,0.72,0.7,0.59,0.71,0.47
2.43,0.97,1.1,0.68,0.72,0.7,0.59,0.71,0.47,0.59
0.97,1.1,0.68,0.72,0.7,0.59,0.71,0.47,0.59,0.48
1.1,0.68,0.72,0.7,0.59,0.71,0.47,0.59,0.48,0.35
0.68,0.72,0.7,0.59,0.71,0.47,0.59,0.48,0.35,0.45
0.72,0.7,0.59,0.71,0.47,0.59,0.48,0.35,0.45,0.46
0.7,0.59,0.71,0.47,0.59,0.48,0.35,0.45,0.46,0.61
0.59,0.71,0.47,0.59,0.48,0.35,0.45,0.46,0.61,0.61
0.71,0.47,0.59,0.48,0.35,0.45,0.46,0.61,0.61,0.59
0.47,0.59,0.48,0.35,0.45,0.46,0.61,0.61,0.59,0.49
0.59,0.48,0.35,0.45,0.46,0.61,0.61,0.59,0.49,0.3
0.48,0.35,0.45,0.46,0.61,0.61,0.59,0.49,0.3,0.2
0.35,0.45,0.46,0.61,0.61,0.59,0.49,0.3,0.2,0.39
0.45,0.46,0.61,0.61,0.59,0.49,0.3,0.2,0.39,0.4
0.46,0.61,0.61,0.59,0.49,0.3,0.2,0.39,0.4,0.76
0.61,0.61,0.59,0.49,0.3,0.2,0.39,0.4,0.76,0.62
0.61,0.59,0.49,0.3,0.2,0.39,0.4,0.76,0.62,0.4
0.59,0.49,0.3,0.2,0.39,0.4,0.76,0.62,0.4,0.51
0.49,0.3,0.2,0.39,0.4,0.76,0.62,0.4,0.51,0.39
0.3,0.2,0.39,0.4,0.76,0.62,0.4,0.51,0.39,0.43
0.2,0.39,0.4,0.76,0.62,0.4,0.51,0.39,0.43,0.47
0.39,0.4,0.76,0.62,0.4,0.51,0.39,0.43,0.47,0.4
0.4,0.76,0.62,0.4,0.51,0.39,0.43,0.47,0.4,0.39
0.76,0.62,0.4,0.51,0.39,0.43,0.47,0.4,0.39,0.39
0.62,0.4,0.51,0.39,0.43,0.47,0.4,0.39,0.39,0.4
0.4,0.51,0.39,0.43,0.47,0.4,0.39,0.39,0.4,0.52
0.51,0.39,0.43,0.47,0.4,0.39,0.39,0.4,0.52,0.53
0.39,0.43,0.47,0.4,0.39,0.39,0.4,0.52,0.53,0.51
0.43,0.47,0.4,0.39,0.39,0.4,0.52,0.53,0.51,0.41
0.47,0.4,0.39,0.39,0.4,0.52,0.53,0.51,0.41,0.54
0.4,0.39,0.39,0.4,0.52,0.53,0.51,0.41,0.54,0.54
0.39,0.39,0.4,0.52,0.53,0.51,0.41,0.54,0.54,0.419
0.39,0.4,0.52,0.53,0.51,0.41,0.54,0.54,0.419,0.416
0.4,0.52,0.53,0.51,0.41,0.54,0.54,0.419,0.416,0.398
0.52,0.53,0.51,0.41,0.54,0.54,0.419,0.416,0.398,0.438
0.53,0.51,0.41,0.54,0.54,0.419,0.416,0.398,0.438,0.533
0.51,0.41,0.54,0.54,0.419,0.416,0.398,0.438,0.533,0.519
0.41,0.54,0.54,0.419,0.416,0.398,0.438,0.533,0.519,0.866
0.54,0.54,0.419,0.416,0.398,0.438,0.533,0.519,0.866,0.673
0.54,0.419,0.416,0.398,0.438,0.533,0.519,0.866,0.673,0.772
0.419,0.416,0.398,0.438,0.533,0.519,0.866,0.673,0.772,0.641
0.416,0.398,0.438,0.533,0.519,0.866,0.673,0.772,0.641,0.688
0.398,0.438,0.533,0.519,0.866,0.673,0.772,0.641,0.688,0.767
0.438,0.533,0.519,0.866,0.673,0.772,0.641,0.688,0.767,0.89
0.533,0.519,0.866,0.673,0.772,0.641,0.688,0.767,0.89,0.798
0.519,0.866,0.673,0.772,0.641,0.688,0.767,0.89,0.798,0.695
0.866,0.673,0.772,0.641,0.688,0.767,0.89,0.798,0.695,1.147
0.673,0.772,0.641,0.688,0.767,0.89,0.798,0.695,1.147,1.978
0.772,0.641,0.688,0.767,0.89,0.798,0.695,1.147,1.978,2.671
0.641,0.688,0.767,0.89,0.798,0.695,1.147,1.978,2.671,3.949
0.688,0.767,0.89,0.798,0.695,1.147,1.978,2.671,3.949,3.46
0.767,0.89,0.798,0.695,1.147,1.978,2.671,3.949,3.46,2.926
0.89,0.798,0.695,1.147,1.978,2.671,3.949,3.46,2.926,4.026
0.798,0.695,1.147,1.978,2.671,3.949,3.46,2.926,4.026,6.674
0.695,1.147,1.978,2.671,3.949,3.46,2.926,4.026,6.674,5.704
1.147,1.978,2.671,3.949,3.46,2.926,4.026,6.674,5.704,4.427
1.978,2.671,3.949,3.46,2.926,4.026,6.674,5.704,4.427,3.798
2.671,3.949,3.46,2.926,4.026,6.674,5.704,4.427,3.798,3.311
3.949,3.46,2.926,4.026,6.674,5.704,4.427,3.798,3.311,2.404
3.46,2.926,4.026,6.674,5.704,4.427,3.798,3.311,2.404,2.283
2.926,4.026,6.674,5.704,4.427,3.798,3.311,2.404,2.283,2.294
4.026,6.674,5.704,4.427,3.798,3.311,2.404,2.283,2.294,2.003
6.674,5.704,4.427,3.798,3.311,2.404,2.283,2.294,2.003,2.137
5.704,4.427,3.798,3.311,2.404,2.283,2.294,2.003,2.137,2.001
4.427,3.798,3.311,2.404,2.283,2.294,2.003,2.137,2.001,1.724
3.798,3.311,2.404,2.283,2.294,2.003,2.137,2.001,1.724,1.581
3.311,2.404,2.283,2.294,2.003,2.137,2.001,1.724,1.581,1.469
2.404,2.283,2.294,2.003,2.137,2.001,1.724,1.581,1.469,1.313
2.283,2.294,2.003,2.137,2.001,1.724,1.581,1.469,1.313,1.371
2.294,2.003,2.137,2.001,1.724,1.581,1.469,1.313,1.371,1.208
2.003,2.137,2.001,1.724,1.581,1.469,1.313,1.371,1.208,0.963
2.137,2.001,1.724,1.581,1.469,1.313,1.371,1.208,0.963,1.078
2.001,1.724,1.581,1.469,1.313,1.371,1.208,0.963,1.078,0.946
1.724,1.581,1.469,1.313,1.371,1.208,0.963,1.078,0.946,0.841
1.581,1.469,1.313,1.371,1.208,0.963,1.078,0.946,0.841,0.966
1.469,1.313,1.371,1.208,0.963,1.078,0.946,0.841,0.966,0.812
1.313,1.371,1.208,0.963,1.078,0.946,0.841,0.966,0.812,0.83
1.371,1.208,0.963,1.078,0.946,0.841,0.966,0.812,0.83,0.941
1.208,0.963,1.078,0.946,0.841,0.966,0.812,0.83,0.941,0.827
0.963,1.078,0.946,0.841,0.966,0.812,0.83,0.941,0.827,0.806
1.078,0.946,0.841,0.966,0.812,0.83,0.941,0.827,0.806,0.702
0.946,0.841,0.966,0.812,0.83,0.941,0.827,0.806,0.702,0.683
0.841,0.966,0.812,0.83,0.941,0.827,0.806,0.702,0.683,0.698
0.966,0.812,0.83,0.941,0.827,0.806,0.702,0.683,0.698,0.665
0.812,0.83,0.941,0.827,0.806,0.702,0.683,0.698,0.665,1.602
0.83,0.941,0.827,0.806,0.702,0.683,0.698,0.665,1.602,1.327
0.941,0.827,0.806,0.702,0.683,0.698,0.665,1.602,1.327,1.191
0.827,0.806,0.702,0.683,0.698,0.665,1.602,1.327,1.191,0.915
0.806,0.702,0.683,0.698,0.665,1.602,1.327,1.191,0.915,1.196
0.702,0.683,0.698,0.665,1.602,1.327,1.191,0.915,1.196,0.8
0.683,0.698,0.665,1.602,1.327,1.191,0.915,1.196,0.8,0.912
0.698,0.665,1.602,1.327,1.191,0.915,1.196,0.8,0.912,0.937
0.665,1.602,1.327,1.191,0.915,1.196,0.8,0.912,0.937,1.302
1.602,1.327,1.191,0.915,1.196,0.8,0.912,0.937,1.302,1.438
1.327,1.191,0.915,1.196,0.8,0.912,0.937,1.302,1.438,1.264
1.191,0.915,1.196,0.8,0.912,0.937,1.302,1.438,1.264,1.313
0.915,1.196,0.8,0.912,0.937,1.302,1.438,1.264,1.313,1.553
1.196,0.8,0.912,0.937,1.302,1.438,1.264,1.313,1.553,1.659
0.8,0.912,0.937,1.302,1.438,1.264,1.313,1.553,1.659,1.679
0.912,0.937,1.302,1.438,1.264,1.313,1.553,1.659,1.679,1.836
0.937,1.302,1.438,1.264,1.313,1.553,1.659,1.679,1.836,1.973
1.302,1.438,1.264,1.313,1.553,1.659,1.679,1.836,1.973,1.875
1.438,1.264,1.313,1.553,1.659,1.679,1.836,1.973,1.875,1.906
1.264,1.313,1.553,1.659,1.679,1.836,1.973,1.875,1.906,1.513
1.313,1.553,1.659,1.679,1.836,1.973,1.875,1.906,1.513,1.417
1.553,1.659,1.679,1.836,1.973,1.875,1.906,1.513,1.417,1.156
1.659,1.679,1.836,1.973,1.875,1.906,1.513,1.417,1.156,1.167
1.679,1.836,1.973,1.875,1.906,1.513,1.417,1.156,1.167,1.061
1.836,1.973,1.875,1.906,1.513,1.417,1.156,1.167,1.061,1.036
1.973,1.875,1.906,1.513,1.417,1.156,1.167,1.061,1.036,1.034
1.875,1.906,1.513,1.417,1.156,1.167,1.061,1.036,1.034,0.881
1.906,1.513,1.417,1.156,1.167,1.061,1.036,1.034,0.881,2.579
1.513,1.417,1.156,1.167,1.061,1.036,1.034,0.881,2.579,2.042
1.417,1.156,1.167,1.061,1.036,1.034,0.881,2.579,2.042,1.786
1.156,1.167,1.061,1.036,1.034,0.881,2.579,2.042,1.786,1.789
1.167,1.061,1.036,1.034,0.881,2.579,2.042,1.786,1.789,1.8
1.061,1.036,1.034,0.881,2.579,2.042,1.786,1.789,1.8,1.508
1.036,1.034,0.881,2.579,2.042,1.786,1.789,1.8,1.508,1.51
1.034,0.881,2.579,2.042,1.786,1.789,1.8,1.508,1.51,1.284
0.881,2.579,2.042,1.786,1.789,1.8,1.508,1.51,1.284,1.183
2.579,2.042,1.786,1.789,1.8,1.508,1.51,1.284,1.183,1.153
2.042,1.786,1.789,1.8,1.508,1.51,1.284,1.183,1.153,1.051
1.786,1.789,1.8,1.508,1.51,1.284,1.183,1.153,1.051,1.176
1.789,1.8,1.508,1.51,1.284,1.183,1.153,1.051,1.176,1.14
1.8,1.508,1.51,1.284,1.183,1.153,1.051,1.176,1.14,1.034
1.508,1.51,1.284,1.183,1.153,1.051,1.176,1.14,1.034,0.948
1.51,1.284,1.183,1.153,1.051,1.176,1.14,1.034,0.948,0.84
1.284,1.183,1.153,1.051,1.176,1.14,1.034,0.948,0.84,0.648
1.183,1.153,1.051,1.176,1.14,1.034,0.948,0.84,0.648,0.567
1.153,1.051,1.176,1.14,1.034,0.948,0.84,0.648,0.567,0.669
1.051,1.176,1.14,1.034,0.948,0.84,0.648,0.567,0.669,0.705
1.176,1.14,1.034,0.948,0.84,0.648,0.567,0.669,0.705,0.541
1.14,1.034,0.948,0.84,0.648,0.567,0.669,0.705,0.541,0.637
1.034,0.948,0.84,0.648,0.567,0.669,0.705,0.541,0.637,2.267
0.948,0.84,0.648,0.567,0.669,0.705,0.541,0.637,2.267,4.506
0.84,0.648,0.567,0.669,0.705,0.541,0.637,2.267,4.506,4.886
0.648,0.567,0.669,0.705,0.541,0.637,2.267,4.506,4.886,4.021
0.567,0.669,0.705,0.541,0.637,2.267,4.506,4.886,4.021,3.226
0.669,0.705,0.541,0.637,2.267,4.506,4.886,4.021,3.226,2.792
0.705,0.541,0.637,2.267,4.506,4.886,4.021,3.226,2.792,2.168
0.541,0.637,2.267,4.506,4.886,4.021,3.226,2.792,2.168,1.884
0.637,2.267,4.506,4.886,4.021,3.226,2.792,2.168,1.884,1.592
2.267,4.506,4.886,4.021,3.226,2.792,2.168,1.884,1.592,1.452
4.506,4.886,4.021,3.226,2.792,2.168,1.884,1.592,1.452,1.329
4.886,4.021,3.226,2.792,2.168,1.884,1.592,1.452,1.329,1.066
4.021,3.226,2.792,2.168,1.884,1.592,1.452,1.329,1.066,0.854
3.226,2.792,2.168,1.884,1.592,1.452,1.329,1.066,0.854,0.845
2.792,2.168,1.884,1.592,1.452,1.329,1.066,0.854,0.845,0.794
2.168,1.884,1.592,1.452,1.329,1.066,0.854,0.845,0.794,0.555
1.884,1.592,1.452,1.329,1.066,0.854,0.845,0.794,0.555,0.243
1.592,1.452,1.329,1.066,0.854,0.845,0.794,0.555,0.243,0.513
1.452,1.329,1.066,0.854,0.845,0.794,0.555,0.243,0.513,0.744
1.329,1.066,0.854,0.845,0.794,0.555,0.243,0.513,0.744,0.743
1.066,0.854,0.845,0.794,0.555,0.243,0.513,0.744,0.743,0.774
0.854,0.845,0.794,0.555,0.243,0.513,0.744,0.743,0.774,0.812
0.845,0.794,0.555,0.243,0.513,0.744,0.743,0.774,0.812,0.719
0.794,0.555,0.243,0.513,0.744,0.743,0.774,0.812,0.719,0.722
0.555,0.243,0.513,0.744,0.743,0.774,0.812,0.719,0.722,0.667
0.243,0.513,0.744,0.743,0.774,0.812,0.719,0.722,0.667,0.652
0.513,0.744,0.743,0.774,0.812,0.719,0.722,0.667,0.652,0.712
0.744,0.743,0.774,0.812,0.719,0.722,0.667,0.652,0.712,0.371
0.743,0.774,0.812,0.719,0.722,0.667,0.652,0.712,0.371,0.5
0.774,0.812,0.719,0.722,0.667,0.652,0.712,0.371,0.5,0.359
0.812,0.719,0.722,0.667,0.652,0.712,0.371,0.5,0.359,0.123
0.719,0.722,0.667,0.652,0.712,0.371,0.5,0.359,0.123,0.233
0.722,0.667,0.652,0.712,0.371,0.5,0.359,0.123,0.233,0.211
0.667,0.652,0.712,0.371,0.5,0.359,0.123,0.233,0.211,0.414
0.652,0.712,0.371,0.5,0.359,0.123,0.233,0.211,0.414,0.808
0.712,0.371,0.5,0.359,0.123,0.233,0.211,0.414,0.808,4.388
0.371,0.5,0.359,0.123,0.233,0.211,0.414,0.808,4.388,8.296
0.5,0.359,0.123,0.233,0.211,0.414,0.808,4.388,8.296,5.896
0.359,0.123,0.233,0.211,0.414,0.808,4.388,8.296,5.896,4.214
0.123,0.233,0.211,0.414,0.808,4.388,8.296,5.896,4.214,3.71
0.233,0.211,0.414,0.808,4.388,8.296,5.896,4.214,3.71,3.319
0.211,0.414,0.808,4.388,8.296,5.896,4.214,3.71,3.319,3.453
0.414,0.808,4.388,8.296,5.896,4.214,3.71,3.319,3.453,3.553
0.808,4.388,8.296,5.896,4.214,3.71,3.319,3.453,3.553,3.699
4.388,8.296,5.896,4.214,3.71,3.319,3.453,3.553,3.699,3.649
8.296,5.896,4.214,3.71,3.319,3.453,3.553,3.699,3.649,3.385
5.896,4.214,3.71,3.319,3.453,3.553,3.699,3.649,3.385,3.115
4.214,3.71,3.319,3.453,3.553,3.699,3.649,3.385,3.115,2.52
3.71,3.319,3.453,3.553,3.699,3.649,3.385,3.115,2.52,2.257
3.319,3.453,3.553,3.699,3.649,3.385,3.115,2.52,2.257,1.769
3.453,3.553,3.699,3.649,3.385,3.115,2.52,2.257,1.769,1.61
3.553,3.699,3.649,3.385,3.115,2.52,2.257,1.769,1.61,1.604
3.699,3.649,3.385,3.115,2.52,2.257,1.769,1.61,1.604,1.232
3.649,3.385,3.115,2.52,2.257,1.769,1.61,1.604,1.232,1.204
3.385,3.115,2.52,2.257,1.769,1.61,1.604,1.232,1.204,1.203
3.115,2.52,2.257,1.769,1.61,1.604,1.232,1.204,1.203,1.194
2.52,2.257,1.769,1.61,1.604,1.232,1.204,1.203,1.194,1.2
2.257,1.769,1.61,1.604,1.232,1.204,1.203,1.194,1.2,0.944
1.769,1.61,1.604,1.232,1.204,1.203,1.194,1.2,0.944,0.925
1.61,1.604,1.232,1.204,1.203,1.194,1.2,0.944,0.925,0.911
1.604,1.232,1.204,1.203,1.194,1.2,0.944,0.925,0.911,0.7
1.232,1.204,1.203,1.194,1.2,0.944,0.925,0.911,0.7,0.789
1.204,1.203,1.194,1.2,0.944,0.925,0.911,0.7,0.789,0.805
1.203,1.194,1.2,0.944,0.925,0.911,0.7,0.789,0.805,0.832
1.194,1.2,0.944,0.925,0.911,0.7,0.789,0.805,0.832,0.843
1.2,0.944,0.925,0.911,0.7,0.789,0.805,0.832,0.843,0.572
0.944,0.925,0.911,0.7,0.789,0.805,0.832,0.843,0.572,0.719
0.925,0.911,0.7,0.789,0.805,0.832,0.843,0.572,0.719,0.723
0.911,0.7,0.789,0.805,0.832,0.843,0.572,0.719,0.723,0.605
0.7,0.789,0.805,0.832,0.843,0.572,0.719,0.723,0.605,0.586
0.789,0.805,0.832,0.843,0.572,0.719,0.723,0.605,0.586,0.605
0.805,0.832,0.843,0.572,0.719,0.723,0.605,0.586,0.605,0.327
0.832,0.843,0.572,0.719,0.723,0.605,0.586,0.605,0.327,0.582
0.843,0.572,0.719,0.723,0.605,0.586,0.605,0.327,0.582,0.613
0.572,0.719,0.723,0.605,0.586,0.605,0.327,0.582,0.613,0.731
0.719,0.723,0.605,0.586,0.605,0.327,0.582,0.613,0.731,0.609
0.723,0.605,0.586,0.605,0.327,0.582,0.613,0.731,0.609,0.621
0.605,0.586,0.605,0.327,0.582,0.613,0.731,0.609,0.621,0.487
0.586,0.605,0.327,0.582,0.613,0.731,0.609,0.621,0.487,0.347
0.605,0.327,0.582,0.613,0.731,0.609,0.621,0.487,0.347,0.464
0.327,0.582,0.613,0.731,0.609,0.621,0.487,0.347,0.464,0.348
0.582,0.613,0.731,0.609,0.621,0.487,0.347,0.464,0.348,0.499
0.613,0.731,0.609,0.621,0.487,0.347,0.464,0.348,0.499,0.727
0.731,0.609,0.621,0.487,0.347,0.464,0.348,0.499,0.727,0.747
0.609,0.621,0.487,0.347,0.464,0.348,0.499,0.727,0.747,0.624
0.621,0.487,0.347,0.464,0.348,0.499,0.727,0.747,0.624,0.737
0.487,0.347,0.464,0.348,0.499,0.727,0.747,0.624,0.737,0.6
0.347,0.464,0.348,0.499,0.727,0.747,0.624,0.737,0.6,0.485
0.464,0.348,0.499,0.727,0.747,0.624,0.737,0.6,0.485,0.502
0.348,0.499,0.727,0.747,0.624,0.737,0.6,0.485,0.502,0.358
0.499,0.727,0.747,0.624,0.737,0.6,0.485,0.502,0.358,0.509
0.727,0.747,0.624,0.737,0.6,0.485,0.502,0.358,0.509,0.392
0.747,0.624,0.737,0.6,0.485,0.502,0.358,0.509,0.392,0.377
0.624,0.737,0.6,0.485,0.502,0.358,0.509,0.392,0.377,0.513
0.737,0.6,0.485,0.502,0.358,0.509,0.392,0.377,0.513,0.646
0.6,0.485,0.502,0.358,0.509,0.392,0.377,0.513,0.646,0.792
0.485,0.502,0.358,0.509,0.392,0.377,0.513,0.646,0.792,0.538
0.502,0.358,0.509,0.392,0.377,0.513,0.646,0.792,0.538,0.555
0.358,0.509,0.392,0.377,0.513,0.646,0.792,0.538,0.555,0.423
0.509,0.392,0.377,0.513,0.646,0.792,0.538,0.555,0.423,0.424
0.392,0.377,0.513,0.646,0.792,0.538,0.555,0.423,0.424,0.427
0.377,0.513,0.646,0.792,0.538,0.555,0.423,0.424,0.427,0.44
0.513,0.646,0.792,0.538,0.555,0.423,0.424,0.427,0.44,0.457
0.646,0.792,0.538,0.555,0.423,0.424,0.427,0.44,0.457,0.447
0.792,0.538,0.555,0.423,0.424,0.427,0.44,0.457,0.447,0.337
0.538,0.555,0.423,0.424,0.427,0.44,0.457,0.447,0.337,0.459
0.555,0.423,0.424,0.427,0.44,0.457,0.447,0.337,0.459,0.203
0.423,0.424,0.427,0.44,0.457,0.447,0.337,0.459,0.203,0.486
0.424,0.427,0.44,0.457,0.447,0.337,0.459,0.203,0.486,0.202
0.427,0.44,0.457,0.447,0.337,0.459,0.203,0.486,0.202,0.35
0.44,0.457,0.447,0.337,0.459,0.203,0.486,0.202,0.35,0.33
0.457,0.447,0.337,0.459,0.203,0.486,0.202,0.35,0.33,0.349
0.447,0.337,0.459,0.203,0.486,0.202,0.35,0.33,0.349,0.347
0.337,0.459,0.203,0.486,0.202,0.35,0.33,0.349,0.347,0.342
0.459,0.203,0.486,0.202,0.35,0.33,0.349,0.347,0.342,0.338
0.203,0.486,0.202,0.35,0.33,0.349,0.347,0.342,0.338,0.322
0.486,0.202,0.35,0.33,0.349,0.347,0.342,0.338,0.322,0.482
0.202,0.35,0.33,0.349,0.347,0.342,0.338,0.322,0.482,0.458
0.35,0.33,0.349,0.347,0.342,0.338,0.322,0.482,0.458,0.333
0.33,0.349,0.347,0.342,0.338,0.322,0.482,0.458,0.333,0.182
0.349,0.347,0.342,0.338,0.322,0.482,0.458,0.333,0.182,0.334
0.347,0.342,0.338,0.322,0.482,0.458,0.333,0.182,0.334,0.325
0.342,0.338,0.322,0.482,0.458,0.333,0.182,0.334,0.325,0.189
0.338,0.322,0.482,0.458,0.333,0.182,0.334,0.325,0.189,0.568
0.322,0.482,0.458,0.333,0.182,0.334,0.325,0.189,0.568,0.447
0.482,0.458,0.333,0.182,0.334,0.325,0.189,0.568,0.447,0.191
0.458,0.333,0.182,0.334,0.325,0.189,0.568,0.447,0.191,0.322
0.333,0.182,0.334,0.325,0.189,0.568,0.447,0.191,0.322,0.262
0.182,0.334,0.325,0.189,0.568,0.447,0.191,0.322,0.262,0.23
0.334,0.325,0.189,0.568,0.447,0.191,0.322,0.262,0.23,0.177
0.325,0.189,0.568,0.447,0.191,0.322,0.262,0.23,0.177,0.142
0.189,0.568,0.447,0.191,0.322,0.262,0.23,0.177,0.142,0.231
0.568,0.447,0.191,0.322,0.262,0.23,0.177,0.142,0.231,0.167
0.447,0.191,0.322,0.262,0.23,0.177,0.142,0.231,0.167,0.17
0.191,0.322,0.262,0.23,0.177,0.142,0.231,0.167,0.17,0.292
0.322,0.262,0.23,0.177,0.142,0.231,0.167,0.17,0.292,0.16
0.262,0.23,0.177,0.142,0.231,0.167,0.17,0.292,0.16,0.163
0.23,0.177,0.142,0.231,0.167,0.17,0.292,0.16,0.163,0.175
0.177,0.142,0.231,0.167,0.17,0.292,0.16,0.163,0.175,0.404
0.142,0.231,0.167,0.17,0.292,0.16,0.163,0.175,0.404,1.278
0.231,0.167,0.17,0.292,0.16,0.163,0.175,0.404,1.278,1.146
0.167,0.17,0.292,0.16,0.163,0.175,0.404,1.278,1.146,0.369
0.17,0.292,0.16,0.163,0.175,0.404,1.278,1.146,0.369,0.257
0.292,0.16,0.163,0.175,0.404,1.278,1.146,0.369,0.257,0.261
0.16,0.163,0.175,0.404,1.278,1.146,0.369,0.257,0.261,1.001
0.163,0.175,0.404,1.278,1.146,0.369,0.257,0.261,1.001,0.515
0.175,0.404,1.278,1.146,0.369,0.257,0.261,1.001,0.515,0.376
0.404,1.278,1.146,0.369,0.257,0.261,1.001,0.515,0.376,0.387
1.278,1.146,0.369,0.257,0.261,1.001,0.515,0.376,0.387,0.351
1.146,0.369,0.257,0.261,1.001,0.515,0.376,0.387,0.351,0.245
0.369,0.257,0.261,1.001,0.515,0.376,0.387,0.351,0.245,0.233
0.257,0.261,1.001,0.515,0.376,0.387,0.351,0.245,0.233,0.249
0.261,1.001,0.515,0.376,0.387,0.351,0.245,0.233,0.249,0.126
1.001,0.515,0.376,0.387,0.351,0.245,0.233,0.249,0.126,0.272
0.515,0.376,0.387,0.351,0.245,0.233,0.249,0.126,0.272,0.274
0.376,0.387,0.351,0.245,0.233,0.249,0.126,0.272,0.274,0.129
0.387,0.351,0.245,0.233,0.249,0.126,0.272,0.274,0.129,0.134
0.351,0.245,0.233,0.249,0.126,0.272,0.274,0.129,0.134,0.405
0.245,0.233,0.249,0.126,0.272,0.274,0.129,0.134,0.405,0.19
0.233,0.249,0.126,0.272,0.274,0.129,0.134,0.405,0.19,0.182
0.249,0.126,0.272,0.274,0.129,0.134,0.405,0.19,0.182,0.49
0.126,0.272,0.274,0.129,0.134,0.405,0.19,0.182,0.49,0.926
0.272,0.274,0.129,0.134,0.405,0.19,0.182,0.49,0.926,0.364
0.274,0.129,0.134,0.405,0.19,0.182,0.49,0.926,0.364,0.338
0.129,0.134,0.405,0.19,0.182,0.49,0.926,0.364,0.338,0.343
0.134,0.405,0.19,0.182,0.49,0.926,0.364,0.338,0.343,0.231
0.405,0.19,0.182,0.49,0.926,0.364,0.338,0.343,0.231,0.234
0.19,0.182,0.49,0.926,0.364,0.338,0.343,0.231,0.234,0.01
0.182,0.49,0.926,0.364,0.338,0.343,0.231,0.234,0.01,0.366
0.49,0.926,0.364,0.338,0.343,0.231,0.234,0.01,0.366,0.52
0.926,0.364,0.338,0.343,0.231,0.234,0.01,0.366,0.52,0.394
0.364,0.338,0.343,0.231,0.234,0.01,0.366,0.52,0.394,0.25
0.338,0.343,0.231,0.234,0.01,0.366,0.52,0.394,0.25,1.121
0.343,0.231,0.234,0.01,0.366,0.52,0.394,0.25,1.121,0.28
0.231,0.234,0.01,0.366,0.52,0.394,0.25,1.121,0.28,0.01
0.234,0.01,0.366,0.52,0.394,0.25,1.121,0.28,0.01,0.018
0.01,0.366,0.52,0.394,0.25,1.121,0.28,0.01,0.018,0.2
0.366,0.52,0.394,0.25,1.121,0.28,0.01,0.018,0.2,0.506
0.52,0.394,0.25,1.121,0.28,0.01,0.018,0.2,0.506,0.408
0.394,0.25,1.121,0.28,0.01,0.018,0.2,0.506,0.408,0.344
0.25,1.121,0.28,0.01,0.018,0.2,0.506,0.408,0.344,0.348
1.121,0.28,0.01,0.018,0.2,0.506,0.408,0.344,0.348,0.225
0.28,0.01,0.018,0.2,0.506,0.408,0.344,0.348,0.225,0.42
0.01,0.018,0.2,0.506,0.408,0.344,0.348,0.225,0.42,0.373
0.018,0.2,0.506,0.408,0.344,0.348,0.225,0.42,0.373,0.691
0.2,0.506,0.408,0.344,0.348,0.225,0.42,0.373,0.691,1.231
0.506,0.408,0.344,0.348,0.225,0.42,0.373,0.691,1.231,0.719
0.408,0.344,0.348,0.225,0.42,0.373,0.691,1.231,0.719,0.608
0.344,0.348,0.225,0.42,0.373,0.691,1.231,0.719,0.608,0.581
0.348,0.225,0.42,0.373,0.691,1.231,0.719,0.608,0.581,0.517
0.225,0.42,0.373,0.691,1.231,0.719,0.608,0.581,0.517,0.493
0.42,0.373,0.691,1.231,0.719,0.608,0.581,0.517,0.493,0.508
0.373,0.691,1.231,0.719,0.608,0.581,0.517,0.493,0.508,1.325
0.691,1.231,0.719,0.608,0.581,0.517,0.493,0.508,1.325,1.437
1.231,0.719,0.608,0.581,0.517,0.493,0.508,1.325,1.437,0.267
0.719,0.608,0.581,0.517,0.493,0.508,1.325,1.437,0.267,0.2
0.608,0.581,0.517,0.493,0.508,1.325,1.437,0.267,0.2,0.2
0.581,0.517,0.493,0.508,1.325,1.437,0.267,0.2,0.2,0.384
0.517,0.493,0.508,1.325,1.437,0.267,0.2,0.2,0.384,0.389
0.493,0.508,1.325,1.437,0.267,0.2,0.2,0.384,0.389,0.489
0.508,1.325,1.437,0.267,0.2,0.2,0.384,0.389,0.489,0.278
1.325,1.437,0.267,0.2,0.2,0.384,0.389,0.489,0.278,0.528
1.437,0.267,0.2,0.2,0.384,0.389,0.489,0.278,0.528,0.247
0.267,0.2,0.2,0.384,0.389,0.489,0.278,0.528,0.247,0.2
0.2,0.2,0.384,0.389,0.489,0.278,0.528,0.247,0.2,0.2
0.2,0.384,0.389,0.489,0.278,0.528,0.247,0.2,0.2,0.191
0.384,0.389,0.489,0.278,0.528,0.247,0.2,0.2,0.191,0.3
0.389,0.489,0.278,0.528,0.247,0.2,0.2,0.191,0.3,0.24
0.489,0.278,0.528,0.247,0.2,0.2,0.191,0.3,0.24,0.3
0.278,0.528,0.247,0.2,0.2,0.191,0.3,0.24,0.3,0.2
0.528,0.247,0.2,0.2,0.191,0.3,0.24,0.3,0.2,0.486
0.247,0.2,0.2,0.191,0.3,0.24,0.3,0.2,0.486,0.786
0.2,0.2,0.191,0.3,0.24,0.3,0.2,0.486,0.786,0.215
0.2,0.191,0.3,0.24,0.3,0.2,0.486,0.786,0.215,0.4
0.191,0.3,0.24,0.3,0.2,0.486,0.786,0.215,0.4,0.2
0.3,0.24,0.3,0.2,0.486,0.786,0.215,0.4,0.2,0.2
0.24,0.3,0.2,0.486,0.786,0.215,0.4,0.2,0.2,0.2
0.3,0.2,0.486,0.786,0.215,0.4,0.2,0.2,0.2,0.968
0.2,0.486,0.786,0.215,0.4,0.2,0.2,0.2,0.968,0.362
0.486,0.786,0.215,0.4,0.2,0.2,0.2,0.968,0.362,0.247
0.786,0.215,0.4,0.2,0.2,0.2,0.968,0.362,0.247,0.153
0.215,0.4,0.2,0.2,0.2,0.968,0.362,0.247,0.153,0.198
0.4,0.2,0.2,0.2,0.968,0.362,0.247,0.153,0.198,0.342
0.2,0.2,0.2,0.968,0.362,0.247,0.153,0.198,0.342,0.352
0.2,0.2,0.968,0.362,0.247,0.153,0.198,0.342,0.352,0.344
0.2,0.968,0.362,0.247,0.153,0.198,0.342,0.352,0.344,0.226
0.968,0.362,0.247,0.153,0.198,0.342,0.352,0.344,0.226,0.232
0.362,0.247,0.153,0.198,0.342,0.352,0.344,0.226,0.232,0.241
0.247,0.153,0.198,0.342,0.352,0.344,0.226,0.232,0.241,0.565
0.153,0.198,0.342,0.352,0.344,0.226,0.232,0.241,0.565,0.461
0.198,0.342,0.352,0.344,0.226,0.232,0.241,0.565,0.461,0.772
0.342,0.352,0.344,0.226,0.232,0.241,0.565,0.461,0.772,0.303
0.352,0.344,0.226,0.232,0.241,0.565,0.461,0.772,0.303,0.493
0.344,0.226,0.232,0.241,0.565,0.461,0.772,0.303,0.493,0.682
0.226,0.232,0.241,0.565,0.461,0.772,0.303,0.493,0.682,0.437
0.232,0.241,0.565,0.461,0.772,0.303,0.493,0.682,0.437,0.169
0.241,0.565,0.461,0.772,0.303,0.493,0.682,0.437,0.169,0.23
0.565,0.461,0.772,0.303,0.493,0.682,0.437,0.169,0.23,0.208
0.461,0.772,0.303,0.493,0.682,0.437,0.169,0.23,0.208,0.167
0.772,0.303,0.493,0.682,0.437,0.169,0.23,0.208,0.167,0.187
0.303,0.493,0.682,0.437,0.169,0.23,0.208,0.167,0.187,0.155
0.493,0.682,0.437,0.169,0.23,0.208,0.167,0.187,0.155,0.18
0.682,0.437,0.169,0.23,0.208,0.167,0.187,0.155,0.18,0.229
0.437,0.169,0.23,0.208,0.167,0.187,0.155,0.18,0.229,0.01
0.169,0.23,0.208,0.167,0.187,0.155,0.18,0.229,0.01,0.193
0.23,0.208,0.167,0.187,0.155,0.18,0.229,0.01,0.193,0.134
0.208,0.167,0.187,0.155,0.18,0.229,0.01,0.193,0.134,0.128
0.167,0.187,0.155,0.18,0.229,0.01,0.193,0.134,0.128,0.144
0.187,0.155,0.18,0.229,0.01,0.193,0.134,0.128,0.144,0.165
0.155,0.18,0.229,0.01,0.193,0.134,0.128,0.144,0.165,0.235
0.18,0.229,0.01,0.193,0.134,0.128,0.144,0.165,0.235,0.14
0.229,0.01,0.193,0.134,0.128,0.144,0.165,0.235,0.14,0.168
0.01,0.193,0.134,0.128,0.144,0.165,0.235,0.14,0.168,0.138
0.193,0.134,0.128,0.144,0.165,0.235,0.14,0.168,0.138,0.229
0.134,0.128,0.144,0.165,0.235,0.14,0.168,0.138,0.229,0.255
0.128,0.144,0.165,0.235,0.14,0.168,0.138,0.229,0.255,0.252
0.144,0.165,0.235,0.14,0.168,0.138,0.229,0.255,0.252,0.25
0.165,0.235,0.14,0.168,0.138,0.229,0.255,0.252,0.25,0.18
0.235,0.14,0.168,0.138,0.229,0.255,0.252,0.25,0.18,0.225
0.14,0.168,0.138,0.229,0.255,0.252,0.25,0.18,0.225,0.172
0.168,0.138,0.229,0.255,0.252,0.25,0.18,0.225,0.172,0.179
0.138,0.229,0.255,0.252,0.25,0.18,0.225,0.172,0.179,0.151
0.229,0.255,0.252,0.25,0.18,0.225,0.172,0.179,0.151,0.112
0.255,0.252,0.25,0.18,0.225,0.172,0.179,0.151,0.112,0.181
0.252,0.25,0.18,0.225,0.172,0.179,0.151,0.112,0.181,0.196
0.25,0.18,0.225,0.172,0.179,0.151,0.112,0.181,0.196,0.23
0.18,0.225,0.172,0.179,0.151,0.112,0.181,0.196,0.23,0.194
0.225,0.172,0.179,0.151,0.112,0.181,0.196,0.23,0.194,0.3
0.172,0.179,0.151,0.112,0.181,0.196,0.23,0.194,0.3,0.279
0.179,0.151,0.112,0.181,0.196,0.23,0.194,0.3,0.279,0.1
0.151,0.112,0.181,0.196,0.23,0.194,0.3,0.279,0.1,0.273
0.112,0.181,0.196,0.23,0.194,0.3,0.279,0.1,0.273,0.17
0.181,0.196,0.23,0.194,0.3,0.279,0.1,0.273,0.17,0.151
0.196,0.23,0.194,0.3,0.279,0.1,0.273,0.17,0.151,0.148
0.23,0.194,0.3,0.279,0.1,0.273,0.17,0.151,0.148,0.183
0.194,0.3,0.279,0.1,0.273,0.17,0.151,0.148,0.183,0.156
0.3,0.279,0.1,0.273,0.17,0.151,0.148,0.183,0.156,0.151
0.279,0.1,0.273,0.17,0.151,0.148,0.183,0.156,0.151,0.198
0.1,0.273,0.17,0.151,0.148,0.183,0.156,0.151,0.198,0.249
0.273,0.17,0.151,0.148,0.183,0.156,0.151,0.198,0.249,0.291
0.17,0.151,0.148,0.183,0.156,0.151,0.198,0.249,0.291,0.218
0.151,0.148,0.183,0.156,0.151,0.198,0.249,0.291,0.218,0.193
0.148,0.183,0.156,0.151,0.198,0.249,0.291,0.218,0.193,0.316
0.183,0.156,0.151,0.198,0.249,0.291,0.218,0.193,0.316,0.129
0.156,0.151,0.198,0.249,0.291,0.218,0.193,0.316,0.129,0.214
0.151,0.198,0.249,0.291,0.218,0.193,0.316,0.129,0.214,0.201
0.198,0.249,0.291,0.218,0.193,0.316,0.129,0.214,0.201,0.219
0.249,0.291,0.218,0.193,0.316,0.129,0.214,0.201,0.219,0.199
0.291,0.218,0.193,0.316,0.129,0.214,0.201,0.219,0.199,0.168
0.218,0.193,0.316,0.129,0.214,0.201,0.219,0.199,0.168,0.147
0.193,0.316,0.129,0.214,0.201,0.219,0.199,0.168,0.147,0.196
0.316,0.129,0.214,0.201,0.219,0.199,0.168,0.147,0.196,0.1
0.129,0.214,0.201,0.219,0.199,0.168,0.147,0.196,0.1,0.04
0.214,0.201,0.219,0.199,0.168,0.147,0.196,0.1,0.04,0.082
0.201,0.219,0.199,0.168,0.147,0.196,0.1,0.04,0.082,0.14
0.219,0.199,0.168,0.147,0.196,0.1,0.04,0.082,0.14,0.198
0.199,0.168,0.147,0.196,0.1,0.04,0.082,0.14,0.198,0.401
0.168,0.147,0.196,0.1,0.04,0.082,0.14,0.198,0.401,0.467
0.147,0.196,0.1,0.04,0.082,0.14,0.198,0.401,0.467,0.36
0.196,0.1,0.04,0.082,0.14,0.198,0.401,0.467,0.36,0.324
0.1,0.04,0.082,0.14,0.198,0.401,0.467,0.36,0.324,0.318
0.04,0.082,0.14,0.198,0.401,0.467,0.36,0.324,0.318,0.302
0.082,0.14,0.198,0.401,0.467,0.36,0.324,0.318,0.302,0.279
0.14,0.198,0.401,0.467,0.36,0.324,0.318,0.302,0.279,0.202
0.198,0.401,0.467,0.36,0.324,0.318,0.302,0.279,0.202,0.291
0.401,0.467,0.36,0.324,0.318,0.302,0.279,0.202,0.291,0.266
0.467,0.36,0.324,0.318,0.302,0.279,0.202,0.291,0.266,0.279
0.36,0.324,0.318,0.302,0.279,0.202,0.291,0.266,0.279,0.486
0.324,0.318,0.302,0.279,0.202,0.291,0.266,0.279,0.486,1.064
0.318,0.302,0.279,0.202,0.291,0.266,0.279,0.486,1.064,0.729
0.302,0.279,0.202,0.291,0.266,0.279,0.486,1.064,0.729,0.448
0.279,0.202,0.291,0.266,0.279,0.486,1.064,0.729,0.448,0.515
0.202,0.291,0.266,0.279,0.486,1.064,0.729,0.448,0.515,0.609
0.291,0.266,0.279,0.486,1.064,0.729,0.448,0.515,0.609,0.463
0.266,0.279,0.486,1.064,0.729,0.448,0.515,0.609,0.463,0.563
0.279,0.486,1.064,0.729,0.448,0.515,0.609,0.463,0.563,0.523
0.486,1.064,0.729,0.448,0.515,0.609,0.463,0.563,0.523,0.705
1.064,0.729,0.448,0.515,0.609,0.463,0.563,0.523,0.705,0.707
0.729,0.448,0.515,0.609,0.463,0.563,0.523,0.705,0.707,0.536
0.448,0.515,0.609,0.463,0.563,0.523,0.705,0.707,0.536,0.577
0.515,0.609,0.463,0.563,0.523,0.705,0.707,0.536,0.577,0.663
0.609,0.463,0.563,0.523,0.705,0.707,0.536,0.577,0.663,0.554
0.463,0.563,0.523,0.705,0.707,0.536,0.577,0.663,0.554,0.449
0.563,0.523,0.705,0.707,0.536,0.577,0.663,0.554,0.449,0.647
0.523,0.705,0.707,0.536,0.577,0.663,0.554,0.449,0.647,0.573
0.705,0.707,0.536,0.577,0.663,0.554,0.449,0.647,0.573,0.503
0.707,0.536,0.577,0.663,0.554,0.449,0.647,0.573,0.503,0.486
0.536,0.577,0.663,0.554,0.449,0.647,0.573,0.503,0.486,0.455
0.577,0.663,0.554,0.449,0.647,0.573,0.503,0.486,0.455,0.678
0.663,0.554,0.449,0.647,0.573,0.503,0.486,0.455,0.678,0.617
0.554,0.449,0.647,0.573,0.503,0.486,0.455,0.678,0.617,0.414
0.449,0.647,0.573,0.503,0.486,0.455,0.678,0.617,0.414,0.459
0.647,0.573,0.503,0.486,0.455,0.678,0.617,0.414,0.459,0.301
0.573,0.503,0.486,0.455,0.678,0.617,0.414,0.459,0.301,0.454
0.503,0.486,0.455,0.678,0.617,0.414,0.459,0.301,0.454,0.386
0.486,0.455,0.678,0.617,0.414,0.459,0.301,0.454,0.386,0.455
0.455,0.678,0.617,0.414,0.459,0.301,0.454,0.386,0.455,0.521
0.678,0.617,0.414,0.459,0.301,0.454,0.386,0.455,0.521,0.416
0.617,0.414,0.459,0.301,0.454,0.386,0.455,0.521,0.416,0.41
0.414,0.459,0.301,0.454,0.386,0.455,0.521,0.416,0.41,0.443
0.459,0.301,0.454,0.386,0.455,0.521,0.416,0.41,0.443,0.519
0.301,0.454,0.386,0.455,0.521,0.416,0.41,0.443,0.519,0.519
0.454,0.386,0.455,0.521,0.416,0.41,0.443,0.519,0.519,0.435
0.386,0.455,0.521,0.416,0.41,0.443,0.519,0.519,0.435,0.526
0.455,0.521,0.416,0.41,0.443,0.519,0.519,0.435,0.526,0.532
0.521,0.416,0.41,0.443,0.519,0.519,0.435,0.526,0.532,0.453
0.416,0.41,0.443,0.519,0.519,0.435,0.526,0.532,0.453,0.33
0.41,0.443,0.519,0.519,0.435,0.526,0.532,0.453,0.33,0.405
0.443,0.519,0.519,0.435,0.526,0.532,0.453,0.33,0.405,0.404
0.519,0.519,0.435,0.526,0.532,0.453,0.33,0.405,0.404,0.335
0.519,0.435,0.526,0.532,0.453,0.33,0.405,0.404,0.335,0.313
0.435,0.526,0.532,0.453,0.33,0.405,0.404,0.335,0.313,0.374
0.526,0.532,0.453,0.33,0.405,0.404,0.335,0.313,0.374,0.175
0.532,0.453,0.33,0.405,0.404,0.335,0.313,0.374,0.175,0.49
0.453,0.33,0.405,0.404,0.335,0.313,0.374,0.175,0.49,0.382
0.33,0.405,0.404,0.335,0.313,0.374,0.175,0.49,0.382,0.318
0.405,0.404,0.335,0.313,0.374,0.175,0.49,0.382,0.318,0.32
0.404,0.335,0.313,0.374,0.175,0.49,0.382,0.318,0.32,0.325
0.335,0.313,0.374,0.175,0.49,0.382,0.318,0.32,0.325,0.35
0.313,0.374,0.175,0.49,0.382,0.318,0.32,0.325,0.35,0.35
0.374,0.175,0.49,0.382,0.318,0.32,0.325,0.35,0.35,0.321
0.175,0.49,0.382,0.318,0.32,0.325,0.35,0.35,0.321,1.693
0.49,0.382,0.318,0.32,0.325,0.35,0.35,0.321,1.693,0.33
0.382,0.318,0.32,0.325,0.35,0.35,0.321,1.693,0.33,0.4
0.318,0.32,0.325,0.35,0.35,0.321,1.693,0.33,0.4,0.47
0.32,0.325,0.35,0.35,0.321,1.693,0.33,0.4,0.47,0.346
0.325,0.35,0.35,0.321,1.693,0.33,0.4,0.47,0.346,0.224
0.35,0.35,0.321,1.693,0.33,0.4,0.47,0.346,0.224,0.272
0.35,0.321,1.693,0.33,0.4,0.47,0.346,0.224,0.272,0.133
0.321,1.693,0.33,0.4,0.47,0.346,0.224,0.272,0.133,0.464
1.693,0.33,0.4,0.47,0.346,0.224,0.272,0.133,0.464,0.39
0.33,0.4,0.47,0.346,0.224,0.272,0.133,0.464,0.39,0.407
0.4,0.47,0.346,0.224,0.272,0.133,0.464,0.39,0.407,0.446
0.47,0.346,0.224,0.272,0.133,0.464,0.39,0.407,0.446,0.694
0.346,0.224,0.272,0.133,0.464,0.39,0.407,0.446,0.694,0.511
0.224,0.272,0.133,0.464,0.39,0.407,0.446,0.694,0.511,0.366
0.272,0.133,0.464,0.39,0.407,0.446,0.694,0.511,0.366,0.499
0.133,0.464,0.39,0.407,0.446,0.694,0.511,0.366,0.499,0.41
0.464,0.39,0.407,0.446,0.694,0.511,0.366,0.499,0.41,0.447
0.39,0.407,0.446,0.694,0.511,0.366,0.499,0.41,0.447,0.329
0.407,0.446,0.694,0.511,0.366,0.499,0.41,0.447,0.329,0.42
0.446,0.694,0.511,0.366,0.499,0.41,0.447,0.329,0.42,0.344
0.694,0.511,0.366,0.499,0.41,0.447,0.329,0.42,0.344,0.381
0.511,0.366,0.499,0.41,0.447,0.329,0.42,0.344,0.381,0.392
0.366,0.499,0.41,0.447,0.329,0.42,0.344,0.381,0.392,0.26
0.499,0.41,0.447,0.329,0.42,0.344,0.381,0.392,0.26,0.16
0.41,0.447,0.329,0.42,0.344,0.381,0.392,0.26,0.16,0.604
0.447,0.329,0.42,0.344,0.381,0.392,0.26,0.16,0.604,0.379
0.329,0.42,0.344,0.381,0.392,0.26,0.16,0.604,0.379,0.51
0.42,0.344,0.381,0.392,0.26,0.16,0.604,0.379,0.51,0.492
0.344,0.381,0.392,0.26,0.16,0.604,0.379,0.51,0.492,0.394
0.381,0.392,0.26,0.16,0.604,0.379,0.51,0.492,0.394,0.696
0.392,0.26,0.16,0.604,0.379,0.51,0.492,0.394,0.696,1.295
0.26,0.16,0.604,0.379,0.51,0.492,0.394,0.696,1.295,1.082
0.16,0.604,0.379,0.51,0.492,0.394,0.696,1.295,1.082,0.904
0.604,0.379,0.51,0.492,0.394,0.696,1.295,1.082,0.904,0.845
0.379,0.51,0.492,0.394,0.696,1.295,1.082,0.904,0.845,0.785
0.51,0.492,0.394,0.696,1.295,1.082,0.904,0.845,0.785,0.819
0.492,0.394,0.696,1.295,1.082,0.904,0.845,0.785,0.819,0.797
0.394,0.696,1.295,1.082,0.904,0.845,0.785,0.819,0.797,0.742
0.696,1.295,1.082,0.904,0.845,0.785,0.819,0.797,0.742,0.693
1.295,1.082,0.904,0.845,0.785,0.819,0.797,0.742,0.693,0.695
1.082,0.904,0.845,0.785,0.819,0.797,0.742,0.693,0.695,0.806
0.904,0.845,0.785,0.819,0.797,0.742,0.693,0.695,0.806,0.734
0.845,0.785,0.819,0.797,0.742,0.693,0.695,0.806,0.734,0.727
0.785,0.819,0.797,0.742,0.693,0.695,0.806,0.734,0.727,0.699
0.819,0.797,0.742,0.693,0.695,0.806,0.734,0.727,0.699,0.67
0.797,0.742,0.693,0.695,0.806,0.734,0.727,0.699,0.67,0.79
0.742,0.693,0.695,0.806,0.734,0.727,0.699,0.67,0.79,2.127
0.693,0.695,0.806,0.734,0.727,0.699,0.67,0.79,2.127,7.059
0.695,0.806,0.734,0.727,0.699,0.67,0.79,2.127,7.059,6.752
0.806,0.734,0.727,0.699,0.67,0.79,2.127,7.059,6.752,7.268
0.734,0.727,0.699,0.67,0.79,2.127,7.059,6.752,7.268,7.894
0.727,0.699,0.67,0.79,2.127,7.059,6.752,7.268,7.894,10.664
0.699,0.67,0.79,2.127,7.059,6.752,7.268,7.894,10.664,11.621
0.67,0.79,2.127,7.059,6.752,7.268,7.894,10.664,11.621,11.364
0.79,2.127,7.059,6.752,7.268,7.894,10.664,11.621,11.364,10.414
2.127,7.059,6.752,7.268,7.894,10.664,11.621,11.364,10.414,7.392
7.059,6.752,7.268,7.894,10.664,11.621,11.364,10.414,7.392,5.879
6.752,7.268,7.894,10.664,11.621,11.364,10.414,7.392,5.879,4.301
7.268,7.894,10.664,11.621,11.364,10.414,7.392,5.879,4.301,3.648
7.894,10.664,11.621,11.364,10.414,7.392,5.879,4.301,3.648,3.28
10.664,11.621,11.364,10.414,7.392,5.879,4.301,3.648,3.28,3.002
11.621,11.364,10.414,7.392,5.879,4.301,3.648,3.28,3.002,2.808
11.364,10.414,7.392,5.879,4.301,3.648,3.28,3.002,2.808,2.545
10.414,7.392,5.879,4.301,3.648,3.28,3.002,2.808,2.545,2.129
7.392,5.879,4.301,3.648,3.28,3.002,2.808,2.545,2.129,2.158
5.879,4.301,3.648,3.28,3.002,2.808,2.545,2.129,2.158,2.774
4.301,3.648,3.28,3.002,2.808,2.545,2.129,2.158,2.774,2.372
3.648,3.28,3.002,2.808,2.545,2.129,2.158,2.774,2.372,3.439
3.28,3.002,2.808,2.545,2.129,2.158,2.774,2.372,3.439,3.712
3.002,2.808,2.545,2.129,2.158,2.774,2.372,3.439,3.712,3.197
2.808,2.545,2.129,2.158,2.774,2.372,3.439,3.712,3.197,3.057
2.545,2.129,2.158,2.774,2.372,3.439,3.712,3.197,3.057,2.406
2.129,2.158,2.774,2.372,3.439,3.712,3.197,3.057,2.406,2.367
2.158,2.774,2.372,3.439,3.712,3.197,3.057,2.406,2.367,2.263
2.774,2.372,3.439,3.712,3.197,3.057,2.406,2.367,2.263,1.951
2.372,3.439,3.712,3.197,3.057,2.406,2.367,2.263,1.951,1.635
3.439,3.712,3.197,3.057,2.406,2.367,2.263,1.951,1.635,1.443
3.712,3.197,3.057,2.406,2.367,2.263,1.951,1.635,1.443,1.36
3.197,3.057,2.406,2.367,2.263,1.951,1.635,1.443,1.36,1.372
3.057,2.406,2.367,2.263,1.951,1.635,1.443,1.36,1.372,1.42
2.406,2.367,2.263,1.951,1.635,1.443,1.36,1.372,1.42,1.39
2.367,2.263,1.951,1.635,1.443,1.36,1.372,1.42,1.39,1.327
2.263,1.951,1.635,1.443,1.36,1.372,1.42,1.39,1.327,0.952
1.951,1.635,1.443,1.36,1.372,1.42,1.39,1.327,0.952,0.952
1.635,1.443,1.36,1.372,1.42,1.39,1.327,0.952,0.952,0.959
1.443,1.36,1.372,1.42,1.39,1.327,0.952,0.952,0.959,0.725
1.36,1.372,1.42,1.39,1.327,0.952,0.952,0.959,0.725,0.736
1.372,1.42,1.39,1.327,0.952,0.952,0.959,0.725,0.736,0.612
1.42,1.39,1.327,0.952,0.952,0.959,0.725,0.736,0.612,0.59
1.39,1.327,0.952,0.952,0.959,0.725,0.736,0.612,0.59,0.619
1.327,0.952,0.952,0.959,0.725,0.736,0.612,0.59,0.619,0.441
0.952,0.952,0.959,0.725,0.736,0.612,0.59,0.619,0.441,0.522
0.952,0.959,0.725,0.736,0.612,0.59,0.619,0.441,0.522,0.546
0.959,0.725,0.736,0.612,0.59,0.619,0.441,0.522,0.546,0.394
0.725,0.736,0.612,0.59,0.619,0.441,0.522,0.546,0.394,0.632
0.736,0.612,0.59,0.619,0.441,0.522,0.546,0.394,0.632,0.501
0.612,0.59,0.619,0.441,0.522,0.546,0.394,0.632,0.501,0.496
0.59,0.619,0.441,0.522,0.546,0.394,0.632,0.501,0.496,0.615
0.619,0.441,0.522,0.546,0.394,0.632,0.501,0.496,0.615,0.621
0.441,0.522,0.546,0.394,0.632,0.501,0.496,0.615,0.621,0.764
0.522,0.546,0.394,0.632,0.501,0.496,0.615,0.621,0.764,0.595
0.546,0.394,0.632,0.501,0.496,0.615,0.621,0.764,0.595,0.509
0.394,0.632,0.501,0.496,0.615,0.621,0.764,0.595,0.509,0.536
0.632,0.501,0.496,0.615,0.621,0.764,0.595,0.509,0.536,0.352
0.501,0.496,0.615,0.621,0.764,0.595,0.509,0.536,0.352,0.506
0.496,0.615,0.621,0.764,0.595,0.509,0.536,0.352,0.506,0.347
0.615,0.621,0.764,0.595,0.509,0.536,0.352,0.506,0.347,0.417
0.621,0.764,0.595,0.509,0.536,0.352,0.506,0.347,0.417,1.964
0.764,0.595,0.509,0.536,0.352,0.506,0.347,0.417,1.964,2.774
0.595,0.509,0.536,0.352,0.506,0.347,0.417,1.964,2.774,3.117
0.509,0.536,0.352,0.506,0.347,0.417,1.964,2.774,3.117,2.375
0.536,0.352,0.506,0.347,0.417,1.964,2.774,3.117,2.375,2.55
0.352,0.506,0.347,0.417,1.964,2.774,3.117,2.375,2.55,2.223
0.506,0.347,0.417,1.964,2.774,3.117,2.375,2.55,2.223,1.916
0.347,0.417,1.964,2.774,3.117,2.375,2.55,2.223,1.916,1.537
0.417,1.964,2.774,3.117,2.375,2.55,2.223,1.916,1.537,1.472
1.964,2.774,3.117,2.375,2.55,2.223,1.916,1.537,1.472,1.514
2.774,3.117,2.375,2.55,2.223,1.916,1.537,1.472,1.514,1.392
3.117,2.375,2.55,2.223,1.916,1.537,1.472,1.514,1.392,1.247
2.375,2.55,2.223,1.916,1.537,1.472,1.514,1.392,1.247,1.215
2.55,2.223,1.916,1.537,1.472,1.514,1.392,1.247,1.215,1.102
2.223,1.916,1.537,1.472,1.514,1.392,1.247,1.215,1.102,1.081
1.916,1.537,1.472,1.514,1.392,1.247,1.215,1.102,1.081,0.811
1.537,1.472,1.514,1.392,1.247,1.215,1.102,1.081,0.811,0.813
1.472,1.514,1.392,1.247,1.215,1.102,1.081,0.811,0.813,0.827
1.514,1.392,1.247,1.215,1.102,1.081,0.811,0.813,0.827,0.68
1.392,1.247,1.215,1.102,1.081,0.811,0.813,0.827,0.68,0.562
1.247,1.215,1.102,1.081,0.811,0.813,0.827,0.68,0.562,0.427
1.215,1.102,1.081,0.811,0.813,0.827,0.68,0.562,0.427,0.575
1.102,1.081,0.811,0.813,0.827,0.68,0.562,0.427,0.575,0.451
1.081,0.811,0.813,0.827,0.68,0.562,0.427,0.575,0.451,0.427
0.811,0.813,0.827,0.68,0.562,0.427,0.575,0.451,0.427,0.83
0.813,0.827,0.68,0.562,0.427,0.575,0.451,0.427,0.83,0.968
0.827,0.68,0.562,0.427,0.575,0.451,0.427,0.83,0.968,1.003
0.68,0.562,0.427,0.575,0.451,0.427,0.83,0.968,1.003,0.418
0.562,0.427,0.575,0.451,0.427,0.83,0.968,1.003,0.418,0.449
0.427,0.575,0.451,0.427,0.83,0.968,1.003,0.418,0.449,0.434
0.575,0.451,0.427,0.83,0.968,1.003,0.418,0.449,0.434,0.348
0.451,0.427,0.83,0.968,1.003,0.418,0.449,0.434,0.348,0.334
0.427,0.83,0.968,1.003,0.418,0.449,0.434,0.348,0.334,0.844
0.83,0.968,1.003,0.418,0.449,0.434,0.348,0.334,0.844,0.525
0.968,1.003,0.418,0.449,0.434,0.348,0.334,0.844,0.525,0.676
1.003,0.418,0.449,0.434,0.348,0.334,0.844,0.525,0.676,0.39
0.418,0.449,0.434,0.348,0.334,0.844,0.525,0.676,0.39,0.36
0.449,0.434,0.348,0.334,0.844,0.525,0.676,0.39,0.36,0.35
0.434,0.348,0.334,0.844,0.525,0.676,0.39,0.36,0.35,0.384
0.348,0.334,0.844,0.525,0.676,0.39,0.36,0.35,0.384,0.289
0.334,0.844,0.525,0.676,0.39,0.36,0.35,0.384,0.289,0.304
0.844,0.525,0.676,0.39,0.36,0.35,0.384,0.289,0.304,0.284
0.525,0.676,0.39,0.36,0.35,0.384,0.289,0.304,0.284,0.564
0.676,0.39,0.36,0.35,0.384,0.289,0.304,0.284,0.564,0.678
0.39,0.36,0.35,0.384,0.289,0.304,0.284,0.564,0.678,0.486
0.36,0.35,0.384,0.289,0.304,0.284,0.564,0.678,0.486,0.293
0.35,0.384,0.289,0.304,0.284,0.564,0.678,0.486,0.293,0.36
0.384,0.289,0.304,0.284,0.564,0.678,0.486,0.293,0.36,0.37
0.289,0.304,0.284,0.564,0.678,0.486,0.293,0.36,0.37,0.38
0.304,0.284,0.564,0.678,0.486,0.293,0.36,0.37,0.38,0.284
0.284,0.564,0.678,0.486,0.293,0.36,0.37,0.38,0.284,0.126
0.564,0.678,0.486,0.293,0.36,0.37,0.38,0.284,0.126,0.13
0.678,0.486,0.293,0.36,0.37,0.38,0.284,0.126,0.13,0.23
0.486,0.293,0.36,0.37,0.38,0.284,0.126,0.13,0.23,0.24
0.293,0.36,0.37,0.38,0.284,0.126,0.13,0.23,0.24,0.25
0.36,0.37,0.38,0.284,0.126,0.13,0.23,0.24,0.25,0.154
0.37,0.38,0.284,0.126,0.13,0.23,0.24,0.25,0.154,0.172
0.38,0.284,0.126,0.13,0.23,0.24,0.25,0.154,0.172,0.184
0.284,0.126,0.13,0.23,0.24,0.25,0.154,0.172,0.184,0.538
0.126,0.13,0.23,0.24,0.25,0.154,0.172,0.184,0.538,0.267
0.13,0.23,0.24,0.25,0.154,0.172,0.184,0.538,0.267,0.128
0.23,0.24,0.25,0.154,0.172,0.184,0.538,0.267,0.128,0.262
0.24,0.25,0.154,0.172,0.184,0.538,0.267,0.128,0.262,0.4
0.25,0.154,0.172,0.184,0.538,0.267,0.128,0.262,0.4,1.701
0.154,0.172,0.184,0.538,0.267,0.128,0.262,0.4,1.701,0.647
0.172,0.184,0.538,0.267,0.128,0.262,0.4,1.701,0.647,0.395
0.184,0.538,0.267,0.128,0.262,0.4,1.701,0.647,0.395,0.268
0.538,0.267,0.128,0.262,0.4,1.701,0.647,0.395,0.268,0.512
0.267,0.128,0.262,0.4,1.701,0.647,0.395,0.268,0.512,0.139
0.128,0.262,0.4,1.701,0.647,0.395,0.268,0.512,0.139,0.139
0.262,0.4,1.701,0.647,0.395,0.268,0.512,0.139,0.139,0.277
0.4,1.701,0.647,0.395,0.268,0.512,0.139,0.139,0.277,0.395
1.701,0.647,0.395,0.268,0.512,0.139,0.139,0.277,0.395,1.2
0.647,0.395,0.268,0.512,0.139,0.139,0.277,0.395,1.2,0.597
0.395,0.268,0.512,0.139,0.139,0.277,0.395,1.2,0.597,0.354
0.268,0.512,0.139,0.139,0.277,0.395,1.2,0.597,0.354,0.349
0.512,0.139,0.139,0.277,0.395,1.2,0.597,0.354,0.349,0.226
0.139,0.139,0.277,0.395,1.2,0.597,0.354,0.349,0.226,0.464
0.139,0.277,0.395,1.2,0.597,0.354,0.349,0.226,0.464,0.329
0.277,0.395,1.2,0.597,0.354,0.349,0.226,0.464,0.329,0.21
0.395,1.2,0.597,0.354,0.349,0.226,0.464,0.329,0.21,0.223
1.2,0.597,0.354,0.349,0.226,0.464,0.329,0.21,0.223,0.465
0.597,0.354,0.349,0.226,0.464,0.329,0.21,0.223,0.465,0.915
0.354,0.349,0.226,0.464,0.329,0.21,0.223,0.465,0.915,0.363
0.349,0.226,0.464,0.329,0.21,0.223,0.465,0.915,0.363,0.317
0.226,0.464,0.329,0.21,0.223,0.465,0.915,0.363,0.317,0.297
0.464,0.329,0.21,0.223,0.465,0.915,0.363,0.317,0.297,0.381
0.329,0.21,0.223,0.465,0.915,0.363,0.317,0.297,0.381,0.371
0.21,0.223,0.465,0.915,0.363,0.317,0.297,0.381,0.371,0.415
0.223,0.465,0.915,0.363,0.317,0.297,0.381,0.371,0.415,0.332
0.465,0.915,0.363,0.317,0.297,0.381,0.371,0.415,0.332,0.234
0.915,0.363,0.317,0.297,0.381,0.371,0.415,0.332,0.234,0.207
0.363,0.317,0.297,0.381,0.371,0.415,0.332,0.234,0.207,0.18
0.317,0.297,0.381,0.371,0.415,0.332,0.234,0.207,0.18,0.27
0.297,0.381,0.371,0.415,0.332,0.234,0.207,0.18,0.27,0.609
0.381,0.371,0.415,0.332,0.234,0.207,0.18,0.27,0.609,0.877
0.371,0.415,0.332,0.234,0.207,0.18,0.27,0.609,0.877,0.34
0.415,0.332,0.234,0.207,0.18,0.27,0.609,0.877,0.34,0.57
0.332,0.234,0.207,0.18,0.27,0.609,0.877,0.34,0.57,0.339
0.234,0.207,0.18,0.27,0.609,0.877,0.34,0.57,0.339,0.342
0.207,0.18,0.27,0.609,0.877,0.34,0.57,0.339,0.342,0.317
0.18,0.27,0.609,0.877,0.34,0.57,0.339,0.342,0.317,0.505
0.27,0.609,0.877,0.34,0.57,0.339,0.342,0.317,0.505,0.493
0.609,0.877,0.34,0.57,0.339,0.342,0.317,0.505,0.493,0.193
0.877,0.34,0.57,0.339,0.342,0.317,0.505,0.493,0.193,0.202
0.34,0.57,0.339,0.342,0.317,0.505,0.493,0.193,0.202,0.225
0.57,0.339,0.342,0.317,0.505,0.493,0.193,0.202,0.225,0.201
0.339,0.342,0.317,0.505,0.493,0.193,0.202,0.225,0.201,0.223
0.342,0.317,0.505,0.493,0.193,0.202,0.225,0.201,0.223,0.057
0.317,0.505,0.493,0.193,0.202,0.225,0.201,0.223,0.057,0.215
0.505,0.493,0.193,0.202,0.225,0.201,0.223,0.057,0.215,0.204
0.493,0.193,0.202,0.225,0.201,0.223,0.057,0.215,0.204,0.079
0.193,0.202,0.225,0.201,0.223,0.057,0.215,0.204,0.079,0.075
0.202,0.225,0.201,0.223,0.057,0.215,0.204,0.079,0.075,0.058
0.225,0.201,0.223,0.057,0.215,0.204,0.079,0.075,0.058,0.215
0.201,0.223,0.057,0.215,0.204,0.079,0.075,0.058,0.215,0.203
0.223,0.057,0.215,0.204,0.079,0.075,0.058,0.215,0.203,0.088
0.057,0.215,0.204,0.079,0.075,0.058,0.215,0.203,0.088,0.095
0.215,0.204,0.079,0.075,0.058,0.215,0.203,0.088,0.095,0.071
0.204,0.079,0.075,0.058,0.215,0.203,0.088,0.095,0.071,0.339
0.079,0.075,0.058,0.215,0.203,0.088,0.095,0.071,0.339,0.093
0.075,0.058,0.215,0.203,0.088,0.095,0.071,0.339,0.093,0.09
0.058,0.215,0.203,0.088,0.095,0.071,0.339,0.093,0.09,0.094
0.215,0.203,0.088,0.095,0.071,0.339,0.093,0.09,0.094,0.075
0.203,0.088,0.095,0.071,0.339,0.093,0.09,0.094,0.075,0.097
0.088,0.095,0.071,0.339,0.093,0.09,0.094,0.075,0.097,0.349
0.095,0.071,0.339,0.093,0.09,0.094,0.075,0.097,0.349,0.104
0.071,0.339,0.093,0.09,0.094,0.075,0.097,0.349,0.104,0.103
0.339,0.093,0.09,0.094,0.075,0.097,0.349,0.104,0.103,0.359
0.093,0.09,0.094,0.075,0.097,0.349,0.104,0.103,0.359,0.335
0.09,0.094,0.075,0.097,0.349,0.104,0.103,0.359,0.335,1.371
0.094,0.075,0.097,0.349,0.104,0.103,0.359,0.335,1.371,0.845
0.075,0.097,0.349,0.104,0.103,0.359,0.335,1.371,0.845,0.351
0.097,0.349,0.104,0.103,0.359,0.335,1.371,0.845,0.351,0.351
0.349,0.104,0.103,0.359,0.335,1.371,0.845,0.351,0.351,0.361
0.104,0.103,0.359,0.335,1.371,0.845,0.351,0.351,0.361,0.079
0.103,0.359,0.335,1.371,0.845,0.351,0.351,0.361,0.079,0.348
0.359,0.335,1.371,0.845,0.351,0.351,0.361,0.079,0.348,0.114
0.335,1.371,0.845,0.351,0.351,0.361,0.079,0.348,0.114,0.359
1.371,0.845,0.351,0.351,0.361,0.079,0.348,0.114,0.359,0.366
0.845,0.351,0.351,0.361,0.079,0.348,0.114,0.359,0.366,0.103
0.351,0.351,0.361,0.079,0.348,0.114,0.359,0.366,0.103,0.088
0.351,0.361,0.079,0.348,0.114,0.359,0.366,0.103,0.088,0.1
0.361,0.079,0.348,0.114,0.359,0.366,0.103,0.088,0.1,0.287
0.079,0.348,0.114,0.359,0.366,0.103,0.088,0.1,0.287,0.213
0.348,0.114,0.359,0.366,0.103,0.088,0.1,0.287,0.213,0.428
0.114,0.359,0.366,0.103,0.088,0.1,0.287,0.213,0.428,0.235
0.359,0.366,0.103,0.088,0.1,0.287,0.213,0.428,0.235,0.288
0.366,0.103,0.088,0.1,0.287,0.213,0.428,0.235,0.288,0.21
0.103,0.088,0.1,0.287,0.213,0.428,0.235,0.288,0.21,0.24
0.088,0.1,0.287,0.213,0.428,0.235,0.288,0.21,0.24,0.254
0.1,0.287,0.213,0.428,0.235,0.288,0.21,0.24,0.254,0.313
0.287,0.213,0.428,0.235,0.288,0.21,0.24,0.254,0.313,0.17
0.213,0.428,0.235,0.288,0.21,0.24,0.254,0.313,0.17,0.24
0.428,0.235,0.288,0.21,0.24,0.254,0.313,0.17,0.24,0.157
0.235,0.288,0.21,0.24,0.254,0.313,0.17,0.24,0.157,0.347
0.288,0.21,0.24,0.254,0.313,0.17,0.24,0.157,0.347,0.463
0.21,0.24,0.254,0.313,0.17,0.24,0.157,0.347,0.463,0.284
0.24,0.254,0.313,0.17,0.24,0.157,0.347,0.463,0.284,0.278
0.254,0.313,0.17,0.24,0.157,0.347,0.463,0.284,0.278,0.335
0.313,0.17,0.24,0.157,0.347,0.463,0.284,0.278,0.335,0.32
0.17,0.24,0.157,0.347,0.463,0.284,0.278,0.335,0.32,0.222
0.24,0.157,0.347,0.463,0.284,0.278,0.335,0.32,0.222,0.518
0.157,0.347,0.463,0.284,0.278,0.335,0.32,0.222,0.518,1.252
0.347,0.463,0.284,0.278,0.335,0.32,0.222,0.518,1.252,0.634
0.463,0.284,0.278,0.335,0.32,0.222,0.518,1.252,0.634,0.5
0.284,0.278,0.335,0.32,0.222,0.518,1.252,0.634,0.5,0.5
0.278,0.335,0.32,0.222,0.518,1.252,0.634,0.5,0.5,0.538
0.335,0.32,0.222,0.518,1.252,0.634,0.5,0.5,0.538,0.623
0.32,0.222,0.518,1.252,0.634,0.5,0.5,0.538,0.623,0.636
0.222,0.518,1.252,0.634,0.5,0.5,0.538,0.623,0.636,0.62
0.518,1.252,0.634,0.5,0.5,0.538,0.623,0.636,0.62,0.882
1.252,0.634,0.5,0.5,0.538,0.623,0.636,0.62,0.882,0.886
0.634,0.5,0.5,0.538,0.623,0.636,0.62,0.882,0.886,0.642
0.5,0.5,0.538,0.623,0.636,0.62,0.882,0.886,0.642,0.777
0.5,0.538,0.623,0.636,0.62,0.882,0.886,0.642,0.777,0.64
0.538,0.623,0.636,0.62,0.882,0.886,0.642,0.777,0.64,0.644
0.623,0.636,0.62,0.882,0.886,0.642,0.777,0.64,0.644,0.759
0.636,0.62,0.882,0.886,0.642,0.777,0.64,0.644,0.759,0.646
0.62,0.882,0.886,0.642,0.777,0.64,0.644,0.759,0.646,0.646
0.882,0.886,0.642,0.777,0.64,0.644,0.759,0.646,0.646,0.775
0.886,0.642,0.777,0.64,0.644,0.759,0.646,0.646,0.775,0.553
0.642,0.777,0.64,0.644,0.759,0.646,0.646,0.775,0.553,0.651
0.777,0.64,0.644,0.759,0.646,0.646,0.775,0.553,0.651,0.531
0.64,0.644,0.759,0.646,0.646,0.775,0.553,0.651,0.531,0.522
0.644,0.759,0.646,0.646,0.775,0.553,0.651,0.531,0.522,0.411
0.759,0.646,0.646,0.775,0.553,0.651,0.531,0.522,0.411,0.53
0.646,0.646,0.775,0.553,0.651,0.531,0.522,0.411,0.53,0.398
0.646,0.775,0.553,0.651,0.531,0.522,0.411,0.53,0.398,0.652
0.775,0.553,0.651,0.531,0.522,0.411,0.53,0.398,0.652,0.403
0.553,0.651,0.531,0.522,0.411,0.53,0.398,0.652,0.403,0.391
0.651,0.531,0.522,0.411,0.53,0.398,0.652,0.403,0.391,0.383
0.531,0.522,0.411,0.53,0.398,0.652,0.403,0.391,0.383,0.435
0.522,0.411,0.53,0.398,0.652,0.403,0.391,0.383,0.435,0.5
0.411,0.53,0.398,0.652,0.403,0.391,0.383,0.435,0.5,0.55
0.53,0.398,0.652,0.403,0.391,0.383,0.435,0.5,0.55,0.446
0.398,0.652,0.403,0.391,0.383,0.435,0.5,0.55,0.446,0.496
0.652,0.403,0.391,0.383,0.435,0.5,0.55,0.446,0.496,0.518
0.403,0.391,0.383,0.435,0.5,0.55,0.446,0.496,0.518,0.789
0.391,0.383,0.435,0.5,0.55,0.446,0.496,0.518,0.789,0.428
0.383,0.435,0.5,0.55,0.446,0.496,0.518,0.789,0.428,0.604
0.435,0.5,0.55,0.446,0.496,0.518,0.789,0.428,0.604,0.527
0.5,0.55,0.446,0.496,0.518,0.789,0.428,0.604,0.527,0.446
0.55,0.446,0.496,0.518,0.789,0.428,0.604,0.527,0.446,0.437
0.446,0.496,0.518,0.789,0.428,0.604,0.527,0.446,0.437,0.575
0.496,0.518,0.789,0.428,0.604,0.527,0.446,0.437,0.575,0.444
0.518,0.789,0.428,0.604,0.527,0.446,0.437,0.575,0.444,0.545
0.789,0.428,0.604,0.527,0.446,0.437,0.575,0.444,0.545,0.46
0.428,0.604,0.527,0.446,0.437,0.575,0.444,0.545,0.46,0.413
0.604,0.527,0.446,0.437,0.575,0.444,0.545,0.46,0.413,0.422
0.527,0.446,0.437,0.575,0.444,0.545,0.46,0.413,0.422,0.478
0.446,0.437,0.575,0.444,0.545,0.46,0.413,0.422,0.478,0.472
0.437,0.575,0.444,0.545,0.46,0.413,0.422,0.478,0.472,0.346
0.575,0.444,0.545,0.46,0.413,0.422,0.478,0.472,0.346,0.496
0.444,0.545,0.46,0.413,0.422,0.478,0.472,0.346,0.496,0.43
0.545,0.46,0.413,0.422,0.478,0.472,0.346,0.496,0.43,0.285
0.46,0.413,0.422,0.478,0.472,0.346,0.496,0.43,0.285,0.542
0.413,0.422,0.478,0.472,0.346,0.496,0.43,0.285,0.542,0.41
0.422,0.478,0.472,0.346,0.496,0.43,0.285,0.542,0.41,0.422
0.478,0.472,0.346,0.496,0.43,0.285,0.542,0.41,0.422,0.526
0.472,0.346,0.496,0.43,0.285,0.542,0.41,0.422,0.526,1.278
0.346,0.496,0.43,0.285,0.542,0.41,0.422,0.526,1.278,0.662
0.496,0.43,0.285,0.542,0.41,0.422,0.526,1.278,0.662,0.779
0.43,0.285,0.542,0.41,0.422,0.526,1.278,0.662,0.779,0.652
0.285,0.542,0.41,0.422,0.526,1.278,0.662,0.779,0.652,0.899
0.542,0.41,0.422,0.526,1.278,0.662,0.779,0.652,0.899,0.94
0.41,0.422,0.526,1.278,0.662,0.779,0.652,0.899,0.94,1.23
0.422,0.526,1.278,0.662,0.779,0.652,0.899,0.94,1.23,1.038
0.526,1.278,0.662,0.779,0.652,0.899,0.94,1.23,1.038,1.14
1.278,0.662,0.779,0.652,0.899,0.94,1.23,1.038,1.14,1.06
0.662,0.779,0.652,0.899,0.94,1.23,1.038,1.14,1.06,1.317
0.779,0.652,0.899,0.94,1.23,1.038,1.14,1.06,1.317,1.07
0.652,0.899,0.94,1.23,1.038,1.14,1.06,1.317,1.07,1.001
0.899,0.94,1.23,1.038,1.14,1.06,1.317,1.07,1.001,0.929
0.94,1.23,1.038,1.14,1.06,1.317,1.07,1.001,0.929,1.027
1.23,1.038,1.14,1.06,1.317,1.07,1.001,0.929,1.027,0.891
1.038,1.14,1.06,1.317,1.07,1.001,0.929,1.027,0.891,1.019
1.14,1.06,1.317,1.07,1.001,0.929,1.027,0.891,1.019,2.03
1.06,1.317,1.07,1.001,0.929,1.027,0.891,1.019,2.03,1.357
1.317,1.07,1.001,0.929,1.027,0.891,1.019,2.03,1.357,1.152
1.07,1.001,0.929,1.027,0.891,1.019,2.03,1.357,1.152,1.096
1.001,0.929,1.027,0.891,1.019,2.03,1.357,1.152,1.096,1.016
0.929,1.027,0.891,1.019,2.03,1.357,1.152,1.096,1.016,1.166
1.027,0.891,1.019,2.03,1.357,1.152,1.096,1.016,1.166,1.04
0.891,1.019,2.03,1.357,1.152,1.096,1.016,1.166,1.04,0.903
1.019,2.03,1.357,1.152,1.096,1.016,1.166,1.04,0.903,1.178
2.03,1.357,1.152,1.096,1.016,1.166,1.04,0.903,1.178,1.036
1.357,1.152,1.096,1.016,1.166,1.04,0.903,1.178,1.036,1.022
1.152,1.096,1.016,1.166,1.04,0.903,1.178,1.036,1.022,1.016
1.096,1.016,1.166,1.04,0.903,1.178,1.036,1.022,1.016,1.152
1.016,1.166,1.04,0.903,1.178,1.036,1.022,1.016,1.152,1.096
1.166,1.04,0.903,1.178,1.036,1.022,1.016,1.152,1.096,1.099
1.04,0.903,1.178,1.036,1.022,1.016,1.152,1.096,1.099,1.296
0.903,1.178,1.036,1.022,1.016,1.152,1.096,1.099,1.296,1.385
1.178,1.036,1.022,1.016,1.152,1.096,1.099,1.296,1.385,1.546
1.036,1.022,1.016,1.152,1.096,1.099,1.296,1.385,1.546,1.432
1.022,1.016,1.152,1.096,1.099,1.296,1.385,1.546,1.432,1.49
1.016,1.152,1.096,1.099,1.296,1.385,1.546,1.432,1.49,1.595
1.152,1.096,1.099,1.296,1.385,1.546,1.432,1.49,1.595,1.549
1.096,1.099,1.296,1.385,1.546,1.432,1.49,1.595,1.549,1.623
1.099,1.296,1.385,1.546,1.432,1.49,1.595,1.549,1.623,1.516
1.296,1.385,1.546,1.432,1.49,1.595,1.549,1.623,1.516,2.172
1.385,1.546,1.432,1.49,1.595,1.549,1.623,1.516,2.172,2.83
1.546,1.432,1.49,1.595,1.549,1.623,1.516,2.172,2.83,2.984
1.432,1.49,1.595,1.549,1.623,1.516,2.172,2.83,2.984,3.673
1.49,1.595,1.549,1.623,1.516,2.172,2.83,2.984,3.673,4.091
1.595,1.549,1.623,1.516,2.172,2.83,2.984,3.673,4.091,3.533
1.549,1.623,1.516,2.172,2.83,2.984,3.673,4.091,3.533,3.26
1.623,1.516,2.172,2.83,2.984,3.673,4.091,3.533,3.26,2.868
1.516,2.172,2.83,2.984,3.673,4.091,3.533,3.26,2.868,2.851
2.172,2.83,2.984,3.673,4.091,3.533,3.26,2.868,2.851,2.452
2.83,2.984,3.673,4.091,3.533,3.26,2.868,2.851,2.452,1.91
2.984,3.673,4.091,3.533,3.26,2.868,2.851,2.452,1.91,1.685
3.673,4.091,3.533,3.26,2.868,2.851,2.452,1.91,1.685,1.652
4.091,3.533,3.26,2.868,2.851,2.452,1.91,1.685,1.652,1.381
3.533,3.26,2.868,2.851,2.452,1.91,1.685,1.652,1.381,1.653
3.26,2.868,2.851,2.452,1.91,1.685,1.652,1.381,1.653,1.266
2.868,2.851,2.452,1.91,1.685,1.652,1.381,1.653,1.266,1.371
2.851,2.452,1.91,1.685,1.652,1.381,1.653,1.266,1.371,1.54
2.452,1.91,1.685,1.652,1.381,1.653,1.266,1.371,1.54,1.763
1.91,1.685,1.652,1.381,1.653,1.266,1.371,1.54,1.763,1.498
1.685,1.652,1.381,1.653,1.266,1.371,1.54,1.763,1.498,1.807
1.652,1.381,1.653,1.266,1.371,1.54,1.763,1.498,1.807,1.667
1.381,1.653,1.266,1.371,1.54,1.763,1.498,1.807,1.667,1.653
1.653,1.266,1.371,1.54,1.763,1.498,1.807,1.667,1.653,1.643
1.266,1.371,1.54,1.763,1.498,1.807,1.667,1.653,1.643,1.638
1.371,1.54,1.763,1.498,1.807,1.667,1.653,1.643,1.638,1.648
1.54,1.763,1.498,1.807,1.667,1.653,1.643,1.638,1.648,1.472
1.763,1.498,1.807,1.667,1.653,1.643,1.638,1.648,1.472,1.397
1.498,1.807,1.667,1.653,1.643,1.638,1.648,1.472,1.397,1.269
1.807,1.667,1.653,1.643,1.638,1.648,1.472,1.397,1.269,1.248
1.667,1.653,1.643,1.638,1.648,1.472,1.397,1.269,1.248,0.742
1.653,1.643,1.638,1.648,1.472,1.397,1.269,1.248,0.742,1.014
1.643,1.638,1.648,1.472,1.397,1.269,1.248,0.742,1.014,1.01
1.638,1.648,1.472,1.397,1.269,1.248,0.742,1.014,1.01,0.992
1.648,1.472,1.397,1.269,1.248,0.742,1.014,1.01,0.992,1.018
1.472,1.397,1.269,1.248,0.742,1.014,1.01,0.992,1.018,1
1.397,1.269,1.248,0.742,1.014,1.01,0.992,1.018,1,0.88
1.269,1.248,0.742,1.014,1.01,0.992,1.018,1,0.88,0.888
1.248,0.742,1.014,1.01,0.992,1.018,1,0.88,0.888,0.892
0.742,1.014,1.01,0.992,1.018,1,0.88,0.888,0.892,0.89
1.014,1.01,0.992,1.018,1,0.88,0.888,0.892,0.89,1.014
1.01,0.992,1.018,1,0.88,0.888,0.892,0.89,1.014,1.261
0.992,1.018,1,0.88,0.888,0.892,0.89,1.014,1.261,1.118
1.018,1,0.88,0.888,0.892,0.89,1.014,1.261,1.118,0.88
1,0.88,0.888,0.892,0.89,1.014,1.261,1.118,0.88,0.869
0.88,0.888,0.892,0.89,1.014,1.261,1.118,0.88,0.869,0.729
0.888,0.892,0.89,1.014,1.261,1.118,0.88,0.869,0.729,0.855
0.892,0.89,1.014,1.261,1.118,0.88,0.869,0.729,0.855,0.619
0.89,1.014,1.261,1.118,0.88,0.869,0.729,0.855,0.619,0.73
1.014,1.261,1.118,0.88,0.869,0.729,0.855,0.619,0.73,0.762
1.261,1.118,0.88,0.869,0.729,0.855,0.619,0.73,0.762,0.634
1.118,0.88,0.869,0.729,0.855,0.619,0.73,0.762,0.634,0.632
0.88,0.869,0.729,0.855,0.619,0.73,0.762,0.634,0.632,0.753
0.869,0.729,0.855,0.619,0.73,0.762,0.634,0.632,0.753,0.656
0.729,0.855,0.619,0.73,0.762,0.634,0.632,0.753,0.656,0.482
0.855,0.619,0.73,0.762,0.634,0.632,0.753,0.656,0.482,0.637
0.619,0.73,0.762,0.634,0.632,0.753,0.656,0.482,0.637,0.519
0.73,0.762,0.634,0.632,0.753,0.656,0.482,0.637,0.519,0.616
0.762,0.634,0.632,0.753,0.656,0.482,0.637,0.519,0.616,0.512
0.634,0.632,0.753,0.656,0.482,0.637,0.519,0.616,0.512,0.639
0.632,0.753,0.656,0.482,0.637,0.519,0.616,0.512,0.639,0.352
0.753,0.656,0.482,0.637,0.519,0.616,0.512,0.639,0.352,0.511
0.656,0.482,0.637,0.519,0.616,0.512,0.639,0.352,0.511,0.498
0.482,0.637,0.519,0.616,0.512,0.639,0.352,0.511,0.498,0.369
0.637,0.519,0.616,0.512,0.639,0.352,0.511,0.498,0.369,0.374
0.519,0.616,0.512,0.639,0.352,0.511,0.498,0.369,0.374,0.24
0.616,0.512,0.639,0.352,0.511,0.498,0.369,0.374,0.24,0.437
0.512,0.639,0.352,0.511,0.498,0.369,0.374,0.24,0.437,0.42
0.639,0.352,0.511,0.498,0.369,0.374,0.24,0.437,0.42,0.284
0.352,0.511,0.498,0.369,0.374,0.24,0.437,0.42,0.284,0.287
0.511,0.498,0.369,0.374,0.24,0.437,0.42,0.284,0.287,0.303
0.498,0.369,0.374,0.24,0.437,0.42,0.284,0.287,0.303,0.284
0.369,0.374,0.24,0.437,0.42,0.284,0.287,0.303,0.284,0.541
0.374,0.24,0.437,0.42,0.284,0.287,0.303,0.284,0.541,0.306
0.24,0.437,0.42,0.284,0.287,0.303,0.284,0.541,0.306,0.286
0.437,0.42,0.284,0.287,0.303,0.284,0.541,0.306,0.286,0.43
0.42,0.284,0.287,0.303,0.284,0.541,0.306,0.286,0.43,0.173
0.284,0.287,0.303,0.284,0.541,0.306,0.286,0.43,0.173,0.302
0.287,0.303,0.284,0.541,0.306,0.286,0.43,0.173,0.302,0.315
0.303,0.284,0.541,0.306,0.286,0.43,0.173,0.302,0.315,0.152
0.284,0.541,0.306,0.286,0.43,0.173,0.302,0.315,0.152,0.17
0.541,0.306,0.286,0.43,0.173,0.302,0.315,0.152,0.17,0.164
0.306,0.286,0.43,0.173,0.302,0.315,0.152,0.17,0.164,0.164
0.286,0.43,0.173,0.302,0.315,0.152,0.17,0.164,0.164,0.13
0.43,0.173,0.302,0.315,0.152,0.17,0.164,0.164,0.13,0.301
0.173,0.302,0.315,0.152,0.17,0.164,0.164,0.13,0.301,0.307
0.302,0.315,0.152,0.17,0.164,0.164,0.13,0.301,0.307,0.613
0.315,0.152,0.17,0.164,0.164,0.13,0.301,0.307,0.613,0.629
0.152,0.17,0.164,0.164,0.13,0.301,0.307,0.613,0.629,0.531
0.17,0.164,0.164,0.13,0.301,0.307,0.613,0.629,0.531,0.286
0.164,0.164,0.13,0.301,0.307,0.613,0.629,0.531,0.286,0.437
0.164,0.13,0.301,0.307,0.613,0.629,0.531,0.286,0.437,0.304
0.13,0.301,0.307,0.613,0.629,0.531,0.286,0.437,0.304,0.401
0.301,0.307,0.613,0.629,0.531,0.286,0.437,0.304,0.401,0.411
0.307,0.613,0.629,0.531,0.286,0.437,0.304,0.401,0.411,0.414
0.613,0.629,0.531,0.286,0.437,0.304,0.401,0.411,0.414,0.342
0.629,0.531,0.286,0.437,0.304,0.401,0.411,0.414,0.342,0.29
0.531,0.286,0.437,0.304,0.401,0.411,0.414,0.342,0.29,0.266
0.286,0.437,0.304,0.401,0.411,0.414,0.342,0.29,0.266,0.147
0.437,0.304,0.401,0.411,0.414,0.342,0.29,0.266,0.147,0.264
0.304,0.401,0.411,0.414,0.342,0.29,0.266,0.147,0.264,0.295
0.401,0.411,0.414,0.342,0.29,0.266,0.147,0.264,0.295,0.203
0.411,0.414,0.342,0.29,0.266,0.147,0.264,0.295,0.203,0.154
0.414,0.342,0.29,0.266,0.147,0.264,0.295,0.203,0.154,0.439
0.342,0.29,0.266,0.147,0.264,0.295,0.203,0.154,0.439,0.174
0.29,0.266,0.147,0.264,0.295,0.203,0.154,0.439,0.174,0.311
0.266,0.147,0.264,0.295,0.203,0.154,0.439,0.174,0.311,0.877
0.147,0.264,0.295,0.203,0.154,0.439,0.174,0.311,0.877,0.994
0.264,0.295,0.203,0.154,0.439,0.174,0.311,0.877,0.994,0.368
0.295,0.203,0.154,0.439,0.174,0.311,0.877,0.994,0.368,0.287
0.203,0.154,0.439,0.174,0.311,0.877,0.994,0.368,0.287,0.283
0.154,0.439,0.174,0.311,0.877,0.994,0.368,0.287,0.283,0.284
0.439,0.174,0.311,0.877,0.994,0.368,0.287,0.283,0.284,0.287
0.174,0.311,0.877,0.994,0.368,0.287,0.283,0.284,0.287,0.148
0.311,0.877,0.994,0.368,0.287,0.283,0.284,0.287,0.148,0.17
0.877,0.994,0.368,0.287,0.283,0.284,0.287,0.148,0.17,0.275
0.994,0.368,0.287,0.283,0.284,0.287,0.148,0.17,0.275,0.137
0.368,0.287,0.283,0.284,0.287,0.148,0.17,0.275,0.137,0.018
0.287,0.283,0.284,0.287,0.148,0.17,0.275,0.137,0.018,0.163
0.283,0.284,0.287,0.148,0.17,0.275,0.137,0.018,0.163,0.543
0.284,0.287,0.148,0.17,0.275,0.137,0.018,0.163,0.543,0.289
0.287,0.148,0.17,0.275,0.137,0.018,0.163,0.543,0.289,0.282
0.148,0.17,0.275,0.137,0.018,0.163,0.543,0.289,0.282,0.145
0.17,0.275,0.137,0.018,0.163,0.543,0.289,0.282,0.145,0.401
0.275,0.137,0.018,0.163,0.543,0.289,0.282,0.145,0.401,2.38
0.137,0.018,0.163,0.543,0.289,0.282,0.145,0.401,2.38,2.647
0.018,0.163,0.543,0.289,0.282,0.145,0.401,2.38,2.647,1.095
0.163,0.543,0.289,0.282,0.145,0.401,2.38,2.647,1.095,1.073
0.543,0.289,0.282,0.145,0.401,2.38,2.647,1.095,1.073,0.688
0.289,0.282,0.145,0.401,2.38,2.647,1.095,1.073,0.688,0.958
0.282,0.145,0.401,2.38,2.647,1.095,1.073,0.688,0.958,1.291
0.145,0.401,2.38,2.647,1.095,1.073,0.688,0.958,1.291,0.743
0.401,2.38,2.647,1.095,1.073,0.688,0.958,1.291,0.743,0.661
2.38,2.647,1.095,1.073,0.688,0.958,1.291,0.743,0.661,0.532
2.647,1.095,1.073,0.688,0.958,1.291,0.743,0.661,0.532,0.559
1.095,1.073,0.688,0.958,1.291,0.743,0.661,0.532,0.559,0.806
1.073,0.688,0.958,1.291,0.743,0.661,0.532,0.559,0.806,0.48
0.688,0.958,1.291,0.743,0.661,0.532,0.559,0.806,0.48,0.478
0.958,1.291,0.743,0.661,0.532,0.559,0.806,0.48,0.478,0.504
1.291,0.743,0.661,0.532,0.559,0.806,0.48,0.478,0.504,0.419
0.743,0.661,0.532,0.559,0.806,0.48,0.478,0.504,0.419,0.401
0.661,0.532,0.559,0.806,0.48,0.478,0.504,0.419,0.401,0.858
0.532,0.559,0.806,0.48,0.478,0.504,0.419,0.401,0.858,0.733
0.559,0.806,0.48,0.478,0.504,0.419,0.401,0.858,0.733,0.601
0.806,0.48,0.478,0.504,0.419,0.401,0.858,0.733,0.601,0.57
0.48,0.478,0.504,0.419,0.401,0.858,0.733,0.601,0.57,0.444
0.478,0.504,0.419,0.401,0.858,0.733,0.601,0.57,0.444,0.44
0.504,0.419,0.401,0.858,0.733,0.601,0.57,0.444,0.44,0.287
0.419,0.401,0.858,0.733,0.601,0.57,0.444,0.44,0.287,0.589
0.401,0.858,0.733,0.601,0.57,0.444,0.44,0.287,0.589,0.703
0.858,0.733,0.601,0.57,0.444,0.44,0.287,0.589,0.703,0.698
0.733,0.601,0.57,0.444,0.44,0.287,0.589,0.703,0.698,0.414
0.601,0.57,0.444,0.44,0.287,0.589,0.703,0.698,0.414,0.587
0.57,0.444,0.44,0.287,0.589,0.703,0.698,0.414,0.587,0.444
0.444,0.44,0.287,0.589,0.703,0.698,0.414,0.587,0.444,0.292
0.44,0.287,0.589,0.703,0.698,0.414,0.587,0.444,0.292,0.312
0.287,0.589,0.703,0.698,0.414,0.587,0.444,0.292,0.312,0.212
0.589,0.703,0.698,0.414,0.587,0.444,0.292,0.312,0.212,0.342
0.703,0.698,0.414,0.587,0.444,0.292,0.312,0.212,0.342,0.317
0.698,0.414,0.587,0.444,0.292,0.312,0.212,0.342,0.317,0.584
0.414,0.587,0.444,0.292,0.312,0.212,0.342,0.317,0.584,0.744
0.587,0.444,0.292,0.312,0.212,0.342,0.317,0.584,0.744,1.287
0.444,0.292,0.312,0.212,0.342,0.317,0.584,0.744,1.287,0.589
0.292,0.312,0.212,0.342,0.317,0.584,0.744,1.287,0.589,0.462
0.312,0.212,0.342,0.317,0.584,0.744,1.287,0.589,0.462,0.459
0.212,0.342,0.317,0.584,0.744,1.287,0.589,0.462,0.459,0.322
0.342,0.317,0.584,0.744,1.287,0.589,0.462,0.459,0.322,0.335
0.317,0.584,0.744,1.287,0.589,0.462,0.459,0.322,0.335,0.435
0.584,0.744,1.287,0.589,0.462,0.459,0.322,0.335,0.435,0.728
0.744,1.287,0.589,0.462,0.459,0.322,0.335,0.435,0.728,0.338
1.287,0.589,0.462,0.459,0.322,0.335,0.435,0.728,0.338,0.34
0.589,0.462,0.459,0.322,0.335,0.435,0.728,0.338,0.34,0.298
0.462,0.459,0.322,0.335,0.435,0.728,0.338,0.34,0.298,0.311
0.459,0.322,0.335,0.435,0.728,0.338,0.34,0.298,0.311,0.223
0.322,0.335,0.435,0.728,0.338,0.34,0.298,0.311,0.223,0.343
0.335,0.435,0.728,0.338,0.34,0.298,0.311,0.223,0.343,0.08
0.435,0.728,0.338,0.34,0.298,0.311,0.223,0.343,0.08,0.222
0.728,0.338,0.34,0.298,0.311,0.223,0.343,0.08,0.222,0.219
0.338,0.34,0.298,0.311,0.223,0.343,0.08,0.222,0.219,0.522
0.34,0.298,0.311,0.223,0.343,0.08,0.222,0.219,0.522,2.229
0.298,0.311,0.223,0.343,0.08,0.222,0.219,0.522,2.229,2.044
0.311,0.223,0.343,0.08,0.222,0.219,0.522,2.229,2.044,1.694
0.223,0.343,0.08,0.222,0.219,0.522,2.229,2.044,1.694,1.406
0.343,0.08,0.222,0.219,0.522,2.229,2.044,1.694,1.406,1.14
0.08,0.222,0.219,0.522,2.229,2.044,1.694,1.406,1.14,1.01
0.222,0.219,0.522,2.229,2.044,1.694,1.406,1.14,1.01,1.041
0.219,0.522,2.229,2.044,1.694,1.406,1.14,1.01,1.041,1.124
0.522,2.229,2.044,1.694,1.406,1.14,1.01,1.041,1.124,0.961
2.229,2.044,1.694,1.406,1.14,1.01,1.041,1.124,0.961,0.717
2.044,1.694,1.406,1.14,1.01,1.041,1.124,0.961,0.717,0.693
1.694,1.406,1.14,1.01,1.041,1.124,0.961,0.717,0.693,0.542
1.406,1.14,1.01,1.041,1.124,0.961,0.717,0.693,0.542,1.242
1.14,1.01,1.041,1.124,0.961,0.717,0.693,0.542,1.242,0.829
1.01,1.041,1.124,0.961,0.717,0.693,0.542,1.242,0.829,1.107
1.041,1.124,0.961,0.717,0.693,0.542,1.242,0.829,1.107,0.6
1.124,0.961,0.717,0.693,0.542,1.242,0.829,1.107,0.6,0.693
0.961,0.717,0.693,0.542,1.242,0.829,1.107,0.6,0.693,0.566
0.717,0.693,0.542,1.242,0.829,1.107,0.6,0.693,0.566,0.43
0.693,0.542,1.242,0.829,1.107,0.6,0.693,0.566,0.43,0.43
0.542,1.242,0.829,1.107,0.6,0.693,0.566,0.43,0.43,0.426
1.242,0.829,1.107,0.6,0.693,0.566,0.43,0.43,0.426,0.317
0.829,1.107,0.6,0.693,0.566,0.43,0.43,0.426,0.317,0.461
1.107,0.6,0.693,0.566,0.43,0.43,0.426,0.317,0.461,0.425
0.6,0.693,0.566,0.43,0.43,0.426,0.317,0.461,0.425,0.447
0.693,0.566,0.43,0.43,0.426,0.317,0.461,0.425,0.447,0.697
0.566,0.43,0.43,0.426,0.317,0.461,0.425,0.447,0.697,0.615
0.43,0.43,0.426,0.317,0.461,0.425,0.447,0.697,0.615,0.782
0.43,0.426,0.317,0.461,0.425,0.447,0.697,0.615,0.782,0.533
0.426,0.317,0.461,0.425,0.447,0.697,0.615,0.782,0.533,0.393
0.317,0.461,0.425,0.447,0.697,0.615,0.782,0.533,0.393,0.747
0.461,0.425,0.447,0.697,0.615,0.782,0.533,0.393,0.747,0.606
0.425,0.447,0.697,0.615,0.782,0.533,0.393,0.747,0.606,1.228
0.447,0.697,0.615,0.782,0.533,0.393,0.747,0.606,1.228,1.636
0.697,0.615,0.782,0.533,0.393,0.747,0.606,1.228,1.636,1.076
0.615,0.782,0.533,0.393,0.747,0.606,1.228,1.636,1.076,1.07
0.782,0.533,0.393,0.747,0.606,1.228,1.636,1.076,1.07,1.09
0.533,0.393,0.747,0.606,1.228,1.636,1.076,1.07,1.09,0.806
0.393,0.747,0.606,1.228,1.636,1.076,1.07,1.09,0.806,0.812
0.747,0.606,1.228,1.636,1.076,1.07,1.09,0.806,0.812,0.687
0.606,1.228,1.636,1.076,1.07,1.09,0.806,0.812,0.687,1.064
1.228,1.636,1.076,1.07,1.09,0.806,0.812,0.687,1.064,0.686
1.636,1.076,1.07,1.09,0.806,0.812,0.687,1.064,0.686,0.668
1.076,1.07,1.09,0.806,0.812,0.687,1.064,0.686,0.668,0.691
1.07,1.09,0.806,0.812,0.687,1.064,0.686,0.668,0.691,0.542
1.09,0.806,0.812,0.687,1.064,0.686,0.668,0.691,0.542,0.54
0.806,0.812,0.687,1.064,0.686,0.668,0.691,0.542,0.54,0.55
0.812,0.687,1.064,0.686,0.668,0.691,0.542,0.54,0.55,0.87
0.687,1.064,0.686,0.668,0.691,0.542,0.54,0.55,0.87,0.724
1.064,0.686,0.668,0.691,0.542,0.54,0.55,0.87,0.724,1.105
0.686,0.668,0.691,0.542,0.54,0.55,0.87,0.724,1.105,2.307
0.668,0.691,0.542,0.54,0.55,0.87,0.724,1.105,2.307,1.708
0.691,0.542,0.54,0.55,0.87,0.724,1.105,2.307,1.708,1.438
0.542,0.54,0.55,0.87,0.724,1.105,2.307,1.708,1.438,1.298
0.54,0.55,0.87,0.724,1.105,2.307,1.708,1.438,1.298,1.406
0.55,0.87,0.724,1.105,2.307,1.708,1.438,1.298,1.406,1.161
0.87,0.724,1.105,2.307,1.708,1.438,1.298,1.406,1.161,1.171
0.724,1.105,2.307,1.708,1.438,1.298,1.406,1.161,1.171,1.077
1.105,2.307,1.708,1.438,1.298,1.406,1.161,1.171,1.077,0.914
2.307,1.708,1.438,1.298,1.406,1.161,1.171,1.077,0.914,0.929
1.708,1.438,1.298,1.406,1.161,1.171,1.077,0.914,0.929,0.923
1.438,1.298,1.406,1.161,1.171,1.077,0.914,0.929,0.923,0.818
1.298,1.406,1.161,1.171,1.077,0.914,0.929,0.923,0.818,0.797
1.406,1.161,1.171,1.077,0.914,0.929,0.923,0.818,0.797,0.732
1.161,1.171,1.077,0.914,0.929,0.923,0.818,0.797,0.732,0.685
1.171,1.077,0.914,0.929,0.923,0.818,0.797,0.732,0.685,0.643
1.077,0.914,0.929,0.923,0.818,0.797,0.732,0.685,0.643,0.762
0.914,0.929,0.923,0.818,0.797,0.732,0.685,0.643,0.762,0.537
0.929,0.923,0.818,0.797,0.732,0.685,0.643,0.762,0.537,0.555
0.923,0.818,0.797,0.732,0.685,0.643,0.762,0.537,0.555,0.49
0.818,0.797,0.732,0.685,0.643,0.762,0.537,0.555,0.49,0.894
0.797,0.732,0.685,0.643,0.762,0.537,0.555,0.49,0.894,0.643
0.732,0.685,0.643,0.762,0.537,0.555,0.49,0.894,0.643,0.712
0.685,0.643,0.762,0.537,0.555,0.49,0.894,0.643,0.712,0.696
0.643,0.762,0.537,0.555,0.49,0.894,0.643,0.712,0.696,0.514
0.762,0.537,0.555,0.49,0.894,0.643,0.712,0.696,0.514,0.464
0.537,0.555,0.49,0.894,0.643,0.712,0.696,0.514,0.464,0.443
0.555,0.49,0.894,0.643,0.712,0.696,0.514,0.464,0.443,0.469
0.49,0.894,0.643,0.712,0.696,0.514,0.464,0.443,0.469,0.39
0.894,0.643,0.712,0.696,0.514,0.464,0.443,0.469,0.39,0.493
0.643,0.712,0.696,0.514,0.464,0.443,0.469,0.39,0.493,0.501
0.712,0.696,0.514,0.464,0.443,0.469,0.39,0.493,0.501,0.338
0.696,0.514,0.464,0.443,0.469,0.39,0.493,0.501,0.338,0.483
0.514,0.464,0.443,0.469,0.39,0.493,0.501,0.338,0.483,0.314
0.464,0.443,0.469,0.39,0.493,0.501,0.338,0.483,0.314,0.454
0.443,0.469,0.39,0.493,0.501,0.338,0.483,0.314,0.454,0.45
0.469,0.39,0.493,0.501,0.338,0.483,0.314,0.454,0.45,0.474
0.39,0.493,0.501,0.338,0.483,0.314,0.454,0.45,0.474,0.455
0.493,0.501,0.338,0.483,0.314,0.454,0.45,0.474,0.455,0.376
0.501,0.338,0.483,0.314,0.454,0.45,0.474,0.455,0.376,0.68
0.338,0.483,0.314,0.454,0.45,0.474,0.455,0.376,0.68,1.134
0.483,0.314,0.454,0.45,0.474,0.455,0.376,0.68,1.134,1.092
0.314,0.454,0.45,0.474,0.455,0.376,0.68,1.134,1.092,1.404
0.454,0.45,0.474,0.455,0.376,0.68,1.134,1.092,1.404,1.294
0.45,0.474,0.455,0.376,0.68,1.134,1.092,1.404,1.294,2.453
0.474,0.455,0.376,0.68,1.134,1.092,1.404,1.294,2.453,2.058
0.455,0.376,0.68,1.134,1.092,1.404,1.294,2.453,2.058,2.288
0.376,0.68,1.134,1.092,1.404,1.294,2.453,2.058,2.288,1.977
0.68,1.134,1.092,1.404,1.294,2.453,2.058,2.288,1.977,1.813
1.134,1.092,1.404,1.294,2.453,2.058,2.288,1.977,1.813,1.725
1.092,1.404,1.294,2.453,2.058,2.288,1.977,1.813,1.725,1.334
1.404,1.294,2.453,2.058,2.288,1.977,1.813,1.725,1.334,1.35
1.294,2.453,2.058,2.288,1.977,1.813,1.725,1.334,1.35,1.23
2.453,2.058,2.288,1.977,1.813,1.725,1.334,1.35,1.23,1.161
2.058,2.288,1.977,1.813,1.725,1.334,1.35,1.23,1.161,1.145
2.288,1.977,1.813,1.725,1.334,1.35,1.23,1.161,1.145,0.99
1.977,1.813,1.725,1.334,1.35,1.23,1.161,1.145,0.99,1.056
1.813,1.725,1.334,1.35,1.23,1.161,1.145,0.99,1.056,0.917
1.725,1.334,1.35,1.23,1.161,1.145,0.99,1.056,0.917,0.94
1.334,1.35,1.23,1.161,1.145,0.99,1.056,0.917,0.94,1.082
1.35,1.23,1.161,1.145,0.99,1.056,0.917,0.94,1.082,0.979
1.23,1.161,1.145,0.99,1.056,0.917,0.94,1.082,0.979,0.961
1.161,1.145,0.99,1.056,0.917,0.94,1.082,0.979,0.961,1.095
1.145,0.99,1.056,0.917,0.94,1.082,0.979,0.961,1.095,1.161
0.99,1.056,0.917,0.94,1.082,0.979,0.961,1.095,1.161,1.444
1.056,0.917,0.94,1.082,0.979,0.961,1.095,1.161,1.444,2.264
0.917,0.94,1.082,0.979,0.961,1.095,1.161,1.444,2.264,2.958
0.94,1.082,0.979,0.961,1.095,1.161,1.444,2.264,2.958,2.883
1.082,0.979,0.961,1.095,1.161,1.444,2.264,2.958,2.883,2.764
0.979,0.961,1.095,1.161,1.444,2.264,2.958,2.883,2.764,2.895
0.961,1.095,1.161,1.444,2.264,2.958,2.883,2.764,2.895,3.154
1.095,1.161,1.444,2.264,2.958,2.883,2.764,2.895,3.154,2.784
1.161,1.444,2.264,2.958,2.883,2.764,2.895,3.154,2.784,2.8
1.444,2.264,2.958,2.883,2.764,2.895,3.154,2.784,2.8,2.535
2.264,2.958,2.883,2.764,2.895,3.154,2.784,2.8,2.535,2.192
2.958,2.883,2.764,2.895,3.154,2.784,2.8,2.535,2.192,2.159
2.883,2.764,2.895,3.154,2.784,2.8,2.535,2.192,2.159,2.028
2.764,2.895,3.154,2.784,2.8,2.535,2.192,2.159,2.028,1.684
2.895,3.154,2.784,2.8,2.535,2.192,2.159,2.028,1.684,1.571
3.154,2.784,2.8,2.535,2.192,2.159,2.028,1.684,1.571,1.431
2.784,2.8,2.535,2.192,2.159,2.028,1.684,1.571,1.431,1.428
2.8,2.535,2.192,2.159,2.028,1.684,1.571,1.431,1.428,1.093
2.535,2.192,2.159,2.028,1.684,1.571,1.431,1.428,1.093,1.27
2.192,2.159,2.028,1.684,1.571,1.431,1.428,1.093,1.27,1.203
2.159,2.028,1.684,1.571,1.431,1.428,1.093,1.27,1.203,1.063
2.028,1.684,1.571,1.431,1.428,1.093,1.27,1.203,1.063,0.931
1.684,1.571,1.431,1.428,1.093,1.27,1.203,1.063,0.931,0.948
1.571,1.431,1.428,1.093,1.27,1.203,1.063,0.931,0.948,0.922
1.431,1.428,1.093,1.27,1.203,1.063,0.931,0.948,0.922,0.944
1.428,1.093,1.27,1.203,1.063,0.931,0.948,0.922,0.944,0.798
1.093,1.27,1.203,1.063,0.931,0.948,0.922,0.944,0.798,0.804
1.27,1.203,1.063,0.931,0.948,0.922,0.944,0.798,0.804,0.798
1.203,1.063,0.931,0.948,0.922,0.944,0.798,0.804,0.798,0.796
1.063,0.931,0.948,0.922,0.944,0.798,0.804,0.798,0.796,0.795
0.931,0.948,0.922,0.944,0.798,0.804,0.798,0.796,0.795,0.789
0.948,0.922,0.944,0.798,0.804,0.798,0.796,0.795,0.789,0.792
0.922,0.944,0.798,0.804,0.798,0.796,0.795,0.789,0.792,0.659
0.944,0.798,0.804,0.798,0.796,0.795,0.789,0.792,0.659,0.554
0.798,0.804,0.798,0.796,0.795,0.789,0.792,0.659,0.554,0.684
0.804,0.798,0.796,0.795,0.789,0.792,0.659,0.554,0.684,0.662
0.798,0.796,0.795,0.789,0.792,0.659,0.554,0.684,0.662,0.684
0.796,0.795,0.789,0.792,0.659,0.554,0.684,0.662,0.684,0.541
0.795,0.789,0.792,0.659,0.554,0.684,0.662,0.684,0.541,0.683
0.789,0.792,0.659,0.554,0.684,0.662,0.684,0.541,0.683,0.576
0.792,0.659,0.554,0.684,0.662,0.684,0.541,0.683,0.576,0.545
0.659,0.554,0.684,0.662,0.684,0.541,0.683,0.576,0.545,0.5
0.554,0.684,0.662,0.684,0.541,0.683,0.576,0.545,0.5,0.537
0.684,0.662,0.684,0.541,0.683,0.576,0.545,0.5,0.537,0.53
0.662,0.684,0.541,0.683,0.576,0.545,0.5,0.537,0.53,0.395
0.684,0.541,0.683,0.576,0.545,0.5,0.537,0.53,0.395,0.517
0.541,0.683,0.576,0.545,0.5,0.537,0.53,0.395,0.517,0.618
0.683,0.576,0.545,0.5,0.537,0.53,0.395,0.517,0.618,0.399
0.576,0.545,0.5,0.537,0.53,0.395,0.517,0.618,0.399,0.906
0.545,0.5,0.537,0.53,0.395,0.517,0.618,0.399,0.906,1.579
0.5,0.537,0.53,0.395,0.517,0.618,0.399,0.906,1.579,1.044
0.537,0.53,0.395,0.517,0.618,0.399,0.906,1.579,1.044,1.041
0.53,0.395,0.517,0.618,0.399,0.906,1.579,1.044,1.041,0.84
0.395,0.517,0.618,0.399,0.906,1.579,1.044,1.041,0.84,0.677
0.517,0.618,0.399,0.906,1.579,1.044,1.041,0.84,0.677,0.82
0.618,0.399,0.906,1.579,1.044,1.041,0.84,0.677,0.82,0.727
0.399,0.906,1.579,1.044,1.041,0.84,0.677,0.82,0.727,0.668
0.906,1.579,1.044,1.041,0.84,0.677,0.82,0.727,0.668,2.083
1.579,1.044,1.041,0.84,0.677,0.82,0.727,0.668,2.083,2.081
1.044,1.041,0.84,0.677,0.82,0.727,0.668,2.083,2.081,1.959
1.041,0.84,0.677,0.82,0.727,0.668,2.083,2.081,1.959,1.681
0.84,0.677,0.82,0.727,0.668,2.083,2.081,1.959,1.681,1.837
0.677,0.82,0.727,0.668,2.083,2.081,1.959,1.681,1.837,2.187
0.82,0.727,0.668,2.083,2.081,1.959,1.681,1.837,2.187,1.639
0.727,0.668,2.083,2.081,1.959,1.681,1.837,2.187,1.639,1.777
0.668,2.083,2.081,1.959,1.681,1.837,2.187,1.639,1.777,1.664
2.083,2.081,1.959,1.681,1.837,2.187,1.639,1.777,1.664,1.358
2.081,1.959,1.681,1.837,2.187,1.639,1.777,1.664,1.358,1.944
1.959,1.681,1.837,2.187,1.639,1.777,1.664,1.358,1.944,1.48
1.681,1.837,2.187,1.639,1.777,1.664,1.358,1.944,1.48,1.483
1.837,2.187,1.639,1.777,1.664,1.358,1.944,1.48,1.483,1.352
2.187,1.639,1.777,1.664,1.358,1.944,1.48,1.483,1.352,1.367
1.639,1.777,1.664,1.358,1.944,1.48,1.483,1.352,1.367,0.94
1.777,1.664,1.358,1.944,1.48,1.483,1.352,1.367,0.94,1.341
1.664,1.358,1.944,1.48,1.483,1.352,1.367,0.94,1.341,1.388
1.358,1.944,1.48,1.483,1.352,1.367,0.94,1.341,1.388,1.123
1.944,1.48,1.483,1.352,1.367,0.94,1.341,1.388,1.123,0.902
1.48,1.483,1.352,1.367,0.94,1.341,1.388,1.123,0.902,0.933
1.483,1.352,1.367,0.94,1.341,1.388,1.123,0.902,0.933,0.909
1.352,1.367,0.94,1.341,1.388,1.123,0.902,0.933,0.909,1.017
1.367,0.94,1.341,1.388,1.123,0.902,0.933,0.909,1.017,1.005
0.94,1.341,1.388,1.123,0.902,0.933,0.909,1.017,1.005,0.905
1.341,1.388,1.123,0.902,0.933,0.909,1.017,1.005,0.905,0.925
1.388,1.123,0.902,0.933,0.909,1.017,1.005,0.905,0.925,0.947
1.123,0.902,0.933,0.909,1.017,1.005,0.905,0.925,0.947,1.43
0.902,0.933,0.909,1.017,1.005,0.905,0.925,0.947,1.43,0.554
0.933,0.909,1.017,1.005,0.905,0.925,0.947,1.43,0.554,0.707
0.909,1.017,1.005,0.905,0.925,0.947,1.43,0.554,0.707,0.669
1.017,1.005,0.905,0.925,0.947,1.43,0.554,0.707,0.669,0.75
1.005,0.905,0.925,0.947,1.43,0.554,0.707,0.669,0.75,0.643
0.905,0.925,0.947,1.43,0.554,0.707,0.669,0.75,0.643,0.888
0.925,0.947,1.43,0.554,0.707,0.669,0.75,0.643,0.888,1.231
0.947,1.43,0.554,0.707,0.669,0.75,0.643,0.888,1.231,0.96
1.43,0.554,0.707,0.669,0.75,0.643,0.888,1.231,0.96,0.889
0.554,0.707,0.669,0.75,0.643,0.888,1.231,0.96,0.889,0.716
0.707,0.669,0.75,0.643,0.888,1.231,0.96,0.889,0.716,0.715
0.669,0.75,0.643,0.888,1.231,0.96,0.889,0.716,0.715,0.534
0.75,0.643,0.888,1.231,0.96,0.889,0.716,0.715,0.534,0.783
0.643,0.888,1.231,0.96,0.889,0.716,0.715,0.534,0.783,0.651
0.888,1.231,0.96,0.889,0.716,0.715,0.534,0.783,0.651,0.752
1.231,0.96,0.889,0.716,0.715,0.534,0.783,0.651,0.752,0.727
0.96,0.889,0.716,0.715,0.534,0.783,0.651,0.752,0.727,0.839
0.889,0.716,0.715,0.534,0.783,0.651,0.752,0.727,0.839,1.015
0.716,0.715,0.534,0.783,0.651,0.752,0.727,0.839,1.015,0.901
0.715,0.534,0.783,0.651,0.752,0.727,0.839,1.015,0.901,1.208
0.534,0.783,0.651,0.752,0.727,0.839,1.015,0.901,1.208,0.742
0.783,0.651,0.752,0.727,0.839,1.015,0.901,1.208,0.742,1.083
0.651,0.752,0.727,0.839,1.015,0.901,1.208,0.742,1.083,1.273
0.752,0.727,0.839,1.015,0.901,1.208,0.742,1.083,1.273,1.016
0.727,0.839,1.015,0.901,1.208,0.742,1.083,1.273,1.016,1.064
0.839,1.015,0.901,1.208,0.742,1.083,1.273,1.016,1.064,1.166
1.015,0.901,1.208,0.742,1.083,1.273,1.016,1.064,1.166,1.231
0.901,1.208,0.742,1.083,1.273,1.016,1.064,1.166,1.231,1.085
1.208,0.742,1.083,1.273,1.016,1.064,1.166,1.231,1.085,1.204
0.742,1.083,1.273,1.016,1.064,1.166,1.231,1.085,1.204,1.058
1.083,1.273,1.016,1.064,1.166,1.231,1.085,1.204,1.058,1.002
1.273,1.016,1.064,1.166,1.231,1.085,1.204,1.058,1.002,1.019
1.016,1.064,1.166,1.231,1.085,1.204,1.058,1.002,1.019,1.054
1.064,1.166,1.231,1.085,1.204,1.058,1.002,1.019,1.054,1.277
1.166,1.231,1.085,1.204,1.058,1.002,1.019,1.054,1.277,1.636
1.231,1.085,1.204,1.058,1.002,1.019,1.054,1.277,1.636,1.603
1.085,1.204,1.058,1.002,1.019,1.054,1.277,1.636,1.603,1.826
1.204,1.058,1.002,1.019,1.054,1.277,1.636,1.603,1.826,1.977
1.058,1.002,1.019,1.054,1.277,1.636,1.603,1.826,1.977,2.133
1.002,1.019,1.054,1.277,1.636,1.603,1.826,1.977,2.133,2.151
1.019,1.054,1.277,1.636,1.603,1.826,1.977,2.133,2.151,2.015
1.054,1.277,1.636,1.603,1.826,1.977,2.133,2.151,2.015,1.996
1.277,1.636,1.603,1.826,1.977,2.133,2.151,2.015,1.996,2.007
1.636,1.603,1.826,1.977,2.133,2.151,2.015,1.996,2.007,1.88
1.603,1.826,1.977,2.133,2.151,2.015,1.996,2.007,1.88,1.725
1.826,1.977,2.133,2.151,2.015,1.996,2.007,1.88,1.725,1.456
1.977,2.133,2.151,2.015,1.996,2.007,1.88,1.725,1.456,1.67
2.133,2.151,2.015,1.996,2.007,1.88,1.725,1.456,1.67,4.668
2.151,2.015,1.996,2.007,1.88,1.725,1.456,1.67,4.668,4.091
2.015,1.996,2.007,1.88,1.725,1.456,1.67,4.668,4.091,3.681
1.996,2.007,1.88,1.725,1.456,1.67,4.668,4.091,3.681,3.228
2.007,1.88,1.725,1.456,1.67,4.668,4.091,3.681,3.228,3.137
1.88,1.725,1.456,1.67,4.668,4.091,3.681,3.228,3.137,2.585
1.725,1.456,1.67,4.668,4.091,3.681,3.228,3.137,2.585,2.387
1.456,1.67,4.668,4.091,3.681,3.228,3.137,2.585,2.387,2.328
1.67,4.668,4.091,3.681,3.228,3.137,2.585,2.387,2.328,2.722
4.668,4.091,3.681,3.228,3.137,2.585,2.387,2.328,2.722,1.905
4.091,3.681,3.228,3.137,2.585,2.387,2.328,2.722,1.905,1.747
3.681,3.228,3.137,2.585,2.387,2.328,2.722,1.905,1.747,1.625
3.228,3.137,2.585,2.387,2.328,2.722,1.905,1.747,1.625,1.39
3.137,2.585,2.387,2.328,2.722,1.905,1.747,1.625,1.39,1.192
2.585,2.387,2.328,2.722,1.905,1.747,1.625,1.39,1.192,1.737
2.387,2.328,2.722,1.905,1.747,1.625,1.39,1.192,1.737,1.217
2.328,2.722,1.905,1.747,1.625,1.39,1.192,1.737,1.217,1.211
2.722,1.905,1.747,1.625,1.39,1.192,1.737,1.217,1.211,0.815
1.905,1.747,1.625,1.39,1.192,1.737,1.217,1.211,0.815,2.111
1.747,1.625,1.39,1.192,1.737,1.217,1.211,0.815,2.111,1.465
1.625,1.39,1.192,1.737,1.217,1.211,0.815,2.111,1.465,1.327
1.39,1.192,1.737,1.217,1.211,0.815,2.111,1.465,1.327,1.215
1.192,1.737,1.217,1.211,0.815,2.111,1.465,1.327,1.215,1.08
1.737,1.217,1.211,0.815,2.111,1.465,1.327,1.215,1.08,1.062
1.217,1.211,0.815,2.111,1.465,1.327,1.215,1.08,1.062,1.034
1.211,0.815,2.111,1.465,1.327,1.215,1.08,1.062,1.034,1.074
0.815,2.111,1.465,1.327,1.215,1.08,1.062,1.034,1.074,0.973
2.111,1.465,1.327,1.215,1.08,1.062,1.034,1.074,0.973,0.821
1.465,1.327,1.215,1.08,1.062,1.034,1.074,0.973,0.821,0.841
1.327,1.215,1.08,1.062,1.034,1.074,0.973,0.821,0.841,0.706
1.215,1.08,1.062,1.034,1.074,0.973,0.821,0.841,0.706,0.852
1.08,1.062,1.034,1.074,0.973,0.821,0.841,0.706,0.852,0.702
1.062,1.034,1.074,0.973,0.821,0.841,0.706,0.852,0.702,0.63
1.034,1.074,0.973,0.821,0.841,0.706,0.852,0.702,0.63,0.609
1.074,0.973,0.821,0.841,0.706,0.852,0.702,0.63,0.609,0.717
0.973,0.821,0.841,0.706,0.852,0.702,0.63,0.609,0.717,0.928
0.821,0.841,0.706,0.852,0.702,0.63,0.609,0.717,0.928,1.042
0.841,0.706,0.852,0.702,0.63,0.609,0.717,0.928,1.042,0.771
0.706,0.852,0.702,0.63,0.609,0.717,0.928,1.042,0.771,0.66
0.852,0.702,0.63,0.609,0.717,0.928,1.042,0.771,0.66,0.605
0.702,0.63,0.609,0.717,0.928,1.042,0.771,0.66,0.605,0.626
0.63,0.609,0.717,0.928,1.042,0.771,0.66,0.605,0.626,0.621
0.609,0.717,0.928,1.042,0.771,0.66,0.605,0.626,0.621,0.492
0.717,0.928,1.042,0.771,0.66,0.605,0.626,0.621,0.492,0.56
0.928,1.042,0.771,0.66,0.605,0.626,0.621,0.492,0.56,0.511
1.042,0.771,0.66,0.605,0.626,0.621,0.492,0.56,0.511,0.394
0.771,0.66,0.605,0.626,0.621,0.492,0.56,0.511,0.394,0.628
0.66,0.605,0.626,0.621,0.492,0.56,0.511,0.394,0.628,0.301
0.605,0.626,0.621,0.492,0.56,0.511,0.394,0.628,0.301,0.388
0.626,0.621,0.492,0.56,0.511,0.394,0.628,0.301,0.388,0.246
0.621,0.492,0.56,0.511,0.394,0.628,0.301,0.388,0.246,0.467
0.492,0.56,0.511,0.394,0.628,0.301,0.388,0.246,0.467,0.331
0.56,0.511,0.394,0.628,0.301,0.388,0.246,0.467,0.331,0.19
0.511,0.394,0.628,0.301,0.388,0.246,0.467,0.331,0.19,0.68
0.394,0.628,0.301,0.388,0.246,0.467,0.331,0.19,0.68,0.699
0.628,0.301,0.388,0.246,0.467,0.331,0.19,0.68,0.699,0.425
0.301,0.388,0.246,0.467,0.331,0.19,0.68,0.699,0.425,0.236
0.388,0.246,0.467,0.331,0.19,0.68,0.699,0.425,0.236,0.457
0.246,0.467,0.331,0.19,0.68,0.699,0.425,0.236,0.457,0.189
0.467,0.331,0.19,0.68,0.699,0.425,0.236,0.457,0.189,0.35
0.331,0.19,0.68,0.699,0.425,0.236,0.457,0.189,0.35,0.319
0.19,0.68,0.699,0.425,0.236,0.457,0.189,0.35,0.319,0.192
0.68,0.699,0.425,0.236,0.457,0.189,0.35,0.319,0.192,0.336
0.699,0.425,0.236,0.457,0.189,0.35,0.319,0.192,0.336,0.432
0.425,0.236,0.457,0.189,0.35,0.319,0.192,0.336,0.432,0.2
0.236,0.457,0.189,0.35,0.319,0.192,0.336,0.432,0.2,0.301
0.457,0.189,0.35,0.319,0.192,0.336,0.432,0.2,0.301,0.325
0.189,0.35,0.319,0.192,0.336,0.432,0.2,0.301,0.325,0.198
0.35,0.319,0.192,0.336,0.432,0.2,0.301,0.325,0.198,0.175
0.319,0.192,0.336,0.432,0.2,0.301,0.325,0.198,0.175,0.175
0.192,0.336,0.432,0.2,0.301,0.325,0.198,0.175,0.175,0.187
0.336,0.432,0.2,0.301,0.325,0.198,0.175,0.175,0.187,0.172
0.432,0.2,0.301,0.325,0.198,0.175,0.175,0.187,0.172,0.157
0.2,0.301,0.325,0.198,0.175,0.175,0.187,0.172,0.157,0.083
0.301,0.325,0.198,0.175,0.175,0.187,0.172,0.157,0.083,0.184
0.325,0.198,0.175,0.175,0.187,0.172,0.157,0.083,0.184,0.357
0.198,0.175,0.175,0.187,0.172,0.157,0.083,0.184,0.357,0.218
0.175,0.175,0.187,0.172,0.157,0.083,0.184,0.357,0.218,0.221
0.175,0.187,0.172,0.157,0.083,0.184,0.357,0.218,0.221,0.091
0.187,0.172,0.157,0.083,0.184,0.357,0.218,0.221,0.091,0.086
0.172,0.157,0.083,0.184,0.357,0.218,0.221,0.091,0.086,0.215
0.157,0.083,0.184,0.357,0.218,0.221,0.091,0.086,0.215,0.084
0.083,0.184,0.357,0.218,0.221,0.091,0.086,0.215,0.084,0.062
0.184,0.357,0.218,0.221,0.091,0.086,0.215,0.084,0.062,0.667
0.357,0.218,0.221,0.091,0.086,0.215,0.084,0.062,0.667,0.423
0.218,0.221,0.091,0.086,0.215,0.084,0.062,0.667,0.423,0.153
0.221,0.091,0.086,0.215,0.084,0.062,0.667,0.423,0.153,0.286
0.091,0.086,0.215,0.084,0.062,0.667,0.423,0.153,0.286,0.149
0.086,0.215,0.084,0.062,0.667,0.423,0.153,0.286,0.149,0.163
0.215,0.084,0.062,0.667,0.423,0.153,0.286,0.149,0.163,0.133
0.084,0.062,0.667,0.423,0.153,0.286,0.149,0.163,0.133,0.165
0.062,0.667,0.423,0.153,0.286,0.149,0.163,0.133,0.165,0.272
0.667,0.423,0.153,0.286,0.149,0.163,0.133,0.165,0.272,0.275
0.423,0.153,0.286,0.149,0.163,0.133,0.165,0.272,0.275,0.273
0.153,0.286,0.149,0.163,0.133,0.165,0.272,0.275,0.273,0.27
0.286,0.149,0.163,0.133,0.165,0.272,0.275,0.273,0.27,0.133
0.149,0.163,0.133,0.165,0.272,0.275,0.273,0.27,0.133,0.154
0.163,0.133,0.165,0.272,0.275,0.273,0.27,0.133,0.154,0.137
0.133,0.165,0.272,0.275,0.273,0.27,0.133,0.154,0.137,0.157
0.165,0.272,0.275,0.273,0.27,0.133,0.154,0.137,0.157,0.271
0.272,0.275,0.273,0.27,0.133,0.154,0.137,0.157,0.271,0.267
0.275,0.273,0.27,0.133,0.154,0.137,0.157,0.271,0.267,0.179
0.273,0.27,0.133,0.154,0.137,0.157,0.271,0.267,0.179,1.085
0.27,0.133,0.154,0.137,0.157,0.271,0.267,0.179,1.085,0.585
0.133,0.154,0.137,0.157,0.271,0.267,0.179,1.085,0.585,0.204
0.154,0.137,0.157,0.271,0.267,0.179,1.085,0.585,0.204,0.354
0.137,0.157,0.271,0.267,0.179,1.085,0.585,0.204,0.354,0.081
0.157,0.271,0.267,0.179,1.085,0.585,0.204,0.354,0.081,0.208
0.271,0.267,0.179,1.085,0.585,0.204,0.354,0.081,0.208,0.096
0.267,0.179,1.085,0.585,0.204,0.354,0.081,0.208,0.096,0.101
0.179,1.085,0.585,0.204,0.354,0.081,0.208,0.096,0.101,0.218
1.085,0.585,0.204,0.354,0.081,0.208,0.096,0.101,0.218,0.111
0.585,0.204,0.354,0.081,0.208,0.096,0.101,0.218,0.111,0.02
0.204,0.354,0.081,0.208,0.096,0.101,0.218,0.111,0.02,0.119
0.354,0.081,0.208,0.096,0.101,0.218,0.111,0.02,0.119,0.11
0.081,0.208,0.096,0.101,0.218,0.111,0.02,0.119,0.11,0.111
0.208,0.096,0.101,0.218,0.111,0.02,0.119,0.11,0.111,0.089
0.096,0.101,0.218,0.111,0.02,0.119,0.11,0.111,0.089,0.01
0.101,0.218,0.111,0.02,0.119,0.11,0.111,0.089,0.01,0.203
0.218,0.111,0.02,0.119,0.11,0.111,0.089,0.01,0.203,0.201
0.111,0.02,0.119,0.11,0.111,0.089,0.01,0.203,0.201,0.091
0.02,0.119,0.11,0.111,0.089,0.01,0.203,0.201,0.091,0.081
0.119,0.11,0.111,0.089,0.01,0.203,0.201,0.091,0.081,0.185
0.11,0.111,0.089,0.01,0.203,0.201,0.091,0.081,0.185,0.07
0.111,0.089,0.01,0.203,0.201,0.091,0.081,0.185,0.07,0.071
0.089,0.01,0.203,0.201,0.091,0.081,0.185,0.07,0.071,0.198
0.01,0.203,0.201,0.091,0.081,0.185,0.07,0.071,0.198,0.738
0.203,0.201,0.091,0.081,0.185,0.07,0.071,0.198,0.738,0.283
0.201,0.091,0.081,0.185,0.07,0.071,0.198,0.738,0.283,0.076
0.091,0.081,0.185,0.07,0.071,0.198,0.738,0.283,0.076,0.052
0.081,0.185,0.07,0.071,0.198,0.738,0.283,0.076,0.052,0.204
0.185,0.07,0.071,0.198,0.738,0.283,0.076,0.052,0.204,0.194
0.07,0.071,0.198,0.738,0.283,0.076,0.052,0.204,0.194,0.084
0.071,0.198,0.738,0.283,0.076,0.052,0.204,0.194,0.084,0.199
0.198,0.738,0.283,0.076,0.052,0.204,0.194,0.084,0.199,0.185
0.738,0.283,0.076,0.052,0.204,0.194,0.084,0.199,0.185,0.114
0.283,0.076,0.052,0.204,0.194,0.084,0.199,0.185,0.114,0.206
0.076,0.052,0.204,0.194,0.084,0.199,0.185,0.114,0.206,0.061
0.052,0.204,0.194,0.084,0.199,0.185,0.114,0.206,0.061,0.088
0.204,0.194,0.084,0.199,0.185,0.114,0.206,0.061,0.088,0.062
0.194,0.084,0.199,0.185,0.114,0.206,0.061,0.088,0.062,0.156
0.084,0.199,0.185,0.114,0.206,0.061,0.088,0.062,0.156,0.064
0.199,0.185,0.114,0.206,0.061,0.088,0.062,0.156,0.064,0.01
0.185,0.114,0.206,0.061,0.088,0.062,0.156,0.064,0.01,0.208
0.114,0.206,0.061,0.088,0.062,0.156,0.064,0.01,0.208,0.091
0.206,0.061,0.088,0.062,0.156,0.064,0.01,0.208,0.091,0.306
0.061,0.088,0.062,0.156,0.064,0.01,0.208,0.091,0.306,0.321
0.088,0.062,0.156,0.064,0.01,0.208,0.091,0.306,0.321,0.091
0.062,0.156,0.064,0.01,0.208,0.091,0.306,0.321,0.091,0.407
0.156,0.064,0.01,0.208,0.091,0.306,0.321,0.091,0.407,0.5
0.064,0.01,0.208,0.091,0.306,0.321,0.091,0.407,0.5,0.268
0.01,0.208,0.091,0.306,0.321,0.091,0.407,0.5,0.268,0.138
0.208,0.091,0.306,0.321,0.091,0.407,0.5,0.268,0.138,0.153
0.091,0.306,0.321,0.091,0.407,0.5,0.268,0.138,0.153,0.136
0.306,0.321,0.091,0.407,0.5,0.268,0.138,0.153,0.136,0.026
0.321,0.091,0.407,0.5,0.268,0.138,0.153,0.136,0.026,0.024
0.091,0.407,0.5,0.268,0.138,0.153,0.136,0.026,0.024,0.136
0.407,0.5,0.268,0.138,0.153,0.136,0.026,0.024,0.136,0.068
0.5,0.268,0.138,0.153,0.136,0.026,0.024,0.136,0.068,0.12
0.268,0.138,0.153,0.136,0.026,0.024,0.136,0.068,0.12,0.137
0.138,0.153,0.136,0.026,0.024,0.136,0.068,0.12,0.137,0.035
0.153,0.136,0.026,0.024,0.136,0.068,0.12,0.137,0.035,0.142
0.136,0.026,0.024,0.136,0.068,0.12,0.137,0.035,0.142,0.031
0.026,0.024,0.136,0.068,0.12,0.137,0.035,0.142,0.031,0.164
0.024,0.136,0.068,0.12,0.137,0.035,0.142,0.031,0.164,0.141
0.136,0.068,0.12,0.137,0.035,0.142,0.031,0.164,0.141,0.168
0.068,0.12,0.137,0.035,0.142,0.031,0.164,0.141,0.168,0.266
0.12,0.137,0.035,0.142,0.031,0.164,0.141,0.168,0.266,0.141
0.137,0.035,0.142,0.031,0.164,0.141,0.168,0.266,0.141,0.162
0.035,0.142,0.031,0.164,0.141,0.168,0.266,0.141,0.162,0.02
0.142,0.031,0.164,0.141,0.168,0.266,0.141,0.162,0.02,0.159
0.031,0.164,0.141,0.168,0.266,0.141,0.162,0.02,0.159,0.142
0.164,0.141,0.168,0.266,0.141,0.162,0.02,0.159,0.142,0.046
0.141,0.168,0.266,0.141,0.162,0.02,0.159,0.142,0.046,0.256
0.168,0.266,0.141,0.162,0.02,0.159,0.142,0.046,0.256,0.164
0.266,0.141,0.162,0.02,0.159,0.142,0.046,0.256,0.164,0.143
0.141,0.162,0.02,0.159,0.142,0.046,0.256,0.164,0.143,0.055
0.162,0.02,0.159,0.142,0.046,0.256,0.164,0.143,0.055,0.127
0.02,0.159,0.142,0.046,0.256,0.164,0.143,0.055,0.127,0.267
0.159,0.142,0.046,0.256,0.164,0.143,0.055,0.127,0.267,0.156
0.142,0.046,0.256,0.164,0.143,0.055,0.127,0.267,0.156,0.157
0.046,0.256,0.164,0.143,0.055,0.127,0.267,0.156,0.157,0.16
0.256,0.164,0.143,0.055,0.127,0.267,0.156,0.157,0.16,0.139
0.164,0.143,0.055,0.127,0.267,0.156,0.157,0.16,0.139,0.161
0.143,0.055,0.127,0.267,0.156,0.157,0.16,0.139,0.161,0.143
0.055,0.127,0.267,0.156,0.157,0.16,0.139,0.161,0.143,0.158
0.127,0.267,0.156,0.157,0.16,0.139,0.161,0.143,0.158,0.146
0.267,0.156,0.157,0.16,0.139,0.161,0.143,0.158,0.146,0.103
0.156,0.157,0.16,0.139,0.161,0.143,0.158,0.146,0.103,0.784
0.157,0.16,0.139,0.161,0.143,0.158,0.146,0.103,0.784,0.368
0.16,0.139,0.161,0.143,0.158,0.146,0.103,0.784,0.368,0.266
0.139,0.161,0.143,0.158,0.146,0.103,0.784,0.368,0.266,0.278
0.161,0.143,0.158,0.146,0.103,0.784,0.368,0.266,0.278,0.154
0.143,0.158,0.146,0.103,0.784,0.368,0.266,0.278,0.154,0.146
0.158,0.146,0.103,0.784,0.368,0.266,0.278,0.154,0.146,0.606
0.146,0.103,0.784,0.368,0.266,0.278,0.154,0.146,0.606,0.366
0.103,0.784,0.368,0.266,0.278,0.154,0.146,0.606,0.366,0.262
0.784,0.368,0.266,0.278,0.154,0.146,0.606,0.366,0.262,0.216
0.368,0.266,0.278,0.154,0.146,0.606,0.366,0.262,0.216,0.207
0.266,0.278,0.154,0.146,0.606,0.366,0.262,0.216,0.207,0.261
0.278,0.154,0.146,0.606,0.366,0.262,0.216,0.207,0.261,0.372
0.154,0.146,0.606,0.366,0.262,0.216,0.207,0.261,0.372,0.977
0.146,0.606,0.366,0.262,0.216,0.207,0.261,0.372,0.977,0.604
0.606,0.366,0.262,0.216,0.207,0.261,0.372,0.977,0.604,0.559
0.366,0.262,0.216,0.207,0.261,0.372,0.977,0.604,0.559,0.36
0.262,0.216,0.207,0.261,0.372,0.977,0.604,0.559,0.36,0.415
0.216,0.207,0.261,0.372,0.977,0.604,0.559,0.36,0.415,0.427
0.207,0.261,0.372,0.977,0.604,0.559,0.36,0.415,0.427,0.368
0.261,0.372,0.977,0.604,0.559,0.36,0.415,0.427,0.368,0.236
0.372,0.977,0.604,0.559,0.36,0.415,0.427,0.368,0.236,0.366
0.977,0.604,0.559,0.36,0.415,0.427,0.368,0.236,0.366,0.264
0.604,0.559,0.36,0.415,0.427,0.368,0.236,0.366,0.264,0.372
0.559,0.36,0.415,0.427,0.368,0.236,0.366,0.264,0.372,0.248
0.36,0.415,0.427,0.368,0.236,0.366,0.264,0.372,0.248,0.257
0.415,0.427,0.368,0.236,0.366,0.264,0.372,0.248,0.257,0.24
0.427,0.368,0.236,0.366,0.264,0.372,0.248,0.257,0.24,0.265
0.368,0.236,0.366,0.264,0.372,0.248,0.257,0.24,0.265,0.268
0.236,0.366,0.264,0.372,0.248,0.257,0.24,0.265,0.268,0.274
0.366,0.264,0.372,0.248,0.257,0.24,0.265,0.268,0.274,0.248
0.264,0.372,0.248,0.257,0.24,0.265,0.268,0.274,0.248,0.267
0.372,0.248,0.257,0.24,0.265,0.268,0.274,0.248,0.267,0.278
0.248,0.257,0.24,0.265,0.268,0.274,0.248,0.267,0.278,0.277
0.257,0.24,0.265,0.268,0.274,0.248,0.267,0.278,0.277,0.392
0.24,0.265,0.268,0.274,0.248,0.267,0.278,0.277,0.392,0.382
0.265,0.268,0.274,0.248,0.267,0.278,0.277,0.392,0.382,0.629
0.268,0.274,0.248,0.267,0.278,0.277,0.392,0.382,0.629,0.466
0.274,0.248,0.267,0.278,0.277,0.392,0.382,0.629,0.466,0.398
0.248,0.267,0.278,0.277,0.392,0.382,0.629,0.466,0.398,0.382
0.267,0.278,0.277,0.392,0.382,0.629,0.466,0.398,0.382,0.267
0.278,0.277,0.392,0.382,0.629,0.466,0.398,0.382,0.267,0.405
0.277,0.392,0.382,0.629,0.466,0.398,0.382,0.267,0.405,0.375
0.392,0.382,0.629,0.466,0.398,0.382,0.267,0.405,0.375,0.283
0.382,0.629,0.466,0.398,0.382,0.267,0.405,0.375,0.283,0.266
0.629,0.466,0.398,0.382,0.267,0.405,0.375,0.283,0.266,0.442
0.466,0.398,0.382,0.267,0.405,0.375,0.283,0.266,0.442,0.378
0.398,0.382,0.267,0.405,0.375,0.283,0.266,0.442,0.378,0.441
0.382,0.267,0.405,0.375,0.283,0.266,0.442,0.378,0.441,0.316
0.267,0.405,0.375,0.283,0.266,0.442,0.378,0.441,0.316,0.372
0.405,0.375,0.283,0.266,0.442,0.378,0.441,0.316,0.372,0.495
0.375,0.283,0.266,0.442,0.378,0.441,0.316,0.372,0.495,0.582
0.283,0.266,0.442,0.378,0.441,0.316,0.372,0.495,0.582,0.713
0.266,0.442,0.378,0.441,0.316,0.372,0.495,0.582,0.713,0.606
0.442,0.378,0.441,0.316,0.372,0.495,0.582,0.713,0.606,0.501
0.378,0.441,0.316,0.372,0.495,0.582,0.713,0.606,0.501,0.621
0.441,0.316,0.372,0.495,0.582,0.713,0.606,0.501,0.621,0.627
0.316,0.372,0.495,0.582,0.713,0.606,0.501,0.621,0.627,0.63
0.372,0.495,0.582,0.713,0.606,0.501,0.621,0.627,0.63,0.53
0.495,0.582,0.713,0.606,0.501,0.621,0.627,0.63,0.53,0.647
0.582,0.713,0.606,0.501,0.621,0.627,0.63,0.53,0.647,0.852
0.713,0.606,0.501,0.621,0.627,0.63,0.53,0.647,0.852,0.734
0.606,0.501,0.621,0.627,0.63,0.53,0.647,0.852,0.734,0.959
0.501,0.621,0.627,0.63,0.53,0.647,0.852,0.734,0.959,0.724
0.621,0.627,0.63,0.53,0.647,0.852,0.734,0.959,0.724,0.829
0.627,0.63,0.53,0.647,0.852,0.734,0.959,0.724,0.829,1.302
0.63,0.53,0.647,0.852,0.734,0.959,0.724,0.829,1.302,1.303
0.53,0.647,0.852,0.734,0.959,0.724,0.829,1.302,1.303,1.89
0.647,0.852,0.734,0.959,0.724,0.829,1.302,1.303,1.89,1.897
0.852,0.734,0.959,0.724,0.829,1.302,1.303,1.89,1.897,2.098
0.734,0.959,0.724,0.829,1.302,1.303,1.89,1.897,2.098,1.971
0.959,0.724,0.829,1.302,1.303,1.89,1.897,2.098,1.971,1.703
0.724,0.829,1.302,1.303,1.89,1.897,2.098,1.971,1.703,1.581
0.829,1.302,1.303,1.89,1.897,2.098,1.971,1.703,1.581,1.354
1.302,1.303,1.89,1.897,2.098,1.971,1.703,1.581,1.354,1.245
1.303,1.89,1.897,2.098,1.971,1.703,1.581,1.354,1.245,0.866
1.89,1.897,2.098,1.971,1.703,1.581,1.354,1.245,0.866,1.02
1.897,2.098,1.971,1.703,1.581,1.354,1.245,0.866,1.02,0.767
2.098,1.971,1.703,1.581,1.354,1.245,0.866,1.02,0.767,1.006
1.971,1.703,1.581,1.354,1.245,0.866,1.02,0.767,1.006,0.683
1.703,1.581,1.354,1.245,0.866,1.02,0.767,1.006,0.683,0.793
1.581,1.354,1.245,0.866,1.02,0.767,1.006,0.683,0.793,1.162
1.354,1.245,0.866,1.02,0.767,1.006,0.683,0.793,1.162,1.154
1.245,0.866,1.02,0.767,1.006,0.683,0.793,1.162,1.154,1.153
0.866,1.02,0.767,1.006,0.683,0.793,1.162,1.154,1.153,1.15
1.02,0.767,1.006,0.683,0.793,1.162,1.154,1.153,1.15,0.547
0.767,1.006,0.683,0.793,1.162,1.154,1.153,1.15,0.547,0.661
1.006,0.683,0.793,1.162,1.154,1.153,1.15,0.547,0.661,0.66
0.683,0.793,1.162,1.154,1.153,1.15,0.547,0.661,0.66,0.6
0.793,1.162,1.154,1.153,1.15,0.547,0.661,0.66,0.6,0.661
1.162,1.154,1.153,1.15,0.547,0.661,0.66,0.6,0.661,0.572
1.154,1.153,1.15,0.547,0.661,0.66,0.6,0.661,0.572,0.781
1.153,1.15,0.547,0.661,0.66,0.6,0.661,0.572,0.781,0.238
1.15,0.547,0.661,0.66,0.6,0.661,0.572,0.781,0.238,0.293
0.547,0.661,0.66,0.6,0.661,0.572,0.781,0.238,0.293,0.25
0.661,0.66,0.6,0.661,0.572,0.781,0.238,0.293,0.25,0.01
0.66,0.6,0.661,0.572,0.781,0.238,0.293,0.25,0.01,0.509
0.6,0.661,0.572,0.781,0.238,0.293,0.25,0.01,0.509,0.521
0.661,0.572,0.781,0.238,0.293,0.25,0.01,0.509,0.521,0.527
0.572,0.781,0.238,0.293,0.25,0.01,0.509,0.521,0.527,0.526
0.781,0.238,0.293,0.25,0.01,0.509,0.521,0.527,0.526,0.606
0.238,0.293,0.25,0.01,0.509,0.521,0.527,0.526,0.606,0.387
0.293,0.25,0.01,0.509,0.521,0.527,0.526,0.606,0.387,0.498
0.25,0.01,0.509,0.521,0.527,0.526,0.606,0.387,0.498,0.403
0.01,0.509,0.521,0.527,0.526,0.606,0.387,0.498,0.403,0.378
0.509,0.521,0.527,0.526,0.606,0.387,0.498,0.403,0.378,0.285
0.521,0.527,0.526,0.606,0.387,0.498,0.403,0.378,0.285,0.412
0.527,0.526,0.606,0.387,0.498,0.403,0.378,0.285,0.412,0.288
0.526,0.606,0.387,0.498,0.403,0.378,0.285,0.412,0.288,0.393
0.606,0.387,0.498,0.403,0.378,0.285,0.412,0.288,0.393,0.403
0.387,0.498,0.403,0.378,0.285,0.412,0.288,0.393,0.403,0.275
0.498,0.403,0.378,0.285,0.412,0.288,0.393,0.403,0.275,0.398
0.403,0.378,0.285,0.412,0.288,0.393,0.403,0.275,0.398,0.281
0.378,0.285,0.412,0.288,0.393,0.403,0.275,0.398,0.281,0.286
0.285,0.412,0.288,0.393,0.403,0.275,0.398,0.281,0.286,0.282
0.412,0.288,0.393,0.403,0.275,0.398,0.281,0.286,0.282,0.389
0.288,0.393,0.403,0.275,0.398,0.281,0.286,0.282,0.389,0.39
0.393,0.403,0.275,0.398,0.281,0.286,0.282,0.389,0.39,0.402
0.403,0.275,0.398,0.281,0.286,0.282,0.389,0.39,0.402,0.385
0.275,0.398,0.281,0.286,0.282,0.389,0.39,0.402,0.385,0.369
0.398,0.281,0.286,0.282,0.389,0.39,0.402,0.385,0.369,0.348
0.281,0.286,0.282,0.389,0.39,0.402,0.385,0.369,0.348,0.248
0.286,0.282,0.389,0.39,0.402,0.385,0.369,0.348,0.248,0.352
0.282,0.389,0.39,0.402,0.385,0.369,0.348,0.248,0.352,0.457
0.389,0.39,0.402,0.385,0.369,0.348,0.248,0.352,0.457,0.358
0.39,0.402,0.385,0.369,0.348,0.248,0.352,0.457,0.358,0.245
0.402,0.385,0.369,0.348,0.248,0.352,0.457,0.358,0.245,0.261
0.385,0.369,0.348,0.248,0.352,0.457,0.358,0.245,0.261,0.347
0.369,0.348,0.248,0.352,0.457,0.358,0.245,0.261,0.347,0.357
0.348,0.248,0.352,0.457,0.358,0.245,0.261,0.347,0.357,0.337
0.248,0.352,0.457,0.358,0.245,0.261,0.347,0.357,0.337,0.593
0.352,0.457,0.358,0.245,0.261,0.347,0.357,0.337,0.593,0.36
0.457,0.358,0.245,0.261,0.347,0.357,0.337,0.593,0.36,0.271
0.358,0.245,0.261,0.347,0.357,0.337,0.593,0.36,0.271,0.477
0.245,0.261,0.347,0.357,0.337,0.593,0.36,0.271,0.477,0.895
0.261,0.347,0.357,0.337,0.593,0.36,0.271,0.477,0.895,1.476
0.347,0.357,0.337,0.593,0.36,0.271,0.477,0.895,1.476,1.521
0.357,0.337,0.593,0.36,0.271,0.477,0.895,1.476,1.521,1.408
0.337,0.593,0.36,0.271,0.477,0.895,1.476,1.521,1.408,1.427
0.593,0.36,0.271,0.477,0.895,1.476,1.521,1.408,1.427,1.638
0.36,0.271,0.477,0.895,1.476,1.521,1.408,1.427,1.638,3.077
0.271,0.477,0.895,1.476,1.521,1.408,1.427,1.638,3.077,3.471
0.477,0.895,1.476,1.521,1.408,1.427,1.638,3.077,3.471,3.282
0.895,1.476,1.521,1.408,1.427,1.638,3.077,3.471,3.282,2.941
1.476,1.521,1.408,1.427,1.638,3.077,3.471,3.282,2.941,3.074
1.521,1.408,1.427,1.638,3.077,3.471,3.282,2.941,3.074,2.863
1.408,1.427,1.638,3.077,3.471,3.282,2.941,3.074,2.863,2.746
1.427,1.638,3.077,3.471,3.282,2.941,3.074,2.863,2.746,2.759
1.638,3.077,3.471,3.282,2.941,3.074,2.863,2.746,2.759,3.866
3.077,3.471,3.282,2.941,3.074,2.863,2.746,2.759,3.866,3.645
3.471,3.282,2.941,3.074,2.863,2.746,2.759,3.866,3.645,6.506
3.282,2.941,3.074,2.863,2.746,2.759,3.866,3.645,6.506,7.847
2.941,3.074,2.863,2.746,2.759,3.866,3.645,6.506,7.847,7.447
3.074,2.863,2.746,2.759,3.866,3.645,6.506,7.847,7.447,6.494
2.863,2.746,2.759,3.866,3.645,6.506,7.847,7.447,6.494,5.325
2.746,2.759,3.866,3.645,6.506,7.847,7.447,6.494,5.325,4.384
2.759,3.866,3.645,6.506,7.847,7.447,6.494,5.325,4.384,3.734
3.866,3.645,6.506,7.847,7.447,6.494,5.325,4.384,3.734,3.331
3.645,6.506,7.847,7.447,6.494,5.325,4.384,3.734,3.331,3.384
6.506,7.847,7.447,6.494,5.325,4.384,3.734,3.331,3.384,3.09
7.847,7.447,6.494,5.325,4.384,3.734,3.331,3.384,3.09,2.708
7.447,6.494,5.325,4.384,3.734,3.331,3.384,3.09,2.708,2.929
6.494,5.325,4.384,3.734,3.331,3.384,3.09,2.708,2.929,3.329
5.325,4.384,3.734,3.331,3.384,3.09,2.708,2.929,3.329,3.439
4.384,3.734,3.331,3.384,3.09,2.708,2.929,3.329,3.439,3.447
3.734,3.331,3.384,3.09,2.708,2.929,3.329,3.439,3.447,3.395
3.331,3.384,3.09,2.708,2.929,3.329,3.439,3.447,3.395,3.431
3.384,3.09,2.708,2.929,3.329,3.439,3.447,3.395,3.431,3.904
3.09,2.708,2.929,3.329,3.439,3.447,3.395,3.431,3.904,4.519
2.708,2.929,3.329,3.439,3.447,3.395,3.431,3.904,4.519,4.92
2.929,3.329,3.439,3.447,3.395,3.431,3.904,4.519,4.92,4.657
3.329,3.439,3.447,3.395,3.431,3.904,4.519,4.92,4.657,4.601
3.439,3.447,3.395,3.431,3.904,4.519,4.92,4.657,4.601,4.145
3.447,3.395,3.431,3.904,4.519,4.92,4.657,4.601,4.145,3.204
3.395,3.431,3.904,4.519,4.92,4.657,4.601,4.145,3.204,2.913
3.431,3.904,4.519,4.92,4.657,4.601,4.145,3.204,2.913,2.718
3.904,4.519,4.92,4.657,4.601,4.145,3.204,2.913,2.718,1.922
4.519,4.92,4.657,4.601,4.145,3.204,2.913,2.718,1.922,1.968
4.92,4.657,4.601,4.145,3.204,2.913,2.718,1.922,1.968,1.806
4.657,4.601,4.145,3.204,2.913,2.718,1.922,1.968,1.806,1.472
4.601,4.145,3.204,2.913,2.718,1.922,1.968,1.806,1.472,1.463
4.145,3.204,2.913,2.718,1.922,1.968,1.806,1.472,1.463,1.171
3.204,2.913,2.718,1.922,1.968,1.806,1.472,1.463,1.171,1.169
2.913,2.718,1.922,1.968,1.806,1.472,1.463,1.171,1.169,2.576
2.718,1.922,1.968,1.806,1.472,1.463,1.171,1.169,2.576,1.856
1.922,1.968,1.806,1.472,1.463,1.171,1.169,2.576,1.856,1.457
1.968,1.806,1.472,1.463,1.171,1.169,2.576,1.856,1.457,1.186
1.806,1.472,1.463,1.171,1.169,2.576,1.856,1.457,1.186,1.041
1.472,1.463,1.171,1.169,2.576,1.856,1.457,1.186,1.041,0.96
1.463,1.171,1.169,2.576,1.856,1.457,1.186,1.041,0.96,0.985
1.171,1.169,2.576,1.856,1.457,1.186,1.041,0.96,0.985,0.875
1.169,2.576,1.856,1.457,1.186,1.041,0.96,0.985,0.875,0.99
2.576,1.856,1.457,1.186,1.041,0.96,0.985,0.875,0.99,0.856
1.856,1.457,1.186,1.041,0.96,0.985,0.875,0.99,0.856,0.873
1.457,1.186,1.041,0.96,0.985,0.875,0.99,0.856,0.873,1.266
1.186,1.041,0.96,0.985,0.875,0.99,0.856,0.873,1.266,1.417
1.041,0.96,0.985,0.875,0.99,0.856,0.873,1.266,1.417,0.941
0.96,0.985,0.875,0.99,0.856,0.873,1.266,1.417,0.941,0.87
0.985,0.875,0.99,0.856,0.873,1.266,1.417,0.941,0.87,0.723
0.875,0.99,0.856,0.873,1.266,1.417,0.941,0.87,0.723,0.644
0.99,0.856,0.873,1.266,1.417,0.941,0.87,0.723,0.644,0.661
0.856,0.873,1.266,1.417,0.941,0.87,0.723,0.644,0.661,0.648
0.873,1.266,1.417,0.941,0.87,0.723,0.644,0.661,0.648,1.187
1.266,1.417,0.941,0.87,0.723,0.644,0.661,0.648,1.187,0.77
1.417,0.941,0.87,0.723,0.644,0.661,0.648,1.187,0.77,0.791
0.941,0.87,0.723,0.644,0.661,0.648,1.187,0.77,0.791,0.787
0.87,0.723,0.644,0.661,0.648,1.187,0.77,0.791,0.787,0.662
0.723,0.644,0.661,0.648,1.187,0.77,0.791,0.787,0.662,1.042
0.644,0.661,0.648,1.187,0.77,0.791,0.787,0.662,1.042,0.643
0.661,0.648,1.187,0.77,0.791,0.787,0.662,1.042,0.643,0.643
0.648,1.187,0.77,0.791,0.787,0.662,1.042,0.643,0.643,0.527
1.187,0.77,0.791,0.787,0.662,1.042,0.643,0.643,0.527,0.646
0.77,0.791,0.787,0.662,1.042,0.643,0.643,0.527,0.646,0.663
0.791,0.787,0.662,1.042,0.643,0.643,0.527,0.646,0.663,0.527
0.787,0.662,1.042,0.643,0.643,0.527,0.646,0.663,0.527,0.651
0.662,1.042,0.643,0.643,0.527,0.646,0.663,0.527,0.651,0.536
1.042,0.643,0.643,0.527,0.646,0.663,0.527,0.651,0.536,0.51
0.643,0.643,0.527,0.646,0.663,0.527,0.651,0.536,0.51,0.537
0.643,0.527,0.646,0.663,0.527,0.651,0.536,0.51,0.537,0.671
0.527,0.646,0.663,0.527,0.651,0.536,0.51,0.537,0.671,0.386
0.646,0.663,0.527,0.651,0.536,0.51,0.537,0.671,0.386,0.535
0.663,0.527,0.651,0.536,0.51,0.537,0.671,0.386,0.535,0.395
0.527,0.651,0.536,0.51,0.537,0.671,0.386,0.535,0.395,0.648
0.651,0.536,0.51,0.537,0.671,0.386,0.535,0.395,0.648,0.568
0.536,0.51,0.537,0.671,0.386,0.535,0.395,0.648,0.568,0.402
0.51,0.537,0.671,0.386,0.535,0.395,0.648,0.568,0.402,0.541
0.537,0.671,0.386,0.535,0.395,0.648,0.568,0.402,0.541,0.538
0.671,0.386,0.535,0.395,0.648,0.568,0.402,0.541,0.538,0.392
0.386,0.535,0.395,0.648,0.568,0.402,0.541,0.538,0.392,0.411
0.535,0.395,0.648,0.568,0.402,0.541,0.538,0.392,0.411,0.219
0.395,0.648,0.568,0.402,0.541,0.538,0.392,0.411,0.219,0.238
0.648,0.568,0.402,0.541,0.538,0.392,0.411,0.219,0.238,0.376
0.568,0.402,0.541,0.538,0.392,0.411,0.219,0.238,0.376,0.23
0.402,0.541,0.538,0.392,0.411,0.219,0.238,0.376,0.23,0.372
0.541,0.538,0.392,0.411,0.219,0.238,0.376,0.23,0.372,0.386
0.538,0.392,0.411,0.219,0.238,0.376,0.23,0.372,0.386,0.366
0.392,0.411,0.219,0.238,0.376,0.23,0.372,0.386,0.366,0.361
0.411,0.219,0.238,0.376,0.23,0.372,0.386,0.366,0.361,0.379
0.219,0.238,0.376,0.23,0.372,0.386,0.366,0.361,0.379,0.497
0.238,0.376,0.23,0.372,0.386,0.366,0.361,0.379,0.497,0.369
0.376,0.23,0.372,0.386,0.366,0.361,0.379,0.497,0.369,0.368
0.23,0.372,0.386,0.366,0.361,0.379,0.497,0.369,0.368,0.388
0.372,0.386,0.366,0.361,0.379,0.497,0.369,0.368,0.388,0.374
0.386,0.366,0.361,0.379,0.497,0.369,0.368,0.388,0.374,0.513
0.366,0.361,0.379,0.497,0.369,0.368,0.388,0.374,0.513,0.377
0.361,0.379,0.497,0.369,0.368,0.388,0.374,0.513,0.377,0.263
0.379,0.497,0.369,0.368,0.388,0.374,0.513,0.377,0.263,0.26
0.497,0.369,0.368,0.388,0.374,0.513,0.377,0.263,0.26,0.267
0.369,0.368,0.388,0.374,0.513,0.377,0.263,0.26,0.267,0.253
0.368,0.388,0.374,0.513,0.377,0.263,0.26,0.267,0.253,0.139
0.388,0.374,0.513,0.377,0.263,0.26,0.267,0.253,0.139,0.405
0.374,0.513,0.377,0.263,0.26,0.267,0.253,0.139,0.405,0.394
0.513,0.377,0.263,0.26,0.267,0.253,0.139,0.405,0.394,0.413
0.377,0.263,0.26,0.267,0.253,0.139,0.405,0.394,0.413,0.744
0.263,0.26,0.267,0.253,0.139,0.405,0.394,0.413,0.744,0.484
0.26,0.267,0.253,0.139,0.405,0.394,0.413,0.744,0.484,0.389
0.267,0.253,0.139,0.405,0.394,0.413,0.744,0.484,0.389,0.253
0.253,0.139,0.405,0.394,0.413,0.744,0.484,0.389,0.253,0.368
0.139,0.405,0.394,0.413,0.744,0.484,0.389,0.253,0.368,0.326
0.405,0.394,0.413,0.744,0.484,0.389,0.253,0.368,0.326,0.354
0.394,0.413,0.744,0.484,0.389,0.253,0.368,0.326,0.354,0.273
0.413,0.744,0.484,0.389,0.253,0.368,0.326,0.354,0.273,0.514
0.744,0.484,0.389,0.253,0.368,0.326,0.354,0.273,0.514,0.4
0.484,0.389,0.253,0.368,0.326,0.354,0.273,0.514,0.4,0.375
0.389,0.253,0.368,0.326,0.354,0.273,0.514,0.4,0.375,0.361
0.253,0.368,0.326,0.354,0.273,0.514,0.4,0.375,0.361,0.38
0.368,0.326,0.354,0.273,0.514,0.4,0.375,0.361,0.38,0.234
0.326,0.354,0.273,0.514,0.4,0.375,0.361,0.38,0.234,0.247
0.354,0.273,0.514,0.4,0.375,0.361,0.38,0.234,0.247,0.394
0.273,0.514,0.4,0.375,0.361,0.38,0.234,0.247,0.394,0.377
0.514,0.4,0.375,0.361,0.38,0.234,0.247,0.394,0.377,0.225
0.4,0.375,0.361,0.38,0.234,0.247,0.394,0.377,0.225,0.199
0.375,0.361,0.38,0.234,0.247,0.394,0.377,0.225,0.199,0.181
0.361,0.38,0.234,0.247,0.394,0.377,0.225,0.199,0.181,0.182
0.38,0.234,0.247,0.394,0.377,0.225,0.199,0.181,0.182,0.443
0.234,0.247,0.394,0.377,0.225,0.199,0.181,0.182,0.443,0.557
0.247,0.394,0.377,0.225,0.199,0.181,0.182,0.443,0.557,0.42
0.394,0.377,0.225,0.199,0.181,0.182,0.443,0.557,0.42,0.55
0.377,0.225,0.199,0.181,0.182,0.443,0.557,0.42,0.55,0.3
0.225,0.199,0.181,0.182,0.443,0.557,0.42,0.55,0.3,0.308
0.199,0.181,0.182,0.443,0.557,0.42,0.55,0.3,0.308,0.313
0.181,0.182,0.443,0.557,0.42,0.55,0.3,0.308,0.313,0.184
0.182,0.443,0.557,0.42,0.55,0.3,0.308,0.313,0.184,0.52
0.443,0.557,0.42,0.55,0.3,0.308,0.313,0.184,0.52,0.315
0.557,0.42,0.55,0.3,0.308,0.313,0.184,0.52,0.315,0.186
0.42,0.55,0.3,0.308,0.313,0.184,0.52,0.315,0.186,0.284
0.55,0.3,0.308,0.313,0.184,0.52,0.315,0.186,0.284,0.172
0.3,0.308,0.313,0.184,0.52,0.315,0.186,0.284,0.172,0.133
0.308,0.313,0.184,0.52,0.315,0.186,0.284,0.172,0.133,0.153
0.313,0.184,0.52,0.315,0.186,0.284,0.172,0.133,0.153,0.175
0.184,0.52,0.315,0.186,0.284,0.172,0.133,0.153,0.175,0.071
0.52,0.315,0.186,0.284,0.172,0.133,0.153,0.175,0.071,0.199
0.315,0.186,0.284,0.172,0.133,0.153,0.175,0.071,0.199,0.057
0.186,0.284,0.172,0.133,0.153,0.175,0.071,0.199,0.057,0.183
0.284,0.172,0.133,0.153,0.175,0.071,0.199,0.057,0.183,0.071
0.172,0.133,0.153,0.175,0.071,0.199,0.057,0.183,0.071,0.057
0.133,0.153,0.175,0.071,0.199,0.057,0.183,0.071,0.057,0.088
0.153,0.175,0.071,0.199,0.057,0.183,0.071,0.057,0.088,0.01
0.175,0.071,0.199,0.057,0.183,0.071,0.057,0.088,0.01,0.217
0.071,0.199,0.057,0.183,0.071,0.057,0.088,0.01,0.217,0.141
0.199,0.057,0.183,0.071,0.057,0.088,0.01,0.217,0.141,0.16
0.057,0.183,0.071,0.057,0.088,0.01,0.217,0.141,0.16,0.268
0.183,0.071,0.057,0.088,0.01,0.217,0.141,0.16,0.268,0.027
0.071,0.057,0.088,0.01,0.217,0.141,0.16,0.268,0.027,0.131
0.057,0.088,0.01,0.217,0.141,0.16,0.268,0.027,0.131,0.152
0.088,0.01,0.217,0.141,0.16,0.268,0.027,0.131,0.152,0.371
0.01,0.217,0.141,0.16,0.268,0.027,0.131,0.152,0.371,0.152
0.217,0.141,0.16,0.268,0.027,0.131,0.152,0.371,0.152,0.13
0.141,0.16,0.268,0.027,0.131,0.152,0.371,0.152,0.13,0.026
0.16,0.268,0.027,0.131,0.152,0.371,0.152,0.13,0.026,0.265
0.268,0.027,0.131,0.152,0.371,0.152,0.13,0.026,0.265,0.264
0.027,0.131,0.152,0.371,0.152,0.13,0.026,0.265,0.264,0.028
0.131,0.152,0.371,0.152,0.13,0.026,0.265,0.264,0.028,0.039
0.152,0.371,0.152,0.13,0.026,0.265,0.264,0.028,0.039,0.164
0.371,0.152,0.13,0.026,0.265,0.264,0.028,0.039,0.164,0.146
0.152,0.13,0.026,0.265,0.264,0.028,0.039,0.164,0.146,0.032
0.13,0.026,0.265,0.264,0.028,0.039,0.164,0.146,0.032,0.029
0.026,0.265,0.264,0.028,0.039,0.164,0.146,0.032,0.029,0.017
0.265,0.264,0.028,0.039,0.164,0.146,0.032,0.029,0.017,0.028
0.264,0.028,0.039,0.164,0.146,0.032,0.029,0.017,0.028,0.158
0.028,0.039,0.164,0.146,0.032,0.029,0.017,0.028,0.158,0.027
0.039,0.164,0.146,0.032,0.029,0.017,0.028,0.158,0.027,0.01
0.164,0.146,0.032,0.029,0.017,0.028,0.158,0.027,0.01,0.03
0.146,0.032,0.029,0.017,0.028,0.158,0.027,0.01,0.03,0.272
0.032,0.029,0.017,0.028,0.158,0.027,0.01,0.03,0.272,0.272
0.029,0.017,0.028,0.158,0.027,0.01,0.03,0.272,0.272,0.158
0.017,0.028,0.158,0.027,0.01,0.03,0.272,0.272,0.158,0.018
0.028,0.158,0.027,0.01,0.03,0.272,0.272,0.158,0.018,0.137
0.158,0.027,0.01,0.03,0.272,0.272,0.158,0.018,0.137,0.028
0.027,0.01,0.03,0.272,0.272,0.158,0.018,0.137,0.028,0.141
0.01,0.03,0.272,0.272,0.158,0.018,0.137,0.028,0.141,0.03
0.03,0.272,0.272,0.158,0.018,0.137,0.028,0.141,0.03,0.032
0.272,0.272,0.158,0.018,0.137,0.028,0.141,0.03,0.032,0.157
0.272,0.158,0.018,0.137,0.028,0.141,0.03,0.032,0.157,0.273
0.158,0.018,0.137,0.028,0.141,0.03,0.032,0.157,0.273,0.143
0.018,0.137,0.028,0.141,0.03,0.032,0.157,0.273,0.143,0.162
0.137,0.028,0.141,0.03,0.032,0.157,0.273,0.143,0.162,0.137
0.028,0.141,0.03,0.032,0.157,0.273,0.143,0.162,0.137,0.026
0.141,0.03,0.032,0.157,0.273,0.143,0.162,0.137,0.026,0.15
0.03,0.032,0.157,0.273,0.143,0.162,0.137,0.026,0.15,0.033
0.032,0.157,0.273,0.143,0.162,0.137,0.026,0.15,0.033,0.171
0.157,0.273,0.143,0.162,0.137,0.026,0.15,0.033,0.171,0.036
0.273,0.143,0.162,0.137,0.026,0.15,0.033,0.171,0.036,0.021
0.143,0.162,0.137,0.026,0.15,0.033,0.171,0.036,0.021,0.165
0.162,0.137,0.026,0.15,0.033,0.171,0.036,0.021,0.165,0.037
0.137,0.026,0.15,0.033,0.171,0.036,0.021,0.165,0.037,0.036
0.026,0.15,0.033,0.171,0.036,0.021,0.165,0.037,0.036,0.038
0.15,0.033,0.171,0.036,0.021,0.165,0.037,0.036,0.038,0.043
0.033,0.171,0.036,0.021,0.165,0.037,0.036,0.038,0.043,0.156
0.171,0.036,0.021,0.165,0.037,0.036,0.038,0.043,0.156,0.043
0.036,0.021,0.165,0.037,0.036,0.038,0.043,0.156,0.043,0.145
0.021,0.165,0.037,0.036,0.038,0.043,0.156,0.043,0.145,0.037
0.165,0.037,0.036,0.038,0.043,0.156,0.043,0.145,0.037,0.041
0.037,0.036,0.038,0.043,0.156,0.043,0.145,0.037,0.041,0.161
0.036,0.038,0.043,0.156,0.043,0.145,0.037,0.041,0.161,0.156
0.038,0.043,0.156,0.043,0.145,0.037,0.041,0.161,0.156,0.158
0.043,0.156,0.043,0.145,0.037,0.041,0.161,0.156,0.158,0.261
0.156,0.043,0.145,0.037,0.041,0.161,0.156,0.158,0.261,0.215
0.043,0.145,0.037,0.041,0.161,0.156,0.158,0.261,0.215,0.054
0.145,0.037,0.041,0.161,0.156,0.158,0.261,0.215,0.054,0.286
0.037,0.041,0.161,0.156,0.158,0.261,0.215,0.054,0.286,0.293
0.041,0.161,0.156,0.158,0.261,0.215,0.054,0.286,0.293,0.743
0.161,0.156,0.158,0.261,0.215,0.054,0.286,0.293,0.743,0.296
0.156,0.158,0.261,0.215,0.054,0.286,0.293,0.743,0.296,0.929
0.158,0.261,0.215,0.054,0.286,0.293,0.743,0.296,0.929,0.292
0.261,0.215,0.054,0.286,0.293,0.743,0.296,0.929,0.292,0.815
0.215,0.054,0.286,0.293,0.743,0.296,0.929,0.292,0.815,0.863
0.054,0.286,0.293,0.743,0.296,0.929,0.292,0.815,0.863,0.543
0.286,0.293,0.743,0.296,0.929,0.292,0.815,0.863,0.543,0.509
0.293,0.743,0.296,0.929,0.292,0.815,0.863,0.543,0.509,0.419
0.743,0.296,0.929,0.292,0.815,0.863,0.543,0.509,0.419,0.423
0.296,0.929,0.292,0.815,0.863,0.543,0.509,0.419,0.423,0.404
0.929,0.292,0.815,0.863,0.543,0.509,0.419,0.423,0.404,0.51
0.292,0.815,0.863,0.543,0.509,0.419,0.423,0.404,0.51,0.435
0.815,0.863,0.543,0.509,0.419,0.423,0.404,0.51,0.435,0.283
0.863,0.543,0.509,0.419,0.423,0.404,0.51,0.435,0.283,0.429
0.543,0.509,0.419,0.423,0.404,0.51,0.435,0.283,0.429,0.301
0.509,0.419,0.423,0.404,0.51,0.435,0.283,0.429,0.301,0.366
0.419,0.423,0.404,0.51,0.435,0.283,0.429,0.301,0.366,0.271
0.423,0.404,0.51,0.435,0.283,0.429,0.301,0.366,0.271,0.386
0.404,0.51,0.435,0.283,0.429,0.301,0.366,0.271,0.386,0.278
0.51,0.435,0.283,0.429,0.301,0.366,0.271,0.386,0.278,0.292
0.435,0.283,0.429,0.301,0.366,0.271,0.386,0.278,0.292,1.126
0.283,0.429,0.301,0.366,0.271,0.386,0.278,0.292,1.126,1.235
0.429,0.301,0.366,0.271,0.386,0.278,0.292,1.126,1.235,1.116
0.301,0.366,0.271,0.386,0.278,0.292,1.126,1.235,1.116,0.802
0.366,0.271,0.386,0.278,0.292,1.126,1.235,1.116,0.802,0.682
0.271,0.386,0.278,0.292,1.126,1.235,1.116,0.802,0.682,0.695
0.386,0.278,0.292,1.126,1.235,1.116,0.802,0.682,0.695,0.691
0.278,0.292,1.126,1.235,1.116,0.802,0.682,0.695,0.691,0.766
0.292,1.126,1.235,1.116,0.802,0.682,0.695,0.691,0.766,0.516
1.126,1.235,1.116,0.802,0.682,0.695,0.691,0.766,0.516,0.643
1.235,1.116,0.802,0.682,0.695,0.691,0.766,0.516,0.643,0.415
1.116,0.802,0.682,0.695,0.691,0.766,0.516,0.643,0.415,0.526
0.802,0.682,0.695,0.691,0.766,0.516,0.643,0.415,0.526,0.514
0.682,0.695,0.691,0.766,0.516,0.643,0.415,0.526,0.514,0.444
0.695,0.691,0.766,0.516,0.643,0.415,0.526,0.514,0.444,0.663
0.691,0.766,0.516,0.643,0.415,0.526,0.514,0.444,0.663,0.555
0.766,0.516,0.643,0.415,0.526,0.514,0.444,0.663,0.555,0.54
0.516,0.643,0.415,0.526,0.514,0.444,0.663,0.555,0.54,0.437
0.643,0.415,0.526,0.514,0.444,0.663,0.555,0.54,0.437,0.44
0.415,0.526,0.514,0.444,0.663,0.555,0.54,0.437,0.44,0.336
0.526,0.514,0.444,0.663,0.555,0.54,0.437,0.44,0.336,0.472
0.514,0.444,0.663,0.555,0.54,0.437,0.44,0.336,0.472,0.49
0.444,0.663,0.555,0.54,0.437,0.44,0.336,0.472,0.49,0.634
0.663,0.555,0.54,0.437,0.44,0.336,0.472,0.49,0.634,0.509
0.555,0.54,0.437,0.44,0.336,0.472,0.49,0.634,0.509,0.488
0.54,0.437,0.44,0.336,0.472,0.49,0.634,0.509,0.488,0.463
0.437,0.44,0.336,0.472,0.49,0.634,0.509,0.488,0.463,0.489
0.44,0.336,0.472,0.49,0.634,0.509,0.488,0.463,0.489,0.495
0.336,0.472,0.49,0.634,0.509,0.488,0.463,0.489,0.495,0.53
0.472,0.49,0.634,0.509,0.488,0.463,0.489,0.495,0.53,0.338
0.49,0.634,0.509,0.488,0.463,0.489,0.495,0.53,0.338,0.882
0.634,0.509,0.488,0.463,0.489,0.495,0.53,0.338,0.882,0.533
0.509,0.488,0.463,0.489,0.495,0.53,0.338,0.882,0.533,0.551
0.488,0.463,0.489,0.495,0.53,0.338,0.882,0.533,0.551,0.55
0.463,0.489,0.495,0.53,0.338,0.882,0.533,0.551,0.55,0.677
0.489,0.495,0.53,0.338,0.882,0.533,0.551,0.55,0.677,0.66
0.495,0.53,0.338,0.882,0.533,0.551,0.55,0.677,0.66,1.01
0.53,0.338,0.882,0.533,0.551,0.55,0.677,0.66,1.01,0.665
0.338,0.882,0.533,0.551,0.55,0.677,0.66,1.01,0.665,1.411
0.882,0.533,0.551,0.55,0.677,0.66,1.01,0.665,1.411,1.574
0.533,0.551,0.55,0.677,0.66,1.01,0.665,1.411,1.574,1.22
0.551,0.55,0.677,0.66,1.01,0.665,1.411,1.574,1.22,1.36
0.55,0.677,0.66,1.01,0.665,1.411,1.574,1.22,1.36,0.997
0.677,0.66,1.01,0.665,1.411,1.574,1.22,1.36,0.997,1.067
0.66,1.01,0.665,1.411,1.574,1.22,1.36,0.997,1.067,0.848
1.01,0.665,1.411,1.574,1.22,1.36,0.997,1.067,0.848,0.855
0.665,1.411,1.574,1.22,1.36,0.997,1.067,0.848,0.855,0.723
1.411,1.574,1.22,1.36,0.997,1.067,0.848,0.855,0.723,0.491
1.574,1.22,1.36,0.997,1.067,0.848,0.855,0.723,0.491,0.617
1.22,1.36,0.997,1.067,0.848,0.855,0.723,0.491,0.617,0.722
1.36,0.997,1.067,0.848,0.855,0.723,0.491,0.617,0.722,0.855
0.997,1.067,0.848,0.855,0.723,0.491,0.617,0.722,0.855,0.739
1.067,0.848,0.855,0.723,0.491,0.617,0.722,0.855,0.739,0.737
0.848,0.855,0.723,0.491,0.617,0.722,0.855,0.739,0.737,0.861
0.855,0.723,0.491,0.617,0.722,0.855,0.739,0.737,0.861,0.63
0.723,0.491,0.617,0.722,0.855,0.739,0.737,0.861,0.63,0.608
0.491,0.617,0.722,0.855,0.739,0.737,0.861,0.63,0.608,0.509
0.617,0.722,0.855,0.739,0.737,0.861,0.63,0.608,0.509,0.752
0.722,0.855,0.739,0.737,0.861,0.63,0.608,0.509,0.752,0.732
0.855,0.739,0.737,0.861,0.63,0.608,0.509,0.752,0.732,1.191
0.739,0.737,0.861,0.63,0.608,0.509,0.752,0.732,1.191,0.882
0.737,0.861,0.63,0.608,0.509,0.752,0.732,1.191,0.882,0.674
0.861,0.63,0.608,0.509,0.752,0.732,1.191,0.882,0.674,0.808
0.63,0.608,0.509,0.752,0.732,1.191,0.882,0.674,0.808,0.67
0.608,0.509,0.752,0.732,1.191,0.882,0.674,0.808,0.67,0.728
0.509,0.752,0.732,1.191,0.882,0.674,0.808,0.67,0.728,0.798
0.752,0.732,1.191,0.882,0.674,0.808,0.67,0.728,0.798,0.657
0.732,1.191,0.882,0.674,0.808,0.67,0.728,0.798,0.657,0.653
1.191,0.882,0.674,0.808,0.67,0.728,0.798,0.657,0.653,0.659
0.882,0.674,0.808,0.67,0.728,0.798,0.657,0.653,0.659,0.68
0.674,0.808,0.67,0.728,0.798,0.657,0.653,0.659,0.68,0.665
0.808,0.67,0.728,0.798,0.657,0.653,0.659,0.68,0.665,0.428
0.67,0.728,0.798,0.657,0.653,0.659,0.68,0.665,0.428,0.558
0.728,0.798,0.657,0.653,0.659,0.68,0.665,0.428,0.558,0.55
0.798,0.657,0.653,0.659,0.68,0.665,0.428,0.558,0.55,0.55
0.657,0.653,0.659,0.68,0.665,0.428,0.558,0.55,0.55,0.524
0.653,0.659,0.68,0.665,0.428,0.558,0.55,0.55,0.524,0.658
0.659,0.68,0.665,0.428,0.558,0.55,0.55,0.524,0.658,0.531
0.68,0.665,0.428,0.558,0.55,0.55,0.524,0.658,0.531,0.561
0.665,0.428,0.558,0.55,0.55,0.524,0.658,0.531,0.561,0.331
0.428,0.558,0.55,0.55,0.524,0.658,0.531,0.561,0.331,0.443
0.558,0.55,0.55,0.524,0.658,0.531,0.561,0.331,0.443,0.335
0.55,0.55,0.524,0.658,0.531,0.561,0.331,0.443,0.335,0.336
0.55,0.524,0.658,0.531,0.561,0.331,0.443,0.335,0.336,0.321
0.524,0.658,0.531,0.561,0.331,0.443,0.335,0.336,0.321,0.335
0.658,0.531,0.561,0.331,0.443,0.335,0.336,0.321,0.335,0.247
0.531,0.561,0.331,0.443,0.335,0.336,0.321,0.335,0.247,0.464
0.561,0.331,0.443,0.335,0.336,0.321,0.335,0.247,0.464,0.469
0.331,0.443,0.335,0.336,0.321,0.335,0.247,0.464,0.469,0.494
0.443,0.335,0.336,0.321,0.335,0.247,0.464,0.469,0.494,0.365
0.335,0.336,0.321,0.335,0.247,0.464,0.469,0.494,0.365,0.38
0.336,0.321,0.335,0.247,0.464,0.469,0.494,0.365,0.38,0.42
0.321,0.335,0.247,0.464,0.469,0.494,0.365,0.38,0.42,0.524
0.335,0.247,0.464,0.469,0.494,0.365,0.38,0.42,0.524,0.361
0.247,0.464,0.469,0.494,0.365,0.38,0.42,0.524,0.361,0.378
0.464,0.469,0.494,0.365,0.38,0.42,0.524,0.361,0.378,0.359
0.469,0.494,0.365,0.38,0.42,0.524,0.361,0.378,0.359,0.369
0.494,0.365,0.38,0.42,0.524,0.361,0.378,0.359,0.369,0.394
0.365,0.38,0.42,0.524,0.361,0.378,0.359,0.369,0.394,0.229
0.38,0.42,0.524,0.361,0.378,0.359,0.369,0.394,0.229,0.391
0.42,0.524,0.361,0.378,0.359,0.369,0.394,0.229,0.391,0.276
0.524,0.361,0.378,0.359,0.369,0.394,0.229,0.391,0.276,0.399
0.361,0.378,0.359,0.369,0.394,0.229,0.391,0.276,0.399,0.383
0.378,0.359,0.369,0.394,0.229,0.391,0.276,0.399,0.383,0.302
0.359,0.369,0.394,0.229,0.391,0.276,0.399,0.383,0.302,0.427
0.369,0.394,0.229,0.391,0.276,0.399,0.383,0.302,0.427,0.298
0.394,0.229,0.391,0.276,0.399,0.383,0.302,0.427,0.298,0.378
0.229,0.391,0.276,0.399,0.383,0.302,0.427,0.298,0.378,0.348
0.391,0.276,0.399,0.383,0.302,0.427,0.298,0.378,0.348,0.43
0.276,0.399,0.383,0.302,0.427,0.298,0.378,0.348,0.43,0.316
0.399,0.383,0.302,0.427,0.298,0.378,0.348,0.43,0.316,0.408
0.383,0.302,0.427,0.298,0.378,0.348,0.43,0.316,0.408,0.301
0.302,0.427,0.298,0.378,0.348,0.43,0.316,0.408,0.301,0.395
0.427,0.298,0.378,0.348,0.43,0.316,0.408,0.301,0.395,0.203
0.298,0.378,0.348,0.43,0.316,0.408,0.301,0.395,0.203,0.462
0.378,0.348,0.43,0.316,0.408,0.301,0.395,0.203,0.462,0.452
0.348,0.43,0.316,0.408,0.301,0.395,0.203,0.462,0.452,0.71
0.43,0.316,0.408,0.301,0.395,0.203,0.462,0.452,0.71,0.721
0.316,0.408,0.301,0.395,0.203,0.462,0.452,0.71,0.721,0.936
0.408,0.301,0.395,0.203,0.462,0.452,0.71,0.721,0.936,1.424
0.301,0.395,0.203,0.462,0.452,0.71,0.721,0.936,1.424,1.384
0.395,0.203,0.462,0.452,0.71,0.721,0.936,1.424,1.384,1.377
0.203,0.462,0.452,0.71,0.721,0.936,1.424,1.384,1.377,1.28
0.462,0.452,0.71,0.721,0.936,1.424,1.384,1.377,1.28,1.075
0.452,0.71,0.721,0.936,1.424,1.384,1.377,1.28,1.075,0.949
0.71,0.721,0.936,1.424,1.384,1.377,1.28,1.075,0.949,0.969
0.721,0.936,1.424,1.384,1.377,1.28,1.075,0.949,0.969,0.832
0.936,1.424,1.384,1.377,1.28,1.075,0.949,0.969,0.832,0.96
1.424,1.384,1.377,1.28,1.075,0.949,0.969,0.832,0.96,0.839
1.384,1.377,1.28,1.075,0.949,0.969,0.832,0.96,0.839,0.825
1.377,1.28,1.075,0.949,0.969,0.832,0.96,0.839,0.825,0.934
1.28,1.075,0.949,0.969,0.832,0.96,0.839,0.825,0.934,0.689
1.075,0.949,0.969,0.832,0.96,0.839,0.825,0.934,0.689,0.57
0.949,0.969,0.832,0.96,0.839,0.825,0.934,0.689,0.57,0.8
0.969,0.832,0.96,0.839,0.825,0.934,0.689,0.57,0.8,0.636
0.832,0.96,0.839,0.825,0.934,0.689,0.57,0.8,0.636,0.597
0.96,0.839,0.825,0.934,0.689,0.57,0.8,0.636,0.597,0.734
0.839,0.825,0.934,0.689,0.57,0.8,0.636,0.597,0.734,0.885
0.825,0.934,0.689,0.57,0.8,0.636,0.597,0.734,0.885,1.288
0.934,0.689,0.57,0.8,0.636,0.597,0.734,0.885,1.288,3.28
0.689,0.57,0.8,0.636,0.597,0.734,0.885,1.288,3.28,4.468
0.57,0.8,0.636,0.597,0.734,0.885,1.288,3.28,4.468,4.705
0.8,0.636,0.597,0.734,0.885,1.288,3.28,4.468,4.705,5.016
0.636,0.597,0.734,0.885,1.288,3.28,4.468,4.705,5.016,4.618
0.597,0.734,0.885,1.288,3.28,4.468,4.705,5.016,4.618,5.484
0.734,0.885,1.288,3.28,4.468,4.705,5.016,4.618,5.484,5.697
0.885,1.288,3.28,4.468,4.705,5.016,4.618,5.484,5.697,4.672
1.288,3.28,4.468,4.705,5.016,4.618,5.484,5.697,4.672,4.129
3.28,4.468,4.705,5.016,4.618,5.484,5.697,4.672,4.129,3.641
4.468,4.705,5.016,4.618,5.484,5.697,4.672,4.129,3.641,3.245
4.705,5.016,4.618,5.484,5.697,4.672,4.129,3.641,3.245,2.635
5.016,4.618,5.484,5.697,4.672,4.129,3.641,3.245,2.635,2.163
4.618,5.484,5.697,4.672,4.129,3.641,3.245,2.635,2.163,1.869
5.484,5.697,4.672,4.129,3.641,3.245,2.635,2.163,1.869,1.85
5.697,4.672,4.129,3.641,3.245,2.635,2.163,1.869,1.85,1.532
4.672,4.129,3.641,3.245,2.635,2.163,1.869,1.85,1.532,1.469
4.129,3.641,3.245,2.635,2.163,1.869,1.85,1.532,1.469,1.426
3.641,3.245,2.635,2.163,1.869,1.85,1.532,1.469,1.426,1.078
3.245,2.635,2.163,1.869,1.85,1.532,1.469,1.426,1.078,1.316
2.635,2.163,1.869,1.85,1.532,1.469,1.426,1.078,1.316,0.95
2.163,1.869,1.85,1.532,1.469,1.426,1.078,1.316,0.95,1.191
1.869,1.85,1.532,1.469,1.426,1.078,1.316,0.95,1.191,1.328
1.85,1.532,1.469,1.426,1.078,1.316,0.95,1.191,1.328,1.218
1.532,1.469,1.426,1.078,1.316,0.95,1.191,1.328,1.218,1.06
1.469,1.426,1.078,1.316,0.95,1.191,1.328,1.218,1.06,0.963
1.426,1.078,1.316,0.95,1.191,1.328,1.218,1.06,0.963,0.8
1.078,1.316,0.95,1.191,1.328,1.218,1.06,0.963,0.8,0.839
1.316,0.95,1.191,1.328,1.218,1.06,0.963,0.8,0.839,0.676
0.95,1.191,1.328,1.218,1.06,0.963,0.8,0.839,0.676,0.564
1.191,1.328,1.218,1.06,0.963,0.8,0.839,0.676,0.564,0.703
1.328,1.218,1.06,0.963,0.8,0.839,0.676,0.564,0.703,0.559
1.218,1.06,0.963,0.8,0.839,0.676,0.564,0.703,0.559,0.558
1.06,0.963,0.8,0.839,0.676,0.564,0.703,0.559,0.558,0.566
0.963,0.8,0.839,0.676,0.564,0.703,0.559,0.558,0.566,0.568
0.8,0.839,0.676,0.564,0.703,0.559,0.558,0.566,0.568,0.307
0.839,0.676,0.564,0.703,0.559,0.558,0.566,0.568,0.307,0.456
0.676,0.564,0.703,0.559,0.558,0.566,0.568,0.307,0.456,0.444
0.564,0.703,0.559,0.558,0.566,0.568,0.307,0.456,0.444,0.559
0.703,0.559,0.558,0.566,0.568,0.307,0.456,0.444,0.559,0.423
0.559,0.558,0.566,0.568,0.307,0.456,0.444,0.559,0.423,0.448
0.558,0.566,0.568,0.307,0.456,0.444,0.559,0.423,0.448,0.42
0.566,0.568,0.307,0.456,0.444,0.559,0.423,0.448,0.42,0.706
0.568,0.307,0.456,0.444,0.559,0.423,0.448,0.42,0.706,0.441
0.307,0.456,0.444,0.559,0.423,0.448,0.42,0.706,0.441,0.548
0.456,0.444,0.559,0.423,0.448,0.42,0.706,0.441,0.548,0.406
0.444,0.559,0.423,0.448,0.42,0.706,0.441,0.548,0.406,0.427
0.559,0.423,0.448,0.42,0.706,0.441,0.548,0.406,0.427,0.4
0.423,0.448,0.42,0.706,0.441,0.548,0.406,0.427,0.4,0.419
0.448,0.42,0.706,0.441,0.548,0.406,0.427,0.4,0.419,0.802
0.42,0.706,0.441,0.548,0.406,0.427,0.4,0.419,0.802,0.544
0.706,0.441,0.548,0.406,0.427,0.4,0.419,0.802,0.544,0.554
0.441,0.548,0.406,0.427,0.4,0.419,0.802,0.544,0.554,0.434
0.548,0.406,0.427,0.4,0.419,0.802,0.544,0.554,0.434,0.288
0.406,0.427,0.4,0.419,0.802,0.544,0.554,0.434,0.288,0.553
0.427,0.4,0.419,0.802,0.544,0.554,0.434,0.288,0.553,0.425
0.4,0.419,0.802,0.544,0.554,0.434,0.288,0.553,0.425,0.4
0.419,0.802,0.544,0.554,0.434,0.288,0.553,0.425,0.4,0.284
0.802,0.544,0.554,0.434,0.288,0.553,0.425,0.4,0.284,0.281
0.544,0.554,0.434,0.288,0.553,0.425,0.4,0.284,0.281,0.29
0.554,0.434,0.288,0.553,0.425,0.4,0.284,0.281,0.29,0.416
0.434,0.288,0.553,0.425,0.4,0.284,0.281,0.29,0.416,0.271
0.288,0.553,0.425,0.4,0.284,0.281,0.29,0.416,0.271,0.399
0.553,0.425,0.4,0.284,0.281,0.29,0.416,0.271,0.399,0.281
0.425,0.4,0.284,0.281,0.29,0.416,0.271,0.399,0.281,0.274
0.4,0.284,0.281,0.29,0.416,0.271,0.399,0.281,0.274,0.259
0.284,0.281,0.29,0.416,0.271,0.399,0.281,0.274,0.259,0.275
0.281,0.29,0.416,0.271,0.399,0.281,0.274,0.259,0.275,0.523
0.29,0.416,0.271,0.399,0.281,0.274,0.259,0.275,0.523,0.292
0.416,0.271,0.399,0.281,0.274,0.259,0.275,0.523,0.292,0.296
0.271,0.399,0.281,0.274,0.259,0.275,0.523,0.292,0.296,0.556
0.399,0.281,0.274,0.259,0.275,0.523,0.292,0.296,0.556,0.404
0.281,0.274,0.259,0.275,0.523,0.292,0.296,0.556,0.404,0.824
0.274,0.259,0.275,0.523,0.292,0.296,0.556,0.404,0.824,0.525
0.259,0.275,0.523,0.292,0.296,0.556,0.404,0.824,0.525,0.944
0.275,0.523,0.292,0.296,0.556,0.404,0.824,0.525,0.944,0.448
0.523,0.292,0.296,0.556,0.404,0.824,0.525,0.944,0.448,0.445
0.292,0.296,0.556,0.404,0.824,0.525,0.944,0.448,0.445,0.693
0.296,0.556,0.404,0.824,0.525,0.944,0.448,0.445,0.693,0.811
0.556,0.404,0.824,0.525,0.944,0.448,0.445,0.693,0.811,0.477
0.404,0.824,0.525,0.944,0.448,0.445,0.693,0.811,0.477,0.603
0.824,0.525,0.944,0.448,0.445,0.693,0.811,0.477,0.603,0.605
0.525,0.944,0.448,0.445,0.693,0.811,0.477,0.603,0.605,0.206
0.944,0.448,0.445,0.693,0.811,0.477,0.603,0.605,0.206,0.336
0.448,0.445,0.693,0.811,0.477,0.603,0.605,0.206,0.336,0.322
0.445,0.693,0.811,0.477,0.603,0.605,0.206,0.336,0.322,0.309
0.693,0.811,0.477,0.603,0.605,0.206,0.336,0.322,0.309,0.295
0.811,0.477,0.603,0.605,0.206,0.336,0.322,0.309,0.295,0.201
0.477,0.603,0.605,0.206,0.336,0.322,0.309,0.295,0.201,0.338
0.603,0.605,0.206,0.336,0.322,0.309,0.295,0.201,0.338,0.576
0.605,0.206,0.336,0.322,0.309,0.295,0.201,0.338,0.576,0.42
0.206,0.336,0.322,0.309,0.295,0.201,0.338,0.576,0.42,0.302
0.336,0.322,0.309,0.295,0.201,0.338,0.576,0.42,0.302,0.296
0.322,0.309,0.295,0.201,0.338,0.576,0.42,0.302,0.296,0.298
0.309,0.295,0.201,0.338,0.576,0.42,0.302,0.296,0.298,0.292
0.295,0.201,0.338,0.576,0.42,0.302,0.296,0.298,0.292,0.307
0.201,0.338,0.576,0.42,0.302,0.296,0.298,0.292,0.307,0.5
0.338,0.576,0.42,0.302,0.296,0.298,0.292,0.307,0.5,0.3
0.576,0.42,0.302,0.296,0.298,0.292,0.307,0.5,0.3,0.3
0.42,0.302,0.296,0.298,0.292,0.307,0.5,0.3,0.3,0.2
0.302,0.296,0.298,0.292,0.307,0.5,0.3,0.3,0.2,0.137
0.296,0.298,0.292,0.307,0.5,0.3,0.3,0.2,0.137,0.183
0.298,0.292,0.307,0.5,0.3,0.3,0.2,0.137,0.183,0.298
0.292,0.307,0.5,0.3,0.3,0.2,0.137,0.183,0.298,0.155
0.307,0.5,0.3,0.3,0.2,0.137,0.183,0.298,0.155,0.041
0.5,0.3,0.3,0.2,0.137,0.183,0.298,0.155,0.041,0.201
0.3,0.3,0.2,0.137,0.183,0.298,0.155,0.041,0.201,0.183
0.3,0.2,0.137,0.183,0.298,0.155,0.041,0.201,0.183,0.145
0.2,0.137,0.183,0.298,0.155,0.041,0.201,0.183,0.145,0.013
0.137,0.183,0.298,0.155,0.041,0.201,0.183,0.145,0.013,0.168
0.183,0.298,0.155,0.041,0.201,0.183,0.145,0.013,0.168,0.036
0.298,0.155,0.041,0.201,0.183,0.145,0.013,0.168,0.036,0.024
0.155,0.041,0.201,0.183,0.145,0.013,0.168,0.036,0.024,0.048
0.041,0.201,0.183,0.145,0.013,0.168,0.036,0.024,0.048,0.057
0.201,0.183,0.145,0.013,0.168,0.036,0.024,0.048,0.057,0.202
0.183,0.145,0.013,0.168,0.036,0.024,0.048,0.057,0.202,0.04
0.145,0.013,0.168,0.036,0.024,0.048,0.057,0.202,0.04,0.019
0.013,0.168,0.036,0.024,0.048,0.057,0.202,0.04,0.019,0.182
0.168,0.036,0.024,0.048,0.057,0.202,0.04,0.019,0.182,0.288
0.036,0.024,0.048,0.057,0.202,0.04,0.019,0.182,0.288,0.139
0.024,0.048,0.057,0.202,0.04,0.019,0.182,0.288,0.139,0.018
0.048,0.057,0.202,0.04,0.019,0.182,0.288,0.139,0.018,0.01
0.057,0.202,0.04,0.019,0.182,0.288,0.139,0.018,0.01,0.17
0.202,0.04,0.019,0.182,0.288,0.139,0.018,0.01,0.17,0.426
0.04,0.019,0.182,0.288,0.139,0.018,0.01,0.17,0.426,2.236
0.019,0.182,0.288,0.139,0.018,0.01,0.17,0.426,2.236,1.133
0.182,0.288,0.139,0.018,0.01,0.17,0.426,2.236,1.133,0.373
0.288,0.139,0.018,0.01,0.17,0.426,2.236,1.133,0.373,0.1
0.139,0.018,0.01,0.17,0.426,2.236,1.133,0.373,0.1,0.254
0.018,0.01,0.17,0.426,2.236,1.133,0.373,0.1,0.254,0.387
0.01,0.17,0.426,2.236,1.133,0.373,0.1,0.254,0.387,0.563
0.17,0.426,2.236,1.133,0.373,0.1,0.254,0.387,0.563,0.408
0.426,2.236,1.133,0.373,0.1,0.254,0.387,0.563,0.408,0.387
2.236,1.133,0.373,0.1,0.254,0.387,0.563,0.408,0.387,0.272
1.133,0.373,0.1,0.254,0.387,0.563,0.408,0.387,0.272,0.957
0.373,0.1,0.254,0.387,0.563,0.408,0.387,0.272,0.957,0.803
0.1,0.254,0.387,0.563,0.408,0.387,0.272,0.957,0.803,0.408
0.254,0.387,0.563,0.408,0.387,0.272,0.957,0.803,0.408,0.806
0.387,0.563,0.408,0.387,0.272,0.957,0.803,0.408,0.806,1.421
0.563,0.408,0.387,0.272,0.957,0.803,0.408,0.806,1.421,1.436
0.408,0.387,0.272,0.957,0.803,0.408,0.806,1.421,1.436,0.911
0.387,0.272,0.957,0.803,0.408,0.806,1.421,1.436,0.911,0.777
0.272,0.957,0.803,0.408,0.806,1.421,1.436,0.911,0.777,0.766
0.957,0.803,0.408,0.806,1.421,1.436,0.911,0.777,0.766,0.774
0.803,0.408,0.806,1.421,1.436,0.911,0.777,0.766,0.774,0.777
0.408,0.806,1.421,1.436,0.911,0.777,0.766,0.774,0.777,0.769
0.806,1.421,1.436,0.911,0.777,0.766,0.774,0.777,0.769,0.885
1.421,1.436,0.911,0.777,0.766,0.774,0.777,0.769,0.885,0.773
1.436,0.911,0.777,0.766,0.774,0.777,0.769,0.885,0.773,0.775
0.911,0.777,0.766,0.774,0.777,0.769,0.885,0.773,0.775,1.168
0.777,0.766,0.774,0.777,0.769,0.885,0.773,0.775,1.168,0.817
0.766,0.774,0.777,0.769,0.885,0.773,0.775,1.168,0.817,0.95
0.774,0.777,0.769,0.885,0.773,0.775,1.168,0.817,0.95,0.575
0.777,0.769,0.885,0.773,0.775,1.168,0.817,0.95,0.575,0.589
0.769,0.885,0.773,0.775,1.168,0.817,0.95,0.575,0.589,0.61
0.885,0.773,0.775,1.168,0.817,0.95,0.575,0.589,0.61,0.708
0.773,0.775,1.168,0.817,0.95,0.575,0.589,0.61,0.708,0.467
0.775,1.168,0.817,0.95,0.575,0.589,0.61,0.708,0.467,0.333
1.168,0.817,0.95,0.575,0.589,0.61,0.708,0.467,0.333,0.87
0.817,0.95,0.575,0.589,0.61,0.708,0.467,0.333,0.87,1.658
0.95,0.575,0.589,0.61,0.708,0.467,0.333,0.87,1.658,1.008
0.575,0.589,0.61,0.708,0.467,0.333,0.87,1.658,1.008,0.718
0.589,0.61,0.708,0.467,0.333,0.87,1.658,1.008,0.718,1.543
0.61,0.708,0.467,0.333,0.87,1.658,1.008,0.718,1.543,1.646
0.708,0.467,0.333,0.87,1.658,1.008,0.718,1.543,1.646,1.386
0.467,0.333,0.87,1.658,1.008,0.718,1.543,1.646,1.386,1.397
0.333,0.87,1.658,1.008,0.718,1.543,1.646,1.386,1.397,1.258
0.87,1.658,1.008,0.718,1.543,1.646,1.386,1.397,1.258,0.993
1.658,1.008,0.718,1.543,1.646,1.386,1.397,1.258,0.993,1.132
1.008,0.718,1.543,1.646,1.386,1.397,1.258,0.993,1.132,0.884
0.718,1.543,1.646,1.386,1.397,1.258,0.993,1.132,0.884,0.88
1.543,1.646,1.386,1.397,1.258,0.993,1.132,0.884,0.88,0.877
1.646,1.386,1.397,1.258,0.993,1.132,0.884,0.88,0.877,1.058
1.386,1.397,1.258,0.993,1.132,0.884,0.88,0.877,1.058,0.867
1.397,1.258,0.993,1.132,0.884,0.88,0.877,1.058,0.867,0.764
1.258,0.993,1.132,0.884,0.88,0.877,1.058,0.867,0.764,0.613
0.993,1.132,0.884,0.88,0.877,1.058,0.867,0.764,0.613,0.644
1.132,0.884,0.88,0.877,1.058,0.867,0.764,0.613,0.644,0.631
0.884,0.88,0.877,1.058,0.867,0.764,0.613,0.644,0.631,0.482
0.88,0.877,1.058,0.867,0.764,0.613,0.644,0.631,0.482,0.499
0.877,1.058,0.867,0.764,0.613,0.644,0.631,0.482,0.499,0.478
1.058,0.867,0.764,0.613,0.644,0.631,0.482,0.499,0.478,0.354
0.867,0.764,0.613,0.644,0.631,0.482,0.499,0.478,0.354,0.358
0.764,0.613,0.644,0.631,0.482,0.499,0.478,0.354,0.358,0.22
0.613,0.644,0.631,0.482,0.499,0.478,0.354,0.358,0.22,0.357
0.644,0.631,0.482,0.499,0.478,0.354,0.358,0.22,0.357,0.212
0.631,0.482,0.499,0.478,0.354,0.358,0.22,0.357,0.212,0.079
0.482,0.499,0.478,0.354,0.358,0.22,0.357,0.212,0.079,0.244
0.499,0.478,0.354,0.358,0.22,0.357,0.212,0.079,0.244,0.627
0.478,0.354,0.358,0.22,0.357,0.212,0.079,0.244,0.627,0.461
0.354,0.358,0.22,0.357,0.212,0.079,0.244,0.627,0.461,0.619
0.358,0.22,0.357,0.212,0.079,0.244,0.627,0.461,0.619,1.155
0.22,0.357,0.212,0.079,0.244,0.627,0.461,0.619,1.155,0.877
0.357,0.212,0.079,0.244,0.627,0.461,0.619,1.155,0.877,0.586
0.212,0.079,0.244,0.627,0.461,0.619,1.155,0.877,0.586,0.819
0.079,0.244,0.627,0.461,0.619,1.155,0.877,0.586,0.819,0.812
0.244,0.627,0.461,0.619,1.155,0.877,0.586,0.819,0.812,0.833
0.627,0.461,0.619,1.155,0.877,0.586,0.819,0.812,0.833,0.677
0.461,0.619,1.155,0.877,0.586,0.819,0.812,0.833,0.677,0.701
0.619,1.155,0.877,0.586,0.819,0.812,0.833,0.677,0.701,0.566
1.155,0.877,0.586,0.819,0.812,0.833,0.677,0.701,0.566,0.697
0.877,0.586,0.819,0.812,0.833,0.677,0.701,0.566,0.697,0.674
0.586,0.819,0.812,0.833,0.677,0.701,0.566,0.697,0.674,0.438
0.819,0.812,0.833,0.677,0.701,0.566,0.697,0.674,0.438,0.56
0.812,0.833,0.677,0.701,0.566,0.697,0.674,0.438,0.56,0.44
0.833,0.677,0.701,0.566,0.697,0.674,0.438,0.56,0.44,0.415
0.677,0.701,0.566,0.697,0.674,0.438,0.56,0.44,0.415,0.439
0.701,0.566,0.697,0.674,0.438,0.56,0.44,0.415,0.439,0.557
0.566,0.697,0.674,0.438,0.56,0.44,0.415,0.439,0.557,0.426
0.697,0.674,0.438,0.56,0.44,0.415,0.439,0.557,0.426,0.691
0.674,0.438,0.56,0.44,0.415,0.439,0.557,0.426,0.691,0.559
0.438,0.56,0.44,0.415,0.439,0.557,0.426,0.691,0.559,0.533
0.56,0.44,0.415,0.439,0.557,0.426,0.691,0.559,0.533,0.527
0.44,0.415,0.439,0.557,0.426,0.691,0.559,0.533,0.527,0.434
0.415,0.439,0.557,0.426,0.691,0.559,0.533,0.527,0.434,0.55
0.439,0.557,0.426,0.691,0.559,0.533,0.527,0.434,0.55,0.441
0.557,0.426,0.691,0.559,0.533,0.527,0.434,0.55,0.441,0.421
0.426,0.691,0.559,0.533,0.527,0.434,0.55,0.441,0.421,0.424
0.691,0.559,0.533,0.527,0.434,0.55,0.441,0.421,0.424,0.282
0.559,0.533,0.527,0.434,0.55,0.441,0.421,0.424,0.282,0.404
0.533,0.527,0.434,0.55,0.441,0.421,0.424,0.282,0.404,0.427
0.527,0.434,0.55,0.441,0.421,0.424,0.282,0.404,0.427,0.285
0.434,0.55,0.441,0.421,0.424,0.282,0.404,0.427,0.285,0.407
0.55,0.441,0.421,0.424,0.282,0.404,0.427,0.285,0.407,0.551
0.441,0.421,0.424,0.282,0.404,0.427,0.285,0.407,0.551,0.286
0.421,0.424,0.282,0.404,0.427,0.285,0.407,0.551,0.286,0.286
0.424,0.282,0.404,0.427,0.285,0.407,0.551,0.286,0.286,0.25
0.282,0.404,0.427,0.285,0.407,0.551,0.286,0.286,0.25,0.415
0.404,0.427,0.285,0.407,0.551,0.286,0.286,0.25,0.415,0.303
0.427,0.285,0.407,0.551,0.286,0.286,0.25,0.415,0.303,0.35
0.285,0.407,0.551,0.286,0.286,0.25,0.415,0.303,0.35,0.372
0.407,0.551,0.286,0.286,0.25,0.415,0.303,0.35,0.372,1.525
0.551,0.286,0.286,0.25,0.415,0.303,0.35,0.372,1.525,0.837
0.286,0.286,0.25,0.415,0.303,0.35,0.372,1.525,0.837,0.702
0.286,0.25,0.415,0.303,0.35,0.372,1.525,0.837,0.702,0.635
0.25,0.415,0.303,0.35,0.372,1.525,0.837,0.702,0.635,0.73
0.415,0.303,0.35,0.372,1.525,0.837,0.702,0.635,0.73,1.048
0.303,0.35,0.372,1.525,0.837,0.702,0.635,0.73,1.048,0.786
0.35,0.372,1.525,0.837,0.702,0.635,0.73,1.048,0.786,0.782
0.372,1.525,0.837,0.702,0.635,0.73,1.048,0.786,0.782,0.682
1.525,0.837,0.702,0.635,0.73,1.048,0.786,0.782,0.682,1.326
0.837,0.702,0.635,0.73,1.048,0.786,0.782,0.682,1.326,0.946
0.702,0.635,0.73,1.048,0.786,0.782,0.682,1.326,0.946,1.198
0.635,0.73,1.048,0.786,0.782,0.682,1.326,0.946,1.198,1.042
0.73,1.048,0.786,0.782,0.682,1.326,0.946,1.198,1.042,1.188
1.048,0.786,0.782,0.682,1.326,0.946,1.198,1.042,1.188,1.17
0.786,0.782,0.682,1.326,0.946,1.198,1.042,1.188,1.17,1.311
0.782,0.682,1.326,0.946,1.198,1.042,1.188,1.17,1.311,1.339
0.682,1.326,0.946,1.198,1.042,1.188,1.17,1.311,1.339,1.184
1.326,0.946,1.198,1.042,1.188,1.17,1.311,1.339,1.184,1.189
0.946,1.198,1.042,1.188,1.17,1.311,1.339,1.184,1.189,1.211
1.198,1.042,1.188,1.17,1.311,1.339,1.184,1.189,1.211,1.066
1.042,1.188,1.17,1.311,1.339,1.184,1.189,1.211,1.066,0.907
1.188,1.17,1.311,1.339,1.184,1.189,1.211,1.066,0.907,1.05
1.17,1.311,1.339,1.184,1.189,1.211,1.066,0.907,1.05,1.054
1.311,1.339,1.184,1.189,1.211,1.066,0.907,1.05,1.054,0.945
1.339,1.184,1.189,1.211,1.066,0.907,1.05,1.054,0.945,0.787
1.184,1.189,1.211,1.066,0.907,1.05,1.054,0.945,0.787,0.797
1.189,1.211,1.066,0.907,1.05,1.054,0.945,0.787,0.797,0.795
1.211,1.066,0.907,1.05,1.054,0.945,0.787,0.797,0.795,0.778
1.066,0.907,1.05,1.054,0.945,0.787,0.797,0.795,0.778,1.039
0.907,1.05,1.054,0.945,0.787,0.797,0.795,0.778,1.039,0.828
1.05,1.054,0.945,0.787,0.797,0.795,0.778,1.039,0.828,1.593
1.054,0.945,0.787,0.797,0.795,0.778,1.039,0.828,1.593,0.975
0.945,0.787,0.797,0.795,0.778,1.039,0.828,1.593,0.975,1.102
0.787,0.797,0.795,0.778,1.039,0.828,1.593,0.975,1.102,0.977
0.797,0.795,0.778,1.039,0.828,1.593,0.975,1.102,0.977,1.15
0.795,0.778,1.039,0.828,1.593,0.975,1.102,0.977,1.15,1.107
0.778,1.039,0.828,1.593,0.975,1.102,0.977,1.15,1.107,1.024
1.039,0.828,1.593,0.975,1.102,0.977,1.15,1.107,1.024,1.041
0.828,1.593,0.975,1.102,0.977,1.15,1.107,1.024,1.041,0.912
1.593,0.975,1.102,0.977,1.15,1.107,1.024,1.041,0.912,1.021
0.975,1.102,0.977,1.15,1.107,1.024,1.041,0.912,1.021,0.868
1.102,0.977,1.15,1.107,1.024,1.041,0.912,1.021,0.868,0.941
0.977,1.15,1.107,1.024,1.041,0.912,1.021,0.868,0.941,0.904
1.15,1.107,1.024,1.041,0.912,1.021,0.868,0.941,0.904,0.901
1.107,1.024,1.041,0.912,1.021,0.868,0.941,0.904,0.901,0.623
1.024,1.041,0.912,1.021,0.868,0.941,0.904,0.901,0.623,0.757
1.041,0.912,1.021,0.868,0.941,0.904,0.901,0.623,0.757,0.787
0.912,1.021,0.868,0.941,0.904,0.901,0.623,0.757,0.787,0.527
1.021,0.868,0.941,0.904,0.901,0.623,0.757,0.787,0.527,0.646
0.868,0.941,0.904,0.901,0.623,0.757,0.787,0.527,0.646,0.535
0.941,0.904,0.901,0.623,0.757,0.787,0.527,0.646,0.535,0.515
0.904,0.901,0.623,0.757,0.787,0.527,0.646,0.535,0.515,0.411
0.901,0.623,0.757,0.787,0.527,0.646,0.535,0.515,0.411,0.452
0.623,0.757,0.787,0.527,0.646,0.535,0.515,0.411,0.452,0.528
0.757,0.787,0.527,0.646,0.535,0.515,0.411,0.452,0.528,0.626
0.787,0.527,0.646,0.535,0.515,0.411,0.452,0.528,0.626,0.471
0.527,0.646,0.535,0.515,0.411,0.452,0.528,0.626,0.471,0.497
0.646,0.535,0.515,0.411,0.452,0.528,0.626,0.471,0.497,0.501
0.535,0.515,0.411,0.452,0.528,0.626,0.471,0.497,0.501,0.381
0.515,0.411,0.452,0.528,0.626,0.471,0.497,0.501,0.381,0.494
0.411,0.452,0.528,0.626,0.471,0.497,0.501,0.381,0.494,1.052
0.452,0.528,0.626,0.471,0.497,0.501,0.381,0.494,1.052,2.131
0.528,0.626,0.471,0.497,0.501,0.381,0.494,1.052,2.131,2.522
0.626,0.471,0.497,0.501,0.381,0.494,1.052,2.131,2.522,2.677
0.471,0.497,0.501,0.381,0.494,1.052,2.131,2.522,2.677,2.828
0.497,0.501,0.381,0.494,1.052,2.131,2.522,2.677,2.828,2.901
0.501,0.381,0.494,1.052,2.131,2.522,2.677,2.828,2.901,6.45
0.381,0.494,1.052,2.131,2.522,2.677,2.828,2.901,6.45,12.177
0.494,1.052,2.131,2.522,2.677,2.828,2.901,6.45,12.177,12.225
1.052,2.131,2.522,2.677,2.828,2.901,6.45,12.177,12.225,10.956
2.131,2.522,2.677,2.828,2.901,6.45,12.177,12.225,10.956,8.322
2.522,2.677,2.828,2.901,6.45,12.177,12.225,10.956,8.322,5.432
2.677,2.828,2.901,6.45,12.177,12.225,10.956,8.322,5.432,4.902
2.828,2.901,6.45,12.177,12.225,10.956,8.322,5.432,4.902,4.12
2.901,6.45,12.177,12.225,10.956,8.322,5.432,4.902,4.12,3.249
6.45,12.177,12.225,10.956,8.322,5.432,4.902,4.12,3.249,2.761
12.177,12.225,10.956,8.322,5.432,4.902,4.12,3.249,2.761,2.635
12.225,10.956,8.322,5.432,4.902,4.12,3.249,2.761,2.635,2.383
10.956,8.322,5.432,4.902,4.12,3.249,2.761,2.635,2.383,2.195
8.322,5.432,4.902,4.12,3.249,2.761,2.635,2.383,2.195,2.025
5.432,4.902,4.12,3.249,2.761,2.635,2.383,2.195,2.025,1.725
4.902,4.12,3.249,2.761,2.635,2.383,2.195,2.025,1.725,1.51
4.12,3.249,2.761,2.635,2.383,2.195,2.025,1.725,1.51,1.27
3.249,2.761,2.635,2.383,2.195,2.025,1.725,1.51,1.27,1.252
2.761,2.635,2.383,2.195,2.025,1.725,1.51,1.27,1.252,0.996
2.635,2.383,2.195,2.025,1.725,1.51,1.27,1.252,0.996,0.88
2.383,2.195,2.025,1.725,1.51,1.27,1.252,0.996,0.88,1.044
2.195,2.025,1.725,1.51,1.27,1.252,0.996,0.88,1.044,1.06
2.025,1.725,1.51,1.27,1.252,0.996,0.88,1.044,1.06,0.927
1.725,1.51,1.27,1.252,0.996,0.88,1.044,1.06,0.927,1.715
1.51,1.27,1.252,0.996,0.88,1.044,1.06,0.927,1.715,1.931
1.27,1.252,0.996,0.88,1.044,1.06,0.927,1.715,1.931,1.821
1.252,0.996,0.88,1.044,1.06,0.927,1.715,1.931,1.821,1.67
0.996,0.88,1.044,1.06,0.927,1.715,1.931,1.821,1.67,1.723
0.88,1.044,1.06,0.927,1.715,1.931,1.821,1.67,1.723,1.431
1.044,1.06,0.927,1.715,1.931,1.821,1.67,1.723,1.431,2.111
1.06,0.927,1.715,1.931,1.821,1.67,1.723,1.431,2.111,2.096
0.927,1.715,1.931,1.821,1.67,1.723,1.431,2.111,2.096,1.835
1.715,1.931,1.821,1.67,1.723,1.431,2.111,2.096,1.835,1.837
1.931,1.821,1.67,1.723,1.431,2.111,2.096,1.835,1.837,1.689
1.821,1.67,1.723,1.431,2.111,2.096,1.835,1.837,1.689,1.548
1.67,1.723,1.431,2.111,2.096,1.835,1.837,1.689,1.548,1.513
1.723,1.431,2.111,2.096,1.835,1.837,1.689,1.548,1.513,1.453
1.431,2.111,2.096,1.835,1.837,1.689,1.548,1.513,1.453,1.177
2.111,2.096,1.835,1.837,1.689,1.548,1.513,1.453,1.177,1.177
2.096,1.835,1.837,1.689,1.548,1.513,1.453,1.177,1.177,0.807
1.835,1.837,1.689,1.548,1.513,1.453,1.177,1.177,0.807,0.815
1.837,1.689,1.548,1.513,1.453,1.177,1.177,0.807,0.815,0.734
1.689,1.548,1.513,1.453,1.177,1.177,0.807,0.815,0.734,0.767
1.548,1.513,1.453,1.177,1.177,0.807,0.815,0.734,0.767,0.791
1.513,1.453,1.177,1.177,0.807,0.815,0.734,0.767,0.791,0.769
1.453,1.177,1.177,0.807,0.815,0.734,0.767,0.791,0.769,0.76
1.177,1.177,0.807,0.815,0.734,0.767,0.791,0.769,0.76,0.882
1.177,0.807,0.815,0.734,0.767,0.791,0.769,0.76,0.882,0.7
0.807,0.815,0.734,0.767,0.791,0.769,0.76,0.882,0.7,0.462
0.815,0.734,0.767,0.791,0.769,0.76,0.882,0.7,0.462,0.619
0.734,0.767,0.791,0.769,0.76,0.882,0.7,0.462,0.619,0.582
0.767,0.791,0.769,0.76,0.882,0.7,0.462,0.619,0.582,0.631
0.791,0.769,0.76,0.882,0.7,0.462,0.619,0.582,0.631,0.667
0.769,0.76,0.882,0.7,0.462,0.619,0.582,0.631,0.667,0.545
0.76,0.882,0.7,0.462,0.619,0.582,0.631,0.667,0.545,0.573
0.882,0.7,0.462,0.619,0.582,0.631,0.667,0.545,0.573,0.588
0.7,0.462,0.619,0.582,0.631,0.667,0.545,0.573,0.588,0.705
0.462,0.619,0.582,0.631,0.667,0.545,0.573,0.588,0.705,0.829
0.619,0.582,0.631,0.667,0.545,0.573,0.588,0.705,0.829,0.856
0.582,0.631,0.667,0.545,0.573,0.588,0.705,0.829,0.856,0.727
0.631,0.667,0.545,0.573,0.588,0.705,0.829,0.856,0.727,0.99
0.667,0.545,0.573,0.588,0.705,0.829,0.856,0.727,0.99,1.206
0.545,0.573,0.588,0.705,0.829,0.856,0.727,0.99,1.206,1.258
0.573,0.588,0.705,0.829,0.856,0.727,0.99,1.206,1.258,1.944
0.588,0.705,0.829,0.856,0.727,0.99,1.206,1.258,1.944,2.029
0.705,0.829,0.856,0.727,0.99,1.206,1.258,1.944,2.029,1.642
0.829,0.856,0.727,0.99,1.206,1.258,1.944,2.029,1.642,1.649
0.856,0.727,0.99,1.206,1.258,1.944,2.029,1.642,1.649,1.392
0.727,0.99,1.206,1.258,1.944,2.029,1.642,1.649,1.392,1.52
0.99,1.206,1.258,1.944,2.029,1.642,1.649,1.392,1.52,1.267
1.206,1.258,1.944,2.029,1.642,1.649,1.392,1.52,1.267,1.287
1.258,1.944,2.029,1.642,1.649,1.392,1.52,1.267,1.287,1.273
1.944,2.029,1.642,1.649,1.392,1.52,1.267,1.287,1.273,1.255
2.029,1.642,1.649,1.392,1.52,1.267,1.287,1.273,1.255,1.024
1.642,1.649,1.392,1.52,1.267,1.287,1.273,1.255,1.024,1.166
1.649,1.392,1.52,1.267,1.287,1.273,1.255,1.024,1.166,1.034
1.392,1.52,1.267,1.287,1.273,1.255,1.024,1.166,1.034,0.912
1.52,1.267,1.287,1.273,1.255,1.024,1.166,1.034,0.912,1.168
1.267,1.287,1.273,1.255,1.024,1.166,1.034,0.912,1.168,1.039
1.287,1.273,1.255,1.024,1.166,1.034,0.912,1.168,1.039,1.03
1.273,1.255,1.024,1.166,1.034,0.912,1.168,1.039,1.03,0.921
1.255,1.024,1.166,1.034,0.912,1.168,1.039,1.03,0.921,1.06
1.024,1.166,1.034,0.912,1.168,1.039,1.03,0.921,1.06,1.002
1.166,1.034,0.912,1.168,1.039,1.03,0.921,1.06,1.002,0.962
1.034,0.912,1.168,1.039,1.03,0.921,1.06,1.002,0.962,0.621
0.912,1.168,1.039,1.03,0.921,1.06,1.002,0.962,0.621,0.733
1.168,1.039,1.03,0.921,1.06,1.002,0.962,0.621,0.733,0.742
1.039,1.03,0.921,1.06,1.002,0.962,0.621,0.733,0.742,0.622
1.03,0.921,1.06,1.002,0.962,0.621,0.733,0.742,0.622,0.626
0.921,1.06,1.002,0.962,0.621,0.733,0.742,0.622,0.626,0.737
1.06,1.002,0.962,0.621,0.733,0.742,0.622,0.626,0.737,0.604
1.002,0.962,0.621,0.733,0.742,0.622,0.626,0.737,0.604,0.717
0.962,0.621,0.733,0.742,0.622,0.626,0.737,0.604,0.717,0.522
0.621,0.733,0.742,0.622,0.626,0.737,0.604,0.717,0.522,0.651
0.733,0.742,0.622,0.626,0.737,0.604,0.717,0.522,0.651,0.381
0.742,0.622,0.626,0.737,0.604,0.717,0.522,0.651,0.381,0.53
0.622,0.626,0.737,0.604,0.717,0.522,0.651,0.381,0.53,0.356
0.626,0.737,0.604,0.717,0.522,0.651,0.381,0.53,0.356,0.544
0.737,0.604,0.717,0.522,0.651,0.381,0.53,0.356,0.544,0.413
0.604,0.717,0.522,0.651,0.381,0.53,0.356,0.544,0.413,0.46
0.717,0.522,0.651,0.381,0.53,0.356,0.544,0.413,0.46,0.451
0.522,0.651,0.381,0.53,0.356,0.544,0.413,0.46,0.451,0.401
0.651,0.381,0.53,0.356,0.544,0.413,0.46,0.451,0.401,0.276
0.381,0.53,0.356,0.544,0.413,0.46,0.451,0.401,0.276,0.703
0.53,0.356,0.544,0.413,0.46,0.451,0.401,0.276,0.703,0.511
0.356,0.544,0.413,0.46,0.451,0.401,0.276,0.703,0.511,0.489
0.544,0.413,0.46,0.451,0.401,0.276,0.703,0.511,0.489,0.26
0.413,0.46,0.451,0.401,0.276,0.703,0.511,0.489,0.26,0.541
0.46,0.451,0.401,0.276,0.703,0.511,0.489,0.26,0.541,0.277
0.451,0.401,0.276,0.703,0.511,0.489,0.26,0.541,0.277,0.412
0.401,0.276,0.703,0.511,0.489,0.26,0.541,0.277,0.412,0.41
0.276,0.703,0.511,0.489,0.26,0.541,0.277,0.412,0.41,0.283
0.703,0.511,0.489,0.26,0.541,0.277,0.412,0.41,0.283,0.274
0.511,0.489,0.26,0.541,0.277,0.412,0.41,0.283,0.274,0.271
0.489,0.26,0.541,0.277,0.412,0.41,0.283,0.274,0.271,0.253
0.26,0.541,0.277,0.412,0.41,0.283,0.274,0.271,0.253,0.26
0.541,0.277,0.412,0.41,0.283,0.274,0.271,0.253,0.26,0.291
0.277,0.412,0.41,0.283,0.274,0.271,0.253,0.26,0.291,0.28
0.412,0.41,0.283,0.274,0.271,0.253,0.26,0.291,0.28,0.281
0.41,0.283,0.274,0.271,0.253,0.26,0.291,0.28,0.281,0.429
0.283,0.274,0.271,0.253,0.26,0.291,0.28,0.281,0.429,0.379
0.274,0.271,0.253,0.26,0.291,0.28,0.281,0.429,0.379,0.279
0.271,0.253,0.26,0.291,0.28,0.281,0.429,0.379,0.279,0.392
0.253,0.26,0.291,0.28,0.281,0.429,0.379,0.279,0.392,0.366
0.26,0.291,0.28,0.281,0.429,0.379,0.279,0.392,0.366,0.248
0.291,0.28,0.281,0.429,0.379,0.279,0.392,0.366,0.248,0.262
0.28,0.281,0.429,0.379,0.279,0.392,0.366,0.248,0.262,0.134
0.281,0.429,0.379,0.279,0.392,0.366,0.248,0.262,0.134,0.398
0.429,0.379,0.279,0.392,0.366,0.248,0.262,0.134,0.398,0.662
0.379,0.279,0.392,0.366,0.248,0.262,0.134,0.398,0.662,0.518
0.279,0.392,0.366,0.248,0.262,0.134,0.398,0.662,0.518,0.374
0.392,0.366,0.248,0.262,0.134,0.398,0.662,0.518,0.374,0.199
0.366,0.248,0.262,0.134,0.398,0.662,0.518,0.374,0.199,0.107
0.248,0.262,0.134,0.398,0.662,0.518,0.374,0.199,0.107,0.334
0.262,0.134,0.398,0.662,0.518,0.374,0.199,0.107,0.334,0.103
0.134,0.398,0.662,0.518,0.374,0.199,0.107,0.334,0.103,0.197
0.398,0.662,0.518,0.374,0.199,0.107,0.334,0.103,0.197,0.212
0.662,0.518,0.374,0.199,0.107,0.334,0.103,0.197,0.212,0.058
0.518,0.374,0.199,0.107,0.334,0.103,0.197,0.212,0.058,0.261
0.374,0.199,0.107,0.334,0.103,0.197,0.212,0.058,0.261,0.15
0.199,0.107,0.334,0.103,0.197,0.212,0.058,0.261,0.15,0.181
0.107,0.334,0.103,0.197,0.212,0.058,0.261,0.15,0.181,0.208
0.334,0.103,0.197,0.212,0.058,0.261,0.15,0.181,0.208,0.082
0.103,0.197,0.212,0.058,0.261,0.15,0.181,0.208,0.082,0.324
0.197,0.212,0.058,0.261,0.15,0.181,0.208,0.082,0.324,0.216
0.212,0.058,0.261,0.15,0.181,0.208,0.082,0.324,0.216,0.198
0.058,0.261,0.15,0.181,0.208,0.082,0.324,0.216,0.198,0.078
0.261,0.15,0.181,0.208,0.082,0.324,0.216,0.198,0.078,0.07
0.15,0.181,0.208,0.082,0.324,0.216,0.198,0.078,0.07,0.053
0.181,0.208,0.082,0.324,0.216,0.198,0.078,0.07,0.053,0.077
0.208,0.082,0.324,0.216,0.198,0.078,0.07,0.053,0.077,0.081
0.082,0.324,0.216,0.198,0.078,0.07,0.053,0.077,0.081,0.187
0.324,0.216,0.198,0.078,0.07,0.053,0.077,0.081,0.187,0.188
0.216,0.198,0.078,0.07,0.053,0.077,0.081,0.187,0.188,0.148
0.198,0.078,0.07,0.053,0.077,0.081,0.187,0.188,0.148,0.291
0.078,0.07,0.053,0.077,0.081,0.187,0.188,0.148,0.291,0.176
0.07,0.053,0.077,0.081,0.187,0.188,0.148,0.291,0.176,0.144
0.053,0.077,0.081,0.187,0.188,0.148,0.291,0.176,0.144,0.184
0.077,0.081,0.187,0.188,0.148,0.291,0.176,0.144,0.184,0.215
0.081,0.187,0.188,0.148,0.291,0.176,0.144,0.184,0.215,0.24
0.187,0.188,0.148,0.291,0.176,0.144,0.184,0.215,0.24,0.538
0.188,0.148,0.291,0.176,0.144,0.184,0.215,0.24,0.538,0.163
0.148,0.291,0.176,0.144,0.184,0.215,0.24,0.538,0.163,0.168
0.291,0.176,0.144,0.184,0.215,0.24,0.538,0.163,0.168,0.125
0.176,0.144,0.184,0.215,0.24,0.538,0.163,0.168,0.125,0.162
0.144,0.184,0.215,0.24,0.538,0.163,0.168,0.125,0.162,0.135
0.184,0.215,0.24,0.538,0.163,0.168,0.125,0.162,0.135,0.055
0.215,0.24,0.538,0.163,0.168,0.125,0.162,0.135,0.055,0.051
0.24,0.538,0.163,0.168,0.125,0.162,0.135,0.055,0.051,0.037
0.538,0.163,0.168,0.125,0.162,0.135,0.055,0.051,0.037,0.045
0.163,0.168,0.125,0.162,0.135,0.055,0.051,0.037,0.045,0.042
0.168,0.125,0.162,0.135,0.055,0.051,0.037,0.045,0.042,0.264
0.125,0.162,0.135,0.055,0.051,0.037,0.045,0.042,0.264,0.265
0.162,0.135,0.055,0.051,0.037,0.045,0.042,0.264,0.265,0.144
0.135,0.055,0.051,0.037,0.045,0.042,0.264,0.265,0.144,0.149
0.055,0.051,0.037,0.045,0.042,0.264,0.265,0.144,0.149,0.403
0.051,0.037,0.045,0.042,0.264,0.265,0.144,0.149,0.403,0.653
0.037,0.045,0.042,0.264,0.265,0.144,0.149,0.403,0.653,0.157
0.045,0.042,0.264,0.265,0.144,0.149,0.403,0.653,0.157,0.271
0.042,0.264,0.265,0.144,0.149,0.403,0.653,0.157,0.271,0.157
0.264,0.265,0.144,0.149,0.403,0.653,0.157,0.271,0.157,0.102
0.265,0.144,0.149,0.403,0.653,0.157,0.271,0.157,0.102,0.086
0.144,0.149,0.403,0.653,0.157,0.271,0.157,0.102,0.086,0.047
0.149,0.403,0.653,0.157,0.271,0.157,0.102,0.086,0.047,0.016
0.403,0.653,0.157,0.271,0.157,0.102,0.086,0.047,0.016,0.052
0.653,0.157,0.271,0.157,0.102,0.086,0.047,0.016,0.052,0.222
0.157,0.271,0.157,0.102,0.086,0.047,0.016,0.052,0.222,0.141
0.271,0.157,0.102,0.086,0.047,0.016,0.052,0.222,0.141,0.013
0.157,0.102,0.086,0.047,0.016,0.052,0.222,0.141,0.013,0.768
0.102,0.086,0.047,0.016,0.052,0.222,0.141,0.013,0.768,0.137
0.086,0.047,0.016,0.052,0.222,0.141,0.013,0.768,0.137,0.113
0.047,0.016,0.052,0.222,0.141,0.013,0.768,0.137,0.113,0.135
0.016,0.052,0.222,0.141,0.013,0.768,0.137,0.113,0.135,0.02
0.052,0.222,0.141,0.013,0.768,0.137,0.113,0.135,0.02,0.132
0.222,0.141,0.013,0.768,0.137,0.113,0.135,0.02,0.132,0.013
0.141,0.013,0.768,0.137,0.113,0.135,0.02,0.132,0.013,0.02
0.013,0.768,0.137,0.113,0.135,0.02,0.132,0.013,0.02,0.039
0.768,0.137,0.113,0.135,0.02,0.132,0.013,0.02,0.039,0.019
0.137,0.113,0.135,0.02,0.132,0.013,0.02,0.039,0.019,0.142
0.113,0.135,0.02,0.132,0.013,0.02,0.039,0.019,0.142,0.139
0.135,0.02,0.132,0.013,0.02,0.039,0.019,0.142,0.139,0.144
0.02,0.132,0.013,0.02,0.039,0.019,0.142,0.139,0.144,0.014
0.132,0.013,0.02,0.039,0.019,0.142,0.139,0.144,0.014,0.02
0.013,0.02,0.039,0.019,0.142,0.139,0.144,0.014,0.02,0.537
0.02,0.039,0.019,0.142,0.139,0.144,0.014,0.02,0.537,0.399
0.039,0.019,0.142,0.139,0.144,0.014,0.02,0.537,0.399,0.204
0.019,0.142,0.139,0.144,0.014,0.02,0.537,0.399,0.204,0.195
0.142,0.139,0.144,0.014,0.02,0.537,0.399,0.204,0.195,0.131
0.139,0.144,0.014,0.02,0.537,0.399,0.204,0.195,0.131,0.129
0.144,0.014,0.02,0.537,0.399,0.204,0.195,0.131,0.129,0.138
0.014,0.02,0.537,0.399,0.204,0.195,0.131,0.129,0.138,0.141
0.02,0.537,0.399,0.204,0.195,0.131,0.129,0.138,0.141,0.143
0.537,0.399,0.204,0.195,0.131,0.129,0.138,0.141,0.143,0.138
0.399,0.204,0.195,0.131,0.129,0.138,0.141,0.143,0.138,0.249
0.204,0.195,0.131,0.129,0.138,0.141,0.143,0.138,0.249,0.14
0.195,0.131,0.129,0.138,0.141,0.143,0.138,0.249,0.14,0.131
0.131,0.129,0.138,0.141,0.143,0.138,0.249,0.14,0.131,0.133
0.129,0.138,0.141,0.143,0.138,0.249,0.14,0.131,0.133,0.009
0.138,0.141,0.143,0.138,0.249,0.14,0.131,0.133,0.009,0.259
0.141,0.143,0.138,0.249,0.14,0.131,0.133,0.009,0.259,0.037
0.143,0.138,0.249,0.14,0.131,0.133,0.009,0.259,0.037,0.149
0.138,0.249,0.14,0.131,0.133,0.009,0.259,0.037,0.149,0.032
0.249,0.14,0.131,0.133,0.009,0.259,0.037,0.149,0.032,0.235
0.14,0.131,0.133,0.009,0.259,0.037,0.149,0.032,0.235,0.424
0.131,0.133,0.009,0.259,0.037,0.149,0.032,0.235,0.424,0.145
0.133,0.009,0.259,0.037,0.149,0.032,0.235,0.424,0.145,0.056
0.009,0.259,0.037,0.149,0.032,0.235,0.424,0.145,0.056,0.029
0.259,0.037,0.149,0.032,0.235,0.424,0.145,0.056,0.029,0.021
0.037,0.149,0.032,0.235,0.424,0.145,0.056,0.029,0.021,0.036
0.149,0.032,0.235,0.424,0.145,0.056,0.029,0.021,0.036,0.011
0.032,0.235,0.424,0.145,0.056,0.029,0.021,0.036,0.011,0.028
0.235,0.424,0.145,0.056,0.029,0.021,0.036,0.011,0.028,0.044
0.424,0.145,0.056,0.029,0.021,0.036,0.011,0.028,0.044,0.152
0.145,0.056,0.029,0.021,0.036,0.011,0.028,0.044,0.152,0.26
0.056,0.029,0.021,0.036,0.011,0.028,0.044,0.152,0.26,0.38
0.029,0.021,0.036,0.011,0.028,0.044,0.152,0.26,0.38,0.508
0.021,0.036,0.011,0.028,0.044,0.152,0.26,0.38,0.508,0.105
0.036,0.011,0.028,0.044,0.152,0.26,0.38,0.508,0.105,0.158
0.011,0.028,0.044,0.152,0.26,0.38,0.508,0.105,0.158,0.285
0.028,0.044,0.152,0.26,0.38,0.508,0.105,0.158,0.285,0.161
0.044,0.152,0.26,0.38,0.508,0.105,0.158,0.285,0.161,0.164
0.152,0.26,0.38,0.508,0.105,0.158,0.285,0.161,0.164,0.4
0.26,0.38,0.508,0.105,0.158,0.285,0.161,0.164,0.4,0.142
0.38,0.508,0.105,0.158,0.285,0.161,0.164,0.4,0.142,0.161
0.508,0.105,0.158,0.285,0.161,0.164,0.4,0.142,0.161,0.157
0.105,0.158,0.285,0.161,0.164,0.4,0.142,0.161,0.157,0.05
0.158,0.285,0.161,0.164,0.4,0.142,0.161,0.157,0.05,0.143
0.285,0.161,0.164,0.4,0.142,0.161,0.157,0.05,0.143,0.397
0.161,0.164,0.4,0.142,0.161,0.157,0.05,0.143,0.397,1.004
0.164,0.4,0.142,0.161,0.157,0.05,0.143,0.397,1.004,0.391
0.4,0.142,0.161,0.157,0.05,0.143,0.397,1.004,0.391,0.297
0.142,0.161,0.157,0.05,0.143,0.397,1.004,0.391,0.297,0.262
0.161,0.157,0.05,0.143,0.397,1.004,0.391,0.297,0.262,0.281
0.157,0.05,0.143,0.397,1.004,0.391,0.297,0.262,0.281,0.138
0.05,0.143,0.397,1.004,0.391,0.297,0.262,0.281,0.138,0.151
0.143,0.397,1.004,0.391,0.297,0.262,0.281,0.138,0.151,0.158
0.397,1.004,0.391,0.297,0.262,0.281,0.138,0.151,0.158,0.163
1.004,0.391,0.297,0.262,0.281,0.138,0.151,0.158,0.163,0.166
0.391,0.297,0.262,0.281,0.138,0.151,0.158,0.163,0.166,0.164
0.297,0.262,0.281,0.138,0.151,0.158,0.163,0.166,0.164,0.162
0.262,0.281,0.138,0.151,0.158,0.163,0.166,0.164,0.162,0.052
0.281,0.138,0.151,0.158,0.163,0.166,0.164,0.162,0.052,0.134
0.138,0.151,0.158,0.163,0.166,0.164,0.162,0.052,0.134,0.16
0.151,0.158,0.163,0.166,0.164,0.162,0.052,0.134,0.16,0.028
0.158,0.163,0.166,0.164,0.162,0.052,0.134,0.16,0.028,0.157
0.163,0.166,0.164,0.162,0.052,0.134,0.16,0.028,0.157,0.12
0.166,0.164,0.162,0.052,0.134,0.16,0.028,0.157,0.12,0.111
0.164,0.162,0.052,0.134,0.16,0.028,0.157,0.12,0.111,0.22
0.162,0.052,0.134,0.16,0.028,0.157,0.12,0.111,0.22,0.405
0.052,0.134,0.16,0.028,0.157,0.12,0.111,0.22,0.405,0.182
0.134,0.16,0.028,0.157,0.12,0.111,0.22,0.405,0.182,0.749
0.16,0.028,0.157,0.12,0.111,0.22,0.405,0.182,0.749,0.455
0.028,0.157,0.12,0.111,0.22,0.405,0.182,0.749,0.455,0.866
0.157,0.12,0.111,0.22,0.405,0.182,0.749,0.455,0.866,0.495
0.12,0.111,0.22,0.405,0.182,0.749,0.455,0.866,0.495,0.393
0.111,0.22,0.405,0.182,0.749,0.455,0.866,0.495,0.393,0.287
0.22,0.405,0.182,0.749,0.455,0.866,0.495,0.393,0.287,0.269
0.405,0.182,0.749,0.455,0.866,0.495,0.393,0.287,0.269,0.29
0.182,0.749,0.455,0.866,0.495,0.393,0.287,0.269,0.29,0.395
0.749,0.455,0.866,0.495,0.393,0.287,0.269,0.29,0.395,0.401
0.455,0.866,0.495,0.393,0.287,0.269,0.29,0.395,0.401,0.28
0.866,0.495,0.393,0.287,0.269,0.29,0.395,0.401,0.28,0.283
0.495,0.393,0.287,0.269,0.29,0.395,0.401,0.28,0.283,0.298
0.393,0.287,0.269,0.29,0.395,0.401,0.28,0.283,0.298,0.18
0.287,0.269,0.29,0.395,0.401,0.28,0.283,0.298,0.18,0.25
0.269,0.29,0.395,0.401,0.28,0.283,0.298,0.18,0.25,0.183
0.29,0.395,0.401,0.28,0.283,0.298,0.18,0.25,0.183,0.291
0.395,0.401,0.28,0.283,0.298,0.18,0.25,0.183,0.291,0.269
0.401,0.28,0.283,0.298,0.18,0.25,0.183,0.291,0.269,0.25
0.28,0.283,0.298,0.18,0.25,0.183,0.291,0.269,0.25,0.165
0.283,0.298,0.18,0.25,0.183,0.291,0.269,0.25,0.165,0.281
0.298,0.18,0.25,0.183,0.291,0.269,0.25,0.165,0.281,0.162
0.18,0.25,0.183,0.291,0.269,0.25,0.165,0.281,0.162,0.269
0.25,0.183,0.291,0.269,0.25,0.165,0.281,0.162,0.269,0.129
0.183,0.291,0.269,0.25,0.165,0.281,0.162,0.269,0.129,0.15
0.291,0.269,0.25,0.165,0.281,0.162,0.269,0.129,0.15,0.248
0.269,0.25,0.165,0.281,0.162,0.269,0.129,0.15,0.248,0.151
0.25,0.165,0.281,0.162,0.269,0.129,0.15,0.248,0.151,0.175
0.165,0.281,0.162,0.269,0.129,0.15,0.248,0.151,0.175,0.135
0.281,0.162,0.269,0.129,0.15,0.248,0.151,0.175,0.135,0.149
0.162,0.269,0.129,0.15,0.248,0.151,0.175,0.135,0.149,0.17
0.269,0.129,0.15,0.248,0.151,0.175,0.135,0.149,0.17,0.171
0.129,0.15,0.248,0.151,0.175,0.135,0.149,0.17,0.171,0.086
0.15,0.248,0.151,0.175,0.135,0.149,0.17,0.171,0.086,0.142
0.248,0.151,0.175,0.135,0.149,0.17,0.171,0.086,0.142,0.179
0.151,0.175,0.135,0.149,0.17,0.171,0.086,0.142,0.179,0.187
0.175,0.135,0.149,0.17,0.171,0.086,0.142,0.179,0.187,0.061
0.135,0.149,0.17,0.171,0.086,0.142,0.179,0.187,0.061,0.184
0.149,0.17,0.171,0.086,0.142,0.179,0.187,0.061,0.184,0.058
0.17,0.171,0.086,0.142,0.179,0.187,0.061,0.184,0.058,0.21
0.171,0.086,0.142,0.179,0.187,0.061,0.184,0.058,0.21,0.17
0.086,0.142,0.179,0.187,0.061,0.184,0.058,0.21,0.17,0.162
0.142,0.179,0.187,0.061,0.184,0.058,0.21,0.17,0.162,0.173
0.179,0.187,0.061,0.184,0.058,0.21,0.17,0.162,0.173,0.177
0.187,0.061,0.184,0.058,0.21,0.17,0.162,0.173,0.177,0.189
0.061,0.184,0.058,0.21,0.17,0.162,0.173,0.177,0.189,0.149
0.184,0.058,0.21,0.17,0.162,0.173,0.177,0.189,0.149,0.095
0.058,0.21,0.17,0.162,0.173,0.177,0.189,0.149,0.095,0.177
0.21,0.17,0.162,0.173,0.177,0.189,0.149,0.095,0.177,0.181
0.17,0.162,0.173,0.177,0.189,0.149,0.095,0.177,0.181,0.184
0.162,0.173,0.177,0.189,0.149,0.095,0.177,0.181,0.184,0.071
0.173,0.177,0.189,0.149,0.095,0.177,0.181,0.184,0.071,0.196
0.177,0.189,0.149,0.095,0.177,0.181,0.184,0.071,0.196,0.087
0.189,0.149,0.095,0.177,0.181,0.184,0.071,0.196,0.087,0.173
0.149,0.095,0.177,0.181,0.184,0.071,0.196,0.087,0.173,0.189
0.095,0.177,0.181,0.184,0.071,0.196,0.087,0.173,0.189,0.94
0.177,0.181,0.184,0.071,0.196,0.087,0.173,0.189,0.94,1.149
0.181,0.184,0.071,0.196,0.087,0.173,0.189,0.94,1.149,0.479
0.184,0.071,0.196,0.087,0.173,0.189,0.94,1.149,0.479,0.39
0.071,0.196,0.087,0.173,0.189,0.94,1.149,0.479,0.39,0.383
0.196,0.087,0.173,0.189,0.94,1.149,0.479,0.39,0.383,0.499
0.087,0.173,0.189,0.94,1.149,0.479,0.39,0.383,0.499,0.404
0.173,0.189,0.94,1.149,0.479,0.39,0.383,0.499,0.404,0.303
0.189,0.94,1.149,0.479,0.39,0.383,0.499,0.404,0.303,0.399
0.94,1.149,0.479,0.39,0.383,0.499,0.404,0.303,0.399,0.435
1.149,0.479,0.39,0.383,0.499,0.404,0.303,0.399,0.435,0.593
0.479,0.39,0.383,0.499,0.404,0.303,0.399,0.435,0.593,0.514
0.39,0.383,0.499,0.404,0.303,0.399,0.435,0.593,0.514,1.43
0.383,0.499,0.404,0.303,0.399,0.435,0.593,0.514,1.43,1.074
0.499,0.404,0.303,0.399,0.435,0.593,0.514,1.43,1.074,0.889
0.404,0.303,0.399,0.435,0.593,0.514,1.43,1.074,0.889,0.735
0.303,0.399,0.435,0.593,0.514,1.43,1.074,0.889,0.735,0.95
0.399,0.435,0.593,0.514,1.43,1.074,0.889,0.735,0.95,0.797
0.435,0.593,0.514,1.43,1.074,0.889,0.735,0.95,0.797,1.002
0.593,0.514,1.43,1.074,0.889,0.735,0.95,0.797,1.002,1.223
0.514,1.43,1.074,0.889,0.735,0.95,0.797,1.002,1.223,1.677
1.43,1.074,0.889,0.735,0.95,0.797,1.002,1.223,1.677,1.333
1.074,0.889,0.735,0.95,0.797,1.002,1.223,1.677,1.333,1.83
0.889,0.735,0.95,0.797,1.002,1.223,1.677,1.333,1.83,2.174
0.735,0.95,0.797,1.002,1.223,1.677,1.333,1.83,2.174,2.442
0.95,0.797,1.002,1.223,1.677,1.333,1.83,2.174,2.442,2.433
0.797,1.002,1.223,1.677,1.333,1.83,2.174,2.442,2.433,2.325
1.002,1.223,1.677,1.333,1.83,2.174,2.442,2.433,2.325,2.249
1.223,1.677,1.333,1.83,2.174,2.442,2.433,2.325,2.249,2.975
1.677,1.333,1.83,2.174,2.442,2.433,2.325,2.249,2.975,4.658
1.333,1.83,2.174,2.442,2.433,2.325,2.249,2.975,4.658,4.926
1.83,2.174,2.442,2.433,2.325,2.249,2.975,4.658,4.926,4.329
2.174,2.442,2.433,2.325,2.249,2.975,4.658,4.926,4.329,4.836
2.442,2.433,2.325,2.249,2.975,4.658,4.926,4.329,4.836,3.596
2.433,2.325,2.249,2.975,4.658,4.926,4.329,4.836,3.596,3.29
2.325,2.249,2.975,4.658,4.926,4.329,4.836,3.596,3.29,3.056
2.249,2.975,4.658,4.926,4.329,4.836,3.596,3.29,3.056,3.293
2.975,4.658,4.926,4.329,4.836,3.596,3.29,3.056,3.293,3.217
4.658,4.926,4.329,4.836,3.596,3.29,3.056,3.293,3.217,3.137
4.926,4.329,4.836,3.596,3.29,3.056,3.293,3.217,3.137,3.684
4.329,4.836,3.596,3.29,3.056,3.293,3.217,3.137,3.684,3.683
4.836,3.596,3.29,3.056,3.293,3.217,3.137,3.684,3.683,3.182
3.596,3.29,3.056,3.293,3.217,3.137,3.684,3.683,3.182,2.913
3.29,3.056,3.293,3.217,3.137,3.684,3.683,3.182,2.913,2.641
3.056,3.293,3.217,3.137,3.684,3.683,3.182,2.913,2.641,2.218
3.293,3.217,3.137,3.684,3.683,3.182,2.913,2.641,2.218,2.212
3.217,3.137,3.684,3.683,3.182,2.913,2.641,2.218,2.212,3.051
3.137,3.684,3.683,3.182,2.913,2.641,2.218,2.212,3.051,2.493
3.684,3.683,3.182,2.913,2.641,2.218,2.212,3.051,2.493,2.63
3.683,3.182,2.913,2.641,2.218,2.212,3.051,2.493,2.63,2.61
3.182,2.913,2.641,2.218,2.212,3.051,2.493,2.63,2.61,2.758
2.913,2.641,2.218,2.212,3.051,2.493,2.63,2.61,2.758,2.729
2.641,2.218,2.212,3.051,2.493,2.63,2.61,2.758,2.729,2.357
2.218,2.212,3.051,2.493,2.63,2.61,2.758,2.729,2.357,2.227
2.212,3.051,2.493,2.63,2.61,2.758,2.729,2.357,2.227,2.096
3.051,2.493,2.63,2.61,2.758,2.729,2.357,2.227,2.096,1.962
2.493,2.63,2.61,2.758,2.729,2.357,2.227,2.096,1.962,1.834
2.63,2.61,2.758,2.729,2.357,2.227,2.096,1.962,1.834,1.559
2.61,2.758,2.729,2.357,2.227,2.096,1.962,1.834,1.559,1.456
2.758,2.729,2.357,2.227,2.096,1.962,1.834,1.559,1.456,1.217
2.729,2.357,2.227,2.096,1.962,1.834,1.559,1.456,1.217,0.933
2.357,2.227,2.096,1.962,1.834,1.559,1.456,1.217,0.933,0.956
2.227,2.096,1.962,1.834,1.559,1.456,1.217,0.933,0.956,0.948
2.096,1.962,1.834,1.559,1.456,1.217,0.933,0.956,0.948,0.953
1.962,1.834,1.559,1.456,1.217,0.933,0.956,0.948,0.953,1.027
1.834,1.559,1.456,1.217,0.933,0.956,0.948,0.953,1.027,0.88
1.559,1.456,1.217,0.933,0.956,0.948,0.953,1.027,0.88,0.917
1.456,1.217,0.933,0.956,0.948,0.953,1.027,0.88,0.917,0.898
1.217,0.933,0.956,0.948,0.953,1.027,0.88,0.917,0.898,0.773
0.933,0.956,0.948,0.953,1.027,0.88,0.917,0.898,0.773,0.664
0.956,0.948,0.953,1.027,0.88,0.917,0.898,0.773,0.664,0.509
0.948,0.953,1.027,0.88,0.917,0.898,0.773,0.664,0.509,0.608
0.953,1.027,0.88,0.917,0.898,0.773,0.664,0.509,0.608,0.627
1.027,0.88,0.917,0.898,0.773,0.664,0.509,0.608,0.627,0.609
0.88,0.917,0.898,0.773,0.664,0.509,0.608,0.627,0.609,0.692
0.917,0.898,0.773,0.664,0.509,0.608,0.627,0.609,0.692,0.577
0.898,0.773,0.664,0.509,0.608,0.627,0.609,0.692,0.577,0.609
0.773,0.664,0.509,0.608,0.627,0.609,0.692,0.577,0.609,0.762
0.664,0.509,0.608,0.627,0.609,0.692,0.577,0.609,0.762,0.471
0.509,0.608,0.627,0.609,0.692,0.577,0.609,0.762,0.471,0.577
0.608,0.627,0.609,0.692,0.577,0.609,0.762,0.471,0.577,0.526
0.627,0.609,0.692,0.577,0.609,0.762,0.471,0.577,0.526,0.55
0.609,0.692,0.577,0.609,0.762,0.471,0.577,0.526,0.55,1.201
0.692,0.577,0.609,0.762,0.471,0.577,0.526,0.55,1.201,1.856
0.577,0.609,0.762,0.471,0.577,0.526,0.55,1.201,1.856,1.302
0.609,0.762,0.471,0.577,0.526,0.55,1.201,1.856,1.302,1.023
0.762,0.471,0.577,0.526,0.55,1.201,1.856,1.302,1.023,1.722
0.471,0.577,0.526,0.55,1.201,1.856,1.302,1.023,1.722,4.001
0.577,0.526,0.55,1.201,1.856,1.302,1.023,1.722,4.001,4.279
0.526,0.55,1.201,1.856,1.302,1.023,1.722,4.001,4.279,4.846
0.55,1.201,1.856,1.302,1.023,1.722,4.001,4.279,4.846,4.605
1.201,1.856,1.302,1.023,1.722,4.001,4.279,4.846,4.605,4.021
1.856,1.302,1.023,1.722,4.001,4.279,4.846,4.605,4.021,3.468
1.302,1.023,1.722,4.001,4.279,4.846,4.605,4.021,3.468,2.906
1.023,1.722,4.001,4.279,4.846,4.605,4.021,3.468,2.906,2.451
1.722,4.001,4.279,4.846,4.605,4.021,3.468,2.906,2.451,2.452
4.001,4.279,4.846,4.605,4.021,3.468,2.906,2.451,2.452,2.061
4.279,4.846,4.605,4.021,3.468,2.906,2.451,2.452,2.061,1.94
4.846,4.605,4.021,3.468,2.906,2.451,2.452,2.061,1.94,2.311
4.605,4.021,3.468,2.906,2.451,2.452,2.061,1.94,2.311,2.713
4.021,3.468,2.906,2.451,2.452,2.061,1.94,2.311,2.713,2.955
3.468,2.906,2.451,2.452,2.061,1.94,2.311,2.713,2.955,2.687
2.906,2.451,2.452,2.061,1.94,2.311,2.713,2.955,2.687,2.579
2.451,2.452,2.061,1.94,2.311,2.713,2.955,2.687,2.579,2.329
2.452,2.061,1.94,2.311,2.713,2.955,2.687,2.579,2.329,2.45
2.061,1.94,2.311,2.713,2.955,2.687,2.579,2.329,2.45,2.585
1.94,2.311,2.713,2.955,2.687,2.579,2.329,2.45,2.585,2.439
2.311,2.713,2.955,2.687,2.579,2.329,2.45,2.585,2.439,2.048
2.713,2.955,2.687,2.579,2.329,2.45,2.585,2.439,2.048,1.82
2.955,2.687,2.579,2.329,2.45,2.585,2.439,2.048,1.82,1.713
2.687,2.579,2.329,2.45,2.585,2.439,2.048,1.82,1.713,1.852
2.579,2.329,2.45,2.585,2.439,2.048,1.82,1.713,1.852,1.727
2.329,2.45,2.585,2.439,2.048,1.82,1.713,1.852,1.727,1.522
2.45,2.585,2.439,2.048,1.82,1.713,1.852,1.727,1.522,1.457
2.585,2.439,2.048,1.82,1.713,1.852,1.727,1.522,1.457,1.175
2.439,2.048,1.82,1.713,1.852,1.727,1.522,1.457,1.175,1.173
2.048,1.82,1.713,1.852,1.727,1.522,1.457,1.175,1.173,1.174
1.82,1.713,1.852,1.727,1.522,1.457,1.175,1.173,1.174,1.204
1.713,1.852,1.727,1.522,1.457,1.175,1.173,1.174,1.204,1.048
1.852,1.727,1.522,1.457,1.175,1.173,1.174,1.204,1.048,0.871
1.727,1.522,1.457,1.175,1.173,1.174,1.204,1.048,0.871,1.039
1.522,1.457,1.175,1.173,1.174,1.204,1.048,0.871,1.039,0.691
1.457,1.175,1.173,1.174,1.204,1.048,0.871,1.039,0.691,0.675
1.175,1.173,1.174,1.204,1.048,0.871,1.039,0.691,0.675,0.871
1.173,1.174,1.204,1.048,0.871,1.039,0.691,0.675,0.871,0.689
1.174,1.204,1.048,0.871,1.039,0.691,0.675,0.871,0.689,0.618
1.204,1.048,0.871,1.039,0.691,0.675,0.871,0.689,0.618,0.619
1.048,0.871,1.039,0.691,0.675,0.871,0.689,0.618,0.619,0.589
0.871,1.039,0.691,0.675,0.871,0.689,0.618,0.619,0.589,0.707
1.039,0.691,0.675,0.871,0.689,0.618,0.619,0.589,0.707,0.725
0.691,0.675,0.871,0.689,0.618,0.619,0.589,0.707,0.725,0.9
0.675,0.871,0.689,0.618,0.619,0.589,0.707,0.725,0.9,0.577
0.871,0.689,0.618,0.619,0.589,0.707,0.725,0.9,0.577,0.592
0.689,0.618,0.619,0.589,0.707,0.725,0.9,0.577,0.592,0.476
0.618,0.619,0.589,0.707,0.725,0.9,0.577,0.592,0.476,0.615
0.619,0.589,0.707,0.725,0.9,0.577,0.592,0.476,0.615,0.476
0.589,0.707,0.725,0.9,0.577,0.592,0.476,0.615,0.476,0.473
0.707,0.725,0.9,0.577,0.592,0.476,0.615,0.476,0.473,0.458
0.725,0.9,0.577,0.592,0.476,0.615,0.476,0.473,0.458,0.61
0.9,0.577,0.592,0.476,0.615,0.476,0.473,0.458,0.61,0.47
0.577,0.592,0.476,0.615,0.476,0.473,0.458,0.61,0.47,0.593
0.592,0.476,0.615,0.476,0.473,0.458,0.61,0.47,0.593,0.456
0.476,0.615,0.476,0.473,0.458,0.61,0.47,0.593,0.456,0.605
0.615,0.476,0.473,0.458,0.61,0.47,0.593,0.456,0.605,0.452
0.476,0.473,0.458,0.61,0.47,0.593,0.456,0.605,0.452,0.489
0.473,0.458,0.61,0.47,0.593,0.456,0.605,0.452,0.489,0.306
0.458,0.61,0.47,0.593,0.456,0.605,0.452,0.489,0.306,0.507
0.61,0.47,0.593,0.456,0.605,0.452,0.489,0.306,0.507,0.361
0.47,0.593,0.456,0.605,0.452,0.489,0.306,0.507,0.361,0.484
0.593,0.456,0.605,0.452,0.489,0.306,0.507,0.361,0.484,0.315
0.456,0.605,0.452,0.489,0.306,0.507,0.361,0.484,0.315,0.38
0.605,0.452,0.489,0.306,0.507,0.361,0.484,0.315,0.38,0.706
0.452,0.489,0.306,0.507,0.361,0.484,0.315,0.38,0.706,0.282
0.489,0.306,0.507,0.361,0.484,0.315,0.38,0.706,0.282,0.41
0.306,0.507,0.361,0.484,0.315,0.38,0.706,0.282,0.41,0.662
0.507,0.361,0.484,0.315,0.38,0.706,0.282,0.41,0.662,0.525
0.361,0.484,0.315,0.38,0.706,0.282,0.41,0.662,0.525,0.388
0.484,0.315,0.38,0.706,0.282,0.41,0.662,0.525,0.388,0.406
0.315,0.38,0.706,0.282,0.41,0.662,0.525,0.388,0.406,0.271
0.38,0.706,0.282,0.41,0.662,0.525,0.388,0.406,0.271,0.547
0.706,0.282,0.41,0.662,0.525,0.388,0.406,0.271,0.547,0.389
0.282,0.41,0.662,0.525,0.388,0.406,0.271,0.547,0.389,0.38
0.41,0.662,0.525,0.388,0.406,0.271,0.547,0.389,0.38,0.239
0.662,0.525,0.388,0.406,0.271,0.547,0.389,0.38,0.239,0.297
0.525,0.388,0.406,0.271,0.547,0.389,0.38,0.239,0.297,0.312
0.388,0.406,0.271,0.547,0.389,0.38,0.239,0.297,0.312,0.119
0.406,0.271,0.547,0.389,0.38,0.239,0.297,0.312,0.119,0.241
0.271,0.547,0.389,0.38,0.239,0.297,0.312,0.119,0.241,0.273
0.547,0.389,0.38,0.239,0.297,0.312,0.119,0.241,0.273,0.12
0.389,0.38,0.239,0.297,0.312,0.119,0.241,0.273,0.12,0.299
0.38,0.239,0.297,0.312,0.119,0.241,0.273,0.12,0.299,0.278
0.239,0.297,0.312,0.119,0.241,0.273,0.12,0.299,0.278,0.16
0.297,0.312,0.119,0.241,0.273,0.12,0.299,0.278,0.16,0.161
0.312,0.119,0.241,0.273,0.12,0.299,0.278,0.16,0.161,0.134
0.119,0.241,0.273,0.12,0.299,0.278,0.16,0.161,0.134,0.16
0.241,0.273,0.12,0.299,0.278,0.16,0.161,0.134,0.16,0.163
0.273,0.12,0.299,0.278,0.16,0.161,0.134,0.16,0.163,0.149
0.12,0.299,0.278,0.16,0.161,0.134,0.16,0.163,0.149,0.142
0.299,0.278,0.16,0.161,0.134,0.16,0.163,0.149,0.142,0.128
0.278,0.16,0.161,0.134,0.16,0.163,0.149,0.142,0.128,0.29
0.16,0.161,0.134,0.16,0.163,0.149,0.142,0.128,0.29,0.256
0.161,0.134,0.16,0.163,0.149,0.142,0.128,0.29,0.256,0.163
0.134,0.16,0.163,0.149,0.142,0.128,0.29,0.256,0.163,0.345
0.16,0.163,0.149,0.142,0.128,0.29,0.256,0.163,0.345,0.133
0.163,0.149,0.142,0.128,0.29,0.256,0.163,0.345,0.133,0.314
0.149,0.142,0.128,0.29,0.256,0.163,0.345,0.133,0.314,0.26
0.142,0.128,0.29,0.256,0.163,0.345,0.133,0.314,0.26,0.257
0.128,0.29,0.256,0.163,0.345,0.133,0.314,0.26,0.257,0.26
0.29,0.256,0.163,0.345,0.133,0.314,0.26,0.257,0.26,0.137
0.256,0.163,0.345,0.133,0.314,0.26,0.257,0.26,0.137,0.132
0.163,0.345,0.133,0.314,0.26,0.257,0.26,0.137,0.132,0.252
0.345,0.133,0.314,0.26,0.257,0.26,0.137,0.132,0.252,0.128
0.133,0.314,0.26,0.257,0.26,0.137,0.132,0.252,0.128,0.373
0.314,0.26,0.257,0.26,0.137,0.132,0.252,0.128,0.373,0.379
0.26,0.257,0.26,0.137,0.132,0.252,0.128,0.373,0.379,0.168
0.257,0.26,0.137,0.132,0.252,0.128,0.373,0.379,0.168,0.098
0.26,0.137,0.132,0.252,0.128,0.373,0.379,0.168,0.098,0.121
0.137,0.132,0.252,0.128,0.373,0.379,0.168,0.098,0.121,0.156
0.132,0.252,0.128,0.373,0.379,0.168,0.098,0.121,0.156,0.031
0.252,0.128,0.373,0.379,0.168,0.098,0.121,0.156,0.031,0.156
0.128,0.373,0.379,0.168,0.098,0.121,0.156,0.031,0.156,0.15
0.373,0.379,0.168,0.098,0.121,0.156,0.031,0.156,0.15,0.137
0.379,0.168,0.098,0.121,0.156,0.031,0.156,0.15,0.137,0.001
0.168,0.098,0.121,0.156,0.031,0.156,0.15,0.137,0.001,0.007
0.098,0.121,0.156,0.031,0.156,0.15,0.137,0.001,0.007,0.14
0.121,0.156,0.031,0.156,0.15,0.137,0.001,0.007,0.14,0.001
0.156,0.031,0.156,0.15,0.137,0.001,0.007,0.14,0.001,0.01
0.031,0.156,0.15,0.137,0.001,0.007,0.14,0.001,0.01,0.15
0.156,0.15,0.137,0.001,0.007,0.14,0.001,0.01,0.15,0.024
0.15,0.137,0.001,0.007,0.14,0.001,0.01,0.15,0.024,0.094
0.137,0.001,0.007,0.14,0.001,0.01,0.15,0.024,0.094,0.233
0.001,0.007,0.14,0.001,0.01,0.15,0.024,0.094,0.233,0.253
0.007,0.14,0.001,0.01,0.15,0.024,0.094,0.233,0.253,0.125
0.14,0.001,0.01,0.15,0.024,0.094,0.233,0.253,0.125,0.125
0.001,0.01,0.15,0.024,0.094,0.233,0.253,0.125,0.125,0.378
0.01,0.15,0.024,0.094,0.233,0.253,0.125,0.125,0.378,0.251
0.15,0.024,0.094,0.233,0.253,0.125,0.125,0.378,0.251,0.239
0.024,0.094,0.233,0.253,0.125,0.125,0.378,0.251,0.239,0.136
0.094,0.233,0.253,0.125,0.125,0.378,0.251,0.239,0.136,0.056
0.233,0.253,0.125,0.125,0.378,0.251,0.239,0.136,0.056,0.062
0.253,0.125,0.125,0.378,0.251,0.239,0.136,0.056,0.062,0.06
0.125,0.125,0.378,0.251,0.239,0.136,0.056,0.062,0.06,0.159
0.125,0.378,0.251,0.239,0.136,0.056,0.062,0.06,0.159,0.263
0.378,0.251,0.239,0.136,0.056,0.062,0.06,0.159,0.263,0.283
0.251,0.239,0.136,0.056,0.062,0.06,0.159,0.263,0.283,0.259
0.239,0.136,0.056,0.062,0.06,0.159,0.263,0.283,0.259,0.142
0.136,0.056,0.062,0.06,0.159,0.263,0.283,0.259,0.142,0.145
0.056,0.062,0.06,0.159,0.263,0.283,0.259,0.142,0.145,0.156
0.062,0.06,0.159,0.263,0.283,0.259,0.142,0.145,0.156,0.024
0.06,0.159,0.263,0.283,0.259,0.142,0.145,0.156,0.024,0.288
0.159,0.263,0.283,0.259,0.142,0.145,0.156,0.024,0.288,0.397
0.263,0.283,0.259,0.142,0.145,0.156,0.024,0.288,0.397,0.148
0.283,0.259,0.142,0.145,0.156,0.024,0.288,0.397,0.148,0.13
0.259,0.142,0.145,0.156,0.024,0.288,0.397,0.148,0.13,0.084
0.142,0.145,0.156,0.024,0.288,0.397,0.148,0.13,0.084,0.24
0.145,0.156,0.024,0.288,0.397,0.148,0.13,0.084,0.24,0.162
0.156,0.024,0.288,0.397,0.148,0.13,0.084,0.24,0.162,0.032
0.024,0.288,0.397,0.148,0.13,0.084,0.24,0.162,0.032,0.149
0.288,0.397,0.148,0.13,0.084,0.24,0.162,0.032,0.149,0.054
0.397,0.148,0.13,0.084,0.24,0.162,0.032,0.149,0.054,0.161
0.148,0.13,0.084,0.24,0.162,0.032,0.149,0.054,0.161,0.028
0.13,0.084,0.24,0.162,0.032,0.149,0.054,0.161,0.028,0.034
0.084,0.24,0.162,0.032,0.149,0.054,0.161,0.028,0.034,0.069
0.24,0.162,0.032,0.149,0.054,0.161,0.028,0.034,0.069,0.04
0.162,0.032,0.149,0.054,0.161,0.028,0.034,0.069,0.04,0.034
0.032,0.149,0.054,0.161,0.028,0.034,0.069,0.04,0.034,0.055
0.149,0.054,0.161,0.028,0.034,0.069,0.04,0.034,0.055,0.035
0.054,0.161,0.028,0.034,0.069,0.04,0.034,0.055,0.035,0.027
0.161,0.028,0.034,0.069,0.04,0.034,0.055,0.035,0.027,0.043
0.028,0.034,0.069,0.04,0.034,0.055,0.035,0.027,0.043,0.02
0.034,0.069,0.04,0.034,0.055,0.035,0.027,0.043,0.02,0.027
0.069,0.04,0.034,0.055,0.035,0.027,0.043,0.02,0.027,0.048
0.04,0.034,0.055,0.035,0.027,0.043,0.02,0.027,0.048,0.06
0.034,0.055,0.035,0.027,0.043,0.02,0.027,0.048,0.06,0.045
0.055,0.035,0.027,0.043,0.02,0.027,0.048,0.06,0.045,0.033
0.035,0.027,0.043,0.02,0.027,0.048,0.06,0.045,0.033,0.032
0.027,0.043,0.02,0.027,0.048,0.06,0.045,0.033,0.032,0.056
0.043,0.02,0.027,0.048,0.06,0.045,0.033,0.032,0.056,0.038
0.02,0.027,0.048,0.06,0.045,0.033,0.032,0.056,0.038,0.042
0.027,0.048,0.06,0.045,0.033,0.032,0.056,0.038,0.042,0.04
0.048,0.06,0.045,0.033,0.032,0.056,0.038,0.042,0.04,0.06
0.06,0.045,0.033,0.032,0.056,0.038,0.042,0.04,0.06,0.067
0.045,0.033,0.032,0.056,0.038,0.042,0.04,0.06,0.067,0.053
0.033,0.032,0.056,0.038,0.042,0.04,0.06,0.067,0.053,0.061
0.032,0.056,0.038,0.042,0.04,0.06,0.067,0.053,0.061,0.04
0.056,0.038,0.042,0.04,0.06,0.067,0.053,0.061,0.04,0.03
0.038,0.042,0.04,0.06,0.067,0.053,0.061,0.04,0.03,0.034
0.042,0.04,0.06,0.067,0.053,0.061,0.04,0.03,0.034,0.03
0.04,0.06,0.067,0.053,0.061,0.04,0.03,0.034,0.03,0.02
0.06,0.067,0.053,0.061,0.04,0.03,0.034,0.03,0.02,0.149
0.067,0.053,0.061,0.04,0.03,0.034,0.03,0.02,0.149,0.516
0.053,0.061,0.04,0.03,0.034,0.03,0.02,0.149,0.516,0.171
0.061,0.04,0.03,0.034,0.03,0.02,0.149,0.516,0.171,0.04
0.04,0.03,0.034,0.03,0.02,0.149,0.516,0.171,0.04,0.149
0.03,0.034,0.03,0.02,0.149,0.516,0.171,0.04,0.149,0.039
0.034,0.03,0.02,0.149,0.516,0.171,0.04,0.149,0.039,0.04
0.03,0.02,0.149,0.516,0.171,0.04,0.149,0.039,0.04,0.039
0.02,0.149,0.516,0.171,0.04,0.149,0.039,0.04,0.039,0.038
0.149,0.516,0.171,0.04,0.149,0.039,0.04,0.039,0.038,0.154
0.516,0.171,0.04,0.149,0.039,0.04,0.039,0.038,0.154,0.048
0.171,0.04,0.149,0.039,0.04,0.039,0.038,0.154,0.048,0.048
0.04,0.149,0.039,0.04,0.039,0.038,0.154,0.048,0.048,0.001
0.149,0.039,0.04,0.039,0.038,0.154,0.048,0.048,0.001,0.449
0.039,0.04,0.039,0.038,0.154,0.048,0.048,0.001,0.449,0.216
0.04,0.039,0.038,0.154,0.048,0.048,0.001,0.449,0.216,0.09
0.039,0.038,0.154,0.048,0.048,0.001,0.449,0.216,0.09,0.102
0.038,0.154,0.048,0.048,0.001,0.449,0.216,0.09,0.102,0.081
0.154,0.048,0.048,0.001,0.449,0.216,0.09,0.102,0.081,0.1
0.048,0.048,0.001,0.449,0.216,0.09,0.102,0.081,0.1,0.1
0.048,0.001,0.449,0.216,0.09,0.102,0.081,0.1,0.1,0.209
0.001,0.449,0.216,0.09,0.102,0.081,0.1,0.1,0.209,0.092
0.449,0.216,0.09,0.102,0.081,0.1,0.1,0.209,0.092,0.099
0.216,0.09,0.102,0.081,0.1,0.1,0.209,0.092,0.099,0.1
0.09,0.102,0.081,0.1,0.1,0.209,0.092,0.099,0.1,0.199
0.102,0.081,0.1,0.1,0.209,0.092,0.099,0.1,0.199,0.01
0.081,0.1,0.1,0.209,0.092,0.099,0.1,0.199,0.01,0.106
0.1,0.1,0.209,0.092,0.099,0.1,0.199,0.01,0.106,0.099
0.1,0.209,0.092,0.099,0.1,0.199,0.01,0.106,0.099,0.215
0.209,0.092,0.099,0.1,0.199,0.01,0.106,0.099,0.215,0.336
0.092,0.099,0.1,0.199,0.01,0.106,0.099,0.215,0.336,0.084
0.099,0.1,0.199,0.01,0.106,0.099,0.215,0.336,0.084,0.2
0.1,0.199,0.01,0.106,0.099,0.215,0.336,0.084,0.2,0.095
0.199,0.01,0.106,0.099,0.215,0.336,0.084,0.2,0.095,0.086
0.01,0.106,0.099,0.215,0.336,0.084,0.2,0.095,0.086,0.102
0.106,0.099,0.215,0.336,0.084,0.2,0.095,0.086,0.102,0.084
0.099,0.215,0.336,0.084,0.2,0.095,0.086,0.102,0.084,0.098
0.215,0.336,0.084,0.2,0.095,0.086,0.102,0.084,0.098,0.117
0.336,0.084,0.2,0.095,0.086,0.102,0.084,0.098,0.117,0.325
0.084,0.2,0.095,0.086,0.102,0.084,0.098,0.117,0.325,0.365
0.2,0.095,0.086,0.102,0.084,0.098,0.117,0.325,0.365,0.227
0.095,0.086,0.102,0.084,0.098,0.117,0.325,0.365,0.227,0.222
0.086,0.102,0.084,0.098,0.117,0.325,0.365,0.227,0.222,0.096
0.102,0.084,0.098,0.117,0.325,0.365,0.227,0.222,0.096,0.117
0.084,0.098,0.117,0.325,0.365,0.227,0.222,0.096,0.117,0.197
0.098,0.117,0.325,0.365,0.227,0.222,0.096,0.117,0.197,0.111
0.117,0.325,0.365,0.227,0.222,0.096,0.117,0.197,0.111,0.112
0.325,0.365,0.227,0.222,0.096,0.117,0.197,0.111,0.112,0.207
0.365,0.227,0.222,0.096,0.117,0.197,0.111,0.112,0.207,0.1
0.227,0.222,0.096,0.117,0.197,0.111,0.112,0.207,0.1,0.229
0.222,0.096,0.117,0.197,0.111,0.112,0.207,0.1,0.229,0.041
0.096,0.117,0.197,0.111,0.112,0.207,0.1,0.229,0.041,0.083
0.117,0.197,0.111,0.112,0.207,0.1,0.229,0.041,0.083,0.124
0.197,0.111,0.112,0.207,0.1,0.229,0.041,0.083,0.124,0.046
0.111,0.112,0.207,0.1,0.229,0.041,0.083,0.124,0.046,0.122
0.112,0.207,0.1,0.229,0.041,0.083,0.124,0.046,0.122,0.126
0.207,0.1,0.229,0.041,0.083,0.124,0.046,0.122,0.126,0.105
0.1,0.229,0.041,0.083,0.124,0.046,0.122,0.126,0.105,0.115
0.229,0.041,0.083,0.124,0.046,0.122,0.126,0.105,0.115,0.153
0.041,0.083,0.124,0.046,0.122,0.126,0.105,0.115,0.153,0.17
0.083,0.124,0.046,0.122,0.126,0.105,0.115,0.153,0.17,0.115
0.124,0.046,0.122,0.126,0.105,0.115,0.153,0.17,0.115,0.109
0.046,0.122,0.126,0.105,0.115,0.153,0.17,0.115,0.109,0.233
0.122,0.126,0.105,0.115,0.153,0.17,0.115,0.109,0.233,0.118
0.126,0.105,0.115,0.153,0.17,0.115,0.109,0.233,0.118,0.22
0.105,0.115,0.153,0.17,0.115,0.109,0.233,0.118,0.22,0.45
0.115,0.153,0.17,0.115,0.109,0.233,0.118,0.22,0.45,0.556
0.153,0.17,0.115,0.109,0.233,0.118,0.22,0.45,0.556,0.578
0.17,0.115,0.109,0.233,0.118,0.22,0.45,0.556,0.578,0.594
0.115,0.109,0.233,0.118,0.22,0.45,0.556,0.578,0.594,0.606
0.109,0.233,0.118,0.22,0.45,0.556,0.578,0.594,0.606,0.602
0.233,0.118,0.22,0.45,0.556,0.578,0.594,0.606,0.602,0.369
0.118,0.22,0.45,0.556,0.578,0.594,0.606,0.602,0.369,0.27
0.22,0.45,0.556,0.578,0.594,0.606,0.602,0.369,0.27,0.256
0.45,0.556,0.578,0.594,0.606,0.602,0.369,0.27,0.256,0.507
0.556,0.578,0.594,0.606,0.602,0.369,0.27,0.256,0.507,0.256
0.578,0.594,0.606,0.602,0.369,0.27,0.256,0.507,0.256,0.257
0.594,0.606,0.602,0.369,0.27,0.256,0.507,0.256,0.257,0.301
0.606,0.602,0.369,0.27,0.256,0.507,0.256,0.257,0.301,0.192
0.602,0.369,0.27,0.256,0.507,0.256,0.257,0.301,0.192,0.316
0.369,0.27,0.256,0.507,0.256,0.257,0.301,0.192,0.316,0.188
0.27,0.256,0.507,0.256,0.257,0.301,0.192,0.316,0.188,0.197
0.256,0.507,0.256,0.257,0.301,0.192,0.316,0.188,0.197,0.177
0.507,0.256,0.257,0.301,0.192,0.316,0.188,0.197,0.177,0.187
0.256,0.257,0.301,0.192,0.316,0.188,0.197,0.177,0.187,0.211
0.257,0.301,0.192,0.316,0.188,0.197,0.177,0.187,0.211,0.203
0.301,0.192,0.316,0.188,0.197,0.177,0.187,0.211,0.203,0.178
0.192,0.316,0.188,0.197,0.177,0.187,0.211,0.203,0.178,0.184
0.316,0.188,0.197,0.177,0.187,0.211,0.203,0.178,0.184,0.256
0.188,0.197,0.177,0.187,0.211,0.203,0.178,0.184,0.256,0.267
0.197,0.177,0.187,0.211,0.203,0.178,0.184,0.256,0.267,0.147
0.177,0.187,0.211,0.203,0.178,0.184,0.256,0.267,0.147,0.466
0.187,0.211,0.203,0.178,0.184,0.256,0.267,0.147,0.466,0.441
0.211,0.203,0.178,0.184,0.256,0.267,0.147,0.466,0.441,0.29
0.203,0.178,0.184,0.256,0.267,0.147,0.466,0.441,0.29,0.175
0.178,0.184,0.256,0.267,0.147,0.466,0.441,0.29,0.175,0.297
0.184,0.256,0.267,0.147,0.466,0.441,0.29,0.175,0.297,0.188
0.256,0.267,0.147,0.466,0.441,0.29,0.175,0.297,0.188,0.383
0.267,0.147,0.466,0.441,0.29,0.175,0.297,0.188,0.383,0.207
0.147,0.466,0.441,0.29,0.175,0.297,0.188,0.383,0.207,0.287
0.466,0.441,0.29,0.175,0.297,0.188,0.383,0.207,0.287,0.17
0.441,0.29,0.175,0.297,0.188,0.383,0.207,0.287,0.17,0.219
0.29,0.175,0.297,0.188,0.383,0.207,0.287,0.17,0.219,0.3
0.175,0.297,0.188,0.383,0.207,0.287,0.17,0.219,0.3,0.264
0.297,0.188,0.383,0.207,0.287,0.17,0.219,0.3,0.264,0.192
0.188,0.383,0.207,0.287,0.17,0.219,0.3,0.264,0.192,0.311
0.383,0.207,0.287,0.17,0.219,0.3,0.264,0.192,0.311,0.189
0.207,0.287,0.17,0.219,0.3,0.264,0.192,0.311,0.189,0.31
0.287,0.17,0.219,0.3,0.264,0.192,0.311,0.189,0.31,0.301
0.17,0.219,0.3,0.264,0.192,0.311,0.189,0.31,0.301,0.511
0.219,0.3,0.264,0.192,0.311,0.189,0.31,0.301,0.511,0.738
0.3,0.264,0.192,0.311,0.189,0.31,0.301,0.511,0.738,0.736
0.264,0.192,0.311,0.189,0.31,0.301,0.511,0.738,0.736,0.718
0.192,0.311,0.189,0.31,0.301,0.511,0.738,0.736,0.718,0.683
0.311,0.189,0.31,0.301,0.511,0.738,0.736,0.718,0.683,0.612
0.189,0.31,0.301,0.511,0.738,0.736,0.718,0.683,0.612,0.716
0.31,0.301,0.511,0.738,0.736,0.718,0.683,0.612,0.716,4.3
0.301,0.511,0.738,0.736,0.718,0.683,0.612,0.716,4.3,4.858
0.511,0.738,0.736,0.718,0.683,0.612,0.716,4.3,4.858,4.087
0.738,0.736,0.718,0.683,0.612,0.716,4.3,4.858,4.087,3.898
0.736,0.718,0.683,0.612,0.716,4.3,4.858,4.087,3.898,4.867
0.718,0.683,0.612,0.716,4.3,4.858,4.087,3.898,4.867,4.606
0.683,0.612,0.716,4.3,4.858,4.087,3.898,4.867,4.606,4.038
0.612,0.716,4.3,4.858,4.087,3.898,4.867,4.606,4.038,3.347
0.716,4.3,4.858,4.087,3.898,4.867,4.606,4.038,3.347,2.69
4.3,4.858,4.087,3.898,4.867,4.606,4.038,3.347,2.69,2.616
4.858,4.087,3.898,4.867,4.606,4.038,3.347,2.69,2.616,2.208
4.087,3.898,4.867,4.606,4.038,3.347,2.69,2.616,2.208,2.661
3.898,4.867,4.606,4.038,3.347,2.69,2.616,2.208,2.661,5.508
4.867,4.606,4.038,3.347,2.69,2.616,2.208,2.661,5.508,9.456
4.606,4.038,3.347,2.69,2.616,2.208,2.661,5.508,9.456,8.473
4.038,3.347,2.69,2.616,2.208,2.661,5.508,9.456,8.473,7.076
3.347,2.69,2.616,2.208,2.661,5.508,9.456,8.473,7.076,6.01
2.69,2.616,2.208,2.661,5.508,9.456,8.473,7.076,6.01,4.793
2.616,2.208,2.661,5.508,9.456,8.473,7.076,6.01,4.793,4.167
2.208,2.661,5.508,9.456,8.473,7.076,6.01,4.793,4.167,3.436
2.661,5.508,9.456,8.473,7.076,6.01,4.793,4.167,3.436,3.134
5.508,9.456,8.473,7.076,6.01,4.793,4.167,3.436,3.134,2.731
9.456,8.473,7.076,6.01,4.793,4.167,3.436,3.134,2.731,2.081
8.473,7.076,6.01,4.793,4.167,3.436,3.134,2.731,2.081,2.035
7.076,6.01,4.793,4.167,3.436,3.134,2.731,2.081,2.035,1.878
6.01,4.793,4.167,3.436,3.134,2.731,2.081,2.035,1.878,1.735
4.793,4.167,3.436,3.134,2.731,2.081,2.035,1.878,1.735,1.609
4.167,3.436,3.134,2.731,2.081,2.035,1.878,1.735,1.609,1.407
3.436,3.134,2.731,2.081,2.035,1.878,1.735,1.609,1.407,1.392
3.134,2.731,2.081,2.035,1.878,1.735,1.609,1.407,1.392,1.274
2.731,2.081,2.035,1.878,1.735,1.609,1.407,1.392,1.274,1.121
2.081,2.035,1.878,1.735,1.609,1.407,1.392,1.274,1.121,1.1
2.035,1.878,1.735,1.609,1.407,1.392,1.274,1.121,1.1,0.837
1.878,1.735,1.609,1.407,1.392,1.274,1.121,1.1,0.837,0.85
1.735,1.609,1.407,1.392,1.274,1.121,1.1,0.837,0.85,0.857
1.609,1.407,1.392,1.274,1.121,1.1,0.837,0.85,0.857,0.856
1.407,1.392,1.274,1.121,1.1,0.837,0.85,0.857,0.856,0.751
1.392,1.274,1.121,1.1,0.837,0.85,0.857,0.856,0.751,1.556
1.274,1.121,1.1,0.837,0.85,0.857,0.856,0.751,1.556,2.843
1.121,1.1,0.837,0.85,0.857,0.856,0.751,1.556,2.843,2.364
1.1,0.837,0.85,0.857,0.856,0.751,1.556,2.843,2.364,2.485
0.837,0.85,0.857,0.856,0.751,1.556,2.843,2.364,2.485,2.475
0.85,0.857,0.856,0.751,1.556,2.843,2.364,2.485,2.475,2.303
0.857,0.856,0.751,1.556,2.843,2.364,2.485,2.475,2.303,2.262
0.856,0.751,1.556,2.843,2.364,2.485,2.475,2.303,2.262,2.123
0.751,1.556,2.843,2.364,2.485,2.475,2.303,2.262,2.123,1.994
1.556,2.843,2.364,2.485,2.475,2.303,2.262,2.123,1.994,2.014
2.843,2.364,2.485,2.475,2.303,2.262,2.123,1.994,2.014,1.741
2.364,2.485,2.475,2.303,2.262,2.123,1.994,2.014,1.741,1.751
2.485,2.475,2.303,2.262,2.123,1.994,2.014,1.741,1.751,1.353
2.475,2.303,2.262,2.123,1.994,2.014,1.741,1.751,1.353,1.523
2.303,2.262,2.123,1.994,2.014,1.741,1.751,1.353,1.523,1.369
2.262,2.123,1.994,2.014,1.741,1.751,1.353,1.523,1.369,1.248
2.123,1.994,2.014,1.741,1.751,1.353,1.523,1.369,1.248,1.144
1.994,2.014,1.741,1.751,1.353,1.523,1.369,1.248,1.144,1.119
2.014,1.741,1.751,1.353,1.523,1.369,1.248,1.144,1.119,1.102
1.741,1.751,1.353,1.523,1.369,1.248,1.144,1.119,1.102,1.092
1.751,1.353,1.523,1.369,1.248,1.144,1.119,1.102,1.092,1.09
1.353,1.523,1.369,1.248,1.144,1.119,1.102,1.092,1.09,0.951
1.523,1.369,1.248,1.144,1.119,1.102,1.092,1.09,0.951,0.96
1.369,1.248,1.144,1.119,1.102,1.092,1.09,0.951,0.96,0.941
1.248,1.144,1.119,1.102,1.092,1.09,0.951,0.96,0.941,0.983
1.144,1.119,1.102,1.092,1.09,0.951,0.96,0.941,0.983,0.811
1.119,1.102,1.092,1.09,0.951,0.96,0.941,0.983,0.811,0.957
1.102,1.092,1.09,0.951,0.96,0.941,0.983,0.811,0.957,0.84
1.092,1.09,0.951,0.96,0.941,0.983,0.811,0.957,0.84,0.828
1.09,0.951,0.96,0.941,0.983,0.811,0.957,0.84,0.828,0.784
0.951,0.96,0.941,0.983,0.811,0.957,0.84,0.828,0.784,0.629
0.96,0.941,0.983,0.811,0.957,0.84,0.828,0.784,0.629,0.7
0.941,0.983,0.811,0.957,0.84,0.828,0.784,0.629,0.7,0.475
0.983,0.811,0.957,0.84,0.828,0.784,0.629,0.7,0.475,0.626
0.811,0.957,0.84,0.828,0.784,0.629,0.7,0.475,0.626,0.709
0.957,0.84,0.828,0.784,0.629,0.7,0.475,0.626,0.709,0.559
0.84,0.828,0.784,0.629,0.7,0.475,0.626,0.709,0.559,0.616
0.828,0.784,0.629,0.7,0.475,0.626,0.709,0.559,0.616,0.755
0.784,0.629,0.7,0.475,0.626,0.709,0.559,0.616,0.755,1.315
0.629,0.7,0.475,0.626,0.709,0.559,0.616,0.755,1.315,1.603
0.7,0.475,0.626,0.709,0.559,0.616,0.755,1.315,1.603,1.741
0.475,0.626,0.709,0.559,0.616,0.755,1.315,1.603,1.741,1.734
0.626,0.709,0.559,0.616,0.755,1.315,1.603,1.741,1.734,1.752
0.709,0.559,0.616,0.755,1.315,1.603,1.741,1.734,1.752,1.587
0.559,0.616,0.755,1.315,1.603,1.741,1.734,1.752,1.587,1.449
0.616,0.755,1.315,1.603,1.741,1.734,1.752,1.587,1.449,1.319
0.755,1.315,1.603,1.741,1.734,1.752,1.587,1.449,1.319,1.433
1.315,1.603,1.741,1.734,1.752,1.587,1.449,1.319,1.433,1.168
1.603,1.741,1.734,1.752,1.587,1.449,1.319,1.433,1.168,1.247
1.741,1.734,1.752,1.587,1.449,1.319,1.433,1.168,1.247,1.144
1.734,1.752,1.587,1.449,1.319,1.433,1.168,1.247,1.144,1.146
1.752,1.587,1.449,1.319,1.433,1.168,1.247,1.144,1.146,1.146
1.587,1.449,1.319,1.433,1.168,1.247,1.144,1.146,1.146,0.873
1.449,1.319,1.433,1.168,1.247,1.144,1.146,1.146,0.873,0.903
1.319,1.433,1.168,1.247,1.144,1.146,1.146,0.873,0.903,0.788
1.433,1.168,1.247,1.144,1.146,1.146,0.873,0.903,0.788,0.764
1.168,1.247,1.144,1.146,1.146,0.873,0.903,0.788,0.764,0.765
1.247,1.144,1.146,1.146,0.873,0.903,0.788,0.764,0.765,0.778
1.144,1.146,1.146,0.873,0.903,0.788,0.764,0.765,0.778,0.725
1.146,1.146,0.873,0.903,0.788,0.764,0.765,0.778,0.725,0.741
1.146,0.873,0.903,0.788,0.764,0.765,0.778,0.725,0.741,0.626
0.873,0.903,0.788,0.764,0.765,0.778,0.725,0.741,0.626,0.634
0.903,0.788,0.764,0.765,0.778,0.725,0.741,0.626,0.634,0.648
0.788,0.764,0.765,0.778,0.725,0.741,0.626,0.634,0.648,0.668
0.764,0.765,0.778,0.725,0.741,0.626,0.634,0.648,0.668,0.537
0.765,0.778,0.725,0.741,0.626,0.634,0.648,0.668,0.537,0.685
0.778,0.725,0.741,0.626,0.634,0.648,0.668,0.537,0.685,0.54
0.725,0.741,0.626,0.634,0.648,0.668,0.537,0.685,0.54,0.686
0.741,0.626,0.634,0.648,0.668,0.537,0.685,0.54,0.686,0.662
0.626,0.634,0.648,0.668,0.537,0.685,0.54,0.686,0.662,0.55
0.634,0.648,0.668,0.537,0.685,0.54,0.686,0.662,0.55,0.963
0.648,0.668,0.537,0.685,0.54,0.686,0.662,0.55,0.963,0.937
0.668,0.537,0.685,0.54,0.686,0.662,0.55,0.963,0.937,1.23
0.537,0.685,0.54,0.686,0.662,0.55,0.963,0.937,1.23,1.509
0.685,0.54,0.686,0.662,0.55,0.963,0.937,1.23,1.509,1.346
0.54,0.686,0.662,0.55,0.963,0.937,1.23,1.509,1.346,1.203
0.686,0.662,0.55,0.963,0.937,1.23,1.509,1.346,1.203,1.118
0.662,0.55,0.963,0.937,1.23,1.509,1.346,1.203,1.118,1.393
0.55,0.963,0.937,1.23,1.509,1.346,1.203,1.118,1.393,1.165
0.963,0.937,1.23,1.509,1.346,1.203,1.118,1.393,1.165,1.33
0.937,1.23,1.509,1.346,1.203,1.118,1.393,1.165,1.33,1.144
1.23,1.509,1.346,1.203,1.118,1.393,1.165,1.33,1.144,1.237
1.509,1.346,1.203,1.118,1.393,1.165,1.33,1.144,1.237,1.012
1.346,1.203,1.118,1.393,1.165,1.33,1.144,1.237,1.012,0.889
1.203,1.118,1.393,1.165,1.33,1.144,1.237,1.012,0.889,0.849
1.118,1.393,1.165,1.33,1.144,1.237,1.012,0.889,0.849,0.76
1.393,1.165,1.33,1.144,1.237,1.012,0.889,0.849,0.76,0.739
1.165,1.33,1.144,1.237,1.012,0.889,0.849,0.76,0.739,0.74
1.33,1.144,1.237,1.012,0.889,0.849,0.76,0.739,0.74,0.726
1.144,1.237,1.012,0.889,0.849,0.76,0.739,0.74,0.726,0.852
1.237,1.012,0.889,0.849,0.76,0.739,0.74,0.726,0.852,0.619
1.012,0.889,0.849,0.76,0.739,0.74,0.726,0.852,0.619,0.847
0.889,0.849,0.76,0.739,0.74,0.726,0.852,0.619,0.847,0.594
0.849,0.76,0.739,0.74,0.726,0.852,0.619,0.847,0.594,0.732
0.76,0.739,0.74,0.726,0.852,0.619,0.847,0.594,0.732,0.715
0.739,0.74,0.726,0.852,0.619,0.847,0.594,0.732,0.715,0.593
0.74,0.726,0.852,0.619,0.847,0.594,0.732,0.715,0.593,0.622
0.726,0.852,0.619,0.847,0.594,0.732,0.715,0.593,0.622,0.596
0.852,0.619,0.847,0.594,0.732,0.715,0.593,0.622,0.596,0.604
0.619,0.847,0.594,0.732,0.715,0.593,0.622,0.596,0.604,0.593
0.847,0.594,0.732,0.715,0.593,0.622,0.596,0.604,0.593,0.592
0.594,0.732,0.715,0.593,0.622,0.596,0.604,0.593,0.592,0.934
0.732,0.715,0.593,0.622,0.596,0.604,0.593,0.592,0.934,0.751
0.715,0.593,0.622,0.596,0.604,0.593,0.592,0.934,0.751,0.732
0.593,0.622,0.596,0.604,0.593,0.592,0.934,0.751,0.732,0.605
0.622,0.596,0.604,0.593,0.592,0.934,0.751,0.732,0.605,0.623
0.596,0.604,0.593,0.592,0.934,0.751,0.732,0.605,0.623,0.477
0.604,0.593,0.592,0.934,0.751,0.732,0.605,0.623,0.477,0.306
0.593,0.592,0.934,0.751,0.732,0.605,0.623,0.477,0.306,0.484
0.592,0.934,0.751,0.732,0.605,0.623,0.477,0.306,0.484,1.49
0.934,0.751,0.732,0.605,0.623,0.477,0.306,0.484,1.49,1.149
0.751,0.732,0.605,0.623,0.477,0.306,0.484,1.49,1.149,1.042
0.732,0.605,0.623,0.477,0.306,0.484,1.49,1.149,1.042,0.77
0.605,0.623,0.477,0.306,0.484,1.49,1.149,1.042,0.77,0.922
0.623,0.477,0.306,0.484,1.49,1.149,1.042,0.77,0.922,0.739
0.477,0.306,0.484,1.49,1.149,1.042,0.77,0.922,0.739,0.868
0.306,0.484,1.49,1.149,1.042,0.77,0.922,0.739,0.868,0.728
0.484,1.49,1.149,1.042,0.77,0.922,0.739,0.868,0.728,2.945
1.49,1.149,1.042,0.77,0.922,0.739,0.868,0.728,2.945,2.648
1.149,1.042,0.77,0.922,0.739,0.868,0.728,2.945,2.648,2.308
1.042,0.77,0.922,0.739,0.868,0.728,2.945,2.648,2.308,2.157
0.77,0.922,0.739,0.868,0.728,2.945,2.648,2.308,2.157,2.515
0.922,0.739,0.868,0.728,2.945,2.648,2.308,2.157,2.515,2.655
0.739,0.868,0.728,2.945,2.648,2.308,2.157,2.515,2.655,3.687
0.868,0.728,2.945,2.648,2.308,2.157,2.515,2.655,3.687,6.001
0.728,2.945,2.648,2.308,2.157,2.515,2.655,3.687,6.001,7.384
2.945,2.648,2.308,2.157,2.515,2.655,3.687,6.001,7.384,6.026
2.648,2.308,2.157,2.515,2.655,3.687,6.001,7.384,6.026,4.921
2.308,2.157,2.515,2.655,3.687,6.001,7.384,6.026,4.921,3.896
2.157,2.515,2.655,3.687,6.001,7.384,6.026,4.921,3.896,3.088
2.515,2.655,3.687,6.001,7.384,6.026,4.921,3.896,3.088,2.637
2.655,3.687,6.001,7.384,6.026,4.921,3.896,3.088,2.637,2.674
3.687,6.001,7.384,6.026,4.921,3.896,3.088,2.637,2.674,2.802
6.001,7.384,6.026,4.921,3.896,3.088,2.637,2.674,2.802,2.035
7.384,6.026,4.921,3.896,3.088,2.637,2.674,2.802,2.035,1.664
6.026,4.921,3.896,3.088,2.637,2.674,2.802,2.035,1.664,1.703
4.921,3.896,3.088,2.637,2.674,2.802,2.035,1.664,1.703,1.59
3.896,3.088,2.637,2.674,2.802,2.035,1.664,1.703,1.59,1.431
3.088,2.637,2.674,2.802,2.035,1.664,1.703,1.59,1.431,1.219
2.637,2.674,2.802,2.035,1.664,1.703,1.59,1.431,1.219,1.18
2.674,2.802,2.035,1.664,1.703,1.59,1.431,1.219,1.18,1.292
2.802,2.035,1.664,1.703,1.59,1.431,1.219,1.18,1.292,1.064
2.035,1.664,1.703,1.59,1.431,1.219,1.18,1.292,1.064,3.925
1.664,1.703,1.59,1.431,1.219,1.18,1.292,1.064,3.925,2.44
1.703,1.59,1.431,1.219,1.18,1.292,1.064,3.925,2.44,1.619
1.59,1.431,1.219,1.18,1.292,1.064,3.925,2.44,1.619,1.588
1.431,1.219,1.18,1.292,1.064,3.925,2.44,1.619,1.588,1.291
1.219,1.18,1.292,1.064,3.925,2.44,1.619,1.588,1.291,1.412
1.18,1.292,1.064,3.925,2.44,1.619,1.588,1.291,1.412,1.138
1.292,1.064,3.925,2.44,1.619,1.588,1.291,1.412,1.138,1.037
1.064,3.925,2.44,1.619,1.588,1.291,1.412,1.138,1.037,0.929
3.925,2.44,1.619,1.588,1.291,1.412,1.138,1.037,0.929,0.892
2.44,1.619,1.588,1.291,1.412,1.138,1.037,0.929,0.892,0.998
1.619,1.588,1.291,1.412,1.138,1.037,0.929,0.892,0.998,0.603
1.588,1.291,1.412,1.138,1.037,0.929,0.892,0.998,0.603,0.736
1.291,1.412,1.138,1.037,0.929,0.892,0.998,0.603,0.736,0.618
1.412,1.138,1.037,0.929,0.892,0.998,0.603,0.736,0.618,0.623
1.138,1.037,0.929,0.892,0.998,0.603,0.736,0.618,0.623,0.495
1.037,0.929,0.892,0.998,0.603,0.736,0.618,0.623,0.495,0.527
0.929,0.892,0.998,0.603,0.736,0.618,0.623,0.495,0.527,0.393
0.892,0.998,0.603,0.736,0.618,0.623,0.495,0.527,0.393,0.497
0.998,0.603,0.736,0.618,0.623,0.495,0.527,0.393,0.497,0.364
0.603,0.736,0.618,0.623,0.495,0.527,0.393,0.497,0.364,0.235
0.736,0.618,0.623,0.495,0.527,0.393,0.497,0.364,0.235,0.352
0.618,0.623,0.495,0.527,0.393,0.497,0.364,0.235,0.352,0.342
0.623,0.495,0.527,0.393,0.497,0.364,0.235,0.352,0.342,0.339
0.495,0.527,0.393,0.497,0.364,0.235,0.352,0.342,0.339,0.202
0.527,0.393,0.497,0.364,0.235,0.352,0.342,0.339,0.202,0.191
0.393,0.497,0.364,0.235,0.352,0.342,0.339,0.202,0.191,0.338
0.497,0.364,0.235,0.352,0.342,0.339,0.202,0.191,0.338,0.08
0.364,0.235,0.352,0.342,0.339,0.202,0.191,0.338,0.08,0.345
0.235,0.352,0.342,0.339,0.202,0.191,0.338,0.08,0.345,0.108
0.352,0.342,0.339,0.202,0.191,0.338,0.08,0.345,0.108,0.234
0.342,0.339,0.202,0.191,0.338,0.08,0.345,0.108,0.234,0.23
0.339,0.202,0.191,0.338,0.08,0.345,0.108,0.234,0.23,0.158
0.202,0.191,0.338,0.08,0.345,0.108,0.234,0.23,0.158,0.124
0.191,0.338,0.08,0.345,0.108,0.234,0.23,0.158,0.124,0.127
0.338,0.08,0.345,0.108,0.234,0.23,0.158,0.124,0.127,0.126
0.08,0.345,0.108,0.234,0.23,0.158,0.124,0.127,0.126,0.16
0.345,0.108,0.234,0.23,0.158,0.124,0.127,0.126,0.16,0.091
0.108,0.234,0.23,0.158,0.124,0.127,0.126,0.16,0.091,0.26
0.234,0.23,0.158,0.124,0.127,0.126,0.16,0.091,0.26,0.455
0.23,0.158,0.124,0.127,0.126,0.16,0.091,0.26,0.455,0.242
0.158,0.124,0.127,0.126,0.16,0.091,0.26,0.455,0.242,0.104
0.124,0.127,0.126,0.16,0.091,0.26,0.455,0.242,0.104,0.226
0.127,0.126,0.16,0.091,0.26,0.455,0.242,0.104,0.226,0.11
0.126,0.16,0.091,0.26,0.455,0.242,0.104,0.226,0.11,0.27
0.16,0.091,0.26,0.455,0.242,0.104,0.226,0.11,0.27,0.291
0.091,0.26,0.455,0.242,0.104,0.226,0.11,0.27,0.291,0.248
0.26,0.455,0.242,0.104,0.226,0.11,0.27,0.291,0.248,0.376
0.455,0.242,0.104,0.226,0.11,0.27,0.291,0.248,0.376,0.249
0.242,0.104,0.226,0.11,0.27,0.291,0.248,0.376,0.249,0.184
0.104,0.226,0.11,0.27,0.291,0.248,0.376,0.249,0.184,0.389
0.226,0.11,0.27,0.291,0.248,0.376,0.249,0.184,0.389,0.243
0.11,0.27,0.291,0.248,0.376,0.249,0.184,0.389,0.243,0.086
0.27,0.291,0.248,0.376,0.249,0.184,0.389,0.243,0.086,0.002
0.291,0.248,0.376,0.249,0.184,0.389,0.243,0.086,0.002,0.079
0.248,0.376,0.249,0.184,0.389,0.243,0.086,0.002,0.079,0.095
0.376,0.249,0.184,0.389,0.243,0.086,0.002,0.079,0.095,0.08
0.249,0.184,0.389,0.243,0.086,0.002,0.079,0.095,0.08,0.01
0.184,0.389,0.243,0.086,0.002,0.079,0.095,0.08,0.01,0.095
0.389,0.243,0.086,0.002,0.079,0.095,0.08,0.01,0.095,0.01
0.243,0.086,0.002,0.079,0.095,0.08,0.01,0.095,0.01,0.775
0.086,0.002,0.079,0.095,0.08,0.01,0.095,0.01,0.775,0.085
0.002,0.079,0.095,0.08,0.01,0.095,0.01,0.775,0.085,0.07
0.079,0.095,0.08,0.01,0.095,0.01,0.775,0.085,0.07,0.088
0.095,0.08,0.01,0.095,0.01,0.775,0.085,0.07,0.088,0.091
0.08,0.01,0.095,0.01,0.775,0.085,0.07,0.088,0.091,0.01
0.01,0.095,0.01,0.775,0.085,0.07,0.088,0.091,0.01,0.191
0.095,0.01,0.775,0.085,0.07,0.088,0.091,0.01,0.191,0.115
0.01,0.775,0.085,0.07,0.088,0.091,0.01,0.191,0.115,0.06
0.775,0.085,0.07,0.088,0.091,0.01,0.191,0.115,0.06,0.23
0.085,0.07,0.088,0.091,0.01,0.191,0.115,0.06,0.23,0.1
0.07,0.088,0.091,0.01,0.191,0.115,0.06,0.23,0.1,0.086
0.088,0.091,0.01,0.191,0.115,0.06,0.23,0.1,0.086,0.086
0.091,0.01,0.191,0.115,0.06,0.23,0.1,0.086,0.086,0.01
0.01,0.191,0.115,0.06,0.23,0.1,0.086,0.086,0.01,0.089
0.191,0.115,0.06,0.23,0.1,0.086,0.086,0.01,0.089,0.099
0.115,0.06,0.23,0.1,0.086,0.086,0.01,0.089,0.099,0.104
0.06,0.23,0.1,0.086,0.086,0.01,0.089,0.099,0.104,0.03
0.23,0.1,0.086,0.086,0.01,0.089,0.099,0.104,0.03,0.102
0.1,0.086,0.086,0.01,0.089,0.099,0.104,0.03,0.102,0.01
0.086,0.086,0.01,0.089,0.099,0.104,0.03,0.102,0.01,0.348
0.086,0.01,0.089,0.099,0.104,0.03,0.102,0.01,0.348,0.233
0.01,0.089,0.099,0.104,0.03,0.102,0.01,0.348,0.233,0.107
0.089,0.099,0.104,0.03,0.102,0.01,0.348,0.233,0.107,0.245
0.099,0.104,0.03,0.102,0.01,0.348,0.233,0.107,0.245,0.487
0.104,0.03,0.102,0.01,0.348,0.233,0.107,0.245,0.487,0.241
0.03,0.102,0.01,0.348,0.233,0.107,0.245,0.487,0.241,0.105
0.102,0.01,0.348,0.233,0.107,0.245,0.487,0.241,0.105,0.22
0.01,0.348,0.233,0.107,0.245,0.487,0.241,0.105,0.22,0.499
0.348,0.233,0.107,0.245,0.487,0.241,0.105,0.22,0.499,0.354
0.233,0.107,0.245,0.487,0.241,0.105,0.22,0.499,0.354,0.882
0.107,0.245,0.487,0.241,0.105,0.22,0.499,0.354,0.882,0.483
0.245,0.487,0.241,0.105,0.22,0.499,0.354,0.882,0.483,0.286
0.487,0.241,0.105,0.22,0.499,0.354,0.882,0.483,0.286,0.176
0.241,0.105,0.22,0.499,0.354,0.882,0.483,0.286,0.176,0.194
0.105,0.22,0.499,0.354,0.882,0.483,0.286,0.176,0.194,0.01
0.22,0.499,0.354,0.882,0.483,0.286,0.176,0.194,0.01,0.028
0.499,0.354,0.882,0.483,0.286,0.176,0.194,0.01,0.028,0.154
0.354,0.882,0.483,0.286,0.176,0.194,0.01,0.028,0.154,0.027
0.882,0.483,0.286,0.176,0.194,0.01,0.028,0.154,0.027,0.09
0.483,0.286,0.176,0.194,0.01,0.028,0.154,0.027,0.09,0.037
0.286,0.176,0.194,0.01,0.028,0.154,0.027,0.09,0.037,0.72
0.176,0.194,0.01,0.028,0.154,0.027,0.09,0.037,0.72,0.01
0.194,0.01,0.028,0.154,0.027,0.09,0.037,0.72,0.01,0.01
0.01,0.028,0.154,0.027,0.09,0.037,0.72,0.01,0.01,0.01
0.028,0.154,0.027,0.09,0.037,0.72,0.01,0.01,0.01,0.01
0.154,0.027,0.09,0.037,0.72,0.01,0.01,0.01,0.01,0.048
0.027,0.09,0.037,0.72,0.01,0.01,0.01,0.01,0.048,0.01
0.09,0.037,0.72,0.01,0.01,0.01,0.01,0.048,0.01,0.74
0.037,0.72,0.01,0.01,0.01,0.01,0.048,0.01,0.74,0.01
0.72,0.01,0.01,0.01,0.01,0.048,0.01,0.74,0.01,0.01
0.01,0.01,0.01,0.01,0.048,0.01,0.74,0.01,0.01,0.02
0.01,0.01,0.01,0.048,0.01,0.74,0.01,0.01,0.02,0.361
0.01,0.01,0.048,0.01,0.74,0.01,0.01,0.02,0.361,0.459
0.01,0.048,0.01,0.74,0.01,0.01,0.02,0.361,0.459,0.229
0.048,0.01,0.74,0.01,0.01,0.02,0.361,0.459,0.229,0.12
0.01,0.74,0.01,0.01,0.02,0.361,0.459,0.229,0.12,0.005
0.74,0.01,0.01,0.02,0.361,0.459,0.229,0.12,0.005,0.133
0.01,0.01,0.02,0.361,0.459,0.229,0.12,0.005,0.133,0.183
0.01,0.02,0.361,0.459,0.229,0.12,0.005,0.133,0.183,0.325
0.02,0.361,0.459,0.229,0.12,0.005,0.133,0.183,0.325,0.167
0.361,0.459,0.229,0.12,0.005,0.133,0.183,0.325,0.167,0.051
0.459,0.229,0.12,0.005,0.133,0.183,0.325,0.167,0.051,0.172
0.229,0.12,0.005,0.133,0.183,0.325,0.167,0.051,0.172,0.18
0.12,0.005,0.133,0.183,0.325,0.167,0.051,0.172,0.18,0.153
0.005,0.133,0.183,0.325,0.167,0.051,0.172,0.18,0.153,0.051
0.133,0.183,0.325,0.167,0.051,0.172,0.18,0.153,0.051,0.1
0.183,0.325,0.167,0.051,0.172,0.18,0.153,0.051,0.1,0.172
0.325,0.167,0.051,0.172,0.18,0.153,0.051,0.1,0.172,0.076
0.167,0.051,0.172,0.18,0.153,0.051,0.1,0.172,0.076,0.146
0.051,0.172,0.18,0.153,0.051,0.1,0.172,0.076,0.146,0.084
0.172,0.18,0.153,0.051,0.1,0.172,0.076,0.146,0.084,0.1
0.18,0.153,0.051,0.1,0.172,0.076,0.146,0.084,0.1,0.097
0.153,0.051,0.1,0.172,0.076,0.146,0.084,0.1,0.097,0.11
0.051,0.1,0.172,0.076,0.146,0.084,0.1,0.097,0.11,0.131
0.1,0.172,0.076,0.146,0.084,0.1,0.097,0.11,0.131,0.343
0.172,0.076,0.146,0.084,0.1,0.097,0.11,0.131,0.343,0.32
0.076,0.146,0.084,0.1,0.097,0.11,0.131,0.343,0.32,0.173
0.146,0.084,0.1,0.097,0.11,0.131,0.343,0.32,0.173,0.336
0.084,0.1,0.097,0.11,0.131,0.343,0.32,0.173,0.336,0.569
0.1,0.097,0.11,0.131,0.343,0.32,0.173,0.336,0.569,0.456
0.097,0.11,0.131,0.343,0.32,0.173,0.336,0.569,0.456,0.45
0.11,0.131,0.343,0.32,0.173,0.336,0.569,0.456,0.45,0.37
0.131,0.343,0.32,0.173,0.336,0.569,0.456,0.45,0.37,0.475
0.343,0.32,0.173,0.336,0.569,0.456,0.45,0.37,0.475,0.325
0.32,0.173,0.336,0.569,0.456,0.45,0.37,0.475,0.325,0.331
0.173,0.336,0.569,0.456,0.45,0.37,0.475,0.325,0.331,0.332
0.336,0.569,0.456,0.45,0.37,0.475,0.325,0.331,0.332,0.212
0.569,0.456,0.45,0.37,0.475,0.325,0.331,0.332,0.212,0.267
0.456,0.45,0.37,0.475,0.325,0.331,0.332,0.212,0.267,0.257
0.45,0.37,0.475,0.325,0.331,0.332,0.212,0.267,0.257,0.278
0.37,0.475,0.325,0.331,0.332,0.212,0.267,0.257,0.278,0.202
0.475,0.325,0.331,0.332,0.212,0.267,0.257,0.278,0.202,0.225
0.325,0.331,0.332,0.212,0.267,0.257,0.278,0.202,0.225,0.404
0.331,0.332,0.212,0.267,0.257,0.278,0.202,0.225,0.404,0.201
0.332,0.212,0.267,0.257,0.278,0.202,0.225,0.404,0.201,0.271
0.212,0.267,0.257,0.278,0.202,0.225,0.404,0.201,0.271,0.212
0.267,0.257,0.278,0.202,0.225,0.404,0.201,0.271,0.212,0.212
0.257,0.278,0.202,0.225,0.404,0.201,0.271,0.212,0.212,0.205
0.278,0.202,0.225,0.404,0.201,0.271,0.212,0.212,0.205,0.134
0.202,0.225,0.404,0.201,0.271,0.212,0.212,0.205,0.134,0.081
0.225,0.404,0.201,0.271,0.212,0.212,0.205,0.134,0.081,0.208
0.404,0.201,0.271,0.212,0.212,0.205,0.134,0.081,0.208,0.201
0.201,0.271,0.212,0.212,0.205,0.134,0.081,0.208,0.201,0.31
0.271,0.212,0.212,0.205,0.134,0.081,0.208,0.201,0.31,0.313
0.212,0.212,0.205,0.134,0.081,0.208,0.201,0.31,0.313,0.205
0.212,0.205,0.134,0.081,0.208,0.201,0.31,0.313,0.205,0.19
0.205,0.134,0.081,0.208,0.201,0.31,0.313,0.205,0.19,0.287
0.134,0.081,0.208,0.201,0.31,0.313,0.205,0.19,0.287,0.263
0.081,0.208,0.201,0.31,0.313,0.205,0.19,0.287,0.263,0.028
0.208,0.201,0.31,0.313,0.205,0.19,0.287,0.263,0.028,0.04
0.201,0.31,0.313,0.205,0.19,0.287,0.263,0.028,0.04,0.251
0.31,0.313,0.205,0.19,0.287,0.263,0.028,0.04,0.251,1.842
0.313,0.205,0.19,0.287,0.263,0.028,0.04,0.251,1.842,1.286
0.205,0.19,0.287,0.263,0.028,0.04,0.251,1.842,1.286,1.102
0.19,0.287,0.263,0.028,0.04,0.251,1.842,1.286,1.102,0.946
0.287,0.263,0.028,0.04,0.251,1.842,1.286,1.102,0.946,0.806
0.263,0.028,0.04,0.251,1.842,1.286,1.102,0.946,0.806,0.834
0.028,0.04,0.251,1.842,1.286,1.102,0.946,0.806,0.834,0.753
0.04,0.251,1.842,1.286,1.102,0.946,0.806,0.834,0.753,0.566
0.251,1.842,1.286,1.102,0.946,0.806,0.834,0.753,0.566,0.561
1.842,1.286,1.102,0.946,0.806,0.834,0.753,0.566,0.561,0.512
1.286,1.102,0.946,0.806,0.834,0.753,0.566,0.561,0.512,0.599
1.102,0.946,0.806,0.834,0.753,0.566,0.561,0.512,0.599,0.611
0.946,0.806,0.834,0.753,0.566,0.561,0.512,0.599,0.611,0.508
0.806,0.834,0.753,0.566,0.561,0.512,0.599,0.611,0.508,0.586
0.834,0.753,0.566,0.561,0.512,0.599,0.611,0.508,0.586,0.662
0.753,0.566,0.561,0.512,0.599,0.611,0.508,0.586,0.662,0.596
0.566,0.561,0.512,0.599,0.611,0.508,0.586,0.662,0.596,0.491
0.561,0.512,0.599,0.611,0.508,0.586,0.662,0.596,0.491,0.437
0.512,0.599,0.611,0.508,0.586,0.662,0.596,0.491,0.437,0.456
0.599,0.611,0.508,0.586,0.662,0.596,0.491,0.437,0.456,0.37
0.611,0.508,0.586,0.662,0.596,0.491,0.437,0.456,0.37,0.48
0.508,0.586,0.662,0.596,0.491,0.437,0.456,0.37,0.48,0.376
0.586,0.662,0.596,0.491,0.437,0.456,0.37,0.48,0.376,0.382
0.662,0.596,0.491,0.437,0.456,0.37,0.48,0.376,0.382,0.353
0.596,0.491,0.437,0.456,0.37,0.48,0.376,0.382,0.353,0.425
0.491,0.437,0.456,0.37,0.48,0.376,0.382,0.353,0.425,0.402
0.437,0.456,0.37,0.48,0.376,0.382,0.353,0.425,0.402,0.404
0.456,0.37,0.48,0.376,0.382,0.353,0.425,0.402,0.404,0.419
0.37,0.48,0.376,0.382,0.353,0.425,0.402,0.404,0.419,0.403
0.48,0.376,0.382,0.353,0.425,0.402,0.404,0.419,0.403,0.425
0.376,0.382,0.353,0.425,0.402,0.404,0.419,0.403,0.425,0.543
0.382,0.353,0.425,0.402,0.404,0.419,0.403,0.425,0.543,0.428
0.353,0.425,0.402,0.404,0.419,0.403,0.425,0.543,0.428,0.329
0.425,0.402,0.404,0.419,0.403,0.425,0.543,0.428,0.329,0.382
0.402,0.404,0.419,0.403,0.425,0.543,0.428,0.329,0.382,0.381
0.404,0.419,0.403,0.425,0.543,0.428,0.329,0.382,0.381,0.387
0.419,0.403,0.425,0.543,0.428,0.329,0.382,0.381,0.387,0.508
0.403,0.425,0.543,0.428,0.329,0.382,0.381,0.387,0.508,0.483
0.425,0.543,0.428,0.329,0.382,0.381,0.387,0.508,0.483,0.393
0.543,0.428,0.329,0.382,0.381,0.387,0.508,0.483,0.393,0.516
0.428,0.329,0.382,0.381,0.387,0.508,0.483,0.393,0.516,0.616
0.329,0.382,0.381,0.387,0.508,0.483,0.393,0.516,0.616,0.38
0.382,0.381,0.387,0.508,0.483,0.393,0.516,0.616,0.38,0.487
0.381,0.387,0.508,0.483,0.393,0.516,0.616,0.38,0.487,0.503
0.387,0.508,0.483,0.393,0.516,0.616,0.38,0.487,0.503,0.34
0.508,0.483,0.393,0.516,0.616,0.38,0.487,0.503,0.34,0.485
0.483,0.393,0.516,0.616,0.38,0.487,0.503,0.34,0.485,0.456
0.393,0.516,0.616,0.38,0.487,0.503,0.34,0.485,0.456,0.409
0.516,0.616,0.38,0.487,0.503,0.34,0.485,0.456,0.409,0.507
0.616,0.38,0.487,0.503,0.34,0.485,0.456,0.409,0.507,0.387
0.38,0.487,0.503,0.34,0.485,0.456,0.409,0.507,0.387,0.488
0.487,0.503,0.34,0.485,0.456,0.409,0.507,0.387,0.488,0.391
0.503,0.34,0.485,0.456,0.409,0.507,0.387,0.488,0.391,0.449
0.34,0.485,0.456,0.409,0.507,0.387,0.488,0.391,0.449,0.471
0.485,0.456,0.409,0.507,0.387,0.488,0.391,0.449,0.471,0.403
0.456,0.409,0.507,0.387,0.488,0.391,0.449,0.471,0.403,0.396
0.409,0.507,0.387,0.488,0.391,0.449,0.471,0.403,0.396,0.401
0.507,0.387,0.488,0.391,0.449,0.471,0.403,0.396,0.401,0.406
0.387,0.488,0.391,0.449,0.471,0.403,0.396,0.401,0.406,0.331
0.488,0.391,0.449,0.471,0.403,0.396,0.401,0.406,0.331,0.38
0.391,0.449,0.471,0.403,0.396,0.401,0.406,0.331,0.38,0.486
0.449,0.471,0.403,0.396,0.401,0.406,0.331,0.38,0.486,0.396
0.471,0.403,0.396,0.401,0.406,0.331,0.38,0.486,0.396,0.513
0.403,0.396,0.401,0.406,0.331,0.38,0.486,0.396,0.513,0.297
0.396,0.401,0.406,0.331,0.38,0.486,0.396,0.513,0.297,0.402
0.401,0.406,0.331,0.38,0.486,0.396,0.513,0.297,0.402,0.397
0.406,0.331,0.38,0.486,0.396,0.513,0.297,0.402,0.397,0.398
0.331,0.38,0.486,0.396,0.513,0.297,0.402,0.397,0.398,0.397
0.38,0.486,0.396,0.513,0.297,0.402,0.397,0.398,0.397,0.5
0.486,0.396,0.513,0.297,0.402,0.397,0.398,0.397,0.5,0.398
0.396,0.513,0.297,0.402,0.397,0.398,0.397,0.5,0.398,0.515
0.513,0.297,0.402,0.397,0.398,0.397,0.5,0.398,0.515,0.286
0.297,0.402,0.397,0.398,0.397,0.5,0.398,0.515,0.286,0.524
0.402,0.397,0.398,0.397,0.5,0.398,0.515,0.286,0.524,0.404
0.397,0.398,0.397,0.5,0.398,0.515,0.286,0.524,0.404,0.506
0.398,0.397,0.5,0.398,0.515,0.286,0.524,0.404,0.506,0.495
0.397,0.5,0.398,0.515,0.286,0.524,0.404,0.506,0.495,0.474
0.5,0.398,0.515,0.286,0.524,0.404,0.506,0.495,0.474,0.481
0.398,0.515,0.286,0.524,0.404,0.506,0.495,0.474,0.481,0.478
0.515,0.286,0.524,0.404,0.506,0.495,0.474,0.481,0.478,0.36
0.286,0.524,0.404,0.506,0.495,0.474,0.481,0.478,0.36,0.592
0.524,0.404,0.506,0.495,0.474,0.481,0.478,0.36,0.592,0.476
0.404,0.506,0.495,0.474,0.481,0.478,0.36,0.592,0.476,0.477
0.506,0.495,0.474,0.481,0.478,0.36,0.592,0.476,0.477,0.478
0.495,0.474,0.481,0.478,0.36,0.592,0.476,0.477,0.478,0.49
0.474,0.481,0.478,0.36,0.592,0.476,0.477,0.478,0.49,0.471
0.481,0.478,0.36,0.592,0.476,0.477,0.478,0.49,0.471,0.47
0.478,0.36,0.592,0.476,0.477,0.478,0.49,0.471,0.47,0.357
0.36,0.592,0.476,0.477,0.478,0.49,0.471,0.47,0.357,0.473
0.592,0.476,0.477,0.478,0.49,0.471,0.47,0.357,0.473,0.37
0.476,0.477,0.478,0.49,0.471,0.47,0.357,0.473,0.37,0.475
0.477,0.478,0.49,0.471,0.47,0.357,0.473,0.37,0.475,0.381
0.478,0.49,0.471,0.47,0.357,0.473,0.37,0.475,0.381,0.37
0.49,0.471,0.47,0.357,0.473,0.37,0.475,0.381,0.37,0.276
0.471,0.47,0.357,0.473,0.37,0.475,0.381,0.37,0.276,0.396
0.47,0.357,0.473,0.37,0.475,0.381,0.37,0.276,0.396,0.388
0.357,0.473,0.37,0.475,0.381,0.37,0.276,0.396,0.388,0.417
0.473,0.37,0.475,0.381,0.37,0.276,0.396,0.388,0.417,0.48
0.37,0.475,0.381,0.37,0.276,0.396,0.388,0.417,0.48,0.374
0.475,0.381,0.37,0.276,0.396,0.388,0.417,0.48,0.374,0.646
0.381,0.37,0.276,0.396,0.388,0.417,0.48,0.374,0.646,0.55
0.37,0.276,0.396,0.388,0.417,0.48,0.374,0.646,0.55,0.365
0.276,0.396,0.388,0.417,0.48,0.374,0.646,0.55,0.365,0.386
0.396,0.388,0.417,0.48,0.374,0.646,0.55,0.365,0.386,0.374
0.388,0.417,0.48,0.374,0.646,0.55,0.365,0.386,0.374,0.51
0.417,0.48,0.374,0.646,0.55,0.365,0.386,0.374,0.51,0.507
0.48,0.374,0.646,0.55,0.365,0.386,0.374,0.51,0.507,0.492
0.374,0.646,0.55,0.365,0.386,0.374,0.51,0.507,0.492,0.375
0.646,0.55,0.365,0.386,0.374,0.51,0.507,0.492,0.375,0.338
0.55,0.365,0.386,0.374,0.51,0.507,0.492,0.375,0.338,0.312
0.365,0.386,0.374,0.51,0.507,0.492,0.375,0.338,0.312,0.331
0.386,0.374,0.51,0.507,0.492,0.375,0.338,0.312,0.331,0.333
0.374,0.51,0.507,0.492,0.375,0.338,0.312,0.331,0.333,0.306
0.51,0.507,0.492,0.375,0.338,0.312,0.331,0.333,0.306,0.439
0.507,0.492,0.375,0.338,0.312,0.331,0.333,0.306,0.439,0.215
0.492,0.375,0.338,0.312,0.331,0.333,0.306,0.439,0.215,0.332
0.375,0.338,0.312,0.331,0.333,0.306,0.439,0.215,0.332,0.436
0.338,0.312,0.331,0.333,0.306,0.439,0.215,0.332,0.436,0.21
0.312,0.331,0.333,0.306,0.439,0.215,0.332,0.436,0.21,0.319
0.331,0.333,0.306,0.439,0.215,0.332,0.436,0.21,0.319,0.341
0.333,0.306,0.439,0.215,0.332,0.436,0.21,0.319,0.341,0.226
0.306,0.439,0.215,0.332,0.436,0.21,0.319,0.341,0.226,0.446
0.439,0.215,0.332,0.436,0.21,0.319,0.341,0.226,0.446,0.342
0.215,0.332,0.436,0.21,0.319,0.341,0.226,0.446,0.342,0.317
0.332,0.436,0.21,0.319,0.341,0.226,0.446,0.342,0.317,0.33
0.436,0.21,0.319,0.341,0.226,0.446,0.342,0.317,0.33,0.318
0.21,0.319,0.341,0.226,0.446,0.342,0.317,0.33,0.318,0.432
0.319,0.341,0.226,0.446,0.342,0.317,0.33,0.318,0.432,0.329
0.341,0.226,0.446,0.342,0.317,0.33,0.318,0.432,0.329,0.332
0.226,0.446,0.342,0.317,0.33,0.318,0.432,0.329,0.332,0.316
0.446,0.342,0.317,0.33,0.318,0.432,0.329,0.332,0.316,0.557
0.342,0.317,0.33,0.318,0.432,0.329,0.332,0.316,0.557,0.448
0.317,0.33,0.318,0.432,0.329,0.332,0.316,0.557,0.448,0.315
0.33,0.318,0.432,0.329,0.332,0.316,0.557,0.448,0.315,0.215
0.318,0.432,0.329,0.332,0.316,0.557,0.448,0.315,0.215,0.339
0.432,0.329,0.332,0.316,0.557,0.448,0.315,0.215,0.339,0.213
0.329,0.332,0.316,0.557,0.448,0.315,0.215,0.339,0.213,0.33
0.332,0.316,0.557,0.448,0.315,0.215,0.339,0.213,0.33,0.338
0.316,0.557,0.448,0.315,0.215,0.339,0.213,0.33,0.338,0.205
0.557,0.448,0.315,0.215,0.339,0.213,0.33,0.338,0.205,0.207
0.448,0.315,0.215,0.339,0.213,0.33,0.338,0.205,0.207,0.438
0.315,0.215,0.339,0.213,0.33,0.338,0.205,0.207,0.438,0.326
0.215,0.339,0.213,0.33,0.338,0.205,0.207,0.438,0.326,0.209
0.339,0.213,0.33,0.338,0.205,0.207,0.438,0.326,0.209,0.314
0.213,0.33,0.338,0.205,0.207,0.438,0.326,0.209,0.314,0.321
0.33,0.338,0.205,0.207,0.438,0.326,0.209,0.314,0.321,0.206
0.338,0.205,0.207,0.438,0.326,0.209,0.314,0.321,0.206,0.209
0.205,0.207,0.438,0.326,0.209,0.314,0.321,0.206,0.209,0.316
0.207,0.438,0.326,0.209,0.314,0.321,0.206,0.209,0.316,0.213
0.438,0.326,0.209,0.314,0.321,0.206,0.209,0.316,0.213,0.211
0.326,0.209,0.314,0.321,0.206,0.209,0.316,0.213,0.211,0.214
0.209,0.314,0.321,0.206,0.209,0.316,0.213,0.211,0.214,0.341
0.314,0.321,0.206,0.209,0.316,0.213,0.211,0.214,0.341,0.325
0.321,0.206,0.209,0.316,0.213,0.211,0.214,0.341,0.325,0.21
0.206,0.209,0.316,0.213,0.211,0.214,0.341,0.325,0.21,0.206
0.209,0.316,0.213,0.211,0.214,0.341,0.325,0.21,0.206,0.208
0.316,0.213,0.211,0.214,0.341,0.325,0.21,0.206,0.208,0.208
0.213,0.211,0.214,0.341,0.325,0.21,0.206,0.208,0.208,0.206
0.211,0.214,0.341,0.325,0.21,0.206,0.208,0.208,0.206,0.209
0.214,0.341,0.325,0.21,0.206,0.208,0.208,0.206,0.209,0.203
0.341,0.325,0.21,0.206,0.208,0.208,0.206,0.209,0.203,0.446
0.325,0.21,0.206,0.208,0.208,0.206,0.209,0.203,0.446,0.222
0.21,0.206,0.208,0.208,0.206,0.209,0.203,0.446,0.222,0.28
0.206,0.208,0.208,0.206,0.209,0.203,0.446,0.222,0.28,0.1
0.208,0.208,0.206,0.209,0.203,0.446,0.222,0.28,0.1,0.178
0.208,0.206,0.209,0.203,0.446,0.222,0.28,0.1,0.178,0.118
0.206,0.209,0.203,0.446,0.222,0.28,0.1,0.178,0.118,0.471
0.209,0.203,0.446,0.222,0.28,0.1,0.178,0.118,0.471,0.372
0.203,0.446,0.222,0.28,0.1,0.178,0.118,0.471,0.372,0.134
0.446,0.222,0.28,0.1,0.178,0.118,0.471,0.372,0.134,0.543
0.222,0.28,0.1,0.178,0.118,0.471,0.372,0.134,0.543,0.807
0.28,0.1,0.178,0.118,0.471,0.372,0.134,0.543,0.807,0.543
0.1,0.178,0.118,0.471,0.372,0.134,0.543,0.807,0.543,0.353
0.178,0.118,0.471,0.372,0.134,0.543,0.807,0.543,0.353,0.23
0.118,0.471,0.372,0.134,0.543,0.807,0.543,0.353,0.23,0.231
0.471,0.372,0.134,0.543,0.807,0.543,0.353,0.23,0.231,0.232
0.372,0.134,0.543,0.807,0.543,0.353,0.23,0.231,0.232,0.236
0.134,0.543,0.807,0.543,0.353,0.23,0.231,0.232,0.236,0.233
0.543,0.807,0.543,0.353,0.23,0.231,0.232,0.236,0.233,0.234
0.807,0.543,0.353,0.23,0.231,0.232,0.236,0.233,0.234,0.114
0.543,0.353,0.23,0.231,0.232,0.236,0.233,0.234,0.114,0.242
0.353,0.23,0.231,0.232,0.236,0.233,0.234,0.114,0.242,0.138
0.23,0.231,0.232,0.236,0.233,0.234,0.114,0.242,0.138,0.124
0.231,0.232,0.236,0.233,0.234,0.114,0.242,0.138,0.124,0.205
0.232,0.236,0.233,0.234,0.114,0.242,0.138,0.124,0.205,0.184
0.236,0.233,0.234,0.114,0.242,0.138,0.124,0.205,0.184,0.145
0.233,0.234,0.114,0.242,0.138,0.124,0.205,0.184,0.145,0.01
0.234,0.114,0.242,0.138,0.124,0.205,0.184,0.145,0.01,0.105
0.114,0.242,0.138,0.124,0.205,0.184,0.145,0.01,0.105,0.122
0.242,0.138,0.124,0.205,0.184,0.145,0.01,0.105,0.122,0.104
0.138,0.124,0.205,0.184,0.145,0.01,0.105,0.122,0.104,0.117
0.124,0.205,0.184,0.145,0.01,0.105,0.122,0.104,0.117,0.102
0.205,0.184,0.145,0.01,0.105,0.122,0.104,0.117,0.102,0.107
0.184,0.145,0.01,0.105,0.122,0.104,0.117,0.102,0.107,0.122
0.145,0.01,0.105,0.122,0.104,0.117,0.102,0.107,0.122,0.103
0.01,0.105,0.122,0.104,0.117,0.102,0.107,0.122,0.103,0.127
0.105,0.122,0.104,0.117,0.102,0.107,0.122,0.103,0.127,0.115
0.122,0.104,0.117,0.102,0.107,0.122,0.103,0.127,0.115,0.13
0.104,0.117,0.102,0.107,0.122,0.103,0.127,0.115,0.13,0.11
0.117,0.102,0.107,0.122,0.103,0.127,0.115,0.13,0.11,0.125
0.102,0.107,0.122,0.103,0.127,0.115,0.13,0.11,0.125,0.01
0.107,0.122,0.103,0.127,0.115,0.13,0.11,0.125,0.01,0.126
0.122,0.103,0.127,0.115,0.13,0.11,0.125,0.01,0.126,0.229
0.103,0.127,0.115,0.13,0.11,0.125,0.01,0.126,0.229,0.225
0.127,0.115,0.13,0.11,0.125,0.01,0.126,0.229,0.225,0.109
0.115,0.13,0.11,0.125,0.01,0.126,0.229,0.225,0.109,0.115
0.13,0.11,0.125,0.01,0.126,0.229,0.225,0.109,0.115,0.102
0.11,0.125,0.01,0.126,0.229,0.225,0.109,0.115,0.102,0.123
0.125,0.01,0.126,0.229,0.225,0.109,0.115,0.102,0.123,0.13
0.01,0.126,0.229,0.225,0.109,0.115,0.102,0.123,0.13,0.113
0.126,0.229,0.225,0.109,0.115,0.102,0.123,0.13,0.113,0.124
0.229,0.225,0.109,0.115,0.102,0.123,0.13,0.113,0.124,0.558
0.225,0.109,0.115,0.102,0.123,0.13,0.113,0.124,0.558,0.567
0.109,0.115,0.102,0.123,0.13,0.113,0.124,0.558,0.567,1.155
0.115,0.102,0.123,0.13,0.113,0.124,0.558,0.567,1.155,0.457
0.102,0.123,0.13,0.113,0.124,0.558,0.567,1.155,0.457,0.942
0.123,0.13,0.113,0.124,0.558,0.567,1.155,0.457,0.942,3.329
0.13,0.113,0.124,0.558,0.567,1.155,0.457,0.942,3.329,0.229
0.113,0.124,0.558,0.567,1.155,0.457,0.942,3.329,0.229,0.286
0.124,0.558,0.567,1.155,0.457,0.942,3.329,0.229,0.286,0.108
0.558,0.567,1.155,0.457,0.942,3.329,0.229,0.286,0.108,0.128
0.567,1.155,0.457,0.942,3.329,0.229,0.286,0.108,0.128,0.105
1.155,0.457,0.942,3.329,0.229,0.286,0.108,0.128,0.105,0.111
0.457,0.942,3.329,0.229,0.286,0.108,0.128,0.105,0.111,0.13
0.942,3.329,0.229,0.286,0.108,0.128,0.105,0.111,0.13,0.24
3.329,0.229,0.286,0.108,0.128,0.105,0.111,0.13,0.24,0.238
0.229,0.286,0.108,0.128,0.105,0.111,0.13,0.24,0.238,0.023
0.286,0.108,0.128,0.105,0.111,0.13,0.24,0.238,0.023,0.338
0.108,0.128,0.105,0.111,0.13,0.24,0.238,0.023,0.338,0.23
0.128,0.105,0.111,0.13,0.24,0.238,0.023,0.338,0.23,0.133
0.105,0.111,0.13,0.24,0.238,0.023,0.338,0.23,0.133,0.123
0.111,0.13,0.24,0.238,0.023,0.338,0.23,0.133,0.123,0.137
0.13,0.24,0.238,0.023,0.338,0.23,0.133,0.123,0.137,0.324
0.24,0.238,0.023,0.338,0.23,0.133,0.123,0.137,0.324,0.218
0.238,0.023,0.338,0.23,0.133,0.123,0.137,0.324,0.218,0.13
0.023,0.338,0.23,0.133,0.123,0.137,0.324,0.218,0.13,0.094
0.338,0.23,0.133,0.123,0.137,0.324,0.218,0.13,0.094,0.117
0.23,0.133,0.123,0.137,0.324,0.218,0.13,0.094,0.117,0.227
0.133,0.123,0.137,0.324,0.218,0.13,0.094,0.117,0.227,0.448
0.123,0.137,0.324,0.218,0.13,0.094,0.117,0.227,0.448,0.109
0.137,0.324,0.218,0.13,0.094,0.117,0.227,0.448,0.109,0.126
0.324,0.218,0.13,0.094,0.117,0.227,0.448,0.109,0.126,0.219
0.218,0.13,0.094,0.117,0.227,0.448,0.109,0.126,0.219,0.106
0.13,0.094,0.117,0.227,0.448,0.109,0.126,0.219,0.106,0.01
0.094,0.117,0.227,0.448,0.109,0.126,0.219,0.106,0.01,0.105
0.117,0.227,0.448,0.109,0.126,0.219,0.106,0.01,0.105,0.128
0.227,0.448,0.109,0.126,0.219,0.106,0.01,0.105,0.128,0.102
0.448,0.109,0.126,0.219,0.106,0.01,0.105,0.128,0.102,0.122
0.109,0.126,0.219,0.106,0.01,0.105,0.128,0.102,0.122,0.099
0.126,0.219,0.106,0.01,0.105,0.128,0.102,0.122,0.099,0.22
0.219,0.106,0.01,0.105,0.128,0.102,0.122,0.099,0.22,0.336
0.106,0.01,0.105,0.128,0.102,0.122,0.099,0.22,0.336,0.217
0.01,0.105,0.128,0.102,0.122,0.099,0.22,0.336,0.217,0.108
0.105,0.128,0.102,0.122,0.099,0.22,0.336,0.217,0.108,0.119
0.128,0.102,0.122,0.099,0.22,0.336,0.217,0.108,0.119,0.101
0.102,0.122,0.099,0.22,0.336,0.217,0.108,0.119,0.101,0.126
0.122,0.099,0.22,0.336,0.217,0.108,0.119,0.101,0.126,0.01
0.099,0.22,0.336,0.217,0.108,0.119,0.101,0.126,0.01,0.156
0.22,0.336,0.217,0.108,0.119,0.101,0.126,0.01,0.156,0.04
0.336,0.217,0.108,0.119,0.101,0.126,0.01,0.156,0.04,0.135
0.217,0.108,0.119,0.101,0.126,0.01,0.156,0.04,0.135,0.475
0.108,0.119,0.101,0.126,0.01,0.156,0.04,0.135,0.475,0.458
0.119,0.101,0.126,0.01,0.156,0.04,0.135,0.475,0.458,0.203
0.101,0.126,0.01,0.156,0.04,0.135,0.475,0.458,0.203,0.205
0.126,0.01,0.156,0.04,0.135,0.475,0.458,0.203,0.205,0.203
0.01,0.156,0.04,0.135,0.475,0.458,0.203,0.205,0.203,1.111
0.156,0.04,0.135,0.475,0.458,0.203,0.205,0.203,1.111,0.645
0.04,0.135,0.475,0.458,0.203,0.205,0.203,1.111,0.645,0.318
0.135,0.475,0.458,0.203,0.205,0.203,1.111,0.645,0.318,0.307
0.475,0.458,0.203,0.205,0.203,1.111,0.645,0.318,0.307,0.33
0.458,0.203,0.205,0.203,1.111,0.645,0.318,0.307,0.33,0.227
0.203,0.205,0.203,1.111,0.645,0.318,0.307,0.33,0.227,0.219
0.205,0.203,1.111,0.645,0.318,0.307,0.33,0.227,0.219,0.238
0.203,1.111,0.645,0.318,0.307,0.33,0.227,0.219,0.238,0.219
1.111,0.645,0.318,0.307,0.33,0.227,0.219,0.238,0.219,0.211
0.645,0.318,0.307,0.33,0.227,0.219,0.238,0.219,0.211,0.101
0.318,0.307,0.33,0.227,0.219,0.238,0.219,0.211,0.101,0.34
0.307,0.33,0.227,0.219,0.238,0.219,0.211,0.101,0.34,0.53
0.33,0.227,0.219,0.238,0.219,0.211,0.101,0.34,0.53,0.33
0.227,0.219,0.238,0.219,0.211,0.101,0.34,0.53,0.33,0.217
0.219,0.238,0.219,0.211,0.101,0.34,0.53,0.33,0.217,0.317
0.238,0.219,0.211,0.101,0.34,0.53,0.33,0.217,0.317,0.115
0.219,0.211,0.101,0.34,0.53,0.33,0.217,0.317,0.115,0.22
0.211,0.101,0.34,0.53,0.33,0.217,0.317,0.115,0.22,0.216
0.101,0.34,0.53,0.33,0.217,0.317,0.115,0.22,0.216,0.1
0.34,0.53,0.33,0.217,0.317,0.115,0.22,0.216,0.1,0.442
0.53,0.33,0.217,0.317,0.115,0.22,0.216,0.1,0.442,0.559
0.33,0.217,0.317,0.115,0.22,0.216,0.1,0.442,0.559,0.553
0.217,0.317,0.115,0.22,0.216,0.1,0.442,0.559,0.553,0.538
0.317,0.115,0.22,0.216,0.1,0.442,0.559,0.553,0.538,0.452
0.115,0.22,0.216,0.1,0.442,0.559,0.553,0.538,0.452,0.311
0.22,0.216,0.1,0.442,0.559,0.553,0.538,0.452,0.311,0.332
0.216,0.1,0.442,0.559,0.553,0.538,0.452,0.311,0.332,0.323
0.1,0.442,0.559,0.553,0.538,0.452,0.311,0.332,0.323,0.345
0.442,0.559,0.553,0.538,0.452,0.311,0.332,0.323,0.345,0.363
0.559,0.553,0.538,0.452,0.311,0.332,0.323,0.345,0.363,0.358
0.553,0.538,0.452,0.311,0.332,0.323,0.345,0.363,0.358,0.34
0.538,0.452,0.311,0.332,0.323,0.345,0.363,0.358,0.34,0.351
0.452,0.311,0.332,0.323,0.345,0.363,0.358,0.34,0.351,0.246
0.311,0.332,0.323,0.345,0.363,0.358,0.34,0.351,0.246,0.363
0.332,0.323,0.345,0.363,0.358,0.34,0.351,0.246,0.363,0.242
0.323,0.345,0.363,0.358,0.34,0.351,0.246,0.363,0.242,0.349
0.345,0.363,0.358,0.34,0.351,0.246,0.363,0.242,0.349,0.247
0.363,0.358,0.34,0.351,0.246,0.363,0.242,0.349,0.247,0.366
0.358,0.34,0.351,0.246,0.363,0.242,0.349,0.247,0.366,0.191
0.34,0.351,0.246,0.363,0.242,0.349,0.247,0.366,0.191,0.269
0.351,0.246,0.363,0.242,0.349,0.247,0.366,0.191,0.269,0.214
0.246,0.363,0.242,0.349,0.247,0.366,0.191,0.269,0.214,0.216
0.363,0.242,0.349,0.247,0.366,0.191,0.269,0.214,0.216,0.32
0.242,0.349,0.247,0.366,0.191,0.269,0.214,0.216,0.32,0.34
0.349,0.247,0.366,0.191,0.269,0.214,0.216,0.32,0.34,1.027
0.247,0.366,0.191,0.269,0.214,0.216,0.32,0.34,1.027,0.443
0.366,0.191,0.269,0.214,0.216,0.32,0.34,1.027,0.443,0.798
0.191,0.269,0.214,0.216,0.32,0.34,1.027,0.443,0.798,0.559
0.269,0.214,0.216,0.32,0.34,1.027,0.443,0.798,0.559,0.45
0.214,0.216,0.32,0.34,1.027,0.443,0.798,0.559,0.45,0.45
0.216,0.32,0.34,1.027,0.443,0.798,0.559,0.45,0.45,0.57
0.32,0.34,1.027,0.443,0.798,0.559,0.45,0.45,0.57,2.088
0.34,1.027,0.443,0.798,0.559,0.45,0.45,0.57,2.088,2.109
1.027,0.443,0.798,0.559,0.45,0.45,0.57,2.088,2.109,1.625
0.443,0.798,0.559,0.45,0.45,0.57,2.088,2.109,1.625,1.545
0.798,0.559,0.45,0.45,0.57,2.088,2.109,1.625,1.545,1.206
0.559,0.45,0.45,0.57,2.088,2.109,1.625,1.545,1.206,1.202
0.45,0.45,0.57,2.088,2.109,1.625,1.545,1.206,1.202,0.876
0.45,0.57,2.088,2.109,1.625,1.545,1.206,1.202,0.876,0.966
0.57,2.088,2.109,1.625,1.545,1.206,1.202,0.876,0.966,0.863
2.088,2.109,1.625,1.545,1.206,1.202,0.876,0.966,0.863,0.849
2.109,1.625,1.545,1.206,1.202,0.876,0.966,0.863,0.849,0.745
1.625,1.545,1.206,1.202,0.876,0.966,0.863,0.849,0.745,0.733
1.545,1.206,1.202,0.876,0.966,0.863,0.849,0.745,0.733,0.73
1.206,1.202,0.876,0.966,0.863,0.849,0.745,0.733,0.73,0.501
1.202,0.876,0.966,0.863,0.849,0.745,0.733,0.73,0.501,0.618
0.876,0.966,0.863,0.849,0.745,0.733,0.73,0.501,0.618,0.599
0.966,0.863,0.849,0.745,0.733,0.73,0.501,0.618,0.599,0.619
0.863,0.849,0.745,0.733,0.73,0.501,0.618,0.599,0.619,0.492
0.849,0.745,0.733,0.73,0.501,0.618,0.599,0.619,0.492,0.48
0.745,0.733,0.73,0.501,0.618,0.599,0.619,0.492,0.48,0.488
0.733,0.73,0.501,0.618,0.599,0.619,0.492,0.48,0.488,0.38
0.73,0.501,0.618,0.599,0.619,0.492,0.48,0.488,0.38,0.389
0.501,0.618,0.599,0.619,0.492,0.48,0.488,0.38,0.389,0.487
0.618,0.599,0.619,0.492,0.48,0.488,0.38,0.389,0.487,0.36
0.599,0.619,0.492,0.48,0.488,0.38,0.389,0.487,0.36,0.502
0.619,0.492,0.48,0.488,0.38,0.389,0.487,0.36,0.502,0.264
0.492,0.48,0.488,0.38,0.389,0.487,0.36,0.502,0.264,0.507
0.48,0.488,0.38,0.389,0.487,0.36,0.502,0.264,0.507,0.516
0.488,0.38,0.389,0.487,0.36,0.502,0.264,0.507,0.516,0.37
0.38,0.389,0.487,0.36,0.502,0.264,0.507,0.516,0.37,0.388
0.389,0.487,0.36,0.502,0.264,0.507,0.516,0.37,0.388,0.267
0.487,0.36,0.502,0.264,0.507,0.516,0.37,0.388,0.267,0.366
0.36,0.502,0.264,0.507,0.516,0.37,0.388,0.267,0.366,0.385
0.502,0.264,0.507,0.516,0.37,0.388,0.267,0.366,0.385,0.256
0.264,0.507,0.516,0.37,0.388,0.267,0.366,0.385,0.256,0.371
0.507,0.516,0.37,0.388,0.267,0.366,0.385,0.256,0.371,0.257
0.516,0.37,0.388,0.267,0.366,0.385,0.256,0.371,0.257,0.252
0.37,0.388,0.267,0.366,0.385,0.256,0.371,0.257,0.252,0.257
0.388,0.267,0.366,0.385,0.256,0.371,0.257,0.252,0.257,0.243
0.267,0.366,0.385,0.256,0.371,0.257,0.252,0.257,0.243,0.382
0.366,0.385,0.256,0.371,0.257,0.252,0.257,0.243,0.382,0.36
0.385,0.256,0.371,0.257,0.252,0.257,0.243,0.382,0.36,0.25
0.256,0.371,0.257,0.252,0.257,0.243,0.382,0.36,0.25,0.511
0.371,0.257,0.252,0.257,0.243,0.382,0.36,0.25,0.511,0.359
0.257,0.252,0.257,0.243,0.382,0.36,0.25,0.511,0.359,0.501
0.252,0.257,0.243,0.382,0.36,0.25,0.511,0.359,0.501,0.385
0.257,0.243,0.382,0.36,0.25,0.511,0.359,0.501,0.385,0.369
0.243,0.382,0.36,0.25,0.511,0.359,0.501,0.385,0.369,0.385
0.382,0.36,0.25,0.511,0.359,0.501,0.385,0.369,0.385,0.361
0.36,0.25,0.511,0.359,0.501,0.385,0.369,0.385,0.361,0.241
0.25,0.511,0.359,0.501,0.385,0.369,0.385,0.361,0.241,0.626
0.511,0.359,0.501,0.385,0.369,0.385,0.361,0.241,0.626,0.62
0.359,0.501,0.385,0.369,0.385,0.361,0.241,0.626,0.62,0.489
0.501,0.385,0.369,0.385,0.361,0.241,0.626,0.62,0.489,0.738
0.385,0.369,0.385,0.361,0.241,0.626,0.62,0.489,0.738,0.497
0.369,0.385,0.361,0.241,0.626,0.62,0.489,0.738,0.497,0.49
0.385,0.361,0.241,0.626,0.62,0.489,0.738,0.497,0.49,0.623
0.361,0.241,0.626,0.62,0.489,0.738,0.497,0.49,0.623,1.065
0.241,0.626,0.62,0.489,0.738,0.497,0.49,0.623,1.065,0.894
0.626,0.62,0.489,0.738,0.497,0.49,0.623,1.065,0.894,0.817
0.62,0.489,0.738,0.497,0.49,0.623,1.065,0.894,0.817,0.838
0.489,0.738,0.497,0.49,0.623,1.065,0.894,0.817,0.838,0.699
0.738,0.497,0.49,0.623,1.065,0.894,0.817,0.838,0.699,0.833
0.497,0.49,0.623,1.065,0.894,0.817,0.838,0.699,0.833,0.684
0.49,0.623,1.065,0.894,0.817,0.838,0.699,0.833,0.684,0.912
0.623,1.065,0.894,0.817,0.838,0.699,0.833,0.684,0.912,0.695
1.065,0.894,0.817,0.838,0.699,0.833,0.684,0.912,0.695,0.815
0.894,0.817,0.838,0.699,0.833,0.684,0.912,0.695,0.815,0.702
0.817,0.838,0.699,0.833,0.684,0.912,0.695,0.815,0.702,0.707
0.838,0.699,0.833,0.684,0.912,0.695,0.815,0.702,0.707,0.705
0.699,0.833,0.684,0.912,0.695,0.815,0.702,0.707,0.705,0.587
0.833,0.684,0.912,0.695,0.815,0.702,0.707,0.705,0.587,0.567
0.684,0.912,0.695,0.815,0.702,0.707,0.705,0.587,0.567,0.7
0.912,0.695,0.815,0.702,0.707,0.705,0.587,0.567,0.7,0.701
0.695,0.815,0.702,0.707,0.705,0.587,0.567,0.7,0.701,0.704
0.815,0.702,0.707,0.705,0.587,0.567,0.7,0.701,0.704,0.704
0.702,0.707,0.705,0.587,0.567,0.7,0.701,0.704,0.704,0.465
0.707,0.705,0.587,0.567,0.7,0.701,0.704,0.704,0.465,0.571
0.705,0.587,0.567,0.7,0.701,0.704,0.704,0.465,0.571,0.842
0.587,0.567,0.7,0.701,0.704,0.704,0.465,0.571,0.842,1.639
0.567,0.7,0.701,0.704,0.704,0.465,0.571,0.842,1.639,4.322
0.7,0.701,0.704,0.704,0.465,0.571,0.842,1.639,4.322,3.374
0.701,0.704,0.704,0.465,0.571,0.842,1.639,4.322,3.374,2.873
0.704,0.704,0.465,0.571,0.842,1.639,4.322,3.374,2.873,2.356
0.704,0.465,0.571,0.842,1.639,4.322,3.374,2.873,2.356,2.271
0.465,0.571,0.842,1.639,4.322,3.374,2.873,2.356,2.271,1.738
0.571,0.842,1.639,4.322,3.374,2.873,2.356,2.271,1.738,1.594
0.842,1.639,4.322,3.374,2.873,2.356,2.271,1.738,1.594,1.437
1.639,4.322,3.374,2.873,2.356,2.271,1.738,1.594,1.437,1.373
4.322,3.374,2.873,2.356,2.271,1.738,1.594,1.437,1.373,1.201
3.374,2.873,2.356,2.271,1.738,1.594,1.437,1.373,1.201,0.95
2.873,2.356,2.271,1.738,1.594,1.437,1.373,1.201,0.95,0.972
2.356,2.271,1.738,1.594,1.437,1.373,1.201,0.95,0.972,0.571
2.271,1.738,1.594,1.437,1.373,1.201,0.95,0.972,0.571,0.723
1.738,1.594,1.437,1.373,1.201,0.95,0.972,0.571,0.723,0.577
1.594,1.437,1.373,1.201,0.95,0.972,0.571,0.723,0.577,0.598
1.437,1.373,1.201,0.95,0.972,0.571,0.723,0.577,0.598,0.717
1.373,1.201,0.95,0.972,0.571,0.723,0.577,0.598,0.717,0.769
1.201,0.95,0.972,0.571,0.723,0.577,0.598,0.717,0.769,0.697
0.95,0.972,0.571,0.723,0.577,0.598,0.717,0.769,0.697,0.452
0.972,0.571,0.723,0.577,0.598,0.717,0.769,0.697,0.452,0.691
0.571,0.723,0.577,0.598,0.717,0.769,0.697,0.452,0.691,0.345
0.723,0.577,0.598,0.717,0.769,0.697,0.452,0.691,0.345,0.378
0.577,0.598,0.717,0.769,0.697,0.452,0.691,0.345,0.378,0.464
0.598,0.717,0.769,0.697,0.452,0.691,0.345,0.378,0.464,0.478
0.717,0.769,0.697,0.452,0.691,0.345,0.378,0.464,0.478,0.264
0.769,0.697,0.452,0.691,0.345,0.378,0.464,0.478,0.264,0.395
0.697,0.452,0.691,0.345,0.378,0.464,0.478,0.264,0.395,0.36
0.452,0.691,0.345,0.378,0.464,0.478,0.264,0.395,0.36,0.399
0.691,0.345,0.378,0.464,0.478,0.264,0.395,0.36,0.399,0.404
0.345,0.378,0.464,0.478,0.264,0.395,0.36,0.399,0.404,0.588
0.378,0.464,0.478,0.264,0.395,0.36,0.399,0.404,0.588,0.643
0.464,0.478,0.264,0.395,0.36,0.399,0.404,0.588,0.643,0.461
0.478,0.264,0.395,0.36,0.399,0.404,0.588,0.643,0.461,0.446
0.264,0.395,0.36,0.399,0.404,0.588,0.643,0.461,0.446,0.335
0.395,0.36,0.399,0.404,0.588,0.643,0.461,0.446,0.335,0.336
0.36,0.399,0.404,0.588,0.643,0.461,0.446,0.335,0.336,0.403
0.399,0.404,0.588,0.643,0.461,0.446,0.335,0.336,0.403,0.349
0.404,0.588,0.643,0.461,0.446,0.335,0.336,0.403,0.349,0.352
0.588,0.643,0.461,0.446,0.335,0.336,0.403,0.349,0.352,0.273
0.643,0.461,0.446,0.335,0.336,0.403,0.349,0.352,0.273,0.361
0.461,0.446,0.335,0.336,0.403,0.349,0.352,0.273,0.361,0.448
0.446,0.335,0.336,0.403,0.349,0.352,0.273,0.361,0.448,0.43
0.335,0.336,0.403,0.349,0.352,0.273,0.361,0.448,0.43,0.368
0.336,0.403,0.349,0.352,0.273,0.361,0.448,0.43,0.368,0.315
0.403,0.349,0.352,0.273,0.361,0.448,0.43,0.368,0.315,0.456
0.349,0.352,0.273,0.361,0.448,0.43,0.368,0.315,0.456,0.331
0.352,0.273,0.361,0.448,0.43,0.368,0.315,0.456,0.331,0.338
0.273,0.361,0.448,0.43,0.368,0.315,0.456,0.331,0.338,0.398
0.361,0.448,0.43,0.368,0.315,0.456,0.331,0.338,0.398,0.369
0.448,0.43,0.368,0.315,0.456,0.331,0.338,0.398,0.369,0.394
0.43,0.368,0.315,0.456,0.331,0.338,0.398,0.369,0.394,0.746
0.368,0.315,0.456,0.331,0.338,0.398,0.369,0.394,0.746,0.589
0.315,0.456,0.331,0.338,0.398,0.369,0.394,0.746,0.589,0.637
0.456,0.331,0.338,0.398,0.369,0.394,0.746,0.589,0.637,0.618
0.331,0.338,0.398,0.369,0.394,0.746,0.589,0.637,0.618,0.622
0.338,0.398,0.369,0.394,0.746,0.589,0.637,0.618,0.622,0.607
0.398,0.369,0.394,0.746,0.589,0.637,0.618,0.622,0.607,0.62
0.369,0.394,0.746,0.589,0.637,0.618,0.622,0.607,0.62,0.735
0.394,0.746,0.589,0.637,0.618,0.622,0.607,0.62,0.735,0.869
0.746,0.589,0.637,0.618,0.622,0.607,0.62,0.735,0.869,0.981
0.589,0.637,0.618,0.622,0.607,0.62,0.735,0.869,0.981,1.115
0.637,0.618,0.622,0.607,0.62,0.735,0.869,0.981,1.115,1.115
0.618,0.622,0.607,0.62,0.735,0.869,0.981,1.115,1.115,1.232
0.622,0.607,0.62,0.735,0.869,0.981,1.115,1.115,1.232,1.123
0.607,0.62,0.735,0.869,0.981,1.115,1.115,1.232,1.123,1.376
0.62,0.735,0.869,0.981,1.115,1.115,1.232,1.123,1.376,1.367
0.735,0.869,0.981,1.115,1.115,1.232,1.123,1.376,1.367,1.249
0.869,0.981,1.115,1.115,1.232,1.123,1.376,1.367,1.249,1.364
0.981,1.115,1.115,1.232,1.123,1.376,1.367,1.249,1.364,1.37
1.115,1.115,1.232,1.123,1.376,1.367,1.249,1.364,1.37,1.384
1.115,1.232,1.123,1.376,1.367,1.249,1.364,1.37,1.384,1.123
1.232,1.123,1.376,1.367,1.249,1.364,1.37,1.384,1.123,0.977
1.123,1.376,1.367,1.249,1.364,1.37,1.384,1.123,0.977,0.955
1.376,1.367,1.249,1.364,1.37,1.384,1.123,0.977,0.955,0.97
1.367,1.249,1.364,1.37,1.384,1.123,0.977,0.955,0.97,0.861
1.249,1.364,1.37,1.384,1.123,0.977,0.955,0.97,0.861,0.935
1.364,1.37,1.384,1.123,0.977,0.955,0.97,0.861,0.935,0.877
1.37,1.384,1.123,0.977,0.955,0.97,0.861,0.935,0.877,1.143
1.384,1.123,0.977,0.955,0.97,0.861,0.935,0.877,1.143,1.181
1.123,0.977,0.955,0.97,0.861,0.935,0.877,1.143,1.181,1.269
0.977,0.955,0.97,0.861,0.935,0.877,1.143,1.181,1.269,0.984
0.955,0.97,0.861,0.935,0.877,1.143,1.181,1.269,0.984,1.131
0.97,0.861,0.935,0.877,1.143,1.181,1.269,0.984,1.131,0.869
0.861,0.935,0.877,1.143,1.181,1.269,0.984,1.131,0.869,1.034
0.935,0.877,1.143,1.181,1.269,0.984,1.131,0.869,1.034,0.881
0.877,1.143,1.181,1.269,0.984,1.131,0.869,1.034,0.881,0.892
1.143,1.181,1.269,0.984,1.131,0.869,1.034,0.881,0.892,0.791
1.181,1.269,0.984,1.131,0.869,1.034,0.881,0.892,0.791,0.753
1.269,0.984,1.131,0.869,1.034,0.881,0.892,0.791,0.753,0.797
0.984,1.131,0.869,1.034,0.881,0.892,0.791,0.753,0.797,0.808
1.131,0.869,1.034,0.881,0.892,0.791,0.753,0.797,0.808,0.77
0.869,1.034,0.881,0.892,0.791,0.753,0.797,0.808,0.77,0.644
1.034,0.881,0.892,0.791,0.753,0.797,0.808,0.77,0.644,0.745
0.881,0.892,0.791,0.753,0.797,0.808,0.77,0.644,0.745,0.581
0.892,0.791,0.753,0.797,0.808,0.77,0.644,0.745,0.581,0.593
0.791,0.753,0.797,0.808,0.77,0.644,0.745,0.581,0.593,0.493
0.753,0.797,0.808,0.77,0.644,0.745,0.581,0.593,0.493,0.582
0.797,0.808,0.77,0.644,0.745,0.581,0.593,0.493,0.582,0.518
0.808,0.77,0.644,0.745,0.581,0.593,0.493,0.582,0.518,0.37
0.77,0.644,0.745,0.581,0.593,0.493,0.582,0.518,0.37,0.382
0.644,0.745,0.581,0.593,0.493,0.582,0.518,0.37,0.382,0.388
0.745,0.581,0.593,0.493,0.582,0.518,0.37,0.382,0.388,0.515
0.581,0.593,0.493,0.582,0.518,0.37,0.382,0.388,0.515,0.522
0.593,0.493,0.582,0.518,0.37,0.382,0.388,0.515,0.522,0.395
0.493,0.582,0.518,0.37,0.382,0.388,0.515,0.522,0.395,0.521
0.582,0.518,0.37,0.382,0.388,0.515,0.522,0.395,0.521,0.521
0.518,0.37,0.382,0.388,0.515,0.522,0.395,0.521,0.521,0.79
0.37,0.382,0.388,0.515,0.522,0.395,0.521,0.521,0.79,0.93
0.382,0.388,0.515,0.522,0.395,0.521,0.521,0.79,0.93,0.654
0.388,0.515,0.522,0.395,0.521,0.521,0.79,0.93,0.654,0.513
0.515,0.522,0.395,0.521,0.521,0.79,0.93,0.654,0.513,0.513
0.522,0.395,0.521,0.521,0.79,0.93,0.654,0.513,0.513,0.516
0.395,0.521,0.521,0.79,0.93,0.654,0.513,0.513,0.516,0.515
0.521,0.521,0.79,0.93,0.654,0.513,0.513,0.516,0.515,0.52
0.521,0.79,0.93,0.654,0.513,0.513,0.516,0.515,0.52,0.398
0.79,0.93,0.654,0.513,0.513,0.516,0.515,0.52,0.398,0.775
0.93,0.654,0.513,0.513,0.516,0.515,0.52,0.398,0.775,0.257
0.654,0.513,0.513,0.516,0.515,0.52,0.398,0.775,0.257,0.384
0.513,0.513,0.516,0.515,0.52,0.398,0.775,0.257,0.384,0.254
0.513,0.516,0.515,0.52,0.398,0.775,0.257,0.384,0.254,0.392
0.516,0.515,0.52,0.398,0.775,0.257,0.384,0.254,0.392,0.242
0.515,0.52,0.398,0.775,0.257,0.384,0.254,0.392,0.242,0.383
0.52,0.398,0.775,0.257,0.384,0.254,0.392,0.242,0.383,0.25
0.398,0.775,0.257,0.384,0.254,0.392,0.242,0.383,0.25,0.372
0.775,0.257,0.384,0.254,0.392,0.242,0.383,0.25,0.372,0.255
0.257,0.384,0.254,0.392,0.242,0.383,0.25,0.372,0.255,0.136
0.384,0.254,0.392,0.242,0.383,0.25,0.372,0.255,0.136,0.259
0.254,0.392,0.242,0.383,0.25,0.372,0.255,0.136,0.259,0.253
0.392,0.242,0.383,0.25,0.372,0.255,0.136,0.259,0.253,0.647
0.242,0.383,0.25,0.372,0.255,0.136,0.259,0.253,0.647,0.111
0.383,0.25,0.372,0.255,0.136,0.259,0.253,0.647,0.111,0.246
0.25,0.372,0.255,0.136,0.259,0.253,0.647,0.111,0.246,0.099
0.372,0.255,0.136,0.259,0.253,0.647,0.111,0.246,0.099,0.238
0.255,0.136,0.259,0.253,0.647,0.111,0.246,0.099,0.238,0.244
0.136,0.259,0.253,0.647,0.111,0.246,0.099,0.238,0.244,0.106
0.259,0.253,0.647,0.111,0.246,0.099,0.238,0.244,0.106,0.238
0.253,0.647,0.111,0.246,0.099,0.238,0.244,0.106,0.238,0.152
0.647,0.111,0.246,0.099,0.238,0.244,0.106,0.238,0.152,0.121
0.111,0.246,0.099,0.238,0.244,0.106,0.238,0.152,0.121,0.249
0.246,0.099,0.238,0.244,0.106,0.238,0.152,0.121,0.249,0.108
0.099,0.238,0.244,0.106,0.238,0.152,0.121,0.249,0.108,0.123
0.238,0.244,0.106,0.238,0.152,0.121,0.249,0.108,0.123,0.11
0.244,0.106,0.238,0.152,0.121,0.249,0.108,0.123,0.11,0.25
0.106,0.238,0.152,0.121,0.249,0.108,0.123,0.11,0.25,0.129
0.238,0.152,0.121,0.249,0.108,0.123,0.11,0.25,0.129,0.117
0.152,0.121,0.249,0.108,0.123,0.11,0.25,0.129,0.117,0.005
0.121,0.249,0.108,0.123,0.11,0.25,0.129,0.117,0.005,0.251
0.249,0.108,0.123,0.11,0.25,0.129,0.117,0.005,0.251,0.121
0.108,0.123,0.11,0.25,0.129,0.117,0.005,0.251,0.121,0.41
0.123,0.11,0.25,0.129,0.117,0.005,0.251,0.121,0.41,0.259
0.11,0.25,0.129,0.117,0.005,0.251,0.121,0.41,0.259,0.113
0.25,0.129,0.117,0.005,0.251,0.121,0.41,0.259,0.113,0.125
0.129,0.117,0.005,0.251,0.121,0.41,0.259,0.113,0.125,0.132
0.117,0.005,0.251,0.121,0.41,0.259,0.113,0.125,0.132,0.233
0.005,0.251,0.121,0.41,0.259,0.113,0.125,0.132,0.233,0.138
0.251,0.121,0.41,0.259,0.113,0.125,0.132,0.233,0.138,0.113
0.121,0.41,0.259,0.113,0.125,0.132,0.233,0.138,0.113,0.01
0.41,0.259,0.113,0.125,0.132,0.233,0.138,0.113,0.01,0.115
0.259,0.113,0.125,0.132,0.233,0.138,0.113,0.01,0.115,0.394
0.113,0.125,0.132,0.233,0.138,0.113,0.01,0.115,0.394,0.246
0.125,0.132,0.233,0.138,0.113,0.01,0.115,0.394,0.246,0.103
0.132,0.233,0.138,0.113,0.01,0.115,0.394,0.246,0.103,0.123
0.233,0.138,0.113,0.01,0.115,0.394,0.246,0.103,0.123,0.505
0.138,0.113,0.01,0.115,0.394,0.246,0.103,0.123,0.505,0.246
0.113,0.01,0.115,0.394,0.246,0.103,0.123,0.505,0.246,0.248
0.01,0.115,0.394,0.246,0.103,0.123,0.505,0.246,0.248,0.228
0.115,0.394,0.246,0.103,0.123,0.505,0.246,0.248,0.228,0.103
0.394,0.246,0.103,0.123,0.505,0.246,0.248,0.228,0.103,0.246
0.246,0.103,0.123,0.505,0.246,0.248,0.228,0.103,0.246,0.125
0.103,0.123,0.505,0.246,0.248,0.228,0.103,0.246,0.125,0.126
0.123,0.505,0.246,0.248,0.228,0.103,0.246,0.125,0.126,0.109
0.505,0.246,0.248,0.228,0.103,0.246,0.125,0.126,0.109,0.108
0.246,0.248,0.228,0.103,0.246,0.125,0.126,0.109,0.108,0.108
0.248,0.228,0.103,0.246,0.125,0.126,0.109,0.108,0.108,0.01
0.228,0.103,0.246,0.125,0.126,0.109,0.108,0.108,0.01,0.01
0.103,0.246,0.125,0.126,0.109,0.108,0.108,0.01,0.01,0.121
0.246,0.125,0.126,0.109,0.108,0.108,0.01,0.01,0.121,0.142
0.125,0.126,0.109,0.108,0.108,0.01,0.01,0.121,0.142,0.641
0.126,0.109,0.108,0.108,0.01,0.01,0.121,0.142,0.641,0.254
0.109,0.108,0.108,0.01,0.01,0.121,0.142,0.641,0.254,0.116
0.108,0.108,0.01,0.01,0.121,0.142,0.641,0.254,0.116,0.098
0.108,0.01,0.01,0.121,0.142,0.641,0.254,0.116,0.098,0.001
0.01,0.01,0.121,0.142,0.641,0.254,0.116,0.098,0.001,0.116
0.01,0.121,0.142,0.641,0.254,0.116,0.098,0.001,0.116,0.094
0.121,0.142,0.641,0.254,0.116,0.098,0.001,0.116,0.094,0.123
0.142,0.641,0.254,0.116,0.098,0.001,0.116,0.094,0.123,0.095
0.641,0.254,0.116,0.098,0.001,0.116,0.094,0.123,0.095,0.096
0.254,0.116,0.098,0.001,0.116,0.094,0.123,0.095,0.096,0.01
0.116,0.098,0.001,0.116,0.094,0.123,0.095,0.096,0.01,0.107
0.098,0.001,0.116,0.094,0.123,0.095,0.096,0.01,0.107,0.01
0.001,0.116,0.094,0.123,0.095,0.096,0.01,0.107,0.01,0.112
0.116,0.094,0.123,0.095,0.096,0.01,0.107,0.01,0.112,0.001
0.094,0.123,0.095,0.096,0.01,0.107,0.01,0.112,0.001,0.256
0.123,0.095,0.096,0.01,0.107,0.01,0.112,0.001,0.256,0.119
0.095,0.096,0.01,0.107,0.01,0.112,0.001,0.256,0.119,0.117
0.096,0.01,0.107,0.01,0.112,0.001,0.256,0.119,0.117,0.02
0.01,0.107,0.01,0.112,0.001,0.256,0.119,0.117,0.02,0.102
0.107,0.01,0.112,0.001,0.256,0.119,0.117,0.02,0.102,0.02
0.01,0.112,0.001,0.256,0.119,0.117,0.02,0.102,0.02,0.118
0.112,0.001,0.256,0.119,0.117,0.02,0.102,0.02,0.118,0.01
0.001,0.256,0.119,0.117,0.02,0.102,0.02,0.118,0.01,0.01
0.256,0.119,0.117,0.02,0.102,0.02,0.118,0.01,0.01,0.01
0.119,0.117,0.02,0.102,0.02,0.118,0.01,0.01,0.01,0.116
0.117,0.02,0.102,0.02,0.118,0.01,0.01,0.01,0.116,0.01
0.02,0.102,0.02,0.118,0.01,0.01,0.01,0.116,0.01,0.02
0.102,0.02,0.118,0.01,0.01,0.01,0.116,0.01,0.02,0.133
0.02,0.118,0.01,0.01,0.01,0.116,0.01,0.02,0.133,0.01
0.118,0.01,0.01,0.01,0.116,0.01,0.02,0.133,0.01,0.001
0.01,0.01,0.01,0.116,0.01,0.02,0.133,0.01,0.001,0.015
0.01,0.01,0.116,0.01,0.02,0.133,0.01,0.001,0.015,0.004
0.01,0.116,0.01,0.02,0.133,0.01,0.001,0.015,0.004,0.001
0.116,0.01,0.02,0.133,0.01,0.001,0.015,0.004,0.001,0.029
0.01,0.02,0.133,0.01,0.001,0.015,0.004,0.001,0.029,0.01
0.02,0.133,0.01,0.001,0.015,0.004,0.001,0.029,0.01,0.02
0.133,0.01,0.001,0.015,0.004,0.001,0.029,0.01,0.02,0.011
0.01,0.001,0.015,0.004,0.001,0.029,0.01,0.02,0.011,0.126
0.001,0.015,0.004,0.001,0.029,0.01,0.02,0.011,0.126,0.147
0.015,0.004,0.001,0.029,0.01,0.02,0.011,0.126,0.147,0.256
0.004,0.001,0.029,0.01,0.02,0.011,0.126,0.147,0.256,0.496
0.001,0.029,0.01,0.02,0.011,0.126,0.147,0.256,0.496,0.236
0.029,0.01,0.02,0.011,0.126,0.147,0.256,0.496,0.236,0.231
0.01,0.02,0.011,0.126,0.147,0.256,0.496,0.236,0.231,0.126
0.02,0.011,0.126,0.147,0.256,0.496,0.236,0.231,0.126,0.16
0.011,0.126,0.147,0.256,0.496,0.236,0.231,0.126,0.16,0.085
0.126,0.147,0.256,0.496,0.236,0.231,0.126,0.16,0.085,0.05
0.147,0.256,0.496,0.236,0.231,0.126,0.16,0.085,0.05,0.147
0.256,0.496,0.236,0.231,0.126,0.16,0.085,0.05,0.147,0.131
0.496,0.236,0.231,0.126,0.16,0.085,0.05,0.147,0.131,0.007
0.236,0.231,0.126,0.16,0.085,0.05,0.147,0.131,0.007,0.103
0.231,0.126,0.16,0.085,0.05,0.147,0.131,0.007,0.103,0.038
0.126,0.16,0.085,0.05,0.147,0.131,0.007,0.103,0.038,0.123
0.16,0.085,0.05,0.147,0.131,0.007,0.103,0.038,0.123,0.124
0.085,0.05,0.147,0.131,0.007,0.103,0.038,0.123,0.124,0.01
0.05,0.147,0.131,0.007,0.103,0.038,0.123,0.124,0.01,0.28
0.147,0.131,0.007,0.103,0.038,0.123,0.124,0.01,0.28,0.16
0.131,0.007,0.103,0.038,0.123,0.124,0.01,0.28,0.16,0.149
0.007,0.103,0.038,0.123,0.124,0.01,0.28,0.16,0.149,0.121
0.103,0.038,0.123,0.124,0.01,0.28,0.16,0.149,0.121,0.01
0.038,0.123,0.124,0.01,0.28,0.16,0.149,0.121,0.01,0.16
0.123,0.124,0.01,0.28,0.16,0.149,0.121,0.01,0.16,0.265
0.124,0.01,0.28,0.16,0.149,0.121,0.01,0.16,0.265,0.107
0.01,0.28,0.16,0.149,0.121,0.01,0.16,0.265,0.107,0.01
0.28,0.16,0.149,0.121,0.01,0.16,0.265,0.107,0.01,0.01
0.16,0.149,0.121,0.01,0.16,0.265,0.107,0.01,0.01,0.142
0.149,0.121,0.01,0.16,0.265,0.107,0.01,0.01,0.142,0.011
0.121,0.01,0.16,0.265,0.107,0.01,0.01,0.142,0.011,0.124
0.01,0.16,0.265,0.107,0.01,0.01,0.142,0.011,0.124,0.011
0.16,0.265,0.107,0.01,0.01,0.142,0.011,0.124,0.011,0.129
0.265,0.107,0.01,0.01,0.142,0.011,0.124,0.011,0.129,0.011
0.107,0.01,0.01,0.142,0.011,0.124,0.011,0.129,0.011,0.141
0.01,0.01,0.142,0.011,0.124,0.011,0.129,0.011,0.141,0.094
0.01,0.142,0.011,0.124,0.011,0.129,0.011,0.141,0.094,0.096
0.142,0.011,0.124,0.011,0.129,0.011,0.141,0.094,0.096,0.098
0.011,0.124,0.011,0.129,0.011,0.141,0.094,0.096,0.098,0.136
0.124,0.011,0.129,0.011,0.141,0.094,0.096,0.098,0.136,0.123
0.011,0.129,0.011,0.141,0.094,0.096,0.098,0.136,0.123,0.012
0.129,0.011,0.141,0.094,0.096,0.098,0.136,0.123,0.012,0.14
0.011,0.141,0.094,0.096,0.098,0.136,0.123,0.012,0.14,0.118
0.141,0.094,0.096,0.098,0.136,0.123,0.012,0.14,0.118,0.013
0.094,0.096,0.098,0.136,0.123,0.012,0.14,0.118,0.013,0.123
0.096,0.098,0.136,0.123,0.012,0.14,0.118,0.013,0.123,0.01
0.098,0.136,0.123,0.012,0.14,0.118,0.013,0.123,0.01,0.097
0.136,0.123,0.012,0.14,0.118,0.013,0.123,0.01,0.097,0.032
0.123,0.012,0.14,0.118,0.013,0.123,0.01,0.097,0.032,0.007
0.012,0.14,0.118,0.013,0.123,0.01,0.097,0.032,0.007,0.12
0.14,0.118,0.013,0.123,0.01,0.097,0.032,0.007,0.12,0.009
0.118,0.013,0.123,0.01,0.097,0.032,0.007,0.12,0.009,0.008
0.013,0.123,0.01,0.097,0.032,0.007,0.12,0.009,0.008,0.126
0.123,0.01,0.097,0.032,0.007,0.12,0.009,0.008,0.126,0.145
0.01,0.097,0.032,0.007,0.12,0.009,0.008,0.126,0.145,0.251
0.097,0.032,0.007,0.12,0.009,0.008,0.126,0.145,0.251,0.124
0.032,0.007,0.12,0.009,0.008,0.126,0.145,0.251,0.124,0.397
0.007,0.12,0.009,0.008,0.126,0.145,0.251,0.124,0.397,0.122
0.12,0.009,0.008,0.126,0.145,0.251,0.124,0.397,0.122,0.137
