h1,h2,h3,h4,h5,h6,h7,h8,h9,h10
13.011,13.631,14.345,14.922,15.866,15.663,15.927,16.391,15.741,15.32
13.631,14.345,14.922,15.866,15.663,15.927,16.391,15.741,15.32,13.852
14.345,14.922,15.866,15.663,15.927,16.391,15.741,15.32,13.852,13.904
14.922,15.866,15.663,15.927,16.391,15.741,15.32,13.852,13.904,14.717
15.866,15.663,15.927,16.391,15.741,15.32,13.852,13.904,14.717,14.793
15.663,15.927,16.391,15.741,15.32,13.852,13.904,14.717,14.793,15.265
15.927,16.391,15.741,15.32,13.852,13.904,14.717,14.793,15.265,15.171
16.391,15.741,15.32,13.852,13.904,14.717,14.793,15.265,15.171,15.403
15.741,15.32,13.852,13.904,14.717,14.793,15.265,15.171,15.403,15.062
15.32,13.852,13.904,14.717,14.793,15.265,15.171,15.403,15.062,25.542
13.852,13.904,14.717,14.793,15.265,15.171,15.403,15.062,25.542,31.901
13.904,14.717,14.793,15.265,15.171,15.403,15.062,25.542,31.901,22.476
14.717,14.793,15.265,15.171,15.403,15.062,25.542,31.901,22.476,27.813
14.793,15.265,15.171,15.403,15.062,25.542,31.901,22.476,27.813,23.649
15.265,15.171,15.403,15.062,25.542,31.901,22.476,27.813,23.649,32.98
15.171,15.403,15.062,25.542,31.901,22.476,27.813,23.649,32.98,31.963
15.403,15.062,25.542,31.901,22.476,27.813,23.649,32.98,31.963,32.699
15.062,25.542,31.901,22.476,27.813,23.649,32.98,31.963,32.699,32.721
25.542,31.901,22.476,27.813,23.649,32.98,31.963,32.699,32.721,33.501
31.901,22.476,27.813,23.649,32.98,31.963,32.699,32.721,33.501,33.315
22.476,27.813,23.649,32.98,31.963,32.699,32.721,33.501,33.315,33.201
27.813,23.649,32.98,31.963,32.699,32.721,33.501,33.315,33.201,34.742
23.649,32.98,31.963,32.699,32.721,33.501,33.315,33.201,34.742,35.215
32.98,31.963,32.699,32.721,33.501,33.315,33.201,34.742,35.215,30.051
31.963,32.699,32.721,33.501,33.315,33.201,34.742,35.215,30.051,33.901
32.699,32.721,33.501,33.315,33.201,34.742,35.215,30.051,33.901,33.288
32.721,33.501,33.315,33.201,34.742,35.215,30.051,33.901,33.288,33.825
33.501,33.315,33.201,34.742,35.215,30.051,33.901,33.288,33.825,36.055
33.315,33.201,34.742,35.215,30.051,33.901,33.288,33.825,36.055,37.164
33.201,34.742,35.215,30.051,33.901,33.288,33.825,36.055,37.164,33.055
34.742,35.215,30.051,33.901,33.288,33.825,36.055,37.164,33.055,33.228
35.215,30.051,33.901,33.288,33.825,36.055,37.164,33.055,33.228,33.136
30.051,33.901,33.288,33.825,36.055,37.164,33.055,33.228,33.136,33.048
33.901,33.288,33.825,36.055,37.164,33.055,33.228,33.136,33.048,32.891
33.288,33.825,36.055,37.164,33.055,33.228,33.136,33.048,32.891,33.705
33.825,36.055,37.164,33.055,33.228,33.136,33.048,32.891,33.705,55.778
36.055,37.164,33.055,33.228,33.136,33.048,32.891,33.705,55.778,89.459
37.164,33.055,33.228,33.136,33.048,32.891,33.705,55.778,89.459,90.281
33.055,33.228,33.136,33.048,32.891,33.705,55.778,89.459,90.281,102.15
33.228,33.136,33.048,32.891,33.705,55.778,89.459,90.281,102.15,91.48
33.136,33.048,32.891,33.705,55.778,89.459,90.281,102.15,91.48,72.455
33.048,32.891,33.705,55.778,89.459,90.281,102.15,91.48,72.455,64.778
32.891,33.705,55.778,89.459,90.281,102.15,91.48,72.455,64.778,47.463
33.705,55.778,89.459,90.281,102.15,91.48,72.455,64.778,47.463,47.185
55.778,89.459,90.281,102.15,91.48,72.455,64.778,47.463,47.185,46.896
89.459,90.281,102.15,91.48,72.455,64.778,47.463,47.185,46.896,47.058
90.281,102.15,91.48,72.455,64.778,47.463,47.185,46.896,47.058,40.877
102.15,91.48,72.455,64.778,47.463,47.185,46.896,47.058,40.877,55.413
91.48,72.455,64.778,47.463,47.185,46.896,47.058,40.877,55.413,41.255
72.455,64.778,47.463,47.185,46.896,47.058,40.877,55.413,41.255,45.473
64.778,47.463,47.185,46.896,47.058,40.877,55.413,41.255,45.473,43.521
47.463,47.185,46.896,47.058,40.877,55.413,41.255,45.473,43.521,31.297
47.185,46.896,47.058,40.877,55.413,41.255,45.473,43.521,31.297,30.494
46.896,47.058,40.877,55.413,41.255,45.473,43.521,31.297,30.494,30.789
47.058,40.877,55.413,41.255,45.473,43.521,31.297,30.494,30.789,30.113
40.877,55.413,41.255,45.473,43.521,31.297,30.494,30.789,30.113,33.053
55.413,41.255,45.473,43.521,31.297,30.494,30.789,30.113,33.053,30.102
41.255,45.473,43.521,31.297,30.494,30.789,30.113,33.053,30.102,28.296
45.473,43.521,31.297,30.494,30.789,30.113,33.053,30.102,28.296,27.972
43.521,31.297,30.494,30.789,30.113,33.053,30.102,28.296,27.972,28.019
31.297,30.494,30.789,30.113,33.053,30.102,28.296,27.972,28.019,56.408
30.494,30.789,30.113,33.053,30.102,28.296,27.972,28.019,56.408,137.497
30.789,30.113,33.053,30.102,28.296,27.972,28.019,56.408,137.497,129.37
30.113,33.053,30.102,28.296,27.972,28.019,56.408,137.497,129.37,149.389
33.053,30.102,28.296,27.972,28.019,56.408,137.497,129.37,149.389,243.235
30.102,28.296,27.972,28.019,56.408,137.497,129.37,149.389,243.235,222.179
28.296,27.972,28.019,56.408,137.497,129.37,149.389,243.235,222.179,192.739
27.972,28.019,56.408,137.497,129.37,149.389,243.235,222.179,192.739,218.699
28.019,56.408,137.497,129.37,149.389,243.235,222.179,192.739,218.699,222.56
56.408,137.497,129.37,149.389,243.235,222.179,192.739,218.699,222.56,208.745
137.497,129.37,149.389,243.235,222.179,192.739,218.699,222.56,208.745,169.216
129.37,149.389,243.235,222.179,192.739,218.699,222.56,208.745,169.216,150.732
149.389,243.235,222.179,192.739,218.699,222.56,208.745,169.216,150.732,118.625
243.235,222.179,192.739,218.699,222.56,208.745,169.216,150.732,118.625,105.948
222.179,192.739,218.699,222.56,208.745,169.216,150.732,118.625,105.948,105.634
192.739,218.699,222.56,208.745,169.216,150.732,118.625,105.948,105.634,100.676
218.699,222.56,208.745,169.216,150.732,118.625,105.948,105.634,100.676,92.292
222.56,208.745,169.216,150.732,118.625,105.948,105.634,100.676,92.292,89.86
208.745,169.216,150.732,118.625,105.948,105.634,100.676,92.292,89.86,88.461
169.216,150.732,118.625,105.948,105.634,100.676,92.292,89.86,88.461,76.861
150.732,118.625,105.948,105.634,100.676,92.292,89.86,88.461,76.861,76.572
118.625,105.948,105.634,100.676,92.292,89.86,88.461,76.861,76.572,78.28
105.948,105.634,100.676,92.292,89.86,88.461,76.861,76.572,78.28,74.399
105.634,100.676,92.292,89.86,88.461,76.861,76.572,78.28,74.399,70.665
100.676,92.292,89.86,88.461,76.861,76.572,78.28,74.399,70.665,73.403
92.292,89.86,88.461,76.861,76.572,78.28,74.399,70.665,73.403,79.107
89.86,88.461,76.861,76.572,78.28,74.399,70.665,73.403,79.107,78.23
88.461,76.861,76.572,78.28,74.399,70.665,73.403,79.107,78.23,76.062
76.861,76.572,78.28,74.399,70.665,73.403,79.107,78.23,76.062,70.789
76.572,78.28,74.399,70.665,73.403,79.107,78.23,76.062,70.789,71.852
78.28,74.399,70.665,73.403,79.107,78.23,76.062,70.789,71.852,74.572
74.399,70.665,73.403,79.107,78.23,76.062,70.789,71.852,74.572,71.287
70.665,73.403,79.107,78.23,76.062,70.789,71.852,74.572,71.287,65.796
73.403,79.107,78.23,76.062,70.789,71.852,74.572,71.287,65.796,63.335
79.107,78.23,76.062,70.789,71.852,74.572,71.287,65.796,63.335,65.886
78.23,76.062,70.789,71.852,74.572,71.287,65.796,63.335,65.886,74.139
76.062,70.789,71.852,74.572,71.287,65.796,63.335,65.886,74.139,69.187
70.789,71.852,74.572,71.287,65.796,63.335,65.886,74.139,69.187,61.469
71.852,74.572,71.287,65.796,63.335,65.886,74.139,69.187,61.469,64.579
74.572,71.287,65.796,63.335,65.886,74.139,69.187,61.469,64.579,71.495
71.287,65.796,63.335,65.886,74.139,69.187,61.469,64.579,71.495,67.226
65.796,63.335,65.886,74.139,69.187,61.469,64.579,71.495,67.226,68.649
63.335,65.886,74.139,69.187,61.469,64.579,71.495,67.226,68.649,63.641
65.886,74.139,69.187,61.469,64.579,71.495,67.226,68.649,63.641,59.532
74.139,69.187,61.469,64.579,71.495,67.226,68.649,63.641,59.532,58.643
69.187,61.469,64.579,71.495,67.226,68.649,63.641,59.532,58.643,41.731
61.469,64.579,71.495,67.226,68.649,63.641,59.532,58.643,41.731,50.194
64.579,71.495,67.226,68.649,63.641,59.532,58.643,41.731,50.194,46.109
71.495,67.226,68.649,63.641,59.532,58.643,41.731,50.194,46.109,44.118
67.226,68.649,63.641,59.532,58.643,41.731,50.194,46.109,44.118,44.083
68.649,63.641,59.532,58.643,41.731,50.194,46.109,44.118,44.083,41.201
63.641,59.532,58.643,41.731,50.194,46.109,44.118,44.083,41.201,40.252
59.532,58.643,41.731,50.194,46.109,44.118,44.083,41.201,40.252,38.505
58.643,41.731,50.194,46.109,44.118,44.083,41.201,40.252,38.505,40.241
41.731,50.194,46.109,44.118,44.083,41.201,40.252,38.505,40.241,41.549
50.194,46.109,44.118,44.083,41.201,40.252,38.505,40.241,41.549,45.31
46.109,44.118,44.083,41.201,40.252,38.505,40.241,41.549,45.31,78.484
44.118,44.083,41.201,40.252,38.505,40.241,41.549,45.31,78.484,56.363
44.083,41.201,40.252,38.505,40.241,41.549,45.31,78.484,56.363,51.925
41.201,40.252,38.505,40.241,41.549,45.31,78.484,56.363,51.925,48.945
40.252,38.505,40.241,41.549,45.31,78.484,56.363,51.925,48.945,46.546
38.505,40.241,41.549,45.31,78.484,56.363,51.925,48.945,46.546,44.571
40.241,41.549,45.31,78.484,56.363,51.925,48.945,46.546,44.571,45.561
41.549,45.31,78.484,56.363,51.925,48.945,46.546,44.571,45.561,49.442
45.31,78.484,56.363,51.925,48.945,46.546,44.571,45.561,49.442,62.323
78.484,56.363,51.925,48.945,46.546,44.571,45.561,49.442,62.323,69.853
56.363,51.925,48.945,46.546,44.571,45.561,49.442,62.323,69.853,92.09
51.925,48.945,46.546,44.571,45.561,49.442,62.323,69.853,92.09,56.092
48.945,46.546,44.571,45.561,49.442,62.323,69.853,92.09,56.092,59.164
46.546,44.571,45.561,49.442,62.323,69.853,92.09,56.092,59.164,103.088
44.571,45.561,49.442,62.323,69.853,92.09,56.092,59.164,103.088,207.353
45.561,49.442,62.323,69.853,92.09,56.092,59.164,103.088,207.353,180.068
49.442,62.323,69.853,92.09,56.092,59.164,103.088,207.353,180.068,136.042
62.323,69.853,92.09,56.092,59.164,103.088,207.353,180.068,136.042,106.371
69.853,92.09,56.092,59.164,103.088,207.353,180.068,136.042,106.371,91.315
92.09,56.092,59.164,103.088,207.353,180.068,136.042,106.371,91.315,87.045
56.092,59.164,103.088,207.353,180.068,136.042,106.371,91.315,87.045,81.847
59.164,103.088,207.353,180.068,136.042,106.371,91.315,87.045,81.847,66.682
103.088,207.353,180.068,136.042,106.371,91.315,87.045,81.847,66.682,65.652
207.353,180.068,136.042,106.371,91.315,87.045,81.847,66.682,65.652,80.286
180.068,136.042,106.371,91.315,87.045,81.847,66.682,65.652,80.286,81.08
136.042,106.371,91.315,87.045,81.847,66.682,65.652,80.286,81.08,69.239
106.371,91.315,87.045,81.847,66.682,65.652,80.286,81.08,69.239,58.779
91.315,87.045,81.847,66.682,65.652,80.286,81.08,69.239,58.779,77.474
87.045,81.847,66.682,65.652,80.286,81.08,69.239,58.779,77.474,80.961
81.847,66.682,65.652,80.286,81.08,69.239,58.779,77.474,80.961,110.635
66.682,65.652,80.286,81.08,69.239,58.779,77.474,80.961,110.635,140.92
65.652,80.286,81.08,69.239,58.779,77.474,80.961,110.635,140.92,113.736
80.286,81.08,69.239,58.779,77.474,80.961,110.635,140.92,113.736,116.815
81.08,69.239,58.779,77.474,80.961,110.635,140.92,113.736,116.815,95.485
69.239,58.779,77.474,80.961,110.635,140.92,113.736,116.815,95.485,86.108
58.779,77.474,80.961,110.635,140.92,113.736,116.815,95.485,86.108,78.053
77.474,80.961,110.635,140.92,113.736,116.815,95.485,86.108,78.053,67.57
80.961,110.635,140.92,113.736,116.815,95.485,86.108,78.053,67.57,60.213
110.635,140.92,113.736,116.815,95.485,86.108,78.053,67.57,60.213,50.82
140.92,113.736,116.815,95.485,86.108,78.053,67.57,60.213,50.82,43.51
113.736,116.815,95.485,86.108,78.053,67.57,60.213,50.82,43.51,50.08
116.815,95.485,86.108,78.053,67.57,60.213,50.82,43.51,50.08,48.308
95.485,86.108,78.053,67.57,60.213,50.82,43.51,50.08,48.308,49.171
86.108,78.053,67.57,60.213,50.82,43.51,50.08,48.308,49.171,48.114
78.053,67.57,60.213,50.82,43.51,50.08,48.308,49.171,48.114,46.1
67.57,60.213,50.82,43.51,50.08,48.308,49.171,48.114,46.1,33.071
60.213,50.82,43.51,50.08,48.308,49.171,48.114,46.1,33.071,38.69
50.82,43.51,50.08,48.308,49.171,48.114,46.1,33.071,38.69,38.551
43.51,50.08,48.308,49.171,48.114,46.1,33.071,38.69,38.551,34.708
50.08,48.308,49.171,48.114,46.1,33.071,38.69,38.551,34.708,34.813
48.308,49.171,48.114,46.1,33.071,38.69,38.551,34.708,34.813,33.551
49.171,48.114,46.1,33.071,38.69,38.551,34.708,34.813,33.551,33.123
48.114,46.1,33.071,38.69,38.551,34.708,34.813,33.551,33.123,34.13
46.1,33.071,38.69,38.551,34.708,34.813,33.551,33.123,34.13,31.421
33.071,38.69,38.551,34.708,34.813,33.551,33.123,34.13,31.421,30.276
38.69,38.551,34.708,34.813,33.551,33.123,34.13,31.421,30.276,33.25
38.551,34.708,34.813,33.551,33.123,34.13,31.421,30.276,33.25,44.732
34.708,34.813,33.551,33.123,34.13,31.421,30.276,33.25,44.732,36.711
34.813,33.551,33.123,34.13,31.421,30.276,33.25,44.732,36.711,32.914
33.551,33.123,34.13,31.421,30.276,33.25,44.732,36.711,32.914,32.058
33.123,34.13,31.421,30.276,33.25,44.732,36.711,32.914,32.058,36.039
34.13,31.421,30.276,33.25,44.732,36.711,32.914,32.058,36.039,36.653
31.421,30.276,33.25,44.732,36.711,32.914,32.058,36.039,36.653,36.514
30.276,33.25,44.732,36.711,32.914,32.058,36.039,36.653,36.514,38.586
33.25,44.732,36.711,32.914,32.058,36.039,36.653,36.514,38.586,30.646
44.732,36.711,32.914,32.058,36.039,36.653,36.514,38.586,30.646,25.773
36.711,32.914,32.058,36.039,36.653,36.514,38.586,30.646,25.773,23.956
32.914,32.058,36.039,36.653,36.514,38.586,30.646,25.773,23.956,23.806
32.058,36.039,36.653,36.514,38.586,30.646,25.773,23.956,23.806,23.713
36.039,36.653,36.514,38.586,30.646,25.773,23.956,23.806,23.713,23.563
36.653,36.514,38.586,30.646,25.773,23.956,23.806,23.713,23.563,20.125
36.514,38.586,30.646,25.773,23.956,23.806,23.713,23.563,20.125,20.958
38.586,30.646,25.773,23.956,23.806,23.713,23.563,20.125,20.958,27.151
30.646,25.773,23.956,23.806,23.713,23.563,20.125,20.958,27.151,27.243
25.773,23.956,23.806,23.713,23.563,20.125,20.958,27.151,27.243,39.465
23.956,23.806,23.713,23.563,20.125,20.958,27.151,27.243,39.465,61.051
23.806,23.713,23.563,20.125,20.958,27.151,27.243,39.465,61.051,46.375
23.713,23.563,20.125,20.958,27.151,27.243,39.465,61.051,46.375,41.549
23.563,20.125,20.958,27.151,27.243,39.465,61.051,46.375,41.549,38.956
20.125,20.958,27.151,27.243,39.465,61.051,46.375,41.549,38.956,42.451
20.958,27.151,27.243,39.465,61.051,46.375,41.549,38.956,42.451,42.405
27.151,27.243,39.465,61.051,46.375,41.549,38.956,42.451,42.405,36.537
27.243,39.465,61.051,46.375,41.549,38.956,42.451,42.405,36.537,35.148
39.465,61.051,46.375,41.549,38.956,42.451,42.405,36.537,35.148,36.711
61.051,46.375,41.549,38.956,42.451,42.405,36.537,35.148,36.711,37.752
46.375,41.549,38.956,42.451,42.405,36.537,35.148,36.711,37.752,64.173
41.549,38.956,42.451,42.405,36.537,35.148,36.711,37.752,64.173,34.125
38.956,42.451,42.405,36.537,35.148,36.711,37.752,64.173,34.125,29.581
42.451,42.405,36.537,35.148,36.711,37.752,64.173,34.125,29.581,46.884
42.405,36.537,35.148,36.711,37.752,64.173,34.125,29.581,46.884,44.813
36.537,35.148,36.711,37.752,64.173,34.125,29.581,46.884,44.813,75.477
35.148,36.711,37.752,64.173,34.125,29.581,46.884,44.813,75.477,62.31
36.711,37.752,64.173,34.125,29.581,46.884,44.813,75.477,62.31,45.018
37.752,64.173,34.125,29.581,46.884,44.813,75.477,62.31,45.018,33.238
64.173,34.125,29.581,46.884,44.813,75.477,62.31,45.018,33.238,42.613
34.125,29.581,46.884,44.813,75.477,62.31,45.018,33.238,42.613,41.039
29.581,46.884,44.813,75.477,62.31,45.018,33.238,42.613,41.039,38.493
46.884,44.813,75.477,62.31,45.018,33.238,42.613,41.039,38.493,34.373
44.813,75.477,62.31,45.018,33.238,42.613,41.039,38.493,34.373,32.602
75.477,62.31,45.018,33.238,42.613,41.039,38.493,34.373,32.602,31.236
62.31,45.018,33.238,42.613,41.039,38.493,34.373,32.602,31.236,27.336
45.018,33.238,42.613,41.039,38.493,34.373,32.602,31.236,27.336,24.616
33.238,42.613,41.039,38.493,34.373,32.602,31.236,27.336,24.616,23.343
42.613,41.039,38.493,34.373,32.602,31.236,27.336,24.616,23.343,19.384
41.039,38.493,34.373,32.602,31.236,27.336,24.616,23.343,19.384,18.551
38.493,34.373,32.602,31.236,27.336,24.616,23.343,19.384,18.551,19.651
34.373,32.602,31.236,27.336,24.616,23.343,19.384,18.551,19.651,19.06
32.602,31.236,27.336,24.616,23.343,19.384,18.551,19.651,19.06,19.5
31.236,27.336,24.616,23.343,19.384,18.551,19.651,19.06,19.5,21.259
27.336,24.616,23.343,19.384,18.551,19.651,19.06,19.5,21.259,20.345
24.616,23.343,19.384,18.551,19.651,19.06,19.5,21.259,20.345,19.685
23.343,19.384,18.551,19.651,19.06,19.5,21.259,20.345,19.685,17.694
19.384,18.551,19.651,19.06,19.5,21.259,20.345,19.685,17.694,17.058
18.551,19.651,19.06,19.5,21.259,20.345,19.685,17.694,17.058,15.738
19.651,19.06,19.5,21.259,20.345,19.685,17.694,17.058,15.738,4.278
19.06,19.5,21.259,20.345,19.685,17.694,17.058,15.738,4.278,14.706
19.5,21.259,20.345,19.685,17.694,17.058,15.738,4.278,14.706,14.66
21.259,20.345,19.685,17.694,17.058,15.738,4.278,14.706,14.66,16.428
20.345,19.685,17.694,17.058,15.738,4.278,14.706,14.66,16.428,18.072
19.685,17.694,17.058,15.738,4.278,14.706,14.66,16.428,18.072,18.769
17.694,17.058,15.738,4.278,14.706,14.66,16.428,18.072,18.769,15.852
17.058,15.738,4.278,14.706,14.66,16.428,18.072,18.769,15.852,14.88
15.738,4.278,14.706,14.66,16.428,18.072,18.769,15.852,14.88,16.454
4.278,14.706,14.66,16.428,18.072,18.769,15.852,14.88,16.454,15.308
14.706,14.66,16.428,18.072,18.769,15.852,14.88,16.454,15.308,14.183
14.66,16.428,18.072,18.769,15.852,14.88,16.454,15.308,14.183,18.801
16.428,18.072,18.769,15.852,14.88,16.454,15.308,14.183,18.801,26.674
18.072,18.769,15.852,14.88,16.454,15.308,14.183,18.801,26.674,20.609
18.769,15.852,14.88,16.454,15.308,14.183,18.801,26.674,20.609,19
15.852,14.88,16.454,15.308,14.183,18.801,26.674,20.609,19,15.053
14.88,16.454,15.308,14.183,18.801,26.674,20.609,19,15.053,17.032
16.454,15.308,14.183,18.801,26.674,20.609,19,15.053,17.032,30.167
15.308,14.183,18.801,26.674,20.609,19,15.053,17.032,30.167,45.722
14.183,18.801,26.674,20.609,19,15.053,17.032,30.167,45.722,33.641
18.801,26.674,20.609,19,15.053,17.032,30.167,45.722,33.641,7.287
26.674,20.609,19,15.053,17.032,30.167,45.722,33.641,7.287,39.914
20.609,19,15.053,17.032,30.167,45.722,33.641,7.287,39.914,15.725
19,15.053,17.032,30.167,45.722,33.641,7.287,39.914,15.725,13.607
15.053,17.032,30.167,45.722,33.641,7.287,39.914,15.725,13.607,12.944
17.032,30.167,45.722,33.641,7.287,39.914,15.725,13.607,12.944,13.06
30.167,45.722,33.641,7.287,39.914,15.725,13.607,12.944,13.06,14.729
45.722,33.641,7.287,39.914,15.725,13.607,12.944,13.06,14.729,13.954
33.641,7.287,39.914,15.725,13.607,12.944,13.06,14.729,13.954,12.901
7.287,39.914,15.725,13.607,12.944,13.06,14.729,13.954,12.901,8.178
39.914,15.725,13.607,12.944,13.06,14.729,13.954,12.901,8.178,10.623
15.725,13.607,12.944,13.06,14.729,13.954,12.901,8.178,10.623,9.465
13.607,12.944,13.06,14.729,13.954,12.901,8.178,10.623,9.465,8.458
12.944,13.06,14.729,13.954,12.901,8.178,10.623,9.465,8.458,10.021
13.06,14.729,13.954,12.901,8.178,10.623,9.465,8.458,10.021,10.866
14.729,13.954,12.901,8.178,10.623,9.465,8.458,10.021,10.866,12.162
13.954,12.901,8.178,10.623,9.465,8.458,10.021,10.866,12.162,13.401
12.901,8.178,10.623,9.465,8.458,10.021,10.866,12.162,13.401,12.926
8.178,10.623,9.465,8.458,10.021,10.866,12.162,13.401,12.926,12.857
10.623,9.465,8.458,10.021,10.866,12.162,13.401,12.926,12.857,12.451
9.465,8.458,10.021,10.866,12.162,13.401,12.926,12.857,12.451,12.023
8.458,10.021,10.866,12.162,13.401,12.926,12.857,12.451,12.023,12.37
10.021,10.866,12.162,13.401,12.926,12.857,12.451,12.023,12.37,11.641
10.866,12.162,13.401,12.926,12.857,12.451,12.023,12.37,11.641,10.183
12.162,13.401,12.926,12.857,12.451,12.023,12.37,11.641,10.183,7.648
13.401,12.926,12.857,12.451,12.023,12.37,11.641,10.183,7.648,8.979
12.926,12.857,12.451,12.023,12.37,11.641,10.183,7.648,8.979,8.586
12.857,12.451,12.023,12.37,11.641,10.183,7.648,8.979,8.586,12.116
12.451,12.023,12.37,11.641,10.183,7.648,8.979,8.586,12.116,16.491
12.023,12.37,11.641,10.183,7.648,8.979,8.586,12.116,16.491,24.535
12.37,11.641,10.183,7.648,8.979,8.586,12.116,16.491,24.535,39.697
11.641,10.183,7.648,8.979,8.586,12.116,16.491,24.535,39.697,29.982
10.183,7.648,8.979,8.586,12.116,16.491,24.535,39.697,29.982,104.426
7.648,8.979,8.586,12.116,16.491,24.535,39.697,29.982,104.426,95.826
8.979,8.586,12.116,16.491,24.535,39.697,29.982,104.426,95.826,70.19
8.586,12.116,16.491,24.535,39.697,29.982,104.426,95.826,70.19,53.512
12.116,16.491,24.535,39.697,29.982,104.426,95.826,70.19,53.512,43.338
16.491,24.535,39.697,29.982,104.426,95.826,70.19,53.512,43.338,35.468
24.535,39.697,29.982,104.426,95.826,70.19,53.512,43.338,35.468,32.486
39.697,29.982,104.426,95.826,70.19,53.512,43.338,35.468,32.486,26.502
29.982,104.426,95.826,70.19,53.512,43.338,35.468,32.486,26.502,27.127
104.426,95.826,70.19,53.512,43.338,35.468,32.486,26.502,27.127,30.53
95.826,70.19,53.512,43.338,35.468,32.486,26.502,27.127,30.53,23.03
70.19,53.512,43.338,35.468,32.486,26.502,27.127,30.53,23.03,19.141
53.512,43.338,35.468,32.486,26.502,27.127,30.53,23.03,19.141,18.435
43.338,35.468,32.486,26.502,27.127,30.53,23.03,19.141,18.435,18.262
35.468,32.486,26.502,27.127,30.53,23.03,19.141,18.435,18.262,18.019
32.486,26.502,27.127,30.53,23.03,19.141,18.435,18.262,18.019,22.66
26.502,27.127,30.53,23.03,19.141,18.435,18.262,18.019,22.66,17.023
27.127,30.53,23.03,19.141,18.435,18.262,18.019,22.66,17.023,11.456
30.53,23.03,19.141,18.435,18.262,18.019,22.66,17.023,11.456,14.361
23.03,19.141,18.435,18.262,18.019,22.66,17.023,11.456,14.361,18.713
19.141,18.435,18.262,18.019,22.66,17.023,11.456,14.361,18.713,26.248
18.435,18.262,18.019,22.66,17.023,11.456,14.361,18.713,26.248,23.898
18.262,18.019,22.66,17.023,11.456,14.361,18.713,26.248,23.898,23.25
18.019,22.66,17.023,11.456,14.361,18.713,26.248,23.898,23.25,19.257
22.66,17.023,11.456,14.361,18.713,26.248,23.898,23.25,19.257,17.764
17.023,11.456,14.361,18.713,26.248,23.898,23.25,19.257,17.764,17.59
11.456,14.361,18.713,26.248,23.898,23.25,19.257,17.764,17.59,26.306
14.361,18.713,26.248,23.898,23.25,19.257,17.764,17.59,26.306,32.347
18.713,26.248,23.898,23.25,19.257,17.764,17.59,26.306,32.347,21.201
26.248,23.898,23.25,19.257,17.764,17.59,26.306,32.347,21.201,29.674
23.898,23.25,19.257,17.764,17.59,26.306,32.347,21.201,29.674,33.944
23.25,19.257,17.764,17.59,26.306,32.347,21.201,29.674,33.944,34.674
19.257,17.764,17.59,26.306,32.347,21.201,29.674,33.944,34.674,31.607
17.764,17.59,26.306,32.347,21.201,29.674,33.944,34.674,31.607,29.315
17.59,26.306,32.347,21.201,29.674,33.944,34.674,31.607,29.315,29.581
26.306,32.347,21.201,29.674,33.944,34.674,31.607,29.315,29.581,28.319
32.347,21.201,29.674,33.944,34.674,31.607,29.315,29.581,28.319,27.405
21.201,29.674,33.944,34.674,31.607,29.315,29.581,28.319,27.405,24.292
29.674,33.944,34.674,31.607,29.315,29.581,28.319,27.405,24.292,22.822
33.944,34.674,31.607,29.315,29.581,28.319,27.405,24.292,22.822,21.745
34.674,31.607,29.315,29.581,28.319,27.405,24.292,22.822,21.745,19.523
31.607,29.315,29.581,28.319,27.405,24.292,22.822,21.745,19.523,19.569
29.315,29.581,28.319,27.405,24.292,22.822,21.745,19.523,19.569,12.03
29.581,28.319,27.405,24.292,22.822,21.745,19.523,19.569,12.03,18.581
28.319,27.405,24.292,22.822,21.745,19.523,19.569,12.03,18.581,15.664
27.405,24.292,22.822,21.745,19.523,19.569,12.03,18.581,15.664,18.991
24.292,22.822,21.745,19.523,19.569,12.03,18.581,15.664,18.991,17.093
22.822,21.745,19.523,19.569,12.03,18.581,15.664,18.991,17.093,16.884
21.745,19.523,19.569,12.03,18.581,15.664,18.991,17.093,16.884,17.972
19.523,19.569,12.03,18.581,15.664,18.991,17.093,16.884,17.972,11.532
19.569,12.03,18.581,15.664,18.991,17.093,16.884,17.972,11.532,17.296
12.03,18.581,15.664,18.991,17.093,16.884,17.972,11.532,17.296,17.447
18.581,15.664,18.991,17.093,16.884,17.972,11.532,17.296,17.447,17.875
15.664,18.991,17.093,16.884,17.972,11.532,17.296,17.447,17.875,16.035
18.991,17.093,16.884,17.972,11.532,17.296,17.447,17.875,16.035,16
17.093,16.884,17.972,11.532,17.296,17.447,17.875,16.035,16,16.81
16.884,17.972,11.532,17.296,17.447,17.875,16.035,16,16.81,21.174
17.972,11.532,17.296,17.447,17.875,16.035,16,16.81,21.174,22.204
11.532,17.296,17.447,17.875,16.035,16,16.81,21.174,22.204,25.028
17.296,17.447,17.875,16.035,16,16.81,21.174,22.204,25.028,25.583
17.447,17.875,16.035,16,16.81,21.174,22.204,25.028,25.583,23.743
17.875,16.035,16,16.81,21.174,22.204,25.028,25.583,23.743,24.322
16.035,16,16.81,21.174,22.204,25.028,25.583,23.743,24.322,30.769
16,16.81,21.174,22.204,25.028,25.583,23.743,24.322,30.769,45.028
16.81,21.174,22.204,25.028,25.583,23.743,24.322,30.769,45.028,44.449
21.174,22.204,25.028,25.583,23.743,24.322,30.769,45.028,44.449,36.891
22.204,25.028,25.583,23.743,24.322,30.769,45.028,44.449,36.891,35.144
25.028,25.583,23.743,24.322,30.769,45.028,44.449,36.891,35.144,35.444
25.583,23.743,24.322,30.769,45.028,44.449,36.891,35.144,35.444,33.998
23.743,24.322,30.769,45.028,44.449,36.891,35.144,35.444,33.998,35.363
24.322,30.769,45.028,44.449,36.891,35.144,35.444,33.998,35.363,44.877
30.769,45.028,44.449,36.891,35.144,35.444,33.998,35.363,44.877,44.993
45.028,44.449,36.891,35.144,35.444,33.998,35.363,44.877,44.993,41.532
44.449,36.891,35.144,35.444,33.998,35.363,44.877,44.993,41.532,39.738
36.891,35.144,35.444,33.998,35.363,44.877,44.993,41.532,39.738,38.616
35.144,35.444,33.998,35.363,44.877,44.993,41.532,39.738,38.616,41.602
35.444,33.998,35.363,44.877,44.993,41.532,39.738,38.616,41.602,57.03
33.998,35.363,44.877,44.993,41.532,39.738,38.616,41.602,57.03,74.162
35.363,44.877,44.993,41.532,39.738,38.616,41.602,57.03,74.162,67.458
44.877,44.993,41.532,39.738,38.616,41.602,57.03,74.162,67.458,68.25
44.993,41.532,39.738,38.616,41.602,57.03,74.162,67.458,68.25,50.686
41.532,39.738,38.616,41.602,57.03,74.162,67.458,68.25,50.686,43.043
39.738,38.616,41.602,57.03,74.162,67.458,68.25,50.686,43.043,44.502
38.616,41.602,57.03,74.162,67.458,68.25,50.686,43.043,44.502,40.033
41.602,57.03,74.162,67.458,68.25,50.686,43.043,44.502,40.033,40.348
57.03,74.162,67.458,68.25,50.686,43.043,44.502,40.033,40.348,27.526
74.162,67.458,68.25,50.686,43.043,44.502,40.033,40.348,27.526,34.529
67.458,68.25,50.686,43.043,44.502,40.033,40.348,27.526,34.529,35.36
68.25,50.686,43.043,44.502,40.033,40.348,27.526,34.529,35.36,32.218
50.686,43.043,44.502,40.033,40.348,27.526,34.529,35.36,32.218,30.373
43.043,44.502,40.033,40.348,27.526,34.529,35.36,32.218,30.373,28.691
44.502,40.033,40.348,27.526,34.529,35.36,32.218,30.373,28.691,26.936
40.033,40.348,27.526,34.529,35.36,32.218,30.373,28.691,26.936,26.523
40.348,27.526,34.529,35.36,32.218,30.373,28.691,26.936,26.523,22.271
27.526,34.529,35.36,32.218,30.373,28.691,26.936,26.523,22.271,24.297
34.529,35.36,32.218,30.373,28.691,26.936,26.523,22.271,24.297,21.774
35.36,32.218,30.373,28.691,26.936,26.523,22.271,24.297,21.774,21.903
32.218,30.373,28.691,26.936,26.523,22.271,24.297,21.774,21.903,21.635
30.373,28.691,26.936,26.523,22.271,24.297,21.774,21.903,21.635,21.735
28.691,26.936,26.523,22.271,24.297,21.774,21.903,21.635,21.735,21.682
26.936,26.523,22.271,24.297,21.774,21.903,21.635,21.735,21.682,22.358
26.523,22.271,24.297,21.774,21.903,21.635,21.735,21.682,22.358,21.532
22.271,24.297,21.774,21.903,21.635,21.735,21.682,22.358,21.532,21.051
24.297,21.774,21.903,21.635,21.735,21.682,22.358,21.532,21.051,17.102
21.774,21.903,21.635,21.735,21.682,22.358,21.532,21.051,17.102,17.972
21.903,21.635,21.735,21.682,22.358,21.532,21.051,17.102,17.972,10.54
21.635,21.735,21.682,22.358,21.532,21.051,17.102,17.972,10.54,23.308
21.735,21.682,22.358,21.532,21.051,17.102,17.972,10.54,23.308,18.114
21.682,22.358,21.532,21.051,17.102,17.972,10.54,23.308,18.114,17.155
22.358,21.532,21.051,17.102,17.972,10.54,23.308,18.114,17.155,19.436
21.532,21.051,17.102,17.972,10.54,23.308,18.114,17.155,19.436,18.515
21.051,17.102,17.972,10.54,23.308,18.114,17.155,19.436,18.515,20.887
17.102,17.972,10.54,23.308,18.114,17.155,19.436,18.515,20.887,15.516
17.972,10.54,23.308,18.114,17.155,19.436,18.515,20.887,15.516,68.433
10.54,23.308,18.114,17.155,19.436,18.515,20.887,15.516,68.433,128.222
23.308,18.114,17.155,19.436,18.515,20.887,15.516,68.433,128.222,95.622
18.114,17.155,19.436,18.515,20.887,15.516,68.433,128.222,95.622,75.592
17.155,19.436,18.515,20.887,15.516,68.433,128.222,95.622,75.592,63.497
19.436,18.515,20.887,15.516,68.433,128.222,95.622,75.592,63.497,47.154
18.515,20.887,15.516,68.433,128.222,95.622,75.592,63.497,47.154,37.72
20.887,15.516,68.433,128.222,95.622,75.592,63.497,47.154,37.72,34.555
15.516,68.433,128.222,95.622,75.592,63.497,47.154,37.72,34.555,36.549
68.433,128.222,95.622,75.592,63.497,47.154,37.72,34.555,36.549,43.204
128.222,95.622,75.592,63.497,47.154,37.72,34.555,36.549,43.204,41.815
95.622,75.592,63.497,47.154,37.72,34.555,36.549,43.204,41.815,37.208
75.592,63.497,47.154,37.72,34.555,36.549,43.204,41.815,37.208,30.507
63.497,47.154,37.72,34.555,36.549,43.204,41.815,37.208,30.507,22.671
47.154,37.72,34.555,36.549,43.204,41.815,37.208,30.507,22.671,21.641
37.72,34.555,36.549,43.204,41.815,37.208,30.507,22.671,21.641,26.456
34.555,36.549,43.204,41.815,37.208,30.507,22.671,21.641,26.456,29.708
36.549,43.204,41.815,37.208,30.507,22.671,21.641,26.456,29.708,24.477
43.204,41.815,37.208,30.507,22.671,21.641,26.456,29.708,24.477,28.343
41.815,37.208,30.507,22.671,21.641,26.456,29.708,24.477,28.343,27.347
37.208,30.507,22.671,21.641,26.456,29.708,24.477,28.343,27.347,25.495
30.507,22.671,21.641,26.456,29.708,24.477,28.343,27.347,25.495,27.451
22.671,21.641,26.456,29.708,24.477,28.343,27.347,25.495,27.451,22.625
21.641,26.456,29.708,24.477,28.343,27.347,25.495,27.451,22.625,23.111
26.456,29.708,24.477,28.343,27.347,25.495,27.451,22.625,23.111,18.655
29.708,24.477,28.343,27.347,25.495,27.451,22.625,23.111,18.655,20.924
24.477,28.343,27.347,25.495,27.451,22.625,23.111,18.655,20.924,19.546
28.343,27.347,25.495,27.451,22.625,23.111,18.655,20.924,19.546,17.776
27.347,25.495,27.451,22.625,23.111,18.655,20.924,19.546,17.776,17.313
25.495,27.451,22.625,23.111,18.655,20.924,19.546,17.776,17.313,12.799
27.451,22.625,23.111,18.655,20.924,19.546,17.776,17.313,12.799,12.822
22.625,23.111,18.655,20.924,19.546,17.776,17.313,12.799,12.822,10.125
23.111,18.655,20.924,19.546,17.776,17.313,12.799,12.822,10.125,15.623
18.655,20.924,19.546,17.776,17.313,12.799,12.822,10.125,15.623,7.486
20.924,19.546,17.776,17.313,12.799,12.822,10.125,15.623,7.486,11.607
19.546,17.776,17.313,12.799,12.822,10.125,15.623,7.486,11.607,9.882
17.776,17.313,12.799,12.822,10.125,15.623,7.486,11.607,9.882,14.766
17.313,12.799,12.822,10.125,15.623,7.486,11.607,9.882,14.766,11.722
12.799,12.822,10.125,15.623,7.486,11.607,9.882,14.766,11.722,15.264
12.822,10.125,15.623,7.486,11.607,9.882,14.766,11.722,15.264,13.725
10.125,15.623,7.486,11.607,9.882,14.766,11.722,15.264,13.725,10.542
15.623,7.486,11.607,9.882,14.766,11.722,15.264,13.725,10.542,10.576
7.486,11.607,9.882,14.766,11.722,15.264,13.725,10.542,10.576,19.975
11.607,9.882,14.766,11.722,15.264,13.725,10.542,10.576,19.975,14.662
9.882,14.766,11.722,15.264,13.725,10.542,10.576,19.975,14.662,13.389
14.766,11.722,15.264,13.725,10.542,10.576,19.975,14.662,13.389,12.127
11.722,15.264,13.725,10.542,10.576,19.975,14.662,13.389,12.127,9.546
15.264,13.725,10.542,10.576,19.975,14.662,13.389,12.127,9.546,11.815
13.725,10.542,10.576,19.975,14.662,13.389,12.127,9.546,11.815,11.444
10.542,10.576,19.975,14.662,13.389,12.127,9.546,11.815,11.444,8.424
10.576,19.975,14.662,13.389,12.127,9.546,11.815,11.444,8.424,17.819
19.975,14.662,13.389,12.127,9.546,11.815,11.444,8.424,17.819,15.961
14.662,13.389,12.127,9.546,11.815,11.444,8.424,17.819,15.961,18.305
13.389,12.127,9.546,11.815,11.444,8.424,17.819,15.961,18.305,12.169
12.127,9.546,11.815,11.444,8.424,17.819,15.961,18.305,12.169,17.273
9.546,11.815,11.444,8.424,17.819,15.961,18.305,12.169,17.273,15.618
11.815,11.444,8.424,17.819,15.961,18.305,12.169,17.273,15.618,18.94
11.444,8.424,17.819,15.961,18.305,12.169,17.273,15.618,18.94,16.595
8.424,17.819,15.961,18.305,12.169,17.273,15.618,18.94,16.595,17.574
17.819,15.961,18.305,12.169,17.273,15.618,18.94,16.595,17.574,18.002
15.961,18.305,12.169,17.273,15.618,18.94,16.595,17.574,18.002,15.086
18.305,12.169,17.273,15.618,18.94,16.595,17.574,18.002,15.086,13.373
12.169,17.273,15.618,18.94,16.595,17.574,18.002,15.086,13.373,14.931
17.273,15.618,18.94,16.595,17.574,18.002,15.086,13.373,14.931,14.252
15.618,18.94,16.595,17.574,18.002,15.086,13.373,14.931,14.252,11.144
18.94,16.595,17.574,18.002,15.086,13.373,14.931,14.252,11.144,15.942
16.595,17.574,18.002,15.086,13.373,14.931,14.252,11.144,15.942,15.954
17.574,18.002,15.086,13.373,14.931,14.252,11.144,15.942,15.954,12.169
18.002,15.086,13.373,14.931,14.252,11.144,15.942,15.954,12.169,16.706
15.086,13.373,14.931,14.252,11.144,15.942,15.954,12.169,16.706,15.498
13.373,14.931,14.252,11.144,15.942,15.954,12.169,16.706,15.498,17.25
14.931,14.252,11.144,15.942,15.954,12.169,16.706,15.498,17.25,13.488
14.252,11.144,15.942,15.954,12.169,16.706,15.498,17.25,13.488,13.488
11.144,15.942,15.954,12.169,16.706,15.498,17.25,13.488,13.488,12.238
15.942,15.954,12.169,16.706,15.498,17.25,13.488,13.488,12.238,14.738
15.954,12.169,16.706,15.498,17.25,13.488,13.488,12.238,14.738,9.738
12.169,16.706,15.498,17.25,13.488,13.488,12.238,14.738,9.738,17.25
16.706,15.498,17.25,13.488,13.488,12.238,14.738,9.738,17.25,13.5
15.498,17.25,13.488,13.488,12.238,14.738,9.738,17.25,13.5,12.25
17.25,13.488,13.488,12.238,14.738,9.738,17.25,13.5,12.25,14.75
13.488,13.488,12.238,14.738,9.738,17.25,13.5,12.25,14.75,12.25
13.488,12.238,14.738,9.738,17.25,13.5,12.25,14.75,12.25,13.5
12.238,14.738,9.738,17.25,13.5,12.25,14.75,12.25,13.5,13.512
14.738,9.738,17.25,13.5,12.25,14.75,12.25,13.5,13.512,14.75
9.738,17.25,13.5,12.25,14.75,12.25,13.5,13.512,14.75,13.512
17.25,13.5,12.25,14.75,12.25,13.5,13.512,14.75,13.512,18.488
13.5,12.25,14.75,12.25,13.5,13.512,14.75,13.512,18.488,19.738
12.25,14.75,12.25,13.5,13.512,14.75,13.512,18.488,19.738,24.322
14.75,12.25,13.5,13.512,14.75,13.512,18.488,19.738,24.322,27.701
12.25,13.5,13.512,14.75,13.512,18.488,19.738,24.322,27.701,29.819
13.5,13.512,14.75,13.512,18.488,19.738,24.322,27.701,29.819,26.081
13.512,14.75,13.512,18.488,19.738,24.322,27.701,29.819,26.081,31.174
14.75,13.512,18.488,19.738,24.322,27.701,29.819,26.081,31.174,46.509
13.512,18.488,19.738,24.322,27.701,29.819,26.081,31.174,46.509,59.646
18.488,19.738,24.322,27.701,29.819,26.081,31.174,46.509,59.646,52.296
19.738,24.322,27.701,29.819,26.081,31.174,46.509,59.646,52.296,51.301
24.322,27.701,29.819,26.081,31.174,46.509,59.646,52.296,51.301,46.208
27.701,29.819,26.081,31.174,46.509,59.646,52.296,51.301,46.208,30.479
29.819,26.081,31.174,46.509,59.646,52.296,51.301,46.208,30.479,33.164
26.081,31.174,46.509,59.646,52.296,51.301,46.208,30.479,33.164,34.542
31.174,46.509,59.646,52.296,51.301,46.208,30.479,33.164,34.542,30.607
46.509,59.646,52.296,51.301,46.208,30.479,33.164,34.542,30.607,27.979
59.646,52.296,51.301,46.208,30.479,33.164,34.542,30.607,27.979,25.34
52.296,51.301,46.208,30.479,33.164,34.542,30.607,27.979,25.34,24.009
51.301,46.208,30.479,33.164,34.542,30.607,27.979,25.34,24.009,22.69
46.208,30.479,33.164,34.542,30.607,27.979,25.34,24.009,22.69,30.674
30.479,33.164,34.542,30.607,27.979,25.34,24.009,22.69,30.674,46.722
33.164,34.542,30.607,27.979,25.34,24.009,22.69,30.674,46.722,53.447
34.542,30.607,27.979,25.34,24.009,22.69,30.674,46.722,53.447,61.595
30.607,27.979,25.34,24.009,22.69,30.674,46.722,53.447,61.595,63.065
27.979,25.34,24.009,22.69,30.674,46.722,53.447,61.595,63.065,68.632
25.34,24.009,22.69,30.674,46.722,53.447,61.595,63.065,68.632,55.113
24.009,22.69,30.674,46.722,53.447,61.595,63.065,68.632,55.113,53.794
22.69,30.674,46.722,53.447,61.595,63.065,68.632,55.113,53.794,45.634
30.674,46.722,53.447,61.595,63.065,68.632,55.113,53.794,45.634,40.194
46.722,53.447,61.595,63.065,68.632,55.113,53.794,45.634,40.194,36.097
53.447,61.595,63.065,68.632,55.113,53.794,45.634,40.194,36.097,38.84
61.595,63.065,68.632,55.113,53.794,45.634,40.194,36.097,38.84,38.84
63.065,68.632,55.113,53.794,45.634,40.194,36.097,38.84,38.84,40.206
68.632,55.113,53.794,45.634,40.194,36.097,38.84,38.84,40.206,44.338
55.113,53.794,45.634,40.194,36.097,38.84,38.84,40.206,44.338,41.595
53.794,45.634,40.194,36.097,38.84,38.84,40.206,44.338,41.595,42.984
45.634,40.194,36.097,38.84,38.84,40.206,44.338,41.595,42.984,38.875
40.194,36.097,38.84,38.84,40.206,44.338,41.595,42.984,38.875,40.241
36.097,38.84,38.84,40.206,44.338,41.595,42.984,38.875,40.241,37.509
38.84,38.84,40.206,44.338,41.595,42.984,38.875,40.241,37.509,32
38.84,40.206,44.338,41.595,42.984,38.875,40.241,37.509,32,32
40.206,44.338,41.595,42.984,38.875,40.241,37.509,32,32,27.868
44.338,41.595,42.984,38.875,40.241,37.509,32,32,27.868,29.257
41.595,42.984,38.875,40.241,37.509,32,32,27.868,29.257,32
42.984,38.875,40.241,37.509,32,32,27.868,29.257,32,26.491
38.875,40.241,37.509,32,32,27.868,29.257,32,26.491,27.88
40.241,37.509,32,32,27.868,29.257,32,26.491,27.88,26.502
37.509,32,32,27.868,29.257,32,26.491,27.88,26.502,27.88
32,32,27.868,29.257,32,26.491,27.88,26.502,27.88,23.771
32,27.868,29.257,32,26.491,27.88,26.502,27.88,23.771,23.771
27.868,29.257,32,26.491,27.88,26.502,27.88,23.771,23.771,21.039
29.257,32,26.491,27.88,26.502,27.88,23.771,23.771,21.039,21.051
32,26.491,27.88,26.502,27.88,23.771,23.771,21.039,21.051,22.428
26.491,27.88,26.502,27.88,23.771,23.771,21.039,21.051,22.428,19.708
27.88,26.502,27.88,23.771,23.771,21.039,21.051,22.428,19.708,21.086
26.502,27.88,23.771,23.771,21.039,21.051,22.428,19.708,21.086,19.732
27.88,23.771,23.771,21.039,21.051,22.428,19.708,21.086,19.732,18.389
23.771,23.771,21.039,21.051,22.428,19.708,21.086,19.732,18.389,17.046
23.771,21.039,21.051,22.428,19.708,21.086,19.732,18.389,17.046,17.046
21.039,21.051,22.428,19.708,21.086,19.732,18.389,17.046,17.046,17.069
21.051,22.428,19.708,21.086,19.732,18.389,17.046,17.046,17.069,18
22.428,19.708,21.086,19.732,18.389,17.046,17.046,17.069,18,21.417
19.708,21.086,19.732,18.389,17.046,17.046,17.069,18,21.417,26.514
21.086,19.732,18.389,17.046,17.046,17.069,18,21.417,26.514,26.56
19.732,18.389,17.046,17.046,17.069,18,21.417,26.514,26.56,30.646
18.389,17.046,17.046,17.069,18,21.417,26.514,26.56,30.646,22.498
17.046,17.046,17.069,18,21.417,26.514,26.56,30.646,22.498,25.229
17.046,17.069,18,21.417,26.514,26.56,30.646,22.498,25.229,24.771
17.069,18,21.417,26.514,26.56,30.646,22.498,25.229,24.771,22.782
18,21.417,26.514,26.56,30.646,22.498,25.229,24.771,22.782,26.514
21.417,26.514,26.56,30.646,22.498,25.229,24.771,22.782,26.514,23.852
26.514,26.56,30.646,22.498,25.229,24.771,22.782,26.514,23.852,27.926
26.56,30.646,22.498,25.229,24.771,22.782,26.514,23.852,27.926,27.926
30.646,22.498,25.229,24.771,22.782,26.514,23.852,27.926,27.926,26.583
22.498,25.229,24.771,22.782,26.514,23.852,27.926,27.926,26.583,19.354
25.229,24.771,22.782,26.514,23.852,27.926,27.926,26.583,19.354,22.782
24.771,22.782,26.514,23.852,27.926,27.926,26.583,19.354,22.782,19.708
22.782,26.514,23.852,27.926,27.926,26.583,19.354,22.782,19.708,21.155
26.514,23.852,27.926,27.926,26.583,19.354,22.782,19.708,21.155,19.813
23.852,27.926,27.926,26.583,19.354,22.782,19.708,21.155,19.813,29.303
27.926,27.926,26.583,19.354,22.782,19.708,21.155,19.813,29.303,27.938
27.926,26.583,19.354,22.782,19.708,21.155,19.813,29.303,27.938,12.595
26.583,19.354,22.782,19.708,21.155,19.813,29.303,27.938,12.595,11.949
19.354,22.782,19.708,21.155,19.813,29.303,27.938,12.595,11.949,23.759
22.782,19.708,21.155,19.813,29.303,27.938,12.595,11.949,23.759,20.343
19.708,21.155,19.813,29.303,27.938,12.595,11.949,23.759,20.343,16.303
21.155,19.813,29.303,27.938,12.595,11.949,23.759,20.343,16.303,19
19.813,29.303,27.938,12.595,11.949,23.759,20.343,16.303,19,21.697
29.303,27.938,12.595,11.949,23.759,20.343,16.303,19,21.697,16.657
27.938,12.595,11.949,23.759,20.343,16.303,19,21.697,16.657,13.292
12.595,11.949,23.759,20.343,16.303,19,21.697,16.657,13.292,14.303
11.949,23.759,20.343,16.303,19,21.697,16.657,13.292,14.303,13.607
23.759,20.343,16.303,19,21.697,16.657,13.292,14.303,13.607,12.252
20.343,16.303,19,21.697,16.657,13.292,14.303,13.607,12.252,9.567
16.303,19,21.697,16.657,13.292,14.303,13.607,12.252,9.567,10.933
19,21.697,16.657,13.292,14.303,13.607,12.252,9.567,10.933,13.972
21.697,16.657,13.292,14.303,13.607,12.252,9.567,10.933,13.972,21.37
16.657,13.292,14.303,13.607,12.252,9.567,10.933,13.972,21.37,23.725
13.292,14.303,13.607,12.252,9.567,10.933,13.972,21.37,23.725,21.697
14.303,13.607,12.252,9.567,10.933,13.972,21.37,23.725,21.697,19
13.607,12.252,9.567,10.933,13.972,21.37,23.725,21.697,19,17.657
12.252,9.567,10.933,13.972,21.37,23.725,21.697,19,17.657,14.961
9.567,10.933,13.972,21.37,23.725,21.697,19,17.657,14.961,12.618
10.933,13.972,21.37,23.725,21.697,19,17.657,14.961,12.618,17.343
13.972,21.37,23.725,21.697,19,17.657,14.961,12.618,17.343,31.815
21.37,23.725,21.697,19,17.657,14.961,12.618,17.343,31.815,24.394
23.725,21.697,19,17.657,14.961,12.618,17.343,31.815,24.394,21.697
21.697,19,17.657,14.961,12.618,17.343,31.815,24.394,21.697,19
19,17.657,14.961,12.618,17.343,31.815,24.394,21.697,19,17.646
17.657,14.961,12.618,17.343,31.815,24.394,21.697,19,17.646,16.657
14.961,12.618,17.343,31.815,24.394,21.697,19,17.646,16.657,33.546
12.618,17.343,31.815,24.394,21.697,19,17.646,16.657,33.546,30.53
17.343,31.815,24.394,21.697,19,17.646,16.657,33.546,30.53,41.479
31.815,24.394,21.697,19,17.646,16.657,33.546,30.53,41.479,89.095
24.394,21.697,19,17.646,16.657,33.546,30.53,41.479,89.095,63.366
21.697,19,17.646,16.657,33.546,30.53,41.479,89.095,63.366,55.241
19,17.646,16.657,33.546,30.53,41.479,89.095,63.366,55.241,66.282
17.646,16.657,33.546,30.53,41.479,89.095,63.366,55.241,66.282,62.278
16.657,33.546,30.53,41.479,89.095,63.366,55.241,66.282,62.278,48.609
33.546,30.53,41.479,89.095,63.366,55.241,66.282,62.278,48.609,38.921
30.53,41.479,89.095,63.366,55.241,66.282,62.278,48.609,38.921,32
41.479,89.095,63.366,55.241,66.282,62.278,48.609,38.921,32,29.234
89.095,63.366,55.241,66.282,62.278,48.609,38.921,32,29.234,25.067
63.366,55.241,66.282,62.278,48.609,38.921,32,29.234,25.067,23.701
55.241,66.282,62.278,48.609,38.921,32,29.234,25.067,23.701,26.468
66.282,62.278,48.609,38.921,32,29.234,25.067,23.701,26.468,20.958
62.278,48.609,38.921,32,29.234,25.067,23.701,26.468,20.958,18.25
48.609,38.921,32,29.234,25.067,23.701,26.468,20.958,18.25,16.907
38.921,32,29.234,25.067,23.701,26.468,20.958,18.25,16.907,18.285
32,29.234,25.067,23.701,26.468,20.958,18.25,16.907,18.285,18.308
29.234,25.067,23.701,26.468,20.958,18.25,16.907,18.285,18.308,18.319
25.067,23.701,26.468,20.958,18.25,16.907,18.285,18.308,18.319,21.074
23.701,26.468,20.958,18.25,16.907,18.285,18.308,18.319,21.074,17
26.468,20.958,18.25,16.907,18.285,18.308,18.319,21.074,17,14.292
20.958,18.25,16.907,18.285,18.308,18.319,21.074,17,14.292,19.755
18.25,16.907,18.285,18.308,18.319,21.074,17,14.292,19.755,17.035
16.907,18.285,18.308,18.319,21.074,17,14.292,19.755,17.035,15.704
18.285,18.308,18.319,21.074,17,14.292,19.755,17.035,15.704,13.019
18.308,18.319,21.074,17,14.292,19.755,17.035,15.704,13.019,15.773
18.319,21.074,17,14.292,19.755,17.035,15.704,13.019,15.773,11.757
21.074,17,14.292,19.755,17.035,15.704,13.019,15.773,11.757,11.815
17,14.292,19.755,17.035,15.704,13.019,15.773,11.757,11.815,11.873
14.292,19.755,17.035,15.704,13.019,15.773,11.757,11.815,11.873,10.576
19.755,17.035,15.704,13.019,15.773,11.757,11.815,11.873,10.576,11.954
17.035,15.704,13.019,15.773,11.757,11.815,11.873,10.576,11.954,10.692
15.704,13.019,15.773,11.757,11.815,11.873,10.576,11.954,10.692,13.424
13.019,15.773,11.757,11.815,11.873,10.576,11.954,10.692,13.424,10.831
15.773,11.757,11.815,11.873,10.576,11.954,10.692,13.424,10.831,13.539
11.757,11.815,11.873,10.576,11.954,10.692,13.424,10.831,13.539,24.118
11.815,11.873,10.576,11.954,10.692,13.424,10.831,13.539,24.118,26.734
11.873,10.576,11.954,10.692,13.424,10.831,13.539,24.118,26.734,26.757
10.576,11.954,10.692,13.424,10.831,13.539,24.118,26.734,26.757,27.19
11.954,10.692,13.424,10.831,13.539,24.118,26.734,26.757,27.19,27.84
10.692,13.424,10.831,13.539,24.118,26.734,26.757,27.19,27.84,22.266
13.424,10.831,13.539,24.118,26.734,26.757,27.19,27.84,22.266,21.639
10.831,13.539,24.118,26.734,26.757,27.19,27.84,22.266,21.639,16.361
13.539,24.118,26.734,26.757,27.19,27.84,22.266,21.639,16.361,16.373
24.118,26.734,26.757,27.19,27.84,22.266,21.639,16.361,16.373,16.361
26.734,26.757,27.19,27.84,22.266,21.639,16.361,16.373,16.361,15.361
26.757,27.19,27.84,22.266,21.639,16.361,16.373,16.361,15.361,16
27.19,27.84,22.266,21.639,16.361,16.373,16.361,15.361,16,18.319
27.84,22.266,21.639,16.361,16.373,16.361,15.361,16,18.319,17.681
22.266,21.639,16.361,16.373,16.361,15.361,16,18.319,17.681,19
21.639,16.361,16.373,16.361,15.361,16,18.319,17.681,19,21.639
16.361,16.373,16.361,15.361,16,18.319,17.681,19,21.639,19
16.373,16.361,15.361,16,18.319,17.681,19,21.639,19,16.681
16.361,15.361,16,18.319,17.681,19,21.639,19,16.681,17.319
15.361,16,18.319,17.681,19,21.639,19,16.681,17.319,17
16,18.319,17.681,19,21.639,19,16.681,17.319,17,15.053
18.319,17.681,19,21.639,19,16.681,17.319,17,15.053,15.053
17.681,19,21.639,19,16.681,17.319,17,15.053,15.053,15.053
19,21.639,19,16.681,17.319,17,15.053,15.053,15.053,13.745
21.639,19,16.681,17.319,17,15.053,15.053,15.053,13.745,14.065
19,16.681,17.319,17,15.053,15.053,15.053,13.745,14.065,17.308
16.681,17.319,17,15.053,15.053,15.053,13.745,14.065,17.308,19.627
17.319,17,15.053,15.053,15.053,13.745,14.065,17.308,19.627,18.34
17,15.053,15.053,15.053,13.745,14.065,17.308,19.627,18.34,14.405
15.053,15.053,15.053,13.745,14.065,17.308,19.627,18.34,14.405,15.065
15.053,15.053,13.745,14.065,17.308,19.627,18.34,14.405,15.065,17.692
15.053,13.745,14.065,17.308,19.627,18.34,14.405,15.065,17.692,18
13.745,14.065,17.308,19.627,18.34,14.405,15.065,17.692,18,46.232
14.065,17.308,19.627,18.34,14.405,15.065,17.692,18,46.232,40.762
17.308,19.627,18.34,14.405,15.065,17.692,18,46.232,40.762,36.222
19.627,18.34,14.405,15.065,17.692,18,46.232,40.762,36.222,29.625
18.34,14.405,15.065,17.692,18,46.232,40.762,36.222,29.625,30.968
14.405,15.065,17.692,18,46.232,40.762,36.222,29.625,30.968,26.998
15.065,17.692,18,46.232,40.762,36.222,29.625,30.968,26.998,23.336
17.692,18,46.232,40.762,36.222,29.625,30.968,26.998,23.336,24.009
18,46.232,40.762,36.222,29.625,30.968,26.998,23.336,24.009,30.38
46.232,40.762,36.222,29.625,30.968,26.998,23.336,24.009,30.38,22.637
40.762,36.222,29.625,30.968,26.998,23.336,24.009,30.38,22.637,25.322
36.222,29.625,30.968,26.998,23.336,24.009,30.38,22.637,25.322,21.317
29.625,30.968,26.998,23.336,24.009,30.38,22.637,25.322,21.317,22.671
30.968,26.998,23.336,24.009,30.38,22.637,25.322,21.317,22.671,21.363
26.998,23.336,24.009,30.38,22.637,25.322,21.317,22.671,21.363,22.694
23.336,24.009,30.38,22.637,25.322,21.317,22.671,21.363,22.694,22.718
24.009,30.38,22.637,25.322,21.317,22.671,21.363,22.694,22.718,20.09
30.38,22.637,25.322,21.317,22.671,21.363,22.694,22.718,20.09,21.433
22.637,25.322,21.317,22.671,21.363,22.694,22.718,20.09,21.433,22.764
25.322,21.317,22.671,21.363,22.694,22.718,20.09,21.433,22.764,22.787
21.317,22.671,21.363,22.694,22.718,20.09,21.433,22.764,22.787,19.745
22.671,21.363,22.694,22.718,20.09,21.433,22.764,22.787,19.745,21.255
21.363,22.694,22.718,20.09,21.433,22.764,22.787,19.745,21.255,19.627
22.694,22.718,20.09,21.433,22.764,22.787,19.745,21.255,19.627,21.479
22.718,20.09,21.433,22.764,22.787,19.745,21.255,19.627,21.479,18.875
20.09,21.433,22.764,22.787,19.745,21.255,19.627,21.479,18.875,21.491
21.433,22.764,22.787,19.745,21.255,19.627,21.479,18.875,21.491,21.514
22.764,22.787,19.745,21.255,19.627,21.479,18.875,21.491,21.514,17.141
22.787,19.745,21.255,19.627,21.479,18.875,21.491,21.514,17.141,18.616
19.745,21.255,19.627,21.479,18.875,21.491,21.514,17.141,18.616,19.616
21.255,19.627,21.479,18.875,21.491,21.514,17.141,18.616,19.616,16.317
19.627,21.479,18.875,21.491,21.514,17.141,18.616,19.616,16.317,15.396
21.479,18.875,21.491,21.514,17.141,18.616,19.616,16.317,15.396,17.308
18.875,21.491,21.514,17.141,18.616,19.616,16.317,15.396,17.308,17.296
21.491,21.514,17.141,18.616,19.616,16.317,15.396,17.308,17.296,18.616
21.514,17.141,18.616,19.616,16.317,15.396,17.308,17.296,18.616,21.22
17.141,18.616,19.616,16.317,15.396,17.308,17.296,18.616,21.22,19.924
18.616,19.616,16.317,15.396,17.308,17.296,18.616,21.22,19.924,59.31
19.616,16.317,15.396,17.308,17.296,18.616,21.22,19.924,59.31,78.107
16.317,15.396,17.308,17.296,18.616,21.22,19.924,59.31,78.107,51.972
15.396,17.308,17.296,18.616,21.22,19.924,59.31,78.107,51.972,42.771
17.308,17.296,18.616,21.22,19.924,59.31,78.107,51.972,42.771,36.116
17.296,18.616,21.22,19.924,59.31,78.107,51.972,42.771,36.116,36.174
18.616,21.22,19.924,59.31,78.107,51.972,42.771,36.116,36.174,33.523
21.22,19.924,59.31,78.107,51.972,42.771,36.116,36.174,33.523,33.569
19.924,59.31,78.107,51.972,42.771,36.116,36.174,33.523,33.569,34.97
59.31,78.107,51.972,42.771,36.116,36.174,33.523,33.569,34.97,32.296
78.107,51.972,42.771,36.116,36.174,33.523,33.569,34.97,32.296,32.319
51.972,42.771,36.116,36.174,33.523,33.569,34.97,32.296,32.319,29.6
42.771,36.116,36.174,33.523,33.569,34.97,32.296,32.319,29.6,37.782
36.116,36.174,33.523,33.569,34.97,32.296,32.319,29.6,37.782,35.109
36.174,33.523,33.569,34.97,32.296,32.319,29.6,37.782,35.109,31.035
33.523,33.569,34.97,32.296,32.319,29.6,37.782,35.109,31.035,29.692
33.569,34.97,32.296,32.319,29.6,37.782,35.109,31.035,29.692,31.081
34.97,32.296,32.319,29.6,37.782,35.109,31.035,29.692,31.081,35.213
32.296,32.319,29.6,37.782,35.109,31.035,29.692,31.081,35.213,43.558
32.319,29.6,37.782,35.109,31.035,29.692,31.081,35.213,43.558,43.72
29.6,37.782,35.109,31.035,29.692,31.081,35.213,43.558,43.72,41.035
37.782,35.109,31.035,29.692,31.081,35.213,43.558,43.72,41.035,39.727
35.109,31.035,29.692,31.081,35.213,43.558,43.72,41.035,39.727,35.595
31.035,29.692,31.081,35.213,43.558,43.72,41.035,39.727,35.595,35.653
29.692,31.081,35.213,43.558,43.72,41.035,39.727,35.595,35.653,50.307
31.081,35.213,43.558,43.72,41.035,39.727,35.595,35.653,50.307,48.044
35.213,43.558,43.72,41.035,39.727,35.595,35.653,50.307,48.044,38.573
43.558,43.72,41.035,39.727,35.595,35.653,50.307,48.044,38.573,37.905
43.72,41.035,39.727,35.595,35.653,50.307,48.044,38.573,37.905,37.597
41.035,39.727,35.595,35.653,50.307,48.044,38.573,37.905,37.597,27.553
39.727,35.595,35.653,50.307,48.044,38.573,37.905,37.597,27.553,25.838
35.595,35.653,50.307,48.044,38.573,37.905,37.597,27.553,25.838,31.544
35.653,50.307,48.044,38.573,37.905,37.597,27.553,25.838,31.544,30.178
50.307,48.044,38.573,37.905,37.597,27.553,25.838,31.544,30.178,30.201
48.044,38.573,37.905,37.597,27.553,25.838,31.544,30.178,30.201,28.813
38.573,37.905,37.597,27.553,25.838,31.544,30.178,30.201,28.813,27.424
37.905,37.597,27.553,25.838,31.544,30.178,30.201,28.813,27.424,28.859
37.597,27.553,25.838,31.544,30.178,30.201,28.813,27.424,28.859,27.47
27.553,25.838,31.544,30.178,30.201,28.813,27.424,28.859,27.47,33.922
25.838,31.544,30.178,30.201,28.813,27.424,28.859,27.47,33.922,31.062
31.544,30.178,30.201,28.813,27.424,28.859,27.47,33.922,31.062,31.105
30.178,30.201,28.813,27.424,28.859,27.47,33.922,31.062,31.105,30.473
30.201,28.813,27.424,28.859,27.47,33.922,31.062,31.105,30.473,34.882
28.813,27.424,28.859,27.47,33.922,31.062,31.105,30.473,34.882,29.118
27.424,28.859,27.47,33.922,31.062,31.105,30.473,34.882,29.118,26.248
28.859,27.47,33.922,31.062,31.105,30.473,34.882,29.118,26.248,26.259
27.47,33.922,31.062,31.105,30.473,34.882,29.118,26.248,26.259,26.259
33.922,31.062,31.105,30.473,34.882,29.118,26.248,26.259,26.259,26.259
31.062,31.105,30.473,34.882,29.118,26.248,26.259,26.259,26.259,24.836
31.105,30.473,34.882,29.118,26.248,26.259,26.259,26.259,24.836,24.847
30.473,34.882,29.118,26.248,26.259,26.259,26.259,24.836,24.847,23.424
34.882,29.118,26.248,26.259,26.259,26.259,24.836,24.847,23.424,20.588
29.118,26.248,26.259,26.259,26.259,24.836,24.847,23.424,20.588,22.035
26.248,26.259,26.259,26.259,24.836,24.847,23.424,20.588,22.035,23.47
26.259,26.259,26.259,24.836,24.847,23.424,20.588,22.035,23.47,24.905
26.259,26.259,24.836,24.847,23.424,20.588,22.035,23.47,24.905,20.657
26.259,24.836,24.847,23.424,20.588,22.035,23.47,24.905,20.657,20.681
24.836,24.847,23.424,20.588,22.035,23.47,24.905,20.657,20.681,20.727
24.847,23.424,20.588,22.035,23.47,24.905,20.657,20.681,20.727,22.151
23.424,20.588,22.035,23.47,24.905,20.657,20.681,20.727,22.151,26.387
20.588,22.035,23.47,24.905,20.657,20.681,20.727,22.151,26.387,20.773
22.035,23.47,24.905,20.657,20.681,20.727,22.151,26.387,20.773,33.401
23.47,24.905,20.657,20.681,20.727,22.151,26.387,20.773,33.401,26.398
24.905,20.657,20.681,20.727,22.151,26.387,20.773,33.401,26.398,24.998
20.657,20.681,20.727,22.151,26.387,20.773,33.401,26.398,24.998,25.009
20.681,20.727,22.151,26.387,20.773,33.401,26.398,24.998,25.009,18.03
20.727,22.151,26.387,20.773,33.401,26.398,24.998,25.009,18.03,20.843
22.151,26.387,20.773,33.401,26.398,24.998,25.009,18.03,20.843,18.076
26.387,20.773,33.401,26.398,24.998,25.009,18.03,20.843,18.076,11.111
20.773,33.401,26.398,24.998,25.009,18.03,20.843,18.076,11.111,18.289
33.401,26.398,24.998,25.009,18.03,20.843,18.076,11.111,18.289,16.769
26.398,24.998,25.009,18.03,20.843,18.076,11.111,18.289,16.769,15.5
24.998,25.009,18.03,20.843,18.076,11.111,18.289,16.769,15.5,15.507
25.009,18.03,20.843,18.076,11.111,18.289,16.769,15.5,15.507,15.53
18.03,20.843,18.076,11.111,18.289,16.769,15.5,15.507,15.53,17.81
20.843,18.076,11.111,18.289,16.769,15.5,15.507,15.53,17.81,18.794
18.076,11.111,18.289,16.769,15.5,15.507,15.53,17.81,18.794,18.331
11.111,18.289,16.769,15.5,15.507,15.53,17.81,18.794,18.331,16.988
18.289,16.769,15.5,15.507,15.53,17.81,18.794,18.331,16.988,15.634
16.769,15.5,15.507,15.53,17.81,18.794,18.331,16.988,15.634,19.755
15.5,15.507,15.53,17.81,18.794,18.331,16.988,15.634,19.755,17.046
15.507,15.53,17.81,18.794,18.331,16.988,15.634,19.755,17.046,17.035
15.53,17.81,18.794,18.331,16.988,15.634,19.755,17.046,17.035,17.069
17.81,18.794,18.331,16.988,15.634,19.755,17.046,17.035,17.069,15.738
18.794,18.331,16.988,15.634,19.755,17.046,17.035,17.069,15.738,15.773
18.331,16.988,15.634,19.755,17.046,17.035,17.069,15.738,15.773,11.769
16.988,15.634,19.755,17.046,17.035,17.069,15.738,15.773,11.769,13.169
15.634,19.755,17.046,17.035,17.069,15.738,15.773,11.769,13.169,13.215
19.755,17.046,17.035,17.069,15.738,15.773,11.769,13.169,13.215,10.576
17.046,17.035,17.069,15.738,15.773,11.769,13.169,13.215,10.576,11.954
17.035,17.069,15.738,15.773,11.769,13.169,13.215,10.576,11.954,14.685
17.069,15.738,15.773,11.769,13.169,13.215,10.576,11.954,14.685,16.063
15.738,15.773,11.769,13.169,13.215,10.576,11.954,14.685,16.063,16.097
15.773,11.769,13.169,13.215,10.576,11.954,14.685,16.063,16.097,14.824
11.769,13.169,13.215,10.576,11.954,14.685,16.063,16.097,14.824,16.19
13.169,13.215,10.576,11.954,14.685,16.063,16.097,14.824,16.19,12.107
13.215,10.576,11.954,14.685,16.063,16.097,14.824,16.19,12.107,16
10.576,11.954,14.685,16.063,16.097,14.824,16.19,12.107,16,18.319
11.954,14.685,16.063,16.097,14.824,16.19,12.107,16,18.319,15.745
14.685,16.063,16.097,14.824,16.19,12.107,16,18.319,15.745,15.745
16.063,16.097,14.824,16.19,12.107,16,18.319,15.745,15.745,14.438
16.097,14.824,16.19,12.107,16,18.319,15.745,15.745,14.438,14.438
14.824,16.19,12.107,16,18.319,15.745,15.745,14.438,14.438,14.745
16.19,12.107,16,18.319,15.745,15.745,14.438,14.438,14.745,14.692
12.107,16,18.319,15.745,15.745,14.438,14.438,14.745,14.692,13.065
16,18.319,15.745,15.745,14.438,14.438,14.745,14.692,13.065,9.218
18.319,15.745,15.745,14.438,14.438,14.745,14.692,13.065,9.218,13.164
15.745,15.745,14.438,14.438,14.745,14.692,13.065,9.218,13.164,15.792
15.745,14.438,14.438,14.745,14.692,13.065,9.218,13.164,15.792,13.188
14.438,14.438,14.745,14.692,13.065,9.218,13.164,15.792,13.188,10.507
14.438,14.745,14.692,13.065,9.218,13.164,15.792,13.188,10.507,12.1
14.745,14.692,13.065,9.218,13.164,15.792,13.188,10.507,12.1,18.407
14.692,13.065,9.218,13.164,15.792,13.188,10.507,12.1,18.407,17.111
13.065,9.218,13.164,15.792,13.188,10.507,12.1,18.407,17.111,22.296
9.218,13.164,15.792,13.188,10.507,12.1,18.407,17.111,22.296,43.083
13.164,15.792,13.188,10.507,12.1,18.407,17.111,22.296,43.083,112.012
15.792,13.188,10.507,12.1,18.407,17.111,22.296,43.083,112.012,111.653
13.188,10.507,12.1,18.407,17.111,22.296,43.083,112.012,111.653,88.296
10.507,12.1,18.407,17.111,22.296,43.083,112.012,111.653,88.296,67.046
12.1,18.407,17.111,22.296,43.083,112.012,111.653,88.296,67.046,50.935
18.407,17.111,22.296,43.083,112.012,111.653,88.296,67.046,50.935,44.199
17.111,22.296,43.083,112.012,111.653,88.296,67.046,50.935,44.199,52.37
22.296,43.083,112.012,111.653,88.296,67.046,50.935,44.199,52.37,59.211
43.083,112.012,111.653,88.296,67.046,50.935,44.199,52.37,59.211,53.794
112.012,111.653,88.296,67.046,50.935,44.199,52.37,59.211,53.794,86.699
111.653,88.296,67.046,50.935,44.199,52.37,59.211,53.794,86.699,92.567
88.296,67.046,50.935,44.199,52.37,59.211,53.794,86.699,92.567,88.991
67.046,50.935,44.199,52.37,59.211,53.794,86.699,92.567,88.991,124.813
50.935,44.199,52.37,59.211,53.794,86.699,92.567,88.991,124.813,207.484
44.199,52.37,59.211,53.794,86.699,92.567,88.991,124.813,207.484,166.222
52.37,59.211,53.794,86.699,92.567,88.991,124.813,207.484,166.222,132.259
59.211,53.794,86.699,92.567,88.991,124.813,207.484,166.222,132.259,119.919
53.794,86.699,92.567,88.991,124.813,207.484,166.222,132.259,119.919,101.6
86.699,92.567,88.991,124.813,207.484,166.222,132.259,119.919,101.6,76.597
92.567,88.991,124.813,207.484,166.222,132.259,119.919,101.6,76.597,81.609
88.991,124.813,207.484,166.222,132.259,119.919,101.6,76.597,81.609,71.313
124.813,207.484,166.222,132.259,119.919,101.6,76.597,81.609,71.313,63.287
207.484,166.222,132.259,119.919,101.6,76.597,81.609,71.313,63.287,56.113
166.222,132.259,119.919,101.6,76.597,81.609,71.313,63.287,56.113,60.425
132.259,119.919,101.6,76.597,81.609,71.313,63.287,56.113,60.425,56.201
119.919,101.6,76.597,81.609,71.313,63.287,56.113,60.425,56.201,50.4
101.6,76.597,81.609,71.313,63.287,56.113,60.425,56.201,50.4,46.132
76.597,81.609,71.313,63.287,56.113,60.425,56.201,50.4,46.132,46.178
81.609,71.313,63.287,56.113,60.425,56.201,50.4,46.132,46.178,41.942
71.313,63.287,56.113,60.425,56.201,50.4,46.132,46.178,41.942,40.53
63.287,56.113,60.425,56.201,50.4,46.132,46.178,41.942,40.53,41.965
56.113,60.425,56.201,50.4,46.132,46.178,41.942,40.53,41.965,57.729
60.425,56.201,50.4,46.132,46.178,41.942,40.53,41.965,57.729,91.081
56.201,50.4,46.132,46.178,41.942,40.53,41.965,57.729,91.081,71.613
50.4,46.132,46.178,41.942,40.53,41.965,57.729,91.081,71.613,80.611
46.132,46.178,41.942,40.53,41.965,57.729,91.081,71.613,80.611,82.299
46.178,41.942,40.53,41.965,57.729,91.081,71.613,80.611,82.299,71.498
41.942,40.53,41.965,57.729,91.081,71.613,80.611,82.299,71.498,61.532
40.53,41.965,57.729,91.081,71.613,80.611,82.299,71.498,61.532,56.526
41.965,57.729,91.081,71.613,80.611,82.299,71.498,61.532,56.526,58.588
57.729,91.081,71.613,80.611,82.299,71.498,61.532,56.526,58.588,58.025
91.081,71.613,80.611,82.299,71.498,61.532,56.526,58.588,58.025,56.613
71.613,80.611,82.299,71.498,61.532,56.526,58.588,58.025,56.613,67.962
80.611,82.299,71.498,61.532,56.526,58.588,58.025,56.613,67.962,76.256
82.299,71.498,61.532,56.526,58.588,58.025,56.613,67.962,76.256,69.795
71.498,61.532,56.526,58.588,58.025,56.613,67.962,76.256,69.795,67.948
61.532,56.526,58.588,58.025,56.613,67.962,76.256,69.795,67.948,62.288
56.526,58.588,58.025,56.613,67.962,76.256,69.795,67.948,62.288,58.864
58.588,58.025,56.613,67.962,76.256,69.795,67.948,62.288,58.864,53.605
58.025,56.613,67.962,76.256,69.795,67.948,62.288,58.864,53.605,51.628
56.613,67.962,76.256,69.795,67.948,62.288,58.864,53.605,51.628,52.04
67.962,76.256,69.795,67.948,62.288,58.864,53.605,51.628,52.04,52.052
76.256,69.795,67.948,62.288,58.864,53.605,51.628,52.04,52.052,82.503
69.795,67.948,62.288,58.864,53.605,51.628,52.04,52.052,82.503,67.948
67.948,62.288,58.864,53.605,51.628,52.04,52.052,82.503,67.948,56.029
62.288,58.864,53.605,51.628,52.04,52.052,82.503,67.948,56.029,56.452
58.864,53.605,51.628,52.04,52.052,82.503,67.948,56.029,56.452,55.464
53.605,51.628,52.04,52.052,82.503,67.948,56.029,56.452,55.464,53.04
51.628,52.04,52.052,82.503,67.948,56.029,56.452,55.464,53.04,54.876
52.04,52.052,82.503,67.948,56.029,56.452,55.464,53.04,54.876,51.476
52.052,82.503,67.948,56.029,56.452,55.464,53.04,54.876,51.476,47.763
82.503,67.948,56.029,56.452,55.464,53.04,54.876,51.476,47.763,52.4
67.948,56.029,56.452,55.464,53.04,54.876,51.476,47.763,52.4,49.576
56.029,56.452,55.464,53.04,54.876,51.476,47.763,52.4,49.576,44.886
56.452,55.464,53.04,54.876,51.476,47.763,52.4,49.576,44.886,42.986
55.464,53.04,54.876,51.476,47.763,52.4,49.576,44.886,42.986,43.887
53.04,54.876,51.476,47.763,52.4,49.576,44.886,42.986,43.887,37.897
54.876,51.476,47.763,52.4,49.576,44.886,42.986,43.887,37.897,36
51.476,47.763,52.4,49.576,44.886,42.986,43.887,37.897,36,33.401
47.763,52.4,49.576,44.886,42.986,43.887,37.897,36,33.401,25.009
52.4,49.576,44.886,42.986,43.887,37.897,36,33.401,25.009,26.398
49.576,44.886,42.986,43.887,37.897,36,33.401,25.009,26.398,25.021
44.886,42.986,43.887,37.897,36,33.401,25.009,26.398,25.021,27.81
42.986,43.887,37.897,36,33.401,25.009,26.398,25.021,27.81,29.211
43.887,37.897,36,33.401,25.009,26.398,25.021,27.81,29.211,29.211
37.897,36,33.401,25.009,26.398,25.021,27.81,29.211,29.211,30.611
36,33.401,25.009,26.398,25.021,27.81,29.211,29.211,30.611,34.789
33.401,25.009,26.398,25.021,27.81,29.211,29.211,30.611,34.789,40.368
25.009,26.398,25.021,27.81,29.211,29.211,30.611,34.789,40.368,37.59
26.398,25.021,27.81,29.211,29.211,30.611,34.789,40.368,37.59,33.389
25.021,27.81,29.211,29.211,30.611,34.789,40.368,37.59,33.389,32
27.81,29.211,29.211,30.611,34.789,40.368,37.59,33.389,32,30.611
29.211,29.211,30.611,34.789,40.368,37.59,33.389,32,30.611,29.199
29.211,30.611,34.789,40.368,37.59,33.389,32,30.611,29.199,30.611
30.611,34.789,40.368,37.59,33.389,32,30.611,29.199,30.611,29.199
34.789,40.368,37.59,33.389,32,30.611,29.199,30.611,29.199,27.822
40.368,37.59,33.389,32,30.611,29.199,30.611,29.199,27.822,23.632
37.59,33.389,32,30.611,29.199,30.611,29.199,27.822,23.632,23.644
33.389,32,30.611,29.199,30.611,29.199,27.822,23.632,23.644,23.655
32,30.611,29.199,30.611,29.199,27.822,23.632,23.644,23.655,22.278
30.611,29.199,30.611,29.199,27.822,23.632,23.644,23.655,22.278,22.289
29.199,30.611,29.199,27.822,23.632,23.644,23.655,22.278,22.289,22.301
30.611,29.199,27.822,23.632,23.644,23.655,22.278,22.289,22.301,17.546
29.199,27.822,23.632,23.644,23.655,22.278,22.289,22.301,17.546,18.97
27.822,23.632,23.644,23.655,22.278,22.289,22.301,17.546,18.97,19.005
23.632,23.644,23.655,22.278,22.289,22.301,17.546,18.97,19.005,14.896
23.644,23.655,22.278,22.289,22.301,17.546,18.97,19.005,14.896,17.662
23.655,22.278,22.289,22.301,17.546,18.97,19.005,14.896,17.662,16.296
22.278,22.289,22.301,17.546,18.97,19.005,14.896,17.662,16.296,16.331
22.289,22.301,17.546,18.97,19.005,14.896,17.662,16.296,16.331,16.331
22.301,17.546,18.97,19.005,14.896,17.662,16.296,16.331,16.331,16.354
17.546,18.97,19.005,14.896,17.662,16.296,16.331,16.331,16.354,13.657
18.97,19.005,14.896,17.662,16.296,16.331,16.331,16.354,13.657,15.035
19.005,14.896,17.662,16.296,16.331,16.331,16.354,13.657,15.035,14.401
14.896,17.662,16.296,16.331,16.331,16.354,13.657,15.035,14.401,10.338
17.662,16.296,16.331,16.331,16.354,13.657,15.035,14.401,10.338,14.435
16.296,16.331,16.331,16.354,13.657,15.035,14.401,10.338,14.435,14.458
16.331,16.331,16.354,13.657,15.035,14.401,10.338,14.435,14.458,11.796
16.331,16.354,13.657,15.035,14.401,10.338,14.435,14.458,11.796,12.162
16.354,13.657,15.035,14.401,10.338,14.435,14.458,11.796,12.162,10.208
13.657,15.035,14.401,10.338,14.435,14.458,11.796,12.162,10.208,11.563
15.035,14.401,10.338,14.435,14.458,11.796,12.162,10.208,11.563,12.94
14.401,10.338,14.435,14.458,11.796,12.162,10.208,11.563,12.94,11.609
10.338,14.435,14.458,11.796,12.162,10.208,11.563,12.94,11.609,9.278
14.435,14.458,11.796,12.162,10.208,11.563,12.94,11.609,9.278,7.991
14.458,11.796,12.162,10.208,11.563,12.94,11.609,9.278,7.991,7.833
11.796,12.162,10.208,11.563,12.94,11.609,9.278,7.991,7.833,6.34
12.162,10.208,11.563,12.94,11.609,9.278,7.991,7.833,6.34,5.032
10.208,11.563,12.94,11.609,9.278,7.991,7.833,6.34,5.032,5.056
11.563,12.94,11.609,9.278,7.991,7.833,6.34,5.032,5.056,7.729
12.94,11.609,9.278,7.991,7.833,6.34,5.032,5.056,7.729,10.391
11.609,9.278,7.991,7.833,6.34,5.032,5.056,7.729,10.391,6.572
9.278,7.991,7.833,6.34,5.032,5.056,7.729,10.391,6.572,11.042
7.991,7.833,6.34,5.032,5.056,7.729,10.391,6.572,11.042,9.095
7.833,6.34,5.032,5.056,7.729,10.391,6.572,11.042,9.095,6.468
6.34,5.032,5.056,7.729,10.391,6.572,11.042,9.095,6.468,10.426
5.032,5.056,7.729,10.391,6.572,11.042,9.095,6.468,10.426,10.438
5.056,7.729,10.391,6.572,11.042,9.095,6.468,10.426,10.438,9.438
7.729,10.391,6.572,11.042,9.095,6.468,10.426,10.438,9.438,10.565
10.391,6.572,11.042,9.095,6.468,10.426,10.438,9.438,10.565,9.734
6.572,11.042,9.095,6.468,10.426,10.438,9.438,10.565,9.734,9.13
11.042,9.095,6.468,10.426,10.438,9.438,10.565,9.734,9.13,9.141
9.095,6.468,10.426,10.438,9.438,10.565,9.734,9.13,9.141,9.153
6.468,10.426,10.438,9.438,10.565,9.734,9.13,9.141,9.153,6.572
10.426,10.438,9.438,10.565,9.734,9.13,9.141,9.153,6.572,7.188
10.438,9.438,10.565,9.734,9.13,9.141,9.153,6.572,7.188,10.704
9.438,10.565,9.734,9.13,9.141,9.153,6.572,7.188,10.704,9.1
10.565,9.734,9.13,9.141,9.153,6.572,7.188,10.704,9.1,6.507
9.734,9.13,9.141,9.153,6.572,7.188,10.704,9.1,6.507,6.53
9.13,9.141,9.153,6.572,7.188,10.704,9.1,6.507,6.53,5.234
9.141,9.153,6.572,7.188,10.704,9.1,6.507,6.53,5.234,7.838
9.153,6.572,7.188,10.704,9.1,6.507,6.53,5.234,7.838,10.704
6.572,7.188,10.704,9.1,6.507,6.53,5.234,7.838,10.704,11.296
7.188,10.704,9.1,6.507,6.53,5.234,7.838,10.704,11.296,13.581
10.704,9.1,6.507,6.53,5.234,7.838,10.704,11.296,13.581,10.419
9.1,6.507,6.53,5.234,7.838,10.704,11.296,13.581,10.419,11.704
6.507,6.53,5.234,7.838,10.704,11.296,13.581,10.419,11.704,9.134
6.53,5.234,7.838,10.704,11.296,13.581,10.419,11.704,9.134,9.134
5.234,7.838,10.704,11.296,13.581,10.419,11.704,9.134,9.134,8.134
7.838,10.704,11.296,13.581,10.419,11.704,9.134,9.134,8.134,10
10.704,11.296,13.581,10.419,11.704,9.134,9.134,8.134,10,10
11.296,13.581,10.419,11.704,9.134,9.134,8.134,10,10,8.431
13.581,10.419,11.704,9.134,9.134,8.134,10,10,8.431,9.715
10.419,11.704,9.134,9.134,8.134,10,10,8.431,9.715,9.715
11.704,9.134,9.134,8.134,10,10,8.431,9.715,9.715,11
9.134,9.134,8.134,10,10,8.431,9.715,9.715,11,13.569
9.134,8.134,10,10,8.431,9.715,9.715,11,13.569,15.151
8.134,10,10,8.431,9.715,9.715,11,13.569,15.151,19.016
10,10,8.431,9.715,9.715,11,13.569,15.151,19.016,18.162
10,8.431,9.715,9.715,11,13.569,15.151,19.016,18.162,18.174
8.431,9.715,9.715,11,13.569,15.151,19.016,18.162,18.174,16.889
9.715,9.715,11,13.569,15.151,19.016,18.162,18.174,16.889,23.37
9.715,11,13.569,15.151,19.016,18.162,18.174,16.889,23.37,15.593
11,13.569,15.151,19.016,18.162,18.174,16.889,23.37,15.593,17.801
13.569,15.151,19.016,18.162,18.174,16.889,23.37,15.593,17.801,17.813
15.151,19.016,18.162,18.174,16.889,23.37,15.593,17.801,17.813,13
19.016,18.162,18.174,16.889,23.37,15.593,17.801,17.813,13,11.692
18.162,18.174,16.889,23.37,15.593,17.801,17.813,13,11.692,14.308
18.174,16.889,23.37,15.593,17.801,17.813,13,11.692,14.308,13
16.889,23.37,15.593,17.801,17.813,13,11.692,14.308,13,15.604
23.37,15.593,17.801,17.813,13,11.692,14.308,13,15.604,16.528
15.593,17.801,17.813,13,11.692,14.308,13,15.604,16.528,15.232
17.801,17.813,13,11.692,14.308,13,15.604,16.528,15.232,13
17.813,13,11.692,14.308,13,15.604,16.528,15.232,13,11.692
13,11.692,14.308,13,15.604,16.528,15.232,13,11.692,10.384
11.692,14.308,13,15.604,16.528,15.232,13,11.692,10.384,10.384
14.308,13,15.604,16.528,15.232,13,11.692,10.384,10.384,10.396
13,15.604,16.528,15.232,13,11.692,10.384,10.384,10.396,14.604
15.604,16.528,15.232,13,11.692,10.384,10.384,10.396,14.604,14.616
16.528,15.232,13,11.692,10.384,10.384,10.396,14.604,14.616,11.692
15.232,13,11.692,10.384,10.384,10.396,14.604,14.616,11.692,9.088
13,11.692,10.384,10.384,10.396,14.604,14.616,11.692,9.088,10.384
11.692,10.384,10.384,10.396,14.604,14.616,11.692,9.088,10.384,7.792
10.384,10.384,10.396,14.604,14.616,11.692,9.088,10.384,7.792,9.088
10.384,10.396,14.604,14.616,11.692,9.088,10.384,7.792,9.088,10.704
10.396,14.604,14.616,11.692,9.088,10.384,7.792,9.088,10.704,8.1
14.604,14.616,11.692,9.088,10.384,7.792,9.088,10.704,8.1,9.692
14.616,11.692,9.088,10.384,7.792,9.088,10.704,8.1,9.692,13.604
11.692,9.088,10.384,7.792,9.088,10.704,8.1,9.692,13.604,14.901
9.088,10.384,7.792,9.088,10.704,8.1,9.692,13.604,14.901,13.604
10.384,7.792,9.088,10.704,8.1,9.692,13.604,14.901,13.604,11
7.792,9.088,10.704,8.1,9.692,13.604,14.901,13.604,11,10
9.088,10.704,8.1,9.692,13.604,14.901,13.604,11,10,11.308
10.704,8.1,9.692,13.604,14.901,13.604,11,10,11.308,11
8.1,9.692,13.604,14.901,13.604,11,10,11.308,11,11
9.692,13.604,14.901,13.604,11,10,11.308,11,11,9.692
13.604,14.901,13.604,11,10,11.308,11,11,9.692,9.704
14.901,13.604,11,10,11.308,11,11,9.692,9.704,12.296
13.604,11,10,11.308,11,11,9.692,9.704,12.296,13.912
11,10,11.308,11,11,9.692,9.704,12.296,13.912,13.912
10,11.308,11,11,9.692,9.704,12.296,13.912,13.912,11
11.308,11,11,9.692,9.704,12.296,13.912,13.912,11,11
11,11,9.692,9.704,12.296,13.912,13.912,11,11,9.692
11,9.692,9.704,12.296,13.912,13.912,11,11,9.692,9.704
9.692,9.704,12.296,13.912,13.912,11,11,9.692,9.704,9.692
9.704,12.296,13.912,13.912,11,11,9.692,9.704,9.692,11.308
12.296,13.912,13.912,11,11,9.692,9.704,9.692,11.308,11.296
13.912,13.912,11,11,9.692,9.704,9.692,11.308,11.296,9.692
13.912,11,11,9.692,9.704,9.692,11.308,11.296,9.692,7.1
11,11,9.692,9.704,9.692,11.308,11.296,9.692,7.1,9.692
11,9.692,9.704,9.692,11.308,11.296,9.692,7.1,9.692,9.704
9.692,9.704,9.692,11.308,11.296,9.692,7.1,9.692,9.704,11
9.704,9.692,11.308,11.296,9.692,7.1,9.692,9.704,11,12.604
9.692,11.308,11.296,9.692,7.1,9.692,9.704,11,12.604,16.516
11.308,11.296,9.692,7.1,9.692,9.704,11,12.604,16.516,11
11.296,9.692,7.1,9.692,9.704,11,12.604,16.516,11,9.692
9.692,7.1,9.692,9.704,11,12.604,16.516,11,9.692,9.704
7.1,9.692,9.704,11,12.604,16.516,11,9.692,9.704,9.692
9.692,9.704,11,12.604,16.516,11,9.692,9.704,9.692,9.692
9.704,11,12.604,16.516,11,9.692,9.704,9.692,9.692,10
11,12.604,16.516,11,9.692,9.704,9.692,9.692,10,8.704
12.604,16.516,11,9.692,9.704,9.692,9.692,10,8.704,8.396
16.516,11,9.692,9.704,9.692,9.692,10,8.704,8.396,9.692
11,9.692,9.704,9.692,9.692,10,8.704,8.396,9.692,8.396
9.692,9.704,9.692,9.692,10,8.704,8.396,9.692,8.396,8.407
9.704,9.692,9.692,10,8.704,8.396,9.692,8.396,8.407,9.692
9.692,9.692,10,8.704,8.396,9.692,8.396,8.407,9.692,7.407
9.692,10,8.704,8.396,9.692,8.396,8.407,9.692,7.407,8.704
10,8.704,8.396,9.692,8.396,8.407,9.692,7.407,8.704,8.396
8.704,8.396,9.692,8.396,8.407,9.692,7.407,8.704,8.396,8.407
8.396,9.692,8.396,8.407,9.692,7.407,8.704,8.396,8.407,7.111
9.692,8.396,8.407,9.692,7.407,8.704,8.396,8.407,7.111,7.123
8.396,8.407,9.692,7.407,8.704,8.396,8.407,7.111,7.123,8.407
8.407,9.692,7.407,8.704,8.396,8.407,7.111,7.123,8.407,8.704
9.692,7.407,8.704,8.396,8.407,7.111,7.123,8.407,8.704,8.715
7.407,8.704,8.396,8.407,7.111,7.123,8.407,8.704,8.715,5.826
8.704,8.396,8.407,7.111,7.123,8.407,8.704,8.715,5.826,6.486
8.396,8.407,7.111,7.123,8.407,8.704,8.715,5.826,6.486,6.486
8.407,7.111,7.123,8.407,8.704,8.715,5.826,6.486,6.486,7.146
7.111,7.123,8.407,8.704,8.715,5.826,6.486,6.486,7.146,7.134
7.123,8.407,8.704,8.715,5.826,6.486,6.486,7.146,7.134,10
8.407,8.704,8.715,5.826,6.486,6.486,7.146,7.134,10,11.285
8.704,8.715,5.826,6.486,6.486,7.146,7.134,10,11.285,11
8.715,5.826,6.486,6.486,7.146,7.134,10,11.285,11,11
5.826,6.486,6.486,7.146,7.134,10,11.285,11,11,11
6.486,6.486,7.146,7.134,10,11.285,11,11,11,11
6.486,7.146,7.134,10,11.285,11,11,11,11,12.285
7.146,7.134,10,11.285,11,11,11,11,12.285,11.296
7.134,10,11.285,11,11,11,11,12.285,11.296,11.285
10,11.285,11,11,11,11,12.285,11.296,11.285,8.792
11.285,11,11,11,11,12.285,11.296,11.285,8.792,8.792
11,11,11,11,12.285,11.296,11.285,8.792,8.792,9.524
11,11,11,12.285,11.296,11.285,8.792,8.792,9.524,9.524
11,11,12.285,11.296,11.285,8.792,8.792,9.524,9.524,9.873
11,12.285,11.296,11.285,8.792,8.792,9.524,9.524,9.873,10
12.285,11.296,11.285,8.792,8.792,9.524,9.524,9.873,10,9.727
11.296,11.285,8.792,8.792,9.524,9.524,9.873,10,9.727,9.611
11.285,8.792,8.792,9.524,9.524,9.873,10,9.727,9.611,9.907
8.792,8.792,9.524,9.524,9.873,10,9.727,9.611,9.907,11.088
8.792,9.524,9.524,9.873,10,9.727,9.611,9.907,11.088,9.919
9.524,9.524,9.873,10,9.727,9.611,9.907,11.088,9.919,8.204
9.524,9.873,10,9.727,9.611,9.907,11.088,9.919,8.204,8.727
9.873,10,9.727,9.611,9.907,11.088,9.919,8.204,8.727,8.727
10,9.727,9.611,9.907,11.088,9.919,8.204,8.727,8.727,10.669
9.727,9.611,9.907,11.088,9.919,8.204,8.727,8.727,10.669,9.681
9.611,9.907,11.088,9.919,8.204,8.727,8.727,10.669,9.681,9.477
9.907,11.088,9.919,8.204,8.727,8.727,10.669,9.681,9.477,9.477
11.088,9.919,8.204,8.727,8.727,10.669,9.681,9.477,9.477,13.262
9.919,8.204,8.727,8.727,10.669,9.681,9.477,9.477,13.262,13.785
8.204,8.727,8.727,10.669,9.681,9.477,9.477,13.262,13.785,12.535
8.727,8.727,10.669,9.681,9.477,9.477,13.262,13.785,12.535,12
8.727,10.669,9.681,9.477,9.477,13.262,13.785,12.535,12,12
10.669,9.681,9.477,9.477,13.262,13.785,12.535,12,12,12
9.681,9.477,9.477,13.262,13.785,12.535,12,12,12,12
9.477,9.477,13.262,13.785,12.535,12,12,12,12,9.465
9.477,13.262,13.785,12.535,12,12,12,12,9.465,12.535
13.262,13.785,12.535,12,12,12,12,9.465,12.535,15.058
13.785,12.535,12,12,12,12,9.465,12.535,15.058,15.796
12.535,12,12,12,12,9.465,12.535,15.058,15.796,15.808
12,12,12,12,9.465,12.535,15.058,15.796,15.808,12
12,12,12,9.465,12.535,15.058,15.796,15.808,12,12
12,12,9.465,12.535,15.058,15.796,15.808,12,12,12
12,9.465,12.535,15.058,15.796,15.808,12,12,12,11.262
9.465,12.535,15.058,15.796,15.808,12,12,12,11.262,12.535
12.535,15.058,15.796,15.808,12,12,12,11.262,12.535,12
15.058,15.796,15.808,12,12,12,11.262,12.535,12,10.738
15.796,15.808,12,12,12,11.262,12.535,12,10.738,10.727
15.808,12,12,12,11.262,12.535,12,10.738,10.727,10.738
12,12,12,11.262,12.535,12,10.738,10.727,10.738,12
12,12,11.262,12.535,12,10.738,10.727,10.738,12,10
12,11.262,12.535,12,10.738,10.727,10.738,12,10,12.535
11.262,12.535,12,10.738,10.727,10.738,12,10,12.535,11
12.535,12,10.738,10.727,10.738,12,10,12.535,11,11
12,10.738,10.727,10.738,12,10,12.535,11,11,12.262
10.738,10.727,10.738,12,10,12.535,11,11,12.262,11
10.727,10.738,12,10,12.535,11,11,12.262,11,9.738
10.738,12,10,12.535,11,11,12.262,11,9.738,9
12,10,12.535,11,11,12.262,11,9.738,9,11.262
10,12.535,11,11,12.262,11,9.738,9,11.262,11.738
12.535,11,11,12.262,11,9.738,9,11.262,11.738,10.465
11,11,12.262,11,9.738,9,11.262,11.738,10.465,10.454
11,12.262,11,9.738,9,11.262,11.738,10.465,10.454,10.477
12.262,11,9.738,9,11.262,11.738,10.465,10.454,10.477,30.766
11,9.738,9,11.262,11.738,10.465,10.454,10.477,30.766,40.944
9.738,9,11.262,11.738,10.465,10.454,10.477,30.766,40.944,34.444
9,11.262,11.738,10.465,10.454,10.477,30.766,40.944,34.444,27.213
11.262,11.738,10.465,10.454,10.477,30.766,40.944,34.444,27.213,22.086
11.738,10.465,10.454,10.477,30.766,40.944,34.444,27.213,22.086,15.593
10.465,10.454,10.477,30.766,40.944,34.444,27.213,22.086,15.593,16.296
10.454,10.477,30.766,40.944,34.444,27.213,22.086,15.593,16.296,19.505
10.477,30.766,40.944,34.444,27.213,22.086,15.593,16.296,19.505,22.032
30.766,40.944,34.444,27.213,22.086,15.593,16.296,19.505,22.032,23.067
40.944,34.444,27.213,22.086,15.593,16.296,19.505,22.032,23.067,19.551
34.444,27.213,22.086,15.593,16.296,19.505,22.032,23.067,19.551,15.627
27.213,22.086,15.593,16.296,19.505,22.032,23.067,19.551,15.627,15.627
22.086,15.593,16.296,19.505,22.032,23.067,19.551,15.627,15.627,20.882
15.593,16.296,19.505,22.032,23.067,19.551,15.627,15.627,20.882,32.699
16.296,19.505,22.032,23.067,19.551,15.627,15.627,20.882,32.699,30.065
19.505,22.032,23.067,19.551,15.627,15.627,20.882,32.699,30.065,31.146
22.032,23.067,19.551,15.627,15.627,20.882,32.699,30.065,31.146,26.252
23.067,19.551,15.627,15.627,20.882,32.699,30.065,31.146,26.252,24.956
19.551,15.627,15.627,20.882,32.699,30.065,31.146,26.252,24.956,20.363
15.627,15.627,20.882,32.699,30.065,31.146,26.252,24.956,20.363,19.517
15.627,20.882,32.699,30.065,31.146,26.252,24.956,20.363,19.517,20.886
20.882,32.699,30.065,31.146,26.252,24.956,20.363,19.517,20.886,22.973
32.699,30.065,31.146,26.252,24.956,20.363,19.517,20.886,22.973,23.925
30.065,31.146,26.252,24.956,20.363,19.517,20.886,22.973,23.925,14.216
31.146,26.252,24.956,20.363,19.517,20.886,22.973,23.925,14.216,14.695
26.252,24.956,20.363,19.517,20.886,22.973,23.925,14.216,14.695,19.465
24.956,20.363,19.517,20.886,22.973,23.925,14.216,14.695,19.465,21.546
20.363,19.517,20.886,22.973,23.925,14.216,14.695,19.465,21.546,14.868
19.517,20.886,22.973,23.925,14.216,14.695,19.465,21.546,14.868,14.873
20.886,22.973,23.925,14.216,14.695,19.465,21.546,14.868,14.873,20.958
22.973,23.925,14.216,14.695,19.465,21.546,14.868,14.873,20.958,22.983
23.925,14.216,14.695,19.465,21.546,14.868,14.873,20.958,22.983,21.981
14.216,14.695,19.465,21.546,14.868,14.873,20.958,22.983,21.981,22.7
14.695,19.465,21.546,14.868,14.873,20.958,22.983,21.981,22.7,20.578
19.465,21.546,14.868,14.873,20.958,22.983,21.981,22.7,20.578,14.05
21.546,14.868,14.873,20.958,22.983,21.981,22.7,20.578,14.05,13.929
14.868,14.873,20.958,22.983,21.981,22.7,20.578,14.05,13.929,21.253
14.873,20.958,22.983,21.981,22.7,20.578,14.05,13.929,21.253,22.753
20.958,22.983,21.981,22.7,20.578,14.05,13.929,21.253,22.753,21.119
22.983,21.981,22.7,20.578,14.05,13.929,21.253,22.753,21.119,21.943
21.981,22.7,20.578,14.05,13.929,21.253,22.753,21.119,21.943,20.173
22.7,20.578,14.05,13.929,21.253,22.753,21.119,21.943,20.173,13.612
20.578,14.05,13.929,21.253,22.753,21.119,21.943,20.173,13.612,13.616
14.05,13.929,21.253,22.753,21.119,21.943,20.173,13.612,13.616,19.967
13.929,21.253,22.753,21.119,21.943,20.173,13.612,13.616,19.967,22.289
21.253,22.753,21.119,21.943,20.173,13.612,13.616,19.967,22.289,19.289
22.753,21.119,21.943,20.173,13.612,13.616,19.967,22.289,19.289,20.537
21.119,21.943,20.173,13.612,13.616,19.967,22.289,19.289,20.537,20.755
21.943,20.173,13.612,13.616,19.967,22.289,19.289,20.537,20.755,12.885
20.173,13.612,13.616,19.967,22.289,19.289,20.537,20.755,12.885,12.835
13.612,13.616,19.967,22.289,19.289,20.537,20.755,12.885,12.835,19.103
13.616,19.967,22.289,19.289,20.537,20.755,12.885,12.835,19.103,19.565
19.967,22.289,19.289,20.537,20.755,12.885,12.835,19.103,19.565,19.597
22.289,19.289,20.537,20.755,12.885,12.835,19.103,19.565,19.597,21.195
19.289,20.537,20.755,12.885,12.835,19.103,19.565,19.597,21.195,20.705
20.537,20.755,12.885,12.835,19.103,19.565,19.597,21.195,20.705,12.943
20.755,12.885,12.835,19.103,19.565,19.597,21.195,20.705,12.943,13.522
12.885,12.835,19.103,19.565,19.597,21.195,20.705,12.943,13.522,19.672
12.835,19.103,19.565,19.597,21.195,20.705,12.943,13.522,19.672,17.821
19.103,19.565,19.597,21.195,20.705,12.943,13.522,19.672,17.821,20.917
19.565,19.597,21.195,20.705,12.943,13.522,19.672,17.821,20.917,19.62
19.597,21.195,20.705,12.943,13.522,19.672,17.821,20.917,19.62,22.673
21.195,20.705,12.943,13.522,19.672,17.821,20.917,19.62,22.673,13.687
20.705,12.943,13.522,19.672,17.821,20.917,19.62,22.673,13.687,14.636
12.943,13.522,19.672,17.821,20.917,19.62,22.673,13.687,14.636,21.237
13.522,19.672,17.821,20.917,19.62,22.673,13.687,14.636,21.237,20.505
19.672,17.821,20.917,19.62,22.673,13.687,14.636,21.237,20.505,22.063
17.821,20.917,19.62,22.673,13.687,14.636,21.237,20.505,22.063,22.871
20.917,19.62,22.673,13.687,14.636,21.237,20.505,22.063,22.871,23.279
19.62,22.673,13.687,14.636,21.237,20.505,22.063,22.871,23.279,13.74
22.673,13.687,14.636,21.237,20.505,22.063,22.871,23.279,13.74,13.994
13.687,14.636,21.237,20.505,22.063,22.871,23.279,13.74,13.994,20.716
14.636,21.237,20.505,22.063,22.871,23.279,13.74,13.994,20.716,20.21
21.237,20.505,22.063,22.871,23.279,13.74,13.994,20.716,20.21,22.064
20.505,22.063,22.871,23.279,13.74,13.994,20.716,20.21,22.064,20.36
22.063,22.871,23.279,13.74,13.994,20.716,20.21,22.064,20.36,19.551
22.871,23.279,13.74,13.994,20.716,20.21,22.064,20.36,19.551,13.56
23.279,13.74,13.994,20.716,20.21,22.064,20.36,19.551,13.56,13.549
13.74,13.994,20.716,20.21,22.064,20.36,19.551,13.56,13.549,21.806
13.994,20.716,20.21,22.064,20.36,19.551,13.56,13.549,21.806,21.712
20.716,20.21,22.064,20.36,19.551,13.56,13.549,21.806,21.712,19.182
20.21,22.064,20.36,19.551,13.56,13.549,21.806,21.712,19.182,19.973
22.064,20.36,19.551,13.56,13.549,21.806,21.712,19.182,19.973,21.208
20.36,19.551,13.56,13.549,21.806,21.712,19.182,19.973,21.208,15.121
19.551,13.56,13.549,21.806,21.712,19.182,19.973,21.208,15.121,19.327
13.56,13.549,21.806,21.712,19.182,19.973,21.208,15.121,19.327,32.038
13.549,21.806,21.712,19.182,19.973,21.208,15.121,19.327,32.038,33.583
21.806,21.712,19.182,19.973,21.208,15.121,19.327,32.038,33.583,32.832
21.712,19.182,19.973,21.208,15.121,19.327,32.038,33.583,32.832,28.51
19.182,19.973,21.208,15.121,19.327,32.038,33.583,32.832,28.51,30.766
19.973,21.208,15.121,19.327,32.038,33.583,32.832,28.51,30.766,26.605
21.208,15.121,19.327,32.038,33.583,32.832,28.51,30.766,26.605,30.782
15.121,19.327,32.038,33.583,32.832,28.51,30.766,26.605,30.782,30.639
19.327,32.038,33.583,32.832,28.51,30.766,26.605,30.782,30.639,32.067
32.038,33.583,32.832,28.51,30.766,26.605,30.782,30.639,32.067,35.117
33.583,32.832,28.51,30.766,26.605,30.782,30.639,32.067,35.117,35.287
32.832,28.51,30.766,26.605,30.782,30.639,32.067,35.117,35.287,30.682
28.51,30.766,26.605,30.782,30.639,32.067,35.117,35.287,30.682,30.886
30.766,26.605,30.782,30.639,32.067,35.117,35.287,30.682,30.886,31.781
26.605,30.782,30.639,32.067,35.117,35.287,30.682,30.886,31.781,29.24
30.782,30.639,32.067,35.117,35.287,30.682,30.886,31.781,29.24,30.345
30.639,32.067,35.117,35.287,30.682,30.886,31.781,29.24,30.345,25.329
32.067,35.117,35.287,30.682,30.886,31.781,29.24,30.345,25.329,31.993
35.117,35.287,30.682,30.886,31.781,29.24,30.345,25.329,31.993,31.555
35.287,30.682,30.886,31.781,29.24,30.345,25.329,31.993,31.555,27.715
30.682,30.886,31.781,29.24,30.345,25.329,31.993,31.555,27.715,31.844
30.886,31.781,29.24,30.345,25.329,31.993,31.555,27.715,31.844,32.129
31.781,29.24,30.345,25.329,31.993,31.555,27.715,31.844,32.129,31.451
29.24,30.345,25.329,31.993,31.555,27.715,31.844,32.129,31.451,31.143
30.345,25.329,31.993,31.555,27.715,31.844,32.129,31.451,31.143,31.14
25.329,31.993,31.555,27.715,31.844,32.129,31.451,31.143,31.14,28.006
31.993,31.555,27.715,31.844,32.129,31.451,31.143,31.14,28.006,27.407
31.555,27.715,31.844,32.129,31.451,31.143,31.14,28.006,27.407,31.412
27.715,31.844,32.129,31.451,31.143,31.14,28.006,27.407,31.412,31.064
31.844,32.129,31.451,31.143,31.14,28.006,27.407,31.412,31.064,32.013
32.129,31.451,31.143,31.14,28.006,27.407,31.412,31.064,32.013,30.921
31.451,31.143,31.14,28.006,27.407,31.412,31.064,32.013,30.921,28.577
31.143,31.14,28.006,27.407,31.412,31.064,32.013,30.921,28.577,30.677
31.14,28.006,27.407,31.412,31.064,32.013,30.921,28.577,30.677,25.606
28.006,27.407,31.412,31.064,32.013,30.921,28.577,30.677,25.606,31.14
27.407,31.412,31.064,32.013,30.921,28.577,30.677,25.606,31.14,31.292
31.412,31.064,32.013,30.921,28.577,30.677,25.606,31.14,31.292,31.397
31.064,32.013,30.921,28.577,30.677,25.606,31.14,31.292,31.397,31.555
32.013,30.921,28.577,30.677,25.606,31.14,31.292,31.397,31.555,29.362
30.921,28.577,30.677,25.606,31.14,31.292,31.397,31.555,29.362,30.074
28.577,30.677,25.606,31.14,31.292,31.397,31.555,29.362,30.074,21.286
30.677,25.606,31.14,31.292,31.397,31.555,29.362,30.074,21.286,13.633
25.606,31.14,31.292,31.397,31.555,29.362,30.074,21.286,13.633,18.712
31.14,31.292,31.397,31.555,29.362,30.074,21.286,13.633,18.712,17.936
31.292,31.397,31.555,29.362,30.074,21.286,13.633,18.712,17.936,21.103
31.397,31.555,29.362,30.074,21.286,13.633,18.712,17.936,21.103,20.609
31.555,29.362,30.074,21.286,13.633,18.712,17.936,21.103,20.609,21.932
29.362,30.074,21.286,13.633,18.712,17.936,21.103,20.609,21.932,14.928
30.074,21.286,13.633,18.712,17.936,21.103,20.609,21.932,14.928,15.286
21.286,13.633,18.712,17.936,21.103,20.609,21.932,14.928,15.286,19.628
13.633,18.712,17.936,21.103,20.609,21.932,14.928,15.286,19.628,18.81
18.712,17.936,21.103,20.609,21.932,14.928,15.286,19.628,18.81,20.629
17.936,21.103,20.609,21.932,14.928,15.286,19.628,18.81,20.629,19.987
21.103,20.609,21.932,14.928,15.286,19.628,18.81,20.629,19.987,16.871
20.609,21.932,14.928,15.286,19.628,18.81,20.629,19.987,16.871,13.437
21.932,14.928,15.286,19.628,18.81,20.629,19.987,16.871,13.437,13.504
14.928,15.286,19.628,18.81,20.629,19.987,16.871,13.437,13.504,23.169
15.286,19.628,18.81,20.629,19.987,16.871,13.437,13.504,23.169,22.984
19.628,18.81,20.629,19.987,16.871,13.437,13.504,23.169,22.984,21.439
18.81,20.629,19.987,16.871,13.437,13.504,23.169,22.984,21.439,20.266
20.629,19.987,16.871,13.437,13.504,23.169,22.984,21.439,20.266,19.592
19.987,16.871,13.437,13.504,23.169,22.984,21.439,20.266,19.592,12.822
16.871,13.437,13.504,23.169,22.984,21.439,20.266,19.592,12.822,18.208
13.437,13.504,23.169,22.984,21.439,20.266,19.592,12.822,18.208,23.166
13.504,23.169,22.984,21.439,20.266,19.592,12.822,18.208,23.166,20.008
23.169,22.984,21.439,20.266,19.592,12.822,18.208,23.166,20.008,21.954
22.984,21.439,20.266,19.592,12.822,18.208,23.166,20.008,21.954,24.07
21.439,20.266,19.592,12.822,18.208,23.166,20.008,21.954,24.07,18.898
20.266,19.592,12.822,18.208,23.166,20.008,21.954,24.07,18.898,13.608
19.592,12.822,18.208,23.166,20.008,21.954,24.07,18.898,13.608,12.006
12.822,18.208,23.166,20.008,21.954,24.07,18.898,13.608,12.006,22.625
18.208,23.166,20.008,21.954,24.07,18.898,13.608,12.006,22.625,20.241
23.166,20.008,21.954,24.07,18.898,13.608,12.006,22.625,20.241,21.757
20.008,21.954,24.07,18.898,13.608,12.006,22.625,20.241,21.757,21.704
21.954,24.07,18.898,13.608,12.006,22.625,20.241,21.757,21.704,17.783
24.07,18.898,13.608,12.006,22.625,20.241,21.757,21.704,17.783,11.612
18.898,13.608,12.006,22.625,20.241,21.757,21.704,17.783,11.612,11.803
13.608,12.006,22.625,20.241,21.757,21.704,17.783,11.612,11.803,21.21
12.006,22.625,20.241,21.757,21.704,17.783,11.612,11.803,21.21,22.519
22.625,20.241,21.757,21.704,17.783,11.612,11.803,21.21,22.519,20.022
20.241,21.757,21.704,17.783,11.612,11.803,21.21,22.519,20.022,18.219
21.757,21.704,17.783,11.612,11.803,21.21,22.519,20.022,18.219,21.182
21.704,17.783,11.612,11.803,21.21,22.519,20.022,18.219,21.182,9.534
17.783,11.612,11.803,21.21,22.519,20.022,18.219,21.182,9.534,14.11
11.612,11.803,21.21,22.519,20.022,18.219,21.182,9.534,14.11,13.713
11.803,21.21,22.519,20.022,18.219,21.182,9.534,14.11,13.713,14.14
21.21,22.519,20.022,18.219,21.182,9.534,14.11,13.713,14.14,13.889
22.519,20.022,18.219,21.182,9.534,14.11,13.713,14.14,13.889,14.908
20.022,18.219,21.182,9.534,14.11,13.713,14.14,13.889,14.908,13.418
18.219,21.182,9.534,14.11,13.713,14.14,13.889,14.908,13.418,9.773
21.182,9.534,14.11,13.713,14.14,13.889,14.908,13.418,9.773,10.087
9.534,14.11,13.713,14.14,13.889,14.908,13.418,9.773,10.087,13.998
14.11,13.713,14.14,13.889,14.908,13.418,9.773,10.087,13.998,13.645
13.713,14.14,13.889,14.908,13.418,9.773,10.087,13.998,13.645,13.65
14.14,13.889,14.908,13.418,9.773,10.087,13.998,13.645,13.65,14.099
13.889,14.908,13.418,9.773,10.087,13.998,13.645,13.65,14.099,14.785
14.908,13.418,9.773,10.087,13.998,13.645,13.65,14.099,14.785,15.128
13.418,9.773,10.087,13.998,13.645,13.65,14.099,14.785,15.128,16.207
9.773,10.087,13.998,13.645,13.65,14.099,14.785,15.128,16.207,15.257
10.087,13.998,13.645,13.65,14.099,14.785,15.128,16.207,15.257,14.572
13.998,13.645,13.65,14.099,14.785,15.128,16.207,15.257,14.572,14.155
13.645,13.65,14.099,14.785,15.128,16.207,15.257,14.572,14.155,14.377
13.65,14.099,14.785,15.128,16.207,15.257,14.572,14.155,14.377,13.909
14.099,14.785,15.128,16.207,15.257,14.572,14.155,14.377,13.909,14.222
14.785,15.128,16.207,15.257,14.572,14.155,14.377,13.909,14.222,14.266
15.128,16.207,15.257,14.572,14.155,14.377,13.909,14.222,14.266,14.228
16.207,15.257,14.572,14.155,14.377,13.909,14.222,14.266,14.228,13.852
15.257,14.572,14.155,14.377,13.909,14.222,14.266,14.228,13.852,13.949
14.572,14.155,14.377,13.909,14.222,14.266,14.228,13.852,13.949,13.741
14.155,14.377,13.909,14.222,14.266,14.228,13.852,13.949,13.741,13.836
14.377,13.909,14.222,14.266,14.228,13.852,13.949,13.741,13.836,13.959
13.909,14.222,14.266,14.228,13.852,13.949,13.741,13.836,13.959,14.096
14.222,14.266,14.228,13.852,13.949,13.741,13.836,13.959,14.096,13.87
14.266,14.228,13.852,13.949,13.741,13.836,13.959,14.096,13.87,13.715
14.228,13.852,13.949,13.741,13.836,13.959,14.096,13.87,13.715,13.88
13.852,13.949,13.741,13.836,13.959,14.096,13.87,13.715,13.88,13.427
13.949,13.741,13.836,13.959,14.096,13.87,13.715,13.88,13.427,14.696
13.741,13.836,13.959,14.096,13.87,13.715,13.88,13.427,14.696,14.511
13.836,13.959,14.096,13.87,13.715,13.88,13.427,14.696,14.511,14.353
13.959,14.096,13.87,13.715,13.88,13.427,14.696,14.511,14.353,14.038
14.096,13.87,13.715,13.88,13.427,14.696,14.511,14.353,14.038,14.683
13.87,13.715,13.88,13.427,14.696,14.511,14.353,14.038,14.683,14.46
13.715,13.88,13.427,14.696,14.511,14.353,14.038,14.683,14.46,15.31
13.88,13.427,14.696,14.511,14.353,14.038,14.683,14.46,15.31,14.962
13.427,14.696,14.511,14.353,14.038,14.683,14.46,15.31,14.962,15.196
14.696,14.511,14.353,14.038,14.683,14.46,15.31,14.962,15.196,15.59
14.511,14.353,14.038,14.683,14.46,15.31,14.962,15.196,15.59,16.348
14.353,14.038,14.683,14.46,15.31,14.962,15.196,15.59,16.348,19.946
14.038,14.683,14.46,15.31,14.962,15.196,15.59,16.348,19.946,27.24
14.683,14.46,15.31,14.962,15.196,15.59,16.348,19.946,27.24,26.113
14.46,15.31,14.962,15.196,15.59,16.348,19.946,27.24,26.113,23.02
15.31,14.962,15.196,15.59,16.348,19.946,27.24,26.113,23.02,17.606
14.962,15.196,15.59,16.348,19.946,27.24,26.113,23.02,17.606,18.742
15.196,15.59,16.348,19.946,27.24,26.113,23.02,17.606,18.742,26.895
15.59,16.348,19.946,27.24,26.113,23.02,17.606,18.742,26.895,28.804
16.348,19.946,27.24,26.113,23.02,17.606,18.742,26.895,28.804,23.857
19.946,27.24,26.113,23.02,17.606,18.742,26.895,28.804,23.857,25.384
27.24,26.113,23.02,17.606,18.742,26.895,28.804,23.857,25.384,25.535
26.113,23.02,17.606,18.742,26.895,28.804,23.857,25.384,25.535,12.529
23.02,17.606,18.742,26.895,28.804,23.857,25.384,25.535,12.529,12.949
17.606,18.742,26.895,28.804,23.857,25.384,25.535,12.529,12.949,22.124
18.742,26.895,28.804,23.857,25.384,25.535,12.529,12.949,22.124,26.333
26.895,28.804,23.857,25.384,25.535,12.529,12.949,22.124,26.333,24.339
28.804,23.857,25.384,25.535,12.529,12.949,22.124,26.333,24.339,25.632
23.857,25.384,25.535,12.529,12.949,22.124,26.333,24.339,25.632,27.03
25.384,25.535,12.529,12.949,22.124,26.333,24.339,25.632,27.03,12.656
25.535,12.529,12.949,22.124,26.333,24.339,25.632,27.03,12.656,13.352
12.529,12.949,22.124,26.333,24.339,25.632,27.03,12.656,13.352,21.627
12.949,22.124,26.333,24.339,25.632,27.03,12.656,13.352,21.627,16.495
22.124,26.333,24.339,25.632,27.03,12.656,13.352,21.627,16.495,20.775
26.333,24.339,25.632,27.03,12.656,13.352,21.627,16.495,20.775,23.302
24.339,25.632,27.03,12.656,13.352,21.627,16.495,20.775,23.302,20.532
25.632,27.03,12.656,13.352,21.627,16.495,20.775,23.302,20.532,13.339
27.03,12.656,13.352,21.627,16.495,20.775,23.302,20.532,13.339,13.494
12.656,13.352,21.627,16.495,20.775,23.302,20.532,13.339,13.494,24.918
13.352,21.627,16.495,20.775,23.302,20.532,13.339,13.494,24.918,23.128
21.627,16.495,20.775,23.302,20.532,13.339,13.494,24.918,23.128,21.432
16.495,20.775,23.302,20.532,13.339,13.494,24.918,23.128,21.432,20.417
20.775,23.302,20.532,13.339,13.494,24.918,23.128,21.432,20.417,19.564
23.302,20.532,13.339,13.494,24.918,23.128,21.432,20.417,19.564,14.117
20.532,13.339,13.494,24.918,23.128,21.432,20.417,19.564,14.117,14.27
13.339,13.494,24.918,23.128,21.432,20.417,19.564,14.117,14.27,25.132
13.494,24.918,23.128,21.432,20.417,19.564,14.117,14.27,25.132,23.124
24.918,23.128,21.432,20.417,19.564,14.117,14.27,25.132,23.124,26.026
23.128,21.432,20.417,19.564,14.117,14.27,25.132,23.124,26.026,27.514
21.432,20.417,19.564,14.117,14.27,25.132,23.124,26.026,27.514,23.609
20.417,19.564,14.117,14.27,25.132,23.124,26.026,27.514,23.609,14.368
19.564,14.117,14.27,25.132,23.124,26.026,27.514,23.609,14.368,14.939
14.117,14.27,25.132,23.124,26.026,27.514,23.609,14.368,14.939,24.843
14.27,25.132,23.124,26.026,27.514,23.609,14.368,14.939,24.843,25.376
25.132,23.124,26.026,27.514,23.609,14.368,14.939,24.843,25.376,15.658
23.124,26.026,27.514,23.609,14.368,14.939,24.843,25.376,15.658,16.072
26.026,27.514,23.609,14.368,14.939,24.843,25.376,15.658,16.072,29.115
27.514,23.609,14.368,14.939,24.843,25.376,15.658,16.072,29.115,15.685
23.609,14.368,14.939,24.843,25.376,15.658,16.072,29.115,15.685,15.719
14.368,14.939,24.843,25.376,15.658,16.072,29.115,15.685,15.719,31.986
14.939,24.843,25.376,15.658,16.072,29.115,15.685,15.719,31.986,28.684
24.843,25.376,15.658,16.072,29.115,15.685,15.719,31.986,28.684,25.841
25.376,15.658,16.072,29.115,15.685,15.719,31.986,28.684,25.841,27.786
15.658,16.072,29.115,15.685,15.719,31.986,28.684,25.841,27.786,28.328
16.072,29.115,15.685,15.719,31.986,28.684,25.841,27.786,28.328,15.446
29.115,15.685,15.719,31.986,28.684,25.841,27.786,28.328,15.446,15.933
15.685,15.719,31.986,28.684,25.841,27.786,28.328,15.446,15.933,31.801
15.719,31.986,28.684,25.841,27.786,28.328,15.446,15.933,31.801,24.416
31.986,28.684,25.841,27.786,28.328,15.446,15.933,31.801,24.416,22.878
28.684,25.841,27.786,28.328,15.446,15.933,31.801,24.416,22.878,22.951
25.841,27.786,28.328,15.446,15.933,31.801,24.416,22.878,22.951,22.034
27.786,28.328,15.446,15.933,31.801,24.416,22.878,22.951,22.034,15.076
28.328,15.446,15.933,31.801,24.416,22.878,22.951,22.034,15.076,16.483
15.446,15.933,31.801,24.416,22.878,22.951,22.034,15.076,16.483,35.47
15.933,31.801,24.416,22.878,22.951,22.034,15.076,16.483,35.47,37.137
31.801,24.416,22.878,22.951,22.034,15.076,16.483,35.47,37.137,54.734
24.416,22.878,22.951,22.034,15.076,16.483,35.47,37.137,54.734,58.046
22.878,22.951,22.034,15.076,16.483,35.47,37.137,54.734,58.046,56.694
22.951,22.034,15.076,16.483,35.47,37.137,54.734,58.046,56.694,52.574
22.034,15.076,16.483,35.47,37.137,54.734,58.046,56.694,52.574,49.218
15.076,16.483,35.47,37.137,54.734,58.046,56.694,52.574,49.218,26.789
16.483,35.47,37.137,54.734,58.046,56.694,52.574,49.218,26.789,30.453
35.47,37.137,54.734,58.046,56.694,52.574,49.218,26.789,30.453,43.273
37.137,54.734,58.046,56.694,52.574,49.218,26.789,30.453,43.273,38.292
54.734,58.046,56.694,52.574,49.218,26.789,30.453,43.273,38.292,43.737
58.046,56.694,52.574,49.218,26.789,30.453,43.273,38.292,43.737,29.717
56.694,52.574,49.218,26.789,30.453,43.273,38.292,43.737,29.717,21.987
52.574,49.218,26.789,30.453,43.273,38.292,43.737,29.717,21.987,33.098
49.218,26.789,30.453,43.273,38.292,43.737,29.717,21.987,33.098,35.673
26.789,30.453,43.273,38.292,43.737,29.717,21.987,33.098,35.673,40.804
30.453,43.273,38.292,43.737,29.717,21.987,33.098,35.673,40.804,39.261
43.273,38.292,43.737,29.717,21.987,33.098,35.673,40.804,39.261,40.097
38.292,43.737,29.717,21.987,33.098,35.673,40.804,39.261,40.097,38.279
43.737,29.717,21.987,33.098,35.673,40.804,39.261,40.097,38.279,40.328
29.717,21.987,33.098,35.673,40.804,39.261,40.097,38.279,40.328,39.776
21.987,33.098,35.673,40.804,39.261,40.097,38.279,40.328,39.776,39.604
33.098,35.673,40.804,39.261,40.097,38.279,40.328,39.776,39.604,38.965
35.673,40.804,39.261,40.097,38.279,40.328,39.776,39.604,38.965,39.681
40.804,39.261,40.097,38.279,40.328,39.776,39.604,38.965,39.681,59.836
39.261,40.097,38.279,40.328,39.776,39.604,38.965,39.681,59.836,69.591
40.097,38.279,40.328,39.776,39.604,38.965,39.681,59.836,69.591,68.757
38.279,40.328,39.776,39.604,38.965,39.681,59.836,69.591,68.757,63.696
40.328,39.776,39.604,38.965,39.681,59.836,69.591,68.757,63.696,68.659
39.776,39.604,38.965,39.681,59.836,69.591,68.757,63.696,68.659,76.231
39.604,38.965,39.681,59.836,69.591,68.757,63.696,68.659,76.231,79.938
38.965,39.681,59.836,69.591,68.757,63.696,68.659,76.231,79.938,109.834
39.681,59.836,69.591,68.757,63.696,68.659,76.231,79.938,109.834,92.464
59.836,69.591,68.757,63.696,68.659,76.231,79.938,109.834,92.464,76.641
69.591,68.757,63.696,68.659,76.231,79.938,109.834,92.464,76.641,71.577
68.757,63.696,68.659,76.231,79.938,109.834,92.464,76.641,71.577,49.793
63.696,68.659,76.231,79.938,109.834,92.464,76.641,71.577,49.793,41.092
68.659,76.231,79.938,109.834,92.464,76.641,71.577,49.793,41.092,42.966
76.231,79.938,109.834,92.464,76.641,71.577,49.793,41.092,42.966,43.477
79.938,109.834,92.464,76.641,71.577,49.793,41.092,42.966,43.477,42.042
109.834,92.464,76.641,71.577,49.793,41.092,42.966,43.477,42.042,44.593
92.464,76.641,71.577,49.793,41.092,42.966,43.477,42.042,44.593,66.86
76.641,71.577,49.793,41.092,42.966,43.477,42.042,44.593,66.86,89.628
71.577,49.793,41.092,42.966,43.477,42.042,44.593,66.86,89.628,97.252
49.793,41.092,42.966,43.477,42.042,44.593,66.86,89.628,97.252,124.497
41.092,42.966,43.477,42.042,44.593,66.86,89.628,97.252,124.497,146.875
42.966,43.477,42.042,44.593,66.86,89.628,97.252,124.497,146.875,169.989
43.477,42.042,44.593,66.86,89.628,97.252,124.497,146.875,169.989,184.987
42.042,44.593,66.86,89.628,97.252,124.497,146.875,169.989,184.987,210.612
44.593,66.86,89.628,97.252,124.497,146.875,169.989,184.987,210.612,210.635
66.86,89.628,97.252,124.497,146.875,169.989,184.987,210.612,210.635,213.687
89.628,97.252,124.497,146.875,169.989,184.987,210.612,210.635,213.687,207.206
97.252,124.497,146.875,169.989,184.987,210.612,210.635,213.687,207.206,205.2
124.497,146.875,169.989,184.987,210.612,210.635,213.687,207.206,205.2,202.566
146.875,169.989,184.987,210.612,210.635,213.687,207.206,205.2,202.566,147.176
169.989,184.987,210.612,210.635,213.687,207.206,205.2,202.566,147.176,117.596
184.987,210.612,210.635,213.687,207.206,205.2,202.566,147.176,117.596,110.273
210.612,210.635,213.687,207.206,205.2,202.566,147.176,117.596,110.273,113.033
210.635,213.687,207.206,205.2,202.566,147.176,117.596,110.273,113.033,121.644
213.687,207.206,205.2,202.566,147.176,117.596,110.273,113.033,121.644,119.815
207.206,205.2,202.566,147.176,117.596,110.273,113.033,121.644,119.815,106.999
205.2,202.566,147.176,117.596,110.273,113.033,121.644,119.815,106.999,98.117
202.566,147.176,117.596,110.273,113.033,121.644,119.815,106.999,98.117,91.947
147.176,117.596,110.273,113.033,121.644,119.815,106.999,98.117,91.947,82.94
117.596,110.273,113.033,121.644,119.815,106.999,98.117,91.947,82.94,66.171
110.273,113.033,121.644,119.815,106.999,98.117,91.947,82.94,66.171,60.821
113.033,121.644,119.815,106.999,98.117,91.947,82.94,66.171,60.821,36.166
121.644,119.815,106.999,98.117,91.947,82.94,66.171,60.821,36.166,28.373
119.815,106.999,98.117,91.947,82.94,66.171,60.821,36.166,28.373,30.132
106.999,98.117,91.947,82.94,66.171,60.821,36.166,28.373,30.132,49.681
98.117,91.947,82.94,66.171,60.821,36.166,28.373,30.132,49.681,53.391
91.947,82.94,66.171,60.821,36.166,28.373,30.132,49.681,53.391,49.509
82.94,66.171,60.821,36.166,28.373,30.132,49.681,53.391,49.509,47.052
66.171,60.821,36.166,28.373,30.132,49.681,53.391,49.509,47.052,35.155
60.821,36.166,28.373,30.132,49.681,53.391,49.509,47.052,35.155,27.015
36.166,28.373,30.132,49.681,53.391,49.509,47.052,35.155,27.015,30.335
28.373,30.132,49.681,53.391,49.509,47.052,35.155,27.015,30.335,30.034
30.132,49.681,53.391,49.509,47.052,35.155,27.015,30.335,30.034,29.554
49.681,53.391,49.509,47.052,35.155,27.015,30.335,30.034,29.554,28.727
53.391,49.509,47.052,35.155,27.015,30.335,30.034,29.554,28.727,28.36
49.509,47.052,35.155,27.015,30.335,30.034,29.554,28.727,28.36,27.777
47.052,35.155,27.015,30.335,30.034,29.554,28.727,28.36,27.777,23.569
35.155,27.015,30.335,30.034,29.554,28.727,28.36,27.777,23.569,28.901
27.015,30.335,30.034,29.554,28.727,28.36,27.777,23.569,28.901,28.358
30.335,30.034,29.554,28.727,28.36,27.777,23.569,28.901,28.358,28.086
30.034,29.554,28.727,28.36,27.777,23.569,28.901,28.358,28.086,27.849
29.554,28.727,28.36,27.777,23.569,28.901,28.358,28.086,27.849,27.551
28.727,28.36,27.777,23.569,28.901,28.358,28.086,27.849,27.551,27.818
28.36,27.777,23.569,28.901,28.358,28.086,27.849,27.551,27.818,24.281
27.777,23.569,28.901,28.358,28.086,27.849,27.551,27.818,24.281,29.032
23.569,28.901,28.358,28.086,27.849,27.551,27.818,24.281,29.032,41.213
28.901,28.358,28.086,27.849,27.551,27.818,24.281,29.032,41.213,79.202
28.358,28.086,27.849,27.551,27.818,24.281,29.032,41.213,79.202,106.523
28.086,27.849,27.551,27.818,24.281,29.032,41.213,79.202,106.523,112.77
27.849,27.551,27.818,24.281,29.032,41.213,79.202,106.523,112.77,92.289
27.551,27.818,24.281,29.032,41.213,79.202,106.523,112.77,92.289,76.206
27.818,24.281,29.032,41.213,79.202,106.523,112.77,92.289,76.206,79.064
24.281,29.032,41.213,79.202,106.523,112.77,92.289,76.206,79.064,77.52
29.032,41.213,79.202,106.523,112.77,92.289,76.206,79.064,77.52,74.092
41.213,79.202,106.523,112.77,92.289,76.206,79.064,77.52,74.092,70.703
79.202,106.523,112.77,92.289,76.206,79.064,77.52,74.092,70.703,67.109
106.523,112.77,92.289,76.206,79.064,77.52,74.092,70.703,67.109,63.049
112.77,92.289,76.206,79.064,77.52,74.092,70.703,67.109,63.049,37.533
92.289,76.206,79.064,77.52,74.092,70.703,67.109,63.049,37.533,30.668
76.206,79.064,77.52,74.092,70.703,67.109,63.049,37.533,30.668,31.648
79.064,77.52,74.092,70.703,67.109,63.049,37.533,30.668,31.648,44.95
77.52,74.092,70.703,67.109,63.049,37.533,30.668,31.648,44.95,56.796
74.092,70.703,67.109,63.049,37.533,30.668,31.648,44.95,56.796,54.372
70.703,67.109,63.049,37.533,30.668,31.648,44.95,56.796,54.372,44.365
67.109,63.049,37.533,30.668,31.648,44.95,56.796,54.372,44.365,40.229
63.049,37.533,30.668,31.648,44.95,56.796,54.372,44.365,40.229,37.348
37.533,30.668,31.648,44.95,56.796,54.372,44.365,40.229,37.348,39.957
30.668,31.648,44.95,56.796,54.372,44.365,40.229,37.348,39.957,43.588
31.648,44.95,56.796,54.372,44.365,40.229,37.348,39.957,43.588,53.251
44.95,56.796,54.372,44.365,40.229,37.348,39.957,43.588,53.251,56.342
56.796,54.372,44.365,40.229,37.348,39.957,43.588,53.251,56.342,56.222
54.372,44.365,40.229,37.348,39.957,43.588,53.251,56.342,56.222,63.354
44.365,40.229,37.348,39.957,43.588,53.251,56.342,56.222,63.354,67.047
40.229,37.348,39.957,43.588,53.251,56.342,56.222,63.354,67.047,63.794
37.348,39.957,43.588,53.251,56.342,56.222,63.354,67.047,63.794,62.792
39.957,43.588,53.251,56.342,56.222,63.354,67.047,63.794,62.792,62.147
43.588,53.251,56.342,56.222,63.354,67.047,63.794,62.792,62.147,58.965
53.251,56.342,56.222,63.354,67.047,63.794,62.792,62.147,58.965,57.597
56.342,56.222,63.354,67.047,63.794,62.792,62.147,58.965,57.597,51.723
56.222,63.354,67.047,63.794,62.792,62.147,58.965,57.597,51.723,53.894
63.354,67.047,63.794,62.792,62.147,58.965,57.597,51.723,53.894,51.319
67.047,63.794,62.792,62.147,58.965,57.597,51.723,53.894,51.319,48.686
63.794,62.792,62.147,58.965,57.597,51.723,53.894,51.319,48.686,46.102
62.792,62.147,58.965,57.597,51.723,53.894,51.319,48.686,46.102,41.572
62.147,58.965,57.597,51.723,53.894,51.319,48.686,46.102,41.572,37.566
58.965,57.597,51.723,53.894,51.319,48.686,46.102,41.572,37.566,35.521
57.597,51.723,53.894,51.319,48.686,46.102,41.572,37.566,35.521,33.067
51.723,53.894,51.319,48.686,46.102,41.572,37.566,35.521,33.067,30.52
53.894,51.319,48.686,46.102,41.572,37.566,35.521,33.067,30.52,32.315
51.319,48.686,46.102,41.572,37.566,35.521,33.067,30.52,32.315,49.529
48.686,46.102,41.572,37.566,35.521,33.067,30.52,32.315,49.529,65.851
46.102,41.572,37.566,35.521,33.067,30.52,32.315,49.529,65.851,65.288
41.572,37.566,35.521,33.067,30.52,32.315,49.529,65.851,65.288,54.948
37.566,35.521,33.067,30.52,32.315,49.529,65.851,65.288,54.948,49.163
35.521,33.067,30.52,32.315,49.529,65.851,65.288,54.948,49.163,44.234
33.067,30.52,32.315,49.529,65.851,65.288,54.948,49.163,44.234,34.957
30.52,32.315,49.529,65.851,65.288,54.948,49.163,44.234,34.957,41.858
32.315,49.529,65.851,65.288,54.948,49.163,44.234,34.957,41.858,38.435
49.529,65.851,65.288,54.948,49.163,44.234,34.957,41.858,38.435,48.781
65.851,65.288,54.948,49.163,44.234,34.957,41.858,38.435,48.781,95.567
65.288,54.948,49.163,44.234,34.957,41.858,38.435,48.781,95.567,99.596
54.948,49.163,44.234,34.957,41.858,38.435,48.781,95.567,99.596,87.75
49.163,44.234,34.957,41.858,38.435,48.781,95.567,99.596,87.75,70.558
44.234,34.957,41.858,38.435,48.781,95.567,99.596,87.75,70.558,62.087
34.957,41.858,38.435,48.781,95.567,99.596,87.75,70.558,62.087,52.495
41.858,38.435,48.781,95.567,99.596,87.75,70.558,62.087,52.495,42.51
38.435,48.781,95.567,99.596,87.75,70.558,62.087,52.495,42.51,43.354
48.781,95.567,99.596,87.75,70.558,62.087,52.495,42.51,43.354,42.86
95.567,99.596,87.75,70.558,62.087,52.495,42.51,43.354,42.86,44.911
99.596,87.75,70.558,62.087,52.495,42.51,43.354,42.86,44.911,43.577
87.75,70.558,62.087,52.495,42.51,43.354,42.86,44.911,43.577,43.432
70.558,62.087,52.495,42.51,43.354,42.86,44.911,43.577,43.432,40.508
62.087,52.495,42.51,43.354,42.86,44.911,43.577,43.432,40.508,40.437
52.495,42.51,43.354,42.86,44.911,43.577,43.432,40.508,40.437,40.837
42.51,43.354,42.86,44.911,43.577,43.432,40.508,40.437,40.837,86.804
43.354,42.86,44.911,43.577,43.432,40.508,40.437,40.837,86.804,102.581
42.86,44.911,43.577,43.432,40.508,40.437,40.837,86.804,102.581,106.557
44.911,43.577,43.432,40.508,40.437,40.837,86.804,102.581,106.557,91.853
43.577,43.432,40.508,40.437,40.837,86.804,102.581,106.557,91.853,78.803
43.432,40.508,40.437,40.837,86.804,102.581,106.557,91.853,78.803,70.083
40.508,40.437,40.837,86.804,102.581,106.557,91.853,78.803,70.083,65.544
40.437,40.837,86.804,102.581,106.557,91.853,78.803,70.083,65.544,66.579
40.837,86.804,102.581,106.557,91.853,78.803,70.083,65.544,66.579,73.313
86.804,102.581,106.557,91.853,78.803,70.083,65.544,66.579,73.313,81.782
102.581,106.557,91.853,78.803,70.083,65.544,66.579,73.313,81.782,204.063
106.557,91.853,78.803,70.083,65.544,66.579,73.313,81.782,204.063,297.925
91.853,78.803,70.083,65.544,66.579,73.313,81.782,204.063,297.925,270.796
78.803,70.083,65.544,66.579,73.313,81.782,204.063,297.925,270.796,222.032
70.083,65.544,66.579,73.313,81.782,204.063,297.925,270.796,222.032,179.378
65.544,66.579,73.313,81.782,204.063,297.925,270.796,222.032,179.378,146.275
66.579,73.313,81.782,204.063,297.925,270.796,222.032,179.378,146.275,118.794
73.313,81.782,204.063,297.925,270.796,222.032,179.378,146.275,118.794,95.359
81.782,204.063,297.925,270.796,222.032,179.378,146.275,118.794,95.359,101.107
204.063,297.925,270.796,222.032,179.378,146.275,118.794,95.359,101.107,111.827
297.925,270.796,222.032,179.378,146.275,118.794,95.359,101.107,111.827,101.176
270.796,222.032,179.378,146.275,118.794,95.359,101.107,111.827,101.176,84.022
222.032,179.378,146.275,118.794,95.359,101.107,111.827,101.176,84.022,80.991
179.378,146.275,118.794,95.359,101.107,111.827,101.176,84.022,80.991,81.531
146.275,118.794,95.359,101.107,111.827,101.176,84.022,80.991,81.531,77.761
118.794,95.359,101.107,111.827,101.176,84.022,80.991,81.531,77.761,72.21
95.359,101.107,111.827,101.176,84.022,80.991,81.531,77.761,72.21,66.91
101.107,111.827,101.176,84.022,80.991,81.531,77.761,72.21,66.91,62.247
111.827,101.176,84.022,80.991,81.531,77.761,72.21,66.91,62.247,63.379
101.176,84.022,80.991,81.531,77.761,72.21,66.91,62.247,63.379,60.112
84.022,80.991,81.531,77.761,72.21,66.91,62.247,63.379,60.112,58.039
80.991,81.531,77.761,72.21,66.91,62.247,63.379,60.112,58.039,55.344
81.531,77.761,72.21,66.91,62.247,63.379,60.112,58.039,55.344,55.65
77.761,72.21,66.91,62.247,63.379,60.112,58.039,55.344,55.65,54.422
72.21,66.91,62.247,63.379,60.112,58.039,55.344,55.65,54.422,57.412
66.91,62.247,63.379,60.112,58.039,55.344,55.65,54.422,57.412,60.276
62.247,63.379,60.112,58.039,55.344,55.65,54.422,57.412,60.276,73.081
63.379,60.112,58.039,55.344,55.65,54.422,57.412,60.276,73.081,65.89
60.112,58.039,55.344,55.65,54.422,57.412,60.276,73.081,65.89,65.536
58.039,55.344,55.65,54.422,57.412,60.276,73.081,65.89,65.536,62.141
55.344,55.65,54.422,57.412,60.276,73.081,65.89,65.536,62.141,60.722
55.65,54.422,57.412,60.276,73.081,65.89,65.536,62.141,60.722,54.312
54.422,57.412,60.276,73.081,65.89,65.536,62.141,60.722,54.312,50.899
57.412,60.276,73.081,65.89,65.536,62.141,60.722,54.312,50.899,49.57
60.276,73.081,65.89,65.536,62.141,60.722,54.312,50.899,49.57,63.197
73.081,65.89,65.536,62.141,60.722,54.312,50.899,49.57,63.197,56.385
65.89,65.536,62.141,60.722,54.312,50.899,49.57,63.197,56.385,55.943
65.536,62.141,60.722,54.312,50.899,49.57,63.197,56.385,55.943,49.303
62.141,60.722,54.312,50.899,49.57,63.197,56.385,55.943,49.303,52.851
60.722,54.312,50.899,49.57,63.197,56.385,55.943,49.303,52.851,44.365
54.312,50.899,49.57,63.197,56.385,55.943,49.303,52.851,44.365,41.386
50.899,49.57,63.197,56.385,55.943,49.303,52.851,44.365,41.386,37.077
49.57,63.197,56.385,55.943,49.303,52.851,44.365,41.386,37.077,39.65
63.197,56.385,55.943,49.303,52.851,44.365,41.386,37.077,39.65,37.025
56.385,55.943,49.303,52.851,44.365,41.386,37.077,39.65,37.025,35.751
55.943,49.303,52.851,44.365,41.386,37.077,39.65,37.025,35.751,37.707
49.303,52.851,44.365,41.386,37.077,39.65,37.025,35.751,37.707,39.698
52.851,44.365,41.386,37.077,39.65,37.025,35.751,37.707,39.698,35.754
44.365,41.386,37.077,39.65,37.025,35.751,37.707,39.698,35.754,34.473
41.386,37.077,39.65,37.025,35.751,37.707,39.698,35.754,34.473,32.93
37.077,39.65,37.025,35.751,37.707,39.698,35.754,34.473,32.93,32.592
39.65,37.025,35.751,37.707,39.698,35.754,34.473,32.93,32.592,32.354
37.025,35.751,37.707,39.698,35.754,34.473,32.93,32.592,32.354,31.383
35.751,37.707,39.698,35.754,34.473,32.93,32.592,32.354,31.383,29.038
37.707,39.698,35.754,34.473,32.93,32.592,32.354,31.383,29.038,31.238
39.698,35.754,34.473,32.93,32.592,32.354,31.383,29.038,31.238,29.965
35.754,34.473,32.93,32.592,32.354,31.383,29.038,31.238,29.965,25.793
34.473,32.93,32.592,32.354,31.383,29.038,31.238,29.965,25.793,23.129
32.93,32.592,32.354,31.383,29.038,31.238,29.965,25.793,23.129,25.395
32.592,32.354,31.383,29.038,31.238,29.965,25.793,23.129,25.395,21.907
32.354,31.383,29.038,31.238,29.965,25.793,23.129,25.395,21.907,23.56
31.383,29.038,31.238,29.965,25.793,23.129,25.395,21.907,23.56,33.372
29.038,31.238,29.965,25.793,23.129,25.395,21.907,23.56,33.372,27.806
31.238,29.965,25.793,23.129,25.395,21.907,23.56,33.372,27.806,23.642
29.965,25.793,23.129,25.395,21.907,23.56,33.372,27.806,23.642,23.641
25.793,23.129,25.395,21.907,23.56,33.372,27.806,23.642,23.641,18.669
23.129,25.395,21.907,23.56,33.372,27.806,23.642,23.641,18.669,19.607
25.395,21.907,23.56,33.372,27.806,23.642,23.641,18.669,19.607,19.455
21.907,23.56,33.372,27.806,23.642,23.641,18.669,19.607,19.455,24.05
23.56,33.372,27.806,23.642,23.641,18.669,19.607,19.455,24.05,19.904
33.372,27.806,23.642,23.641,18.669,19.607,19.455,24.05,19.904,20.408
27.806,23.642,23.641,18.669,19.607,19.455,24.05,19.904,20.408,18.993
23.642,23.641,18.669,19.607,19.455,24.05,19.904,20.408,18.993,21.79
23.641,18.669,19.607,19.455,24.05,19.904,20.408,18.993,21.79,20.771
18.669,19.607,19.455,24.05,19.904,20.408,18.993,21.79,20.771,24.361
19.607,19.455,24.05,19.904,20.408,18.993,21.79,20.771,24.361,20.779
19.455,24.05,19.904,20.408,18.993,21.79,20.771,24.361,20.779,18.477
24.05,19.904,20.408,18.993,21.79,20.771,24.361,20.779,18.477,16.1
19.904,20.408,18.993,21.79,20.771,24.361,20.779,18.477,16.1,16.823
20.408,18.993,21.79,20.771,24.361,20.779,18.477,16.1,16.823,16.619
18.993,21.79,20.771,24.361,20.779,18.477,16.1,16.823,16.619,22.797
21.79,20.771,24.361,20.779,18.477,16.1,16.823,16.619,22.797,32.152
20.771,24.361,20.779,18.477,16.1,16.823,16.619,22.797,32.152,31.871
24.361,20.779,18.477,16.1,16.823,16.619,22.797,32.152,31.871,26.81
20.779,18.477,16.1,16.823,16.619,22.797,32.152,31.871,26.81,24.761
18.477,16.1,16.823,16.619,22.797,32.152,31.871,26.81,24.761,19.282
16.1,16.823,16.619,22.797,32.152,31.871,26.81,24.761,19.282,20.022
16.823,16.619,22.797,32.152,31.871,26.81,24.761,19.282,20.022,17.784
16.619,22.797,32.152,31.871,26.81,24.761,19.282,20.022,17.784,20.552
22.797,32.152,31.871,26.81,24.761,19.282,20.022,17.784,20.552,18.636
32.152,31.871,26.81,24.761,19.282,20.022,17.784,20.552,18.636,19.153
31.871,26.81,24.761,19.282,20.022,17.784,20.552,18.636,19.153,18.118
26.81,24.761,19.282,20.022,17.784,20.552,18.636,19.153,18.118,18.118
24.761,19.282,20.022,17.784,20.552,18.636,19.153,18.118,18.118,29.484
19.282,20.022,17.784,20.552,18.636,19.153,18.118,18.118,29.484,28.547
20.022,17.784,20.552,18.636,19.153,18.118,18.118,29.484,28.547,26.417
17.784,20.552,18.636,19.153,18.118,18.118,29.484,28.547,26.417,20.827
20.552,18.636,19.153,18.118,18.118,29.484,28.547,26.417,20.827,19.577
18.636,19.153,18.118,18.118,29.484,28.547,26.417,20.827,19.577,18.118
19.153,18.118,18.118,29.484,28.547,26.417,20.827,19.577,18.118,18.142
18.118,18.118,29.484,28.547,26.417,20.827,19.577,18.118,18.142,20.01
18.118,29.484,28.547,26.417,20.827,19.577,18.118,18.142,20.01,21.394
29.484,28.547,26.417,20.827,19.577,18.118,18.142,20.01,21.394,28.558
28.547,26.417,20.827,19.577,18.118,18.142,20.01,21.394,28.558,19.623
26.417,20.827,19.577,18.118,18.142,20.01,21.394,28.558,19.623,16.741
20.827,19.577,18.118,18.142,20.01,21.394,28.558,19.623,16.741,15.514
19.577,18.118,18.142,20.01,21.394,28.558,19.623,16.741,15.514,12.875
18.118,18.142,20.01,21.394,28.558,19.623,16.741,15.514,12.875,12.899
18.142,20.01,21.394,28.558,19.623,16.741,15.514,12.875,12.899,13.928
20.01,21.394,28.558,19.623,16.741,15.514,12.875,12.899,13.928,16.475
21.394,28.558,19.623,16.741,15.514,12.875,12.899,13.928,16.475,18.854
28.558,19.623,16.741,15.514,12.875,12.899,13.928,16.475,18.854,17.03
19.623,16.741,15.514,12.875,12.899,13.928,16.475,18.854,17.03,14.183
16.741,15.514,12.875,12.899,13.928,16.475,18.854,17.03,14.183,12.123
15.514,12.875,12.899,13.928,16.475,18.854,17.03,14.183,12.123,13.859
12.875,12.899,13.928,16.475,18.854,17.03,14.183,12.123,13.859,12.722
12.899,13.928,16.475,18.854,17.03,14.183,12.123,13.859,12.722,11.093
13.928,16.475,18.854,17.03,14.183,12.123,13.859,12.722,11.093,13.338
16.475,18.854,17.03,14.183,12.123,13.859,12.722,11.093,13.338,12.806
18.854,17.03,14.183,12.123,13.859,12.722,11.093,13.338,12.806,10.146
17.03,14.183,12.123,13.859,12.722,11.093,13.338,12.806,10.146,11.373
14.183,12.123,13.859,12.722,11.093,13.338,12.806,10.146,11.373,11.164
12.123,13.859,12.722,11.093,13.338,12.806,10.146,11.373,11.164,12.535
13.859,12.722,11.093,13.338,12.806,10.146,11.373,11.164,12.535,10
12.722,11.093,13.338,12.806,10.146,11.373,11.164,12.535,10,12.132
11.093,13.338,12.806,10.146,11.373,11.164,12.535,10,12.132,13.241
13.338,12.806,10.146,11.373,11.164,12.535,10,12.132,13.241,18.877
12.806,10.146,11.373,11.164,12.535,10,12.132,13.241,18.877,21.933
10.146,11.373,11.164,12.535,10,12.132,13.241,18.877,21.933,21.266
11.373,11.164,12.535,10,12.132,13.241,18.877,21.933,21.266,18.276
11.164,12.535,10,12.132,13.241,18.877,21.933,21.266,18.276,17.454
12.535,10,12.132,13.241,18.877,21.933,21.266,18.276,17.454,16.785
10,12.132,13.241,18.877,21.933,21.266,18.276,17.454,16.785,20.151
12.132,13.241,18.877,21.933,21.266,18.276,17.454,16.785,20.151,17.176
13.241,18.877,21.933,21.266,18.276,17.454,16.785,20.151,17.176,22.896
18.877,21.933,21.266,18.276,17.454,16.785,20.151,17.176,22.896,19.141
21.933,21.266,18.276,17.454,16.785,20.151,17.176,22.896,19.141,23.551
21.266,18.276,17.454,16.785,20.151,17.176,22.896,19.141,23.551,17.891
18.276,17.454,16.785,20.151,17.176,22.896,19.141,23.551,17.891,18.227
17.454,16.785,20.151,17.176,22.896,19.141,23.551,17.891,18.227,12.847
16.785,20.151,17.176,22.896,19.141,23.551,17.891,18.227,12.847,11.424
20.151,17.176,22.896,19.141,23.551,17.891,18.227,12.847,11.424,11.759
17.176,22.896,19.141,23.551,17.891,18.227,12.847,11.424,11.759,10.914
22.896,19.141,23.551,17.891,18.227,12.847,11.424,11.759,10.914,7.035
19.141,23.551,17.891,18.227,12.847,11.424,11.759,10.914,7.035,10
23.551,17.891,18.227,12.847,11.424,11.759,10.914,7.035,10,11.558
17.891,18.227,12.847,11.424,11.759,10.914,7.035,10,11.558,10.72
18.227,12.847,11.424,11.759,10.914,7.035,10,11.558,10.72,8.368
12.847,11.424,11.759,10.914,7.035,10,11.558,10.72,8.368,8.669
11.424,11.759,10.914,7.035,10,11.558,10.72,8.368,8.669,7.639
11.759,10.914,7.035,10,11.558,10.72,8.368,8.669,7.639,7.741
10.914,7.035,10,11.558,10.72,8.368,8.669,7.639,7.741,8.808
7.035,10,11.558,10.72,8.368,8.669,7.639,7.741,8.808,9.516
10,11.558,10.72,8.368,8.669,7.639,7.741,8.808,9.516,8.259
11.558,10.72,8.368,8.669,7.639,7.741,8.808,9.516,8.259,7.002
10.72,8.368,8.669,7.639,7.741,8.808,9.516,8.259,7.002,6.62
8.368,8.669,7.639,7.741,8.808,9.516,8.259,7.002,6.62,8.426
8.669,7.639,7.741,8.808,9.516,8.259,7.002,6.62,8.426,7.093
7.639,7.741,8.808,9.516,8.259,7.002,6.62,8.426,7.093,10.926
7.741,8.808,9.516,8.259,7.002,6.62,8.426,7.093,10.926,7.234
8.808,9.516,8.259,7.002,6.62,8.426,7.093,10.926,7.234,10.417
9.516,8.259,7.002,6.62,8.426,7.093,10.926,7.234,10.417,10.475
8.259,7.002,6.62,8.426,7.093,10.926,7.234,10.417,10.475,10.289
7.002,6.62,8.426,7.093,10.926,7.234,10.417,10.475,10.289,7.905
6.62,8.426,7.093,10.926,7.234,10.417,10.475,10.289,7.905,8.692
8.426,7.093,10.926,7.234,10.417,10.475,10.289,7.905,8.692,7.778
7.093,10.926,7.234,10.417,10.475,10.289,7.905,8.692,7.778,9.873
10.926,7.234,10.417,10.475,10.289,7.905,8.692,7.778,9.873,7.917
7.234,10.417,10.475,10.289,7.905,8.692,7.778,9.873,7.917,11.667
10.417,10.475,10.289,7.905,8.692,7.778,9.873,7.917,11.667,12.083
10.475,10.289,7.905,8.692,7.778,9.873,7.917,11.667,12.083,12.201
10.289,7.905,8.692,7.778,9.873,7.917,11.667,12.083,12.201,11.951
7.905,8.692,7.778,9.873,7.917,11.667,12.083,12.201,11.951,11.725
8.692,7.778,9.873,7.917,11.667,12.083,12.201,11.951,11.725,11.25
7.778,9.873,7.917,11.667,12.083,12.201,11.951,11.725,11.25,10.289
9.873,7.917,11.667,12.083,12.201,11.951,11.725,11.25,10.289,7.917
7.917,11.667,12.083,12.201,11.951,11.725,11.25,10.289,7.917,7.732
11.667,12.083,12.201,11.951,11.725,11.25,10.289,7.917,7.732,9.109
12.083,12.201,11.951,11.725,11.25,10.289,7.917,7.732,9.109,8.692
12.201,11.951,11.725,11.25,10.289,7.917,7.732,9.109,8.692,10
11.951,11.725,11.25,10.289,7.917,7.732,9.109,8.692,10,12.975
11.725,11.25,10.289,7.917,7.732,9.109,8.692,10,12.975,10.289
11.25,10.289,7.917,7.732,9.109,8.692,10,12.975,10.289,10.486
10.289,7.917,7.732,9.109,8.692,10,12.975,10.289,10.486,10.289
7.917,7.732,9.109,8.692,10,12.975,10.289,10.486,10.289,9.109
7.732,9.109,8.692,10,12.975,10.289,10.486,10.289,9.109,9.317
9.109,8.692,10,12.975,10.289,10.486,10.289,9.109,9.317,10.752
8.692,10,12.975,10.289,10.486,10.289,9.109,9.317,10.752,12.975
10,12.975,10.289,10.486,10.289,9.109,9.317,10.752,12.975,12.847
12.975,10.289,10.486,10.289,9.109,9.317,10.752,12.975,12.847,12.199
10.289,10.486,10.289,9.109,9.317,10.752,12.975,12.847,12.199,15.069
10.486,10.289,9.109,9.317,10.752,12.975,12.847,12.199,15.069,10.833
10.289,9.109,9.317,10.752,12.975,12.847,12.199,15.069,10.833,9.526
9.109,9.317,10.752,12.975,12.847,12.199,15.069,10.833,9.526,9.155
9.317,10.752,12.975,12.847,12.199,15.069,10.833,9.526,9.155,9.497
10.752,12.975,12.847,12.199,15.069,10.833,9.526,9.155,9.497,9.497
12.975,12.847,12.199,15.069,10.833,9.526,9.155,9.497,9.497,6.563
12.847,12.199,15.069,10.833,9.526,9.155,9.497,9.497,6.563,6.574
12.199,15.069,10.833,9.526,9.155,9.497,9.497,6.563,6.574,5.197
15.069,10.833,9.526,9.155,9.497,9.497,6.563,6.574,5.197,11.725
10.833,9.526,9.155,9.497,9.497,6.563,6.574,5.197,11.725,10.903
9.526,9.155,9.497,9.497,6.563,6.574,5.197,11.725,10.903,7.13
9.155,9.497,9.497,6.563,6.574,5.197,11.725,10.903,7.13,7.13
9.497,9.497,6.563,6.574,5.197,11.725,10.903,7.13,7.13,6.586
9.497,6.563,6.574,5.197,11.725,10.903,7.13,7.13,6.586,7.766
6.563,6.574,5.197,11.725,10.903,7.13,7.13,6.586,7.766,7.975
6.574,5.197,11.725,10.903,7.13,7.13,6.586,7.766,7.975,8.715
5.197,11.725,10.903,7.13,7.13,6.586,7.766,7.975,8.715,8.634
11.725,10.903,7.13,7.13,6.586,7.766,7.975,8.715,8.634,10.417
10.903,7.13,7.13,6.586,7.766,7.975,8.715,8.634,10.417,10.095
7.13,7.13,6.586,7.766,7.975,8.715,8.634,10.417,10.095,14.326
7.13,6.586,7.766,7.975,8.715,8.634,10.417,10.095,14.326,8.586
6.586,7.766,7.975,8.715,8.634,10.417,10.095,14.326,8.586,11.12
7.766,7.975,8.715,8.634,10.417,10.095,14.326,8.586,11.12,11.944
7.975,8.715,8.634,10.417,10.095,14.326,8.586,11.12,11.944,14.845
8.715,8.634,10.417,10.095,14.326,8.586,11.12,11.944,14.845,15.907
8.634,10.417,10.095,14.326,8.586,11.12,11.944,14.845,15.907,13.634
10.417,10.095,14.326,8.586,11.12,11.944,14.845,15.907,13.634,12.847
10.095,14.326,8.586,11.12,11.944,14.845,15.907,13.634,12.847,15.37
14.326,8.586,11.12,11.944,14.845,15.907,13.634,12.847,15.37,11.13
8.586,11.12,11.944,14.845,15.907,13.634,12.847,15.37,11.13,12.35
11.12,11.944,14.845,15.907,13.634,12.847,15.37,11.13,12.35,13.213
11.944,14.845,15.907,13.634,12.847,15.37,11.13,12.35,13.213,19.414
14.845,15.907,13.634,12.847,15.37,11.13,12.35,13.213,19.414,16.595
15.907,13.634,12.847,15.37,11.13,12.35,13.213,19.414,16.595,12.505
13.634,12.847,15.37,11.13,12.35,13.213,19.414,16.595,12.505,14.299
12.847,15.37,11.13,12.35,13.213,19.414,16.595,12.505,14.299,14.519
15.37,11.13,12.35,13.213,19.414,16.595,12.505,14.299,14.519,13.148
11.13,12.35,13.213,19.414,16.595,12.505,14.299,14.519,13.148,13.977
12.35,13.213,19.414,16.595,12.505,14.299,14.519,13.148,13.977,14.85
13.213,19.414,16.595,12.505,14.299,14.519,13.148,13.977,14.85,13.651
19.414,16.595,12.505,14.299,14.519,13.148,13.977,14.85,13.651,12.69
16.595,12.505,14.299,14.519,13.148,13.977,14.85,13.651,12.69,11.37
12.505,14.299,14.519,13.148,13.977,14.85,13.651,12.69,11.37,10.468
14.299,14.519,13.148,13.977,14.85,13.651,12.69,11.37,10.468,12.743
14.519,13.148,13.977,14.85,13.651,12.69,11.37,10.468,12.743,12.634
13.148,13.977,14.85,13.651,12.69,11.37,10.468,12.743,12.634,13.59
13.977,14.85,13.651,12.69,11.37,10.468,12.743,12.634,13.59,13.118
14.85,13.651,12.69,11.37,10.468,12.743,12.634,13.59,13.118,12.111
13.651,12.69,11.37,10.468,12.743,12.634,13.59,13.118,12.111,12.528
12.69,11.37,10.468,12.743,12.634,13.59,13.118,12.111,12.528,11.394
11.37,10.468,12.743,12.634,13.59,13.118,12.111,12.528,11.394,9.243
10.468,12.743,12.634,13.59,13.118,12.111,12.528,11.394,9.243,12.107
12.743,12.634,13.59,13.118,12.111,12.528,11.394,9.243,12.107,11.884
12.634,13.59,13.118,12.111,12.528,11.394,9.243,12.107,11.884,10.655
13.59,13.118,12.111,12.528,11.394,9.243,12.107,11.884,10.655,12.326
13.118,12.111,12.528,11.394,9.243,12.107,11.884,10.655,12.326,11.516
12.111,12.528,11.394,9.243,12.107,11.884,10.655,12.326,11.516,10.613
12.528,11.394,9.243,12.107,11.884,10.655,12.326,11.516,10.613,11.296
11.394,9.243,12.107,11.884,10.655,12.326,11.516,10.613,11.296,11.667
9.243,12.107,11.884,10.655,12.326,11.516,10.613,11.296,11.667,14.917
12.107,11.884,10.655,12.326,11.516,10.613,11.296,11.667,14.917,13.252
11.884,10.655,12.326,11.516,10.613,11.296,11.667,14.917,13.252,21.725
10.655,12.326,11.516,10.613,11.296,11.667,14.917,13.252,21.725,23.472
12.326,11.516,10.613,11.296,11.667,14.917,13.252,21.725,23.472,26.326
11.516,10.613,11.296,11.667,14.917,13.252,21.725,23.472,26.326,20.556
10.613,11.296,11.667,14.917,13.252,21.725,23.472,26.326,20.556,20.238
11.296,11.667,14.917,13.252,21.725,23.472,26.326,20.556,20.238,19.347
11.667,14.917,13.252,21.725,23.472,26.326,20.556,20.238,19.347,20.667
14.917,13.252,21.725,23.472,26.326,20.556,20.238,19.347,20.667,15.528
13.252,21.725,23.472,26.326,20.556,20.238,19.347,20.667,15.528,14.255
21.725,23.472,26.326,20.556,20.238,19.347,20.667,15.528,14.255,13.479
23.472,26.326,20.556,20.238,19.347,20.667,15.528,14.255,13.479,15.398
26.326,20.556,20.238,19.347,20.667,15.528,14.255,13.479,15.398,16.296
20.556,20.238,19.347,20.667,15.528,14.255,13.479,15.398,16.296,17.109
20.238,19.347,20.667,15.528,14.255,13.479,15.398,16.296,17.109,14.613
19.347,20.667,15.528,14.255,13.479,15.398,16.296,17.109,14.613,15.076
20.667,15.528,14.255,13.479,15.398,16.296,17.109,14.613,15.076,15.412
15.528,14.255,13.479,15.398,16.296,17.109,14.613,15.076,15.412,14.289
14.255,13.479,15.398,16.296,17.109,14.613,15.076,15.412,14.289,13.87
13.479,15.398,16.296,17.109,14.613,15.076,15.412,14.289,13.87,14.977
15.398,16.296,17.109,14.613,15.076,15.412,14.289,13.87,14.977,16.495
16.296,17.109,14.613,15.076,15.412,14.289,13.87,14.977,16.495,13.155
17.109,14.613,15.076,15.412,14.289,13.87,14.977,16.495,13.155,12.171
14.613,15.076,15.412,14.289,13.87,14.977,16.495,13.155,12.171,13.792
15.076,15.412,14.289,13.87,14.977,16.495,13.155,12.171,13.792,13.514
15.412,14.289,13.87,14.977,16.495,13.155,12.171,13.792,13.514,14.31
14.289,13.87,14.977,16.495,13.155,12.171,13.792,13.514,14.31,14.12
13.87,14.977,16.495,13.155,12.171,13.792,13.514,14.31,14.12,15.257
14.977,16.495,13.155,12.171,13.792,13.514,14.31,14.12,15.257,12.333
16.495,13.155,12.171,13.792,13.514,14.31,14.12,15.257,12.333,14.995
13.155,12.171,13.792,13.514,14.31,14.12,15.257,12.333,14.995,13.213
12.171,13.792,13.514,14.31,14.12,15.257,12.333,14.995,13.213,15.47
13.792,13.514,14.31,14.12,15.257,12.333,14.995,13.213,15.47,15.155
13.514,14.31,14.12,15.257,12.333,14.995,13.213,15.47,15.155,21.921
14.31,14.12,15.257,12.333,14.995,13.213,15.47,15.155,21.921,26.831
14.12,15.257,12.333,14.995,13.213,15.47,15.155,21.921,26.831,33.201
15.257,12.333,14.995,13.213,15.47,15.155,21.921,26.831,33.201,34.069
12.333,14.995,13.213,15.47,15.155,21.921,26.831,33.201,34.069,35.377
14.995,13.213,15.47,15.155,21.921,26.831,33.201,34.069,35.377,30.447
13.213,15.47,15.155,21.921,26.831,33.201,34.069,35.377,30.447,23.396
15.47,15.155,21.921,26.831,33.201,34.069,35.377,30.447,23.396,21.273
15.155,21.921,26.831,33.201,34.069,35.377,30.447,23.396,21.273,22.097
21.921,26.831,33.201,34.069,35.377,30.447,23.396,21.273,22.097,20.699
26.831,33.201,34.069,35.377,30.447,23.396,21.273,22.097,20.699,18.188
33.201,34.069,35.377,30.447,23.396,21.273,22.097,20.699,18.188,19.449
34.069,35.377,30.447,23.396,21.273,22.097,20.699,18.188,19.449,15.676
35.377,30.447,23.396,21.273,22.097,20.699,18.188,19.449,15.676,18.625
30.447,23.396,21.273,22.097,20.699,18.188,19.449,15.676,18.625,18.796
23.396,21.273,22.097,20.699,18.188,19.449,15.676,18.625,18.796,24.667
21.273,22.097,20.699,18.188,19.449,15.676,18.625,18.796,24.667,33.979
22.097,20.699,18.188,19.449,15.676,18.625,18.796,24.667,33.979,35.988
20.699,18.188,19.449,15.676,18.625,18.796,24.667,33.979,35.988,34.083
18.188,19.449,15.676,18.625,18.796,24.667,33.979,35.988,34.083,27.146
19.449,15.676,18.625,18.796,24.667,33.979,35.988,34.083,27.146,23.312
15.676,18.625,18.796,24.667,33.979,35.988,34.083,27.146,23.312,22.209
18.625,18.796,24.667,33.979,35.988,34.083,27.146,23.312,22.209,22.7
18.796,24.667,33.979,35.988,34.083,27.146,23.312,22.209,22.7,22.4
24.667,33.979,35.988,34.083,27.146,23.312,22.209,22.7,22.4,20.734
33.979,35.988,34.083,27.146,23.312,22.209,22.7,22.4,20.734,22.838
35.988,34.083,27.146,23.312,22.209,22.7,22.4,20.734,22.838,25.439
34.083,27.146,23.312,22.209,22.7,22.4,20.734,22.838,25.439,24.7
27.146,23.312,22.209,22.7,22.4,20.734,22.838,25.439,24.7,26.582
23.312,22.209,22.7,22.4,20.734,22.838,25.439,24.7,26.582,27.641
22.209,22.7,22.4,20.734,22.838,25.439,24.7,26.582,27.641,27.713
22.7,22.4,20.734,22.838,25.439,24.7,26.582,27.641,27.713,29.194
22.4,20.734,22.838,25.439,24.7,26.582,27.641,27.713,29.194,25.425
20.734,22.838,25.439,24.7,26.582,27.641,27.713,29.194,25.425,22.68
22.838,25.439,24.7,26.582,27.641,27.713,29.194,25.425,22.68,18.846
25.439,24.7,26.582,27.641,27.713,29.194,25.425,22.68,18.846,17.367
24.7,26.582,27.641,27.713,29.194,25.425,22.68,18.846,17.367,14.886
26.582,27.641,27.713,29.194,25.425,22.68,18.846,17.367,14.886,17.398
27.641,27.713,29.194,25.425,22.68,18.846,17.367,14.886,17.398,47.628
27.713,29.194,25.425,22.68,18.846,17.367,14.886,17.398,47.628,60.541
29.194,25.425,22.68,18.846,17.367,14.886,17.398,47.628,60.541,56.584
25.425,22.68,18.846,17.367,14.886,17.398,47.628,60.541,56.584,47.256
22.68,18.846,17.367,14.886,17.398,47.628,60.541,56.584,47.256,38.869
18.846,17.367,14.886,17.398,47.628,60.541,56.584,47.256,38.869,33.376
17.367,14.886,17.398,47.628,60.541,56.584,47.256,38.869,33.376,22.962
14.886,17.398,47.628,60.541,56.584,47.256,38.869,33.376,22.962,21.305
17.398,47.628,60.541,56.584,47.256,38.869,33.376,22.962,21.305,20.908
47.628,60.541,56.584,47.256,38.869,33.376,22.962,21.305,20.908,32.052
60.541,56.584,47.256,38.869,33.376,22.962,21.305,20.908,32.052,32.904
56.584,47.256,38.869,33.376,22.962,21.305,20.908,32.052,32.904,39.674
47.256,38.869,33.376,22.962,21.305,20.908,32.052,32.904,39.674,86.274
38.869,33.376,22.962,21.305,20.908,32.052,32.904,39.674,86.274,156.668
33.376,22.962,21.305,20.908,32.052,32.904,39.674,86.274,156.668,174.406
22.962,21.305,20.908,32.052,32.904,39.674,86.274,156.668,174.406,150.437
21.305,20.908,32.052,32.904,39.674,86.274,156.668,174.406,150.437,123.5
20.908,32.052,32.904,39.674,86.274,156.668,174.406,150.437,123.5,112.116
32.052,32.904,39.674,86.274,156.668,174.406,150.437,123.5,112.116,109.565
32.904,39.674,86.274,156.668,174.406,150.437,123.5,112.116,109.565,104.92
39.674,86.274,156.668,174.406,150.437,123.5,112.116,109.565,104.92,89.906
86.274,156.668,174.406,150.437,123.5,112.116,109.565,104.92,89.906,89.068
156.668,174.406,150.437,123.5,112.116,109.565,104.92,89.906,89.068,105.687
174.406,150.437,123.5,112.116,109.565,104.92,89.906,89.068,105.687,95.649
150.437,123.5,112.116,109.565,104.92,89.906,89.068,105.687,95.649,84.611
123.5,112.116,109.565,104.92,89.906,89.068,105.687,95.649,84.611,68.362
112.116,109.565,104.92,89.906,89.068,105.687,95.649,84.611,68.362,62.646
109.565,104.92,89.906,89.068,105.687,95.649,84.611,68.362,62.646,58.882
104.92,89.906,89.068,105.687,95.649,84.611,68.362,62.646,58.882,55.894
89.906,89.068,105.687,95.649,84.611,68.362,62.646,58.882,55.894,66.15
89.068,105.687,95.649,84.611,68.362,62.646,58.882,55.894,66.15,67.499
105.687,95.649,84.611,68.362,62.646,58.882,55.894,66.15,67.499,55.368
95.649,84.611,68.362,62.646,58.882,55.894,66.15,67.499,55.368,52.64
84.611,68.362,62.646,58.882,55.894,66.15,67.499,55.368,52.64,52.61
68.362,62.646,58.882,55.894,66.15,67.499,55.368,52.64,52.61,47.722
62.646,58.882,55.894,66.15,67.499,55.368,52.64,52.61,47.722,48.97
58.882,55.894,66.15,67.499,55.368,52.64,52.61,47.722,48.97,52.028
55.894,66.15,67.499,55.368,52.64,52.61,47.722,48.97,52.028,44.058
66.15,67.499,55.368,52.64,52.61,47.722,48.97,52.028,44.058,75.291
67.499,55.368,52.64,52.61,47.722,48.97,52.028,44.058,75.291,87.918
55.368,52.64,52.61,47.722,48.97,52.028,44.058,75.291,87.918,79.118
52.64,52.61,47.722,48.97,52.028,44.058,75.291,87.918,79.118,75.278
52.61,47.722,48.97,52.028,44.058,75.291,87.918,79.118,75.278,67.567
47.722,48.97,52.028,44.058,75.291,87.918,79.118,75.278,67.567,82.95
48.97,52.028,44.058,75.291,87.918,79.118,75.278,67.567,82.95,84.259
52.028,44.058,75.291,87.918,79.118,75.278,67.567,82.95,84.259,88.324
44.058,75.291,87.918,79.118,75.278,67.567,82.95,84.259,88.324,92.668
75.291,87.918,79.118,75.278,67.567,82.95,84.259,88.324,92.668,86.464
87.918,79.118,75.278,67.567,82.95,84.259,88.324,92.668,86.464,79.063
79.118,75.278,67.567,82.95,84.259,88.324,92.668,86.464,79.063,66.448
75.278,67.567,82.95,84.259,88.324,92.668,86.464,79.063,66.448,90.313
67.567,82.95,84.259,88.324,92.668,86.464,79.063,66.448,90.313,211.081
82.95,84.259,88.324,92.668,86.464,79.063,66.448,90.313,211.081,246.445
84.259,88.324,92.668,86.464,79.063,66.448,90.313,211.081,246.445,228.361
88.324,92.668,86.464,79.063,66.448,90.313,211.081,246.445,228.361,211.625
92.668,86.464,79.063,66.448,90.313,211.081,246.445,228.361,211.625,169.581
86.464,79.063,66.448,90.313,211.081,246.445,228.361,211.625,169.581,158.253
79.063,66.448,90.313,211.081,246.445,228.361,211.625,169.581,158.253,193.893
66.448,90.313,211.081,246.445,228.361,211.625,169.581,158.253,193.893,171.31
90.313,211.081,246.445,228.361,211.625,169.581,158.253,193.893,171.31,217.9
211.081,246.445,228.361,211.625,169.581,158.253,193.893,171.31,217.9,212.304
246.445,228.361,211.625,169.581,158.253,193.893,171.31,217.9,212.304,177.097
228.361,211.625,169.581,158.253,193.893,171.31,217.9,212.304,177.097,143.225
211.625,169.581,158.253,193.893,171.31,217.9,212.304,177.097,143.225,110.936
169.581,158.253,193.893,171.31,217.9,212.304,177.097,143.225,110.936,88.473
158.253,193.893,171.31,217.9,212.304,177.097,143.225,110.936,88.473,81.942
193.893,171.31,217.9,212.304,177.097,143.225,110.936,88.473,81.942,93.585
171.31,217.9,212.304,177.097,143.225,110.936,88.473,81.942,93.585,99.149
217.9,212.304,177.097,143.225,110.936,88.473,81.942,93.585,99.149,94.453
212.304,177.097,143.225,110.936,88.473,81.942,93.585,99.149,94.453,91.959
177.097,143.225,110.936,88.473,81.942,93.585,99.149,94.453,91.959,86.636
143.225,110.936,88.473,81.942,93.585,99.149,94.453,91.959,86.636,79.278
110.936,88.473,81.942,93.585,99.149,94.453,91.959,86.636,79.278,151.286
88.473,81.942,93.585,99.149,94.453,91.959,86.636,79.278,151.286,145.894
81.942,93.585,99.149,94.453,91.959,86.636,79.278,151.286,145.894,118.426
93.585,99.149,94.453,91.959,86.636,79.278,151.286,145.894,118.426,96.217
99.149,94.453,91.959,86.636,79.278,151.286,145.894,118.426,96.217,85.747
94.453,91.959,86.636,79.278,151.286,145.894,118.426,96.217,85.747,76.111
91.959,86.636,79.278,151.286,145.894,118.426,96.217,85.747,76.111,72.999
86.636,79.278,151.286,145.894,118.426,96.217,85.747,76.111,72.999,60.613
79.278,151.286,145.894,118.426,96.217,85.747,76.111,72.999,60.613,57.461
151.286,145.894,118.426,96.217,85.747,76.111,72.999,60.613,57.461,53.44
145.894,118.426,96.217,85.747,76.111,72.999,60.613,57.461,53.44,51.7
118.426,96.217,85.747,76.111,72.999,60.613,57.461,53.44,51.7,47.4
96.217,85.747,76.111,72.999,60.613,57.461,53.44,51.7,47.4,46.727
85.747,76.111,72.999,60.613,57.461,53.44,51.7,47.4,46.727,47.216
76.111,72.999,60.613,57.461,53.44,51.7,47.4,46.727,47.216,45.153
72.999,60.613,57.461,53.44,51.7,47.4,46.727,47.216,45.153,44.947
60.613,57.461,53.44,51.7,47.4,46.727,47.216,45.153,44.947,47.846
57.461,53.44,51.7,47.4,46.727,47.216,45.153,44.947,47.846,44.186
53.44,51.7,47.4,46.727,47.216,45.153,44.947,47.846,44.186,42.269
51.7,47.4,46.727,47.216,45.153,44.947,47.846,44.186,42.269,43.861
47.4,46.727,47.216,45.153,44.947,47.846,44.186,42.269,43.861,42.215
46.727,47.216,45.153,44.947,47.846,44.186,42.269,43.861,42.215,39.108
47.216,45.153,44.947,47.846,44.186,42.269,43.861,42.215,39.108,37.815
45.153,44.947,47.846,44.186,42.269,43.861,42.215,39.108,37.815,34.036
44.947,47.846,44.186,42.269,43.861,42.215,39.108,37.815,34.036,32.243
47.846,44.186,42.269,43.861,42.215,39.108,37.815,34.036,32.243,30.672
44.186,42.269,43.861,42.215,39.108,37.815,34.036,32.243,30.672,28.458
42.269,43.861,42.215,39.108,37.815,34.036,32.243,30.672,28.458,29.424
43.861,42.215,39.108,37.815,34.036,32.243,30.672,28.458,29.424,26.801
42.215,39.108,37.815,34.036,32.243,30.672,28.458,29.424,26.801,26.856
39.108,37.815,34.036,32.243,30.672,28.458,29.424,26.801,26.856,23.904
37.815,34.036,32.243,30.672,28.458,29.424,26.801,26.856,23.904,24.103
34.036,32.243,30.672,28.458,29.424,26.801,26.856,23.904,24.103,26.053
32.243,30.672,28.458,29.424,26.801,26.856,23.904,24.103,26.053,20.36
30.672,28.458,29.424,26.801,26.856,23.904,24.103,26.053,20.36,22.17
28.458,29.424,26.801,26.856,23.904,24.103,26.053,20.36,22.17,20.92
29.424,26.801,26.856,23.904,24.103,26.053,20.36,22.17,20.92,19.605
26.801,26.856,23.904,24.103,26.053,20.36,22.17,20.92,19.605,16.575
26.856,23.904,24.103,26.053,20.36,22.17,20.92,19.605,16.575,18.105
23.904,24.103,26.053,20.36,22.17,20.92,19.605,16.575,18.105,15.814
24.103,26.053,20.36,22.17,20.92,19.605,16.575,18.105,15.814,18.869
26.053,20.36,22.17,20.92,19.605,16.575,18.105,15.814,18.869,17.855
20.36,22.17,20.92,19.605,16.575,18.105,15.814,18.869,17.855,14.83
22.17,20.92,19.605,16.575,18.105,15.814,18.869,17.855,14.83,15.059
20.92,19.605,16.575,18.105,15.814,18.869,17.855,14.83,15.059,14.663
19.605,16.575,18.105,15.814,18.869,17.855,14.83,15.059,14.663,12.054
16.575,18.105,15.814,18.869,17.855,14.83,15.059,14.663,12.054,12.234
18.105,15.814,18.869,17.855,14.83,15.059,14.663,12.054,12.234,12.428
15.814,18.869,17.855,14.83,15.059,14.663,12.054,12.234,12.428,12.663
18.869,17.855,14.83,15.059,14.663,12.054,12.234,12.428,12.663,13.963
17.855,14.83,15.059,14.663,12.054,12.234,12.428,12.663,13.963,12.422
14.83,15.059,14.663,12.054,12.234,12.428,12.663,13.963,12.422,13.736
15.059,14.663,12.054,12.234,12.428,12.663,13.963,12.422,13.736,15.413
14.663,12.054,12.234,12.428,12.663,13.963,12.422,13.736,15.413,16.928
12.054,12.234,12.428,12.663,13.963,12.422,13.736,15.413,16.928,15.665
12.234,12.428,12.663,13.963,12.422,13.736,15.413,16.928,15.665,15.593
12.428,12.663,13.963,12.422,13.736,15.413,16.928,15.665,15.593,12.434
12.663,13.963,12.422,13.736,15.413,16.928,15.665,15.593,12.434,11.521
13.963,12.422,13.736,15.413,16.928,15.665,15.593,12.434,11.521,13.545
12.422,13.736,15.413,16.928,15.665,15.593,12.434,11.521,13.545,12.996
13.736,15.413,16.928,15.665,15.593,12.434,11.521,13.545,12.996,11.436
15.413,16.928,15.665,15.593,12.434,11.521,13.545,12.996,11.436,12.961
16.928,15.665,15.593,12.434,11.521,13.545,12.996,11.436,12.961,11.654
15.665,15.593,12.434,11.521,13.545,12.996,11.436,12.961,11.654,12.964
15.593,12.434,11.521,13.545,12.996,11.436,12.961,11.654,12.964,11.432
12.434,11.521,13.545,12.996,11.436,12.961,11.654,12.964,11.432,10.246
11.521,13.545,12.996,11.436,12.961,11.654,12.964,11.432,10.246,9.731
13.545,12.996,11.436,12.961,11.654,12.964,11.432,10.246,9.731,14.242
12.996,11.436,12.961,11.654,12.964,11.432,10.246,9.731,14.242,17.14
11.436,12.961,11.654,12.964,11.432,10.246,9.731,14.242,17.14,14.576
12.961,11.654,12.964,11.432,10.246,9.731,14.242,17.14,14.576,16.257
11.654,12.964,11.432,10.246,9.731,14.242,17.14,14.576,16.257,13.739
12.964,11.432,10.246,9.731,14.242,17.14,14.576,16.257,13.739,15.992
11.432,10.246,9.731,14.242,17.14,14.576,16.257,13.739,15.992,21.939
10.246,9.731,14.242,17.14,14.576,16.257,13.739,15.992,21.939,23.543
9.731,14.242,17.14,14.576,16.257,13.739,15.992,21.939,23.543,17.5
14.242,17.14,14.576,16.257,13.739,15.992,21.939,23.543,17.5,17.4
17.14,14.576,16.257,13.739,15.992,21.939,23.543,17.5,17.4,16.893
14.576,16.257,13.739,15.992,21.939,23.543,17.5,17.4,16.893,14.05
16.257,13.739,15.992,21.939,23.543,17.5,17.4,16.893,14.05,11.229
13.739,15.992,21.939,23.543,17.5,17.4,16.893,14.05,11.229,12.553
15.992,21.939,23.543,17.5,17.4,16.893,14.05,11.229,12.553,8.487
21.939,23.543,17.5,17.4,16.893,14.05,11.229,12.553,8.487,8.117
23.543,17.5,17.4,16.893,14.05,11.229,12.553,8.487,8.117,6.96
17.5,17.4,16.893,14.05,11.229,12.553,8.487,8.117,6.96,8.331
17.4,16.893,14.05,11.229,12.553,8.487,8.117,6.96,8.331,7.002
16.893,14.05,11.229,12.553,8.487,8.117,6.96,8.331,7.002,6.886
14.05,11.229,12.553,8.487,8.117,6.96,8.331,7.002,6.886,6.841
11.229,12.553,8.487,8.117,6.96,8.331,7.002,6.886,6.841,9.384
12.553,8.487,8.117,6.96,8.331,7.002,6.886,6.841,9.384,5.908
8.487,8.117,6.96,8.331,7.002,6.886,6.841,9.384,5.908,7.063
8.117,6.96,8.331,7.002,6.886,6.841,9.384,5.908,7.063,5.582
6.96,8.331,7.002,6.886,6.841,9.384,5.908,7.063,5.582,7.181
8.331,7.002,6.886,6.841,9.384,5.908,7.063,5.582,7.181,6.22
7.002,6.886,6.841,9.384,5.908,7.063,5.582,7.181,6.22,7.736
6.886,6.841,9.384,5.908,7.063,5.582,7.181,6.22,7.736,9.472
6.841,9.384,5.908,7.063,5.582,7.181,6.22,7.736,9.472,17.019
9.384,5.908,7.063,5.582,7.181,6.22,7.736,9.472,17.019,6.66
5.908,7.063,5.582,7.181,6.22,7.736,9.472,17.019,6.66,10.109
7.063,5.582,7.181,6.22,7.736,9.472,17.019,6.66,10.109,9.426
5.582,7.181,6.22,7.736,9.472,17.019,6.66,10.109,9.426,12.863
7.181,6.22,7.736,9.472,17.019,6.66,10.109,9.426,12.863,13.245
6.22,7.736,9.472,17.019,6.66,10.109,9.426,12.863,13.245,11.776
7.736,9.472,17.019,6.66,10.109,9.426,12.863,13.245,11.776,11.22
9.472,17.019,6.66,10.109,9.426,12.863,13.245,11.776,11.22,9.646
17.019,6.66,10.109,9.426,12.863,13.245,11.776,11.22,9.646,9.276
6.66,10.109,9.426,12.863,13.245,11.776,11.22,9.646,9.276,9.09
10.109,9.426,12.863,13.245,11.776,11.22,9.646,9.276,9.09,10.931
9.426,12.863,13.245,11.776,11.22,9.646,9.276,9.09,10.931,12.898
12.863,13.245,11.776,11.22,9.646,9.276,9.09,10.931,12.898,10.352
13.245,11.776,11.22,9.646,9.276,9.09,10.931,12.898,10.352,9.287
11.776,11.22,9.646,9.276,9.09,10.931,12.898,10.352,9.287,9.519
11.22,9.646,9.276,9.09,10.931,12.898,10.352,9.287,9.519,8.685
9.646,9.276,9.09,10.931,12.898,10.352,9.287,9.519,8.685,10.363
9.276,9.09,10.931,12.898,10.352,9.287,9.519,8.685,10.363,9.322
9.09,10.931,12.898,10.352,9.287,9.519,8.685,10.363,9.322,10.732
10.931,12.898,10.352,9.287,9.519,8.685,10.363,9.322,10.732,11.382
12.898,10.352,9.287,9.519,8.685,10.363,9.322,10.732,11.382,10.583
10.352,9.287,9.519,8.685,10.363,9.322,10.732,11.382,10.583,8.269
9.287,9.519,8.685,10.363,9.322,10.732,11.382,10.583,8.269,10.19
9.519,8.685,10.363,9.322,10.732,11.382,10.583,8.269,10.19,9.125
8.685,10.363,9.322,10.732,11.382,10.583,8.269,10.19,9.125,9.6
10.363,9.322,10.732,11.382,10.583,8.269,10.19,9.125,9.6,12.84
9.322,10.732,11.382,10.583,8.269,10.19,9.125,9.6,12.84,12.343
10.732,11.382,10.583,8.269,10.19,9.125,9.6,12.84,12.343,11.556
11.382,10.583,8.269,10.19,9.125,9.6,12.84,12.343,11.556,9.565
10.583,8.269,10.19,9.125,9.6,12.84,12.343,11.556,9.565,10.19
8.269,10.19,9.125,9.6,12.84,12.343,11.556,9.565,10.19,7.991
10.19,9.125,9.6,12.84,12.343,11.556,9.565,10.19,7.991,11.764
9.125,9.6,12.84,12.343,11.556,9.565,10.19,7.991,11.764,10.931
9.6,12.84,12.343,11.556,9.565,10.19,7.991,11.764,10.931,11.532
12.84,12.343,11.556,9.565,10.19,7.991,11.764,10.931,11.532,16
12.343,11.556,9.565,10.19,7.991,11.764,10.931,11.532,16,12.5
11.556,9.565,10.19,7.991,11.764,10.931,11.532,16,12.5,9.148
9.565,10.19,7.991,11.764,10.931,11.532,16,12.5,9.148,9.171
10.19,7.991,11.764,10.931,11.532,16,12.5,9.148,9.171,9.171
7.991,11.764,10.931,11.532,16,12.5,9.148,9.171,9.171,7.933
11.764,10.931,11.532,16,12.5,9.148,9.171,9.171,7.933,5.653
10.931,11.532,16,12.5,9.148,9.171,9.171,7.933,5.653,8.801
11.532,16,12.5,9.148,9.171,9.171,7.933,5.653,8.801,9.194
16,12.5,9.148,9.171,9.171,7.933,5.653,8.801,9.194,9.218
12.5,9.148,9.171,9.171,7.933,5.653,8.801,9.194,9.218,9.426
9.148,9.171,9.171,7.933,5.653,8.801,9.194,9.218,9.426,10.444
9.171,9.171,7.933,5.653,8.801,9.194,9.218,9.426,10.444,10.664
9.171,7.933,5.653,8.801,9.194,9.218,9.426,10.444,10.664,13.662
7.933,5.653,8.801,9.194,9.218,9.426,10.444,10.664,13.662,13.674
5.653,8.801,9.194,9.218,9.426,10.444,10.664,13.662,13.674,15.109
8.801,9.194,9.218,9.426,10.444,10.664,13.662,13.674,15.109,13.674
9.194,9.218,9.426,10.444,10.664,13.662,13.674,15.109,13.674,11
9.218,9.426,10.444,10.664,13.662,13.674,15.109,13.674,11,9.773
9.426,10.444,10.664,13.662,13.674,15.109,13.674,11,9.773,8.662
10.444,10.664,13.662,13.674,15.109,13.674,11,9.773,8.662,9.657
10.664,13.662,13.674,15.109,13.674,11,9.773,8.662,9.657,13.697
13.662,13.674,15.109,13.674,11,9.773,8.662,9.657,13.697,9.102
13.674,15.109,13.674,11,9.773,8.662,9.657,13.697,9.102,13.882
15.109,13.674,11,9.773,8.662,9.657,13.697,9.102,13.882,14.752
13.674,11,9.773,8.662,9.657,13.697,9.102,13.882,14.752,13.269
11,9.773,8.662,9.657,13.697,9.102,13.882,14.752,13.269,13.674
9.773,8.662,9.657,13.697,9.102,13.882,14.752,13.269,13.674,15.109
8.662,9.657,13.697,9.102,13.882,14.752,13.269,13.674,15.109,13.894
9.657,13.697,9.102,13.882,14.752,13.269,13.674,15.109,13.894,15.607
13.697,9.102,13.882,14.752,13.269,13.674,15.109,13.894,15.607,13.326
9.102,13.882,14.752,13.269,13.674,15.109,13.894,15.607,13.326,17.227
13.882,14.752,13.269,13.674,15.109,13.894,15.607,13.326,17.227,16
14.752,13.269,13.674,15.109,13.894,15.607,13.326,17.227,16,13.338
13.269,13.674,15.109,13.894,15.607,13.326,17.227,16,13.338,11.88
13.674,15.109,13.894,15.607,13.326,17.227,16,13.338,11.88,12.088
15.109,13.894,15.607,13.326,17.227,16,13.338,11.88,12.088,12.354
13.894,15.607,13.326,17.227,16,13.338,11.88,12.088,12.354,12.863
15.607,13.326,17.227,16,13.338,11.88,12.088,12.354,12.863,10.664
13.326,17.227,16,13.338,11.88,12.088,12.354,12.863,10.664,13.326
17.227,16,13.338,11.88,12.088,12.354,12.863,10.664,13.326,11.891
16,13.338,11.88,12.088,12.354,12.863,10.664,13.326,11.891,13.35
13.338,11.88,12.088,12.354,12.863,10.664,13.326,11.891,13.35,10.664
11.88,12.088,12.354,12.863,10.664,13.326,11.891,13.35,10.664,10.468
12.088,12.354,12.863,10.664,13.326,11.891,13.35,10.664,10.468,12.516
12.354,12.863,10.664,13.326,11.891,13.35,10.664,10.468,12.516,13.315
12.863,10.664,13.326,11.891,13.35,10.664,10.468,12.516,13.315,13.315
10.664,13.326,11.891,13.35,10.664,10.468,12.516,13.315,13.315,12.782
13.326,11.891,13.35,10.664,10.468,12.516,13.315,13.315,12.782,12.105
11.891,13.35,10.664,10.468,12.516,13.315,13.315,12.782,12.105,10.688
13.35,10.664,10.468,12.516,13.315,13.315,12.782,12.105,10.688,11.914
10.664,10.468,12.516,13.315,13.315,12.782,12.105,10.688,11.914,10.688
10.468,12.516,13.315,13.315,12.782,12.105,10.688,11.914,10.688,11.914
12.516,13.315,13.315,12.782,12.105,10.688,11.914,10.688,11.914,10.688
13.315,13.315,12.782,12.105,10.688,11.914,10.688,11.914,10.688,13.35
13.315,12.782,12.105,10.688,11.914,10.688,11.914,10.688,13.35,22.736
12.782,12.105,10.688,11.914,10.688,11.914,10.688,13.35,22.736,19.877
12.105,10.688,11.914,10.688,11.914,10.688,13.35,22.736,19.877,16.521
10.688,11.914,10.688,11.914,10.688,13.35,22.736,19.877,16.521,15.479
11.914,10.688,11.914,10.688,13.35,22.736,19.877,16.521,15.479,16
10.688,11.914,10.688,13.35,22.736,19.877,16.521,15.479,16,18.662
11.914,10.688,13.35,22.736,19.877,16.521,15.479,16,18.662,25.387
10.688,13.35,22.736,19.877,16.521,15.479,16,18.662,25.387,21.521
13.35,22.736,19.877,16.521,15.479,16,18.662,25.387,21.521,22.551
22.736,19.877,16.521,15.479,16,18.662,25.387,21.521,22.551,16
19.877,16.521,15.479,16,18.662,25.387,21.521,22.551,16,17.424
16.521,15.479,16,18.662,25.387,21.521,22.551,16,17.424,15.086
15.479,16,18.662,25.387,21.521,22.551,16,17.424,15.086,18.153
16,18.662,25.387,21.521,22.551,16,17.424,15.086,18.153,16
18.662,25.387,21.521,22.551,16,17.424,15.086,18.153,16,14.762
25.387,21.521,22.551,16,17.424,15.086,18.153,16,14.762,13.35
21.521,22.551,16,17.424,15.086,18.153,16,14.762,13.35,13.338
22.551,16,17.424,15.086,18.153,16,14.762,13.35,13.338,12.354
16,17.424,15.086,18.153,16,14.762,13.35,13.338,12.354,12.898
17.424,15.086,18.153,16,14.762,13.35,13.338,12.354,12.898,13.35
15.086,18.153,16,14.762,13.35,13.338,12.354,12.898,13.35,13.338
18.153,16,14.762,13.35,13.338,12.354,12.898,13.35,13.338,11.035
16,14.762,13.35,13.338,12.354,12.898,13.35,13.338,11.035,12.794
14.762,13.35,13.338,12.354,12.898,13.35,13.338,11.035,12.794,12.123
13.35,13.338,12.354,12.898,13.35,13.338,11.035,12.794,12.123,13.35
13.338,12.354,12.898,13.35,13.338,11.035,12.794,12.123,13.35,12.343
12.354,12.898,13.35,13.338,11.035,12.794,12.123,13.35,12.343,14.137
12.898,13.35,13.338,11.035,12.794,12.123,13.35,12.343,14.137,12.134
13.35,13.338,11.035,12.794,12.123,13.35,12.343,14.137,12.134,13.35
13.338,11.035,12.794,12.123,13.35,12.343,14.137,12.134,13.35,11.023
11.035,12.794,12.123,13.35,12.343,14.137,12.134,13.35,11.023,14.252
12.794,12.123,13.35,12.343,14.137,12.134,13.35,11.023,14.252,11.081
12.123,13.35,12.343,14.137,12.134,13.35,11.023,14.252,11.081,12.782
13.35,12.343,14.137,12.134,13.35,11.023,14.252,11.081,12.782,12.134
12.343,14.137,12.134,13.35,11.023,14.252,11.081,12.782,12.134,10.722
14.137,12.134,13.35,11.023,14.252,11.081,12.782,12.134,10.722,11.949
12.134,13.35,11.023,14.252,11.081,12.782,12.134,10.722,11.949,11.938
13.35,11.023,14.252,11.081,12.782,12.134,10.722,11.949,11.938,11.197
11.023,14.252,11.081,12.782,12.134,10.722,11.949,11.938,11.197,12.1
14.252,11.081,12.782,12.134,10.722,11.949,11.938,11.197,12.1,10.618
11.081,12.782,12.134,10.722,11.949,11.938,11.197,12.1,10.618,11.671
12.782,12.134,10.722,11.949,11.938,11.197,12.1,10.618,11.671,9.333
12.134,10.722,11.949,11.938,11.197,12.1,10.618,11.671,9.333,7.146
10.722,11.949,11.938,11.197,12.1,10.618,11.671,9.333,7.146,9.403
11.949,11.938,11.197,12.1,10.618,11.671,9.333,7.146,9.403,11.509
11.938,11.197,12.1,10.618,11.671,9.333,7.146,9.403,11.509,8.153
11.197,12.1,10.618,11.671,9.333,7.146,9.403,11.509,8.153,11.984
12.1,10.618,11.671,9.333,7.146,9.403,11.509,8.153,11.984,9.97
10.618,11.671,9.333,7.146,9.403,11.509,8.153,11.984,9.97,11.602
11.671,9.333,7.146,9.403,11.509,8.153,11.984,9.97,11.602,9.889
9.333,7.146,9.403,11.509,8.153,11.984,9.97,11.602,9.889,11.706
7.146,9.403,11.509,8.153,11.984,9.97,11.602,9.889,11.706,11.984
9.403,11.509,8.153,11.984,9.97,11.602,9.889,11.706,11.984,11.984
11.509,8.153,11.984,9.97,11.602,9.889,11.706,11.984,11.984,9.947
8.153,11.984,9.97,11.602,9.889,11.706,11.984,11.984,9.947,16.845
11.984,9.97,11.602,9.889,11.706,11.984,11.984,9.947,16.845,13.396
9.97,11.602,9.889,11.706,11.984,11.984,9.947,16.845,13.396,14.6
11.602,9.889,11.706,11.984,11.984,9.947,16.845,13.396,14.6,16.544
9.889,11.706,11.984,11.984,9.947,16.845,13.396,14.6,16.544,22.47
11.706,11.984,11.984,9.947,16.845,13.396,14.6,16.544,22.47,19.611
11.984,11.984,9.947,16.845,13.396,14.6,16.544,22.47,19.611,16
11.984,9.947,16.845,13.396,14.6,16.544,22.47,19.611,16,15.109
9.947,16.845,13.396,14.6,16.544,22.47,19.611,16,15.109,19.495
16.845,13.396,14.6,16.544,22.47,19.611,16,15.109,19.495,16
13.396,14.6,16.544,22.47,19.611,16,15.109,19.495,16,17.204
14.6,16.544,22.47,19.611,16,15.109,19.495,16,17.204,17.412
16.544,22.47,19.611,16,15.109,19.495,16,17.204,17.412,16
22.47,19.611,16,15.109,19.495,16,17.204,17.412,16,16
19.611,16,15.109,19.495,16,17.204,17.412,16,16,12.516
16,15.109,19.495,16,17.204,17.412,16,16,12.516,13.373
15.109,19.495,16,17.204,17.412,16,16,12.516,13.373,15.479
19.495,16,17.204,17.412,16,16,12.516,13.373,15.479,17.412
16,17.204,17.412,16,16,12.516,13.373,15.479,17.412,19.808
17.204,17.412,16,16,12.516,13.373,15.479,17.412,19.808,19.183
17.412,16,16,12.516,13.373,15.479,17.412,19.808,19.183,22.03
16,16,12.516,13.373,15.479,17.412,19.808,19.183,22.03,30.433
16,12.516,13.373,15.479,17.412,19.808,19.183,22.03,30.433,30.676
12.516,13.373,15.479,17.412,19.808,19.183,22.03,30.433,30.676,23.859
13.373,15.479,17.412,19.808,19.183,22.03,30.433,30.676,23.859,20.028
15.479,17.412,19.808,19.183,22.03,30.433,30.676,23.859,20.028,19.831
17.412,19.808,19.183,22.03,30.433,30.676,23.859,20.028,19.831,17.412
19.808,19.183,22.03,30.433,30.676,23.859,20.028,19.831,17.412,15.074
19.183,22.03,30.433,30.676,23.859,20.028,19.831,17.412,15.074,15.514
22.03,30.433,30.676,23.859,20.028,19.831,17.412,15.074,15.514,9.877
30.433,30.676,23.859,20.028,19.831,17.412,15.074,15.514,9.877,16.88
30.676,23.859,20.028,19.831,17.412,15.074,15.514,9.877,16.88,15.12
23.859,20.028,19.831,17.412,15.074,15.514,9.877,16.88,15.12,16.88
20.028,19.831,17.412,15.074,15.514,9.877,16.88,15.12,16.88,15.12
19.831,17.412,15.074,15.514,9.877,16.88,15.12,16.88,15.12,16.88
17.412,15.074,15.514,9.877,16.88,15.12,16.88,15.12,16.88,13.384
15.074,15.514,9.877,16.88,15.12,16.88,15.12,16.88,13.384,12.372
15.514,9.877,16.88,15.12,16.88,15.12,16.88,13.384,12.372,12.575
9.877,16.88,15.12,16.88,15.12,16.88,13.384,12.372,12.575,13.578
16.88,15.12,16.88,15.12,16.88,13.384,12.372,12.575,13.578,13.789
15.12,16.88,15.12,16.88,13.384,12.372,12.575,13.578,13.789,13.414
16.88,15.12,16.88,13.384,12.372,12.575,13.578,13.789,13.414,16.036
15.12,16.88,13.384,12.372,12.575,13.578,13.789,13.414,16.036,30.484
16.88,13.384,12.372,12.575,13.578,13.789,13.414,16.036,30.484,43.813
13.384,12.372,12.575,13.578,13.789,13.414,16.036,30.484,43.813,40.138
12.372,12.575,13.578,13.789,13.414,16.036,30.484,43.813,40.138,33.328
12.575,13.578,13.789,13.414,16.036,30.484,43.813,40.138,33.328,28.141
13.578,13.789,13.414,16.036,30.484,43.813,40.138,33.328,28.141,26.655
13.789,13.414,16.036,30.484,43.813,40.138,33.328,28.141,26.655,22.613
13.414,16.036,30.484,43.813,40.138,33.328,28.141,26.655,22.613,17.818
16.036,30.484,43.813,40.138,33.328,28.141,26.655,22.613,17.818,16.34
30.484,43.813,40.138,33.328,28.141,26.655,22.613,17.818,16.34,13.714
43.813,40.138,33.328,28.141,26.655,22.613,17.818,16.34,13.714,12.319
40.138,33.328,28.141,26.655,22.613,17.818,16.34,13.714,12.319,15.659
33.328,28.141,26.655,22.613,17.818,16.34,13.714,12.319,15.659,14.842
28.141,26.655,22.613,17.818,16.34,13.714,12.319,15.659,14.842,17.526
26.655,22.613,17.818,16.34,13.714,12.319,15.659,14.842,17.526,18.027
22.613,17.818,16.34,13.714,12.319,15.659,14.842,17.526,18.027,18.7
17.818,16.34,13.714,12.319,15.659,14.842,17.526,18.027,18.7,17.067
16.34,13.714,12.319,15.659,14.842,17.526,18.027,18.7,17.067,16.163
13.714,12.319,15.659,14.842,17.526,18.027,18.7,17.067,16.163,18.702
12.319,15.659,14.842,17.526,18.027,18.7,17.067,16.163,18.702,19.572
15.659,14.842,17.526,18.027,18.7,17.067,16.163,18.702,19.572,22.264
14.842,17.526,18.027,18.7,17.067,16.163,18.702,19.572,22.264,23.693
17.526,18.027,18.7,17.067,16.163,18.702,19.572,22.264,23.693,22.028
18.027,18.7,17.067,16.163,18.702,19.572,22.264,23.693,22.028,19.473
18.7,17.067,16.163,18.702,19.572,22.264,23.693,22.028,19.473,19.685
17.067,16.163,18.702,19.572,22.264,23.693,22.028,19.473,19.685,16.611
16.163,18.702,19.572,22.264,23.693,22.028,19.473,19.685,16.611,17.425
18.702,19.572,22.264,23.693,22.028,19.473,19.685,16.611,17.425,13.862
19.572,22.264,23.693,22.028,19.473,19.685,16.611,17.425,13.862,15.848
22.264,23.693,22.028,19.473,19.685,16.611,17.425,13.862,15.848,16.408
23.693,22.028,19.473,19.685,16.611,17.425,13.862,15.848,16.408,26.463
22.028,19.473,19.685,16.611,17.425,13.862,15.848,16.408,26.463,88.16
19.473,19.685,16.611,17.425,13.862,15.848,16.408,26.463,88.16,98.169
19.685,16.611,17.425,13.862,15.848,16.408,26.463,88.16,98.169,84.489
16.611,17.425,13.862,15.848,16.408,26.463,88.16,98.169,84.489,65.31
17.425,13.862,15.848,16.408,26.463,88.16,98.169,84.489,65.31,59.317
13.862,15.848,16.408,26.463,88.16,98.169,84.489,65.31,59.317,46.253
15.848,16.408,26.463,88.16,98.169,84.489,65.31,59.317,46.253,39.901
16.408,26.463,88.16,98.169,84.489,65.31,59.317,46.253,39.901,40.145
26.463,88.16,98.169,84.489,65.31,59.317,46.253,39.901,40.145,41.447
88.16,98.169,84.489,65.31,59.317,46.253,39.901,40.145,41.447,37.649
98.169,84.489,65.31,59.317,46.253,39.901,40.145,41.447,37.649,37.293
84.489,65.31,59.317,46.253,39.901,40.145,41.447,37.649,37.293,33.176
65.31,59.317,46.253,39.901,40.145,41.447,37.649,37.293,33.176,29.376
59.317,46.253,39.901,40.145,41.447,37.649,37.293,33.176,29.376,28.876
46.253,39.901,40.145,41.447,37.649,37.293,33.176,29.376,28.876,27.464
39.901,40.145,41.447,37.649,37.293,33.176,29.376,28.876,27.464,26.533
40.145,41.447,37.649,37.293,33.176,29.376,28.876,27.464,26.533,27.917
41.447,37.649,37.293,33.176,29.376,28.876,27.464,26.533,27.917,30.221
37.649,37.293,33.176,29.376,28.876,27.464,26.533,27.917,30.221,26.41
37.293,33.176,29.376,28.876,27.464,26.533,27.917,30.221,26.41,22.582
33.176,29.376,28.876,27.464,26.533,27.917,30.221,26.41,22.582,24.996
29.376,28.876,27.464,26.533,27.917,30.221,26.41,22.582,24.996,23.99
28.876,27.464,26.533,27.917,30.221,26.41,22.582,24.996,23.99,20.916
27.464,26.533,27.917,30.221,26.41,22.582,24.996,23.99,20.916,22.329
26.533,27.917,30.221,26.41,22.582,24.996,23.99,20.916,22.329,22.105
27.917,30.221,26.41,22.582,24.996,23.99,20.916,22.329,22.105,22.222
30.221,26.41,22.582,24.996,23.99,20.916,22.329,22.105,22.222,21.822
26.41,22.582,24.996,23.99,20.916,22.329,22.105,22.222,21.822,23.103
22.582,24.996,23.99,20.916,22.329,22.105,22.222,21.822,23.103,27.395
24.996,23.99,20.916,22.329,22.105,22.222,21.822,23.103,27.395,27.154
23.99,20.916,22.329,22.105,22.222,21.822,23.103,27.395,27.154,26.178
20.916,22.329,22.105,22.222,21.822,23.103,27.395,27.154,26.178,39.262
22.329,22.105,22.222,21.822,23.103,27.395,27.154,26.178,39.262,56.291
22.105,22.222,21.822,23.103,27.395,27.154,26.178,39.262,56.291,67.181
22.222,21.822,23.103,27.395,27.154,26.178,39.262,56.291,67.181,85.745
21.822,23.103,27.395,27.154,26.178,39.262,56.291,67.181,85.745,124.065
23.103,27.395,27.154,26.178,39.262,56.291,67.181,85.745,124.065,106.132
27.395,27.154,26.178,39.262,56.291,67.181,85.745,124.065,106.132,97.956
27.154,26.178,39.262,56.291,67.181,85.745,124.065,106.132,97.956,88.667
26.178,39.262,56.291,67.181,85.745,124.065,106.132,97.956,88.667,88.84
39.262,56.291,67.181,85.745,124.065,106.132,97.956,88.667,88.84,92.971
56.291,67.181,85.745,124.065,106.132,97.956,88.667,88.84,92.971,96.641
67.181,85.745,124.065,106.132,97.956,88.667,88.84,92.971,96.641,84.851
85.745,124.065,106.132,97.956,88.667,88.84,92.971,96.641,84.851,79.602
124.065,106.132,97.956,88.667,88.84,92.971,96.641,84.851,79.602,80.402
106.132,97.956,88.667,88.84,92.971,96.641,84.851,79.602,80.402,132.521
97.956,88.667,88.84,92.971,96.641,84.851,79.602,80.402,132.521,160.262
88.667,88.84,92.971,96.641,84.851,79.602,80.402,132.521,160.262,162.814
88.84,92.971,96.641,84.851,79.602,80.402,132.521,160.262,162.814,175.385
92.971,96.641,84.851,79.602,80.402,132.521,160.262,162.814,175.385,140.724
96.641,84.851,79.602,80.402,132.521,160.262,162.814,175.385,140.724,115.099
84.851,79.602,80.402,132.521,160.262,162.814,175.385,140.724,115.099,95.91
79.602,80.402,132.521,160.262,162.814,175.385,140.724,115.099,95.91,79.067
80.402,132.521,160.262,162.814,175.385,140.724,115.099,95.91,79.067,72.608
132.521,160.262,162.814,175.385,140.724,115.099,95.91,79.067,72.608,68.633
160.262,162.814,175.385,140.724,115.099,95.91,79.067,72.608,68.633,61.88
162.814,175.385,140.724,115.099,95.91,79.067,72.608,68.633,61.88,58.371
175.385,140.724,115.099,95.91,79.067,72.608,68.633,61.88,58.371,59.302
140.724,115.099,95.91,79.067,72.608,68.633,61.88,58.371,59.302,51.163
115.099,95.91,79.067,72.608,68.633,61.88,58.371,59.302,51.163,44.071
95.91,79.067,72.608,68.633,61.88,58.371,59.302,51.163,44.071,49.064
79.067,72.608,68.633,61.88,58.371,59.302,51.163,44.071,49.064,54.392
72.608,68.633,61.88,58.371,59.302,51.163,44.071,49.064,54.392,53.365
68.633,61.88,58.371,59.302,51.163,44.071,49.064,54.392,53.365,41.829
61.88,58.371,59.302,51.163,44.071,49.064,54.392,53.365,41.829,43.967
58.371,59.302,51.163,44.071,49.064,54.392,53.365,41.829,43.967,39.257
59.302,51.163,44.071,49.064,54.392,53.365,41.829,43.967,39.257,35.167
51.163,44.071,49.064,54.392,53.365,41.829,43.967,39.257,35.167,33.631
44.071,49.064,54.392,53.365,41.829,43.967,39.257,35.167,33.631,35.987
49.064,54.392,53.365,41.829,43.967,39.257,35.167,33.631,35.987,43.868
54.392,53.365,41.829,43.967,39.257,35.167,33.631,35.987,43.868,51.29
53.365,41.829,43.967,39.257,35.167,33.631,35.987,43.868,51.29,47.047
41.829,43.967,39.257,35.167,33.631,35.987,43.868,51.29,47.047,45.127
43.967,39.257,35.167,33.631,35.987,43.868,51.29,47.047,45.127,43.583
39.257,35.167,33.631,35.987,43.868,51.29,47.047,45.127,43.583,44.16
35.167,33.631,35.987,43.868,51.29,47.047,45.127,43.583,44.16,40.942
33.631,35.987,43.868,51.29,47.047,45.127,43.583,44.16,40.942,43.655
35.987,43.868,51.29,47.047,45.127,43.583,44.16,40.942,43.655,41.025
43.868,51.29,47.047,45.127,43.583,44.16,40.942,43.655,41.025,39.999
51.29,47.047,45.127,43.583,44.16,40.942,43.655,41.025,39.999,40.668
47.047,45.127,43.583,44.16,40.942,43.655,41.025,39.999,40.668,36.734
45.127,43.583,44.16,40.942,43.655,41.025,39.999,40.668,36.734,35.143
43.583,44.16,40.942,43.655,41.025,39.999,40.668,36.734,35.143,36.805
44.16,40.942,43.655,41.025,39.999,40.668,36.734,35.143,36.805,33.698
40.942,43.655,41.025,39.999,40.668,36.734,35.143,36.805,33.698,32.404
43.655,41.025,39.999,40.668,36.734,35.143,36.805,33.698,32.404,26.599
41.025,39.999,40.668,36.734,35.143,36.805,33.698,32.404,26.599,28.612
39.999,40.668,36.734,35.143,36.805,33.698,32.404,26.599,28.612,26.814
40.668,36.734,35.143,36.805,33.698,32.404,26.599,28.612,26.814,34.673
36.734,35.143,36.805,33.698,32.404,26.599,28.612,26.814,34.673,31.235
35.143,36.805,33.698,32.404,26.599,28.612,26.814,34.673,31.235,28.152
36.805,33.698,32.404,26.599,28.612,26.814,34.673,31.235,28.152,26.888
33.698,32.404,26.599,28.612,26.814,34.673,31.235,28.152,26.888,28.022
32.404,26.599,28.612,26.814,34.673,31.235,28.152,26.888,28.022,26.183
26.599,28.612,26.814,34.673,31.235,28.152,26.888,28.022,26.183,25.301
28.612,26.814,34.673,31.235,28.152,26.888,28.022,26.183,25.301,23.05
26.814,34.673,31.235,28.152,26.888,28.022,26.183,25.301,23.05,22.26
34.673,31.235,28.152,26.888,28.022,26.183,25.301,23.05,22.26,21.004
31.235,28.152,26.888,28.022,26.183,25.301,23.05,22.26,21.004,23.325
28.152,26.888,28.022,26.183,25.301,23.05,22.26,21.004,23.325,22.562
26.888,28.022,26.183,25.301,23.05,22.26,21.004,23.325,22.562,21.954
28.022,26.183,25.301,23.05,22.26,21.004,23.325,22.562,21.954,22.98
26.183,25.301,23.05,22.26,21.004,23.325,22.562,21.954,22.98,23.199
25.301,23.05,22.26,21.004,23.325,22.562,21.954,22.98,23.199,23.114
23.05,22.26,21.004,23.325,22.562,21.954,22.98,23.199,23.114,20.909
22.26,21.004,23.325,22.562,21.954,22.98,23.199,23.114,20.909,19.659
21.004,23.325,22.562,21.954,22.98,23.199,23.114,20.909,19.659,18.664
23.325,22.562,21.954,22.98,23.199,23.114,20.909,19.659,18.664,17.633
22.562,21.954,22.98,23.199,23.114,20.909,19.659,18.664,17.633,18.202
21.954,22.98,23.199,23.114,20.909,19.659,18.664,17.633,18.202,15.563
22.98,23.199,23.114,20.909,19.659,18.664,17.633,18.202,15.563,16.256
23.199,23.114,20.909,19.659,18.664,17.633,18.202,15.563,16.256,15.823
23.114,20.909,19.659,18.664,17.633,18.202,15.563,16.256,15.823,16.231
20.909,19.659,18.664,17.633,18.202,15.563,16.256,15.823,16.231,13.614
19.659,18.664,17.633,18.202,15.563,16.256,15.823,16.231,13.614,12.819
18.664,17.633,18.202,15.563,16.256,15.823,16.231,13.614,12.819,13.881
17.633,18.202,15.563,16.256,15.823,16.231,13.614,12.819,13.881,13.752
18.202,15.563,16.256,15.823,16.231,13.614,12.819,13.881,13.752,16.279
15.563,16.256,15.823,16.231,13.614,12.819,13.881,13.752,16.279,16.562
16.256,15.823,16.231,13.614,12.819,13.881,13.752,16.279,16.562,21.748
15.823,16.231,13.614,12.819,13.881,13.752,16.279,16.562,21.748,17.8
16.231,13.614,12.819,13.881,13.752,16.279,16.562,21.748,17.8,16.558
13.614,12.819,13.881,13.752,16.279,16.562,21.748,17.8,16.558,15.164
12.819,13.881,13.752,16.279,16.562,21.748,17.8,16.558,15.164,13.745
13.881,13.752,16.279,16.562,21.748,17.8,16.558,15.164,13.745,16.443
13.752,16.279,16.562,21.748,17.8,16.558,15.164,13.745,16.443,17.9
16.279,16.562,21.748,17.8,16.558,15.164,13.745,16.443,17.9,17.899
16.562,21.748,17.8,16.558,15.164,13.745,16.443,17.9,17.899,16.647
21.748,17.8,16.558,15.164,13.745,16.443,17.9,17.899,16.647,16.445
17.8,16.558,15.164,13.745,16.443,17.9,17.899,16.647,16.445,13.955
16.558,15.164,13.745,16.443,17.9,17.899,16.647,16.445,13.955,19.123
15.164,13.745,16.443,17.9,17.899,16.647,16.445,13.955,19.123,19.354
13.745,16.443,17.9,17.899,16.647,16.445,13.955,19.123,19.354,16.444
16.443,17.9,17.899,16.647,16.445,13.955,19.123,19.354,16.444,17.806
17.9,17.899,16.647,16.445,13.955,19.123,19.354,16.444,17.806,17.899
17.899,16.647,16.445,13.955,19.123,19.354,16.444,17.806,17.899,15.209
16.647,16.445,13.955,19.123,19.354,16.444,17.806,17.899,15.209,12.503
16.445,13.955,19.123,19.354,16.444,17.806,17.899,15.209,12.503,12.513
13.955,19.123,19.354,16.444,17.806,17.899,15.209,12.503,12.513,13.757
19.123,19.354,16.444,17.806,17.899,15.209,12.503,12.513,13.757,11.145
19.354,16.444,17.806,17.899,15.209,12.503,12.513,13.757,11.145,11.4
16.444,17.806,17.899,15.209,12.503,12.513,13.757,11.145,11.4,10.795
17.806,17.899,15.209,12.503,12.513,13.757,11.145,11.4,10.795,11.077
17.899,15.209,12.503,12.513,13.757,11.145,11.4,10.795,11.077,12.113
15.209,12.503,12.513,13.757,11.145,11.4,10.795,11.077,12.113,12.197
12.503,12.513,13.757,11.145,11.4,10.795,11.077,12.113,12.197,9.725
12.513,13.757,11.145,11.4,10.795,11.077,12.113,12.197,9.725,9.752
13.757,11.145,11.4,10.795,11.077,12.113,12.197,9.725,9.752,9.545
11.145,11.4,10.795,11.077,12.113,12.197,9.725,9.752,9.545,8.015
11.4,10.795,11.077,12.113,12.197,9.725,9.752,9.545,8.015,9.48
10.795,11.077,12.113,12.197,9.725,9.752,9.545,8.015,9.48,8.1
11.077,12.113,12.197,9.725,9.752,9.545,8.015,9.48,8.1,17.11
12.113,12.197,9.725,9.752,9.545,8.015,9.48,8.1,17.11,77.026
12.197,9.725,9.752,9.545,8.015,9.48,8.1,17.11,77.026,66.226
9.725,9.752,9.545,8.015,9.48,8.1,17.11,77.026,66.226,39.272
9.752,9.545,8.015,9.48,8.1,17.11,77.026,66.226,39.272,31.119
9.545,8.015,9.48,8.1,17.11,77.026,66.226,39.272,31.119,24.183
8.015,9.48,8.1,17.11,77.026,66.226,39.272,31.119,24.183,20.006
9.48,8.1,17.11,77.026,66.226,39.272,31.119,24.183,20.006,19.855
8.1,17.11,77.026,66.226,39.272,31.119,24.183,20.006,19.855,22.464
17.11,77.026,66.226,39.272,31.119,24.183,20.006,19.855,22.464,30.827
77.026,66.226,39.272,31.119,24.183,20.006,19.855,22.464,30.827,37.688
66.226,39.272,31.119,24.183,20.006,19.855,22.464,30.827,37.688,34.024
39.272,31.119,24.183,20.006,19.855,22.464,30.827,37.688,34.024,29.567
31.119,24.183,20.006,19.855,22.464,30.827,37.688,34.024,29.567,24.426
24.183,20.006,19.855,22.464,30.827,37.688,34.024,29.567,24.426,21.397
20.006,19.855,22.464,30.827,37.688,34.024,29.567,24.426,21.397,22.887
19.855,22.464,30.827,37.688,34.024,29.567,24.426,21.397,22.887,13.167
22.464,30.827,37.688,34.024,29.567,24.426,21.397,22.887,13.167,15.921
30.827,37.688,34.024,29.567,24.426,21.397,22.887,13.167,15.921,13.393
37.688,34.024,29.567,24.426,21.397,22.887,13.167,15.921,13.393,13.194
34.024,29.567,24.426,21.397,22.887,13.167,15.921,13.393,13.194,11.939
29.567,24.426,21.397,22.887,13.167,15.921,13.393,13.194,11.939,11.915
24.426,21.397,22.887,13.167,15.921,13.393,13.194,11.939,11.915,12.058
21.397,22.887,13.167,15.921,13.393,13.194,11.939,11.915,12.058,11.84
22.887,13.167,15.921,13.393,13.194,11.939,11.915,12.058,11.84,10.788
13.167,15.921,13.393,13.194,11.939,11.915,12.058,11.84,10.788,10.645
15.921,13.393,13.194,11.939,11.915,12.058,11.84,10.788,10.645,9.218
13.393,13.194,11.939,11.915,12.058,11.84,10.788,10.645,9.218,12.175
13.194,11.939,11.915,12.058,11.84,10.788,10.645,9.218,12.175,11.756
11.939,11.915,12.058,11.84,10.788,10.645,9.218,12.175,11.756,11.857
11.915,12.058,11.84,10.788,10.645,9.218,12.175,11.756,11.857,11.869
12.058,11.84,10.788,10.645,9.218,12.175,11.756,11.857,11.869,10.424
11.84,10.788,10.645,9.218,12.175,11.756,11.857,11.869,10.424,11.454
10.788,10.645,9.218,12.175,11.756,11.857,11.869,10.424,11.454,11.992
10.645,9.218,12.175,11.756,11.857,11.869,10.424,11.454,11.992,9.282
9.218,12.175,11.756,11.857,11.869,10.424,11.454,11.992,9.282,11.729
12.175,11.756,11.857,11.869,10.424,11.454,11.992,9.282,11.729,10.6
11.756,11.857,11.869,10.424,11.454,11.992,9.282,11.729,10.6,10.852
11.857,11.869,10.424,11.454,11.992,9.282,11.729,10.6,10.852,9.185
11.869,10.424,11.454,11.992,9.282,11.729,10.6,10.852,9.185,10.952
10.424,11.454,11.992,9.282,11.729,10.6,10.852,9.185,10.952,9.295
11.454,11.992,9.282,11.729,10.6,10.852,9.185,10.952,9.295,13.666
11.992,9.282,11.729,10.6,10.852,9.185,10.952,9.295,13.666,23.003
9.282,11.729,10.6,10.852,9.185,10.952,9.295,13.666,23.003,16.132
11.729,10.6,10.852,9.185,10.952,9.295,13.666,23.003,16.132,13.667
10.6,10.852,9.185,10.952,9.295,13.666,23.003,16.132,13.667,16.144
10.852,9.185,10.952,9.295,13.666,23.003,16.132,13.667,16.144,13.446
9.185,10.952,9.295,13.666,23.003,16.132,13.667,16.144,13.446,13.5
10.952,9.295,13.666,23.003,16.132,13.667,16.144,13.446,13.5,9.559
9.295,13.666,23.003,16.132,13.667,16.144,13.446,13.5,9.559,12.134
13.666,23.003,16.132,13.667,16.144,13.446,13.5,9.559,12.134,9.005
23.003,16.132,13.667,16.144,13.446,13.5,9.559,12.134,9.005,10.78
16.132,13.667,16.144,13.446,13.5,9.559,12.134,9.005,10.78,7.901
13.667,16.144,13.446,13.5,9.559,12.134,9.005,10.78,7.901,10.667
16.144,13.446,13.5,9.559,12.134,9.005,10.78,7.901,10.667,8.019
13.446,13.5,9.559,12.134,9.005,10.78,7.901,10.667,8.019,10.703
13.5,9.559,12.134,9.005,10.78,7.901,10.667,8.019,10.703,13.69
9.559,12.134,9.005,10.78,7.901,10.667,8.019,10.703,13.69,12.051
12.134,9.005,10.78,7.901,10.667,8.019,10.703,13.69,12.051,12.256
9.005,10.78,7.901,10.667,8.019,10.703,13.69,12.051,12.256,8.668
10.78,7.901,10.667,8.019,10.703,13.69,12.051,12.256,8.668,9.684
7.901,10.667,8.019,10.703,13.69,12.051,12.256,8.668,9.684,9.502
10.667,8.019,10.703,13.69,12.051,12.256,8.668,9.684,9.502,9.726
8.019,10.703,13.69,12.051,12.256,8.668,9.684,9.502,9.726,16.25
10.703,13.69,12.051,12.256,8.668,9.684,9.502,9.726,16.25,21.799
13.69,12.051,12.256,8.668,9.684,9.502,9.726,16.25,21.799,25.059
12.051,12.256,8.668,9.684,9.502,9.726,16.25,21.799,25.059,39.753
12.256,8.668,9.684,9.502,9.726,16.25,21.799,25.059,39.753,29.669
8.668,9.684,9.502,9.726,16.25,21.799,25.059,39.753,29.669,36.429
9.684,9.502,9.726,16.25,21.799,25.059,39.753,29.669,36.429,37.623
9.502,9.726,16.25,21.799,25.059,39.753,29.669,36.429,37.623,39.011
9.726,16.25,21.799,25.059,39.753,29.669,36.429,37.623,39.011,32.652
16.25,21.799,25.059,39.753,29.669,36.429,37.623,39.011,32.652,32.521
21.799,25.059,39.753,29.669,36.429,37.623,39.011,32.652,32.521,29.746
25.059,39.753,29.669,36.429,37.623,39.011,32.652,32.521,29.746,31.164
39.753,29.669,36.429,37.623,39.011,32.652,32.521,29.746,31.164,33.65
29.669,36.429,37.623,39.011,32.652,32.521,29.746,31.164,33.65,50.271
36.429,37.623,39.011,32.652,32.521,29.746,31.164,33.65,50.271,45.829
37.623,39.011,32.652,32.521,29.746,31.164,33.65,50.271,45.829,39.768
39.011,32.652,32.521,29.746,31.164,33.65,50.271,45.829,39.768,33.416
32.652,32.521,29.746,31.164,33.65,50.271,45.829,39.768,33.416,29.801
32.521,29.746,31.164,33.65,50.271,45.829,39.768,33.416,29.801,29.722
29.746,31.164,33.65,50.271,45.829,39.768,33.416,29.801,29.722,30.995
31.164,33.65,50.271,45.829,39.768,33.416,29.801,29.722,30.995,28.466
33.65,50.271,45.829,39.768,33.416,29.801,29.722,30.995,28.466,25.817
50.271,45.829,39.768,33.416,29.801,29.722,30.995,28.466,25.817,25.2
45.829,39.768,33.416,29.801,29.722,30.995,28.466,25.817,25.2,26.698
39.768,33.416,29.801,29.722,30.995,28.466,25.817,25.2,26.698,26.83
33.416,29.801,29.722,30.995,28.466,25.817,25.2,26.698,26.83,27.263
29.801,29.722,30.995,28.466,25.817,25.2,26.698,26.83,27.263,30.927
29.722,30.995,28.466,25.817,25.2,26.698,26.83,27.263,30.927,25.175
30.995,28.466,25.817,25.2,26.698,26.83,27.263,30.927,25.175,27.413
28.466,25.817,25.2,26.698,26.83,27.263,30.927,25.175,27.413,22.994
25.817,25.2,26.698,26.83,27.263,30.927,25.175,27.413,22.994,24.214
25.2,26.698,26.83,27.263,30.927,25.175,27.413,22.994,24.214,22.221
26.698,26.83,27.263,30.927,25.175,27.413,22.994,24.214,22.221,23.94
26.83,27.263,30.927,25.175,27.413,22.994,24.214,22.221,23.94,19.831
27.263,30.927,25.175,27.413,22.994,24.214,22.221,23.94,19.831,22.655
30.927,25.175,27.413,22.994,24.214,22.221,23.94,19.831,22.655,22.3
25.175,27.413,22.994,24.214,22.221,23.94,19.831,22.655,22.3,21.304
27.413,22.994,24.214,22.221,23.94,19.831,22.655,22.3,21.304,19.788
22.994,24.214,22.221,23.94,19.831,22.655,22.3,21.304,19.788,19.866
24.214,22.221,23.94,19.831,22.655,22.3,21.304,19.788,19.866,19.821
22.221,23.94,19.831,22.655,22.3,21.304,19.788,19.866,19.821,19.791
23.94,19.831,22.655,22.3,21.304,19.788,19.866,19.821,19.791,18.533
19.831,22.655,22.3,21.304,19.788,19.866,19.821,19.791,18.533,18.26
22.655,22.3,21.304,19.788,19.866,19.821,19.791,18.533,18.26,18.516
22.3,21.304,19.788,19.866,19.821,19.791,18.533,18.26,18.516,21.052
21.304,19.788,19.866,19.821,19.791,18.533,18.26,18.516,21.052,21.199
19.788,19.866,19.821,19.791,18.533,18.26,18.516,21.052,21.199,20.081
19.866,19.821,19.791,18.533,18.26,18.516,21.052,21.199,20.081,22.809
19.821,19.791,18.533,18.26,18.516,21.052,21.199,20.081,22.809,19.519
19.791,18.533,18.26,18.516,21.052,21.199,20.081,22.809,19.519,18.617
18.533,18.26,18.516,21.052,21.199,20.081,22.809,19.519,18.617,19.707
18.26,18.516,21.052,21.199,20.081,22.809,19.519,18.617,19.707,21.917
18.516,21.052,21.199,20.081,22.809,19.519,18.617,19.707,21.917,20.78
21.052,21.199,20.081,22.809,19.519,18.617,19.707,21.917,20.78,17.9
21.199,20.081,22.809,19.519,18.617,19.707,21.917,20.78,17.9,17.9
20.081,22.809,19.519,18.617,19.707,21.917,20.78,17.9,17.9,17.899
22.809,19.519,18.617,19.707,21.917,20.78,17.9,17.9,17.899,19.284
19.519,18.617,19.707,21.917,20.78,17.9,17.9,17.899,19.284,19.202
18.617,19.707,21.917,20.78,17.9,17.9,17.899,19.284,19.202,21.5
19.707,21.917,20.78,17.9,17.9,17.899,19.284,19.202,21.5,17.532
21.917,20.78,17.9,17.9,17.899,19.284,19.202,21.5,17.532,18.624
20.78,17.9,17.9,17.899,19.284,19.202,21.5,17.532,18.624,36.914
17.9,17.9,17.899,19.284,19.202,21.5,17.532,18.624,36.914,49.86
17.9,17.899,19.284,19.202,21.5,17.532,18.624,36.914,49.86,43.236
17.899,19.284,19.202,21.5,17.532,18.624,36.914,49.86,43.236,38.416
19.284,19.202,21.5,17.532,18.624,36.914,49.86,43.236,38.416,30.23
19.202,21.5,17.532,18.624,36.914,49.86,43.236,38.416,30.23,23.373
21.5,17.532,18.624,36.914,49.86,43.236,38.416,30.23,23.373,27.268
17.532,18.624,36.914,49.86,43.236,38.416,30.23,23.373,27.268,20.811
18.624,36.914,49.86,43.236,38.416,30.23,23.373,27.268,20.811,20.903
36.914,49.86,43.236,38.416,30.23,23.373,27.268,20.811,20.903,20.722
49.86,43.236,38.416,30.23,23.373,27.268,20.811,20.903,20.722,19.739
43.236,38.416,30.23,23.373,27.268,20.811,20.903,20.722,19.739,22.403
38.416,30.23,23.373,27.268,20.811,20.903,20.722,19.739,22.403,19.215
30.23,23.373,27.268,20.811,20.903,20.722,19.739,22.403,19.215,22.255
23.373,27.268,20.811,20.903,20.722,19.739,22.403,19.215,22.255,25.209
27.268,20.811,20.903,20.722,19.739,22.403,19.215,22.255,25.209,29.439
20.811,20.903,20.722,19.739,22.403,19.215,22.255,25.209,29.439,27.743
20.903,20.722,19.739,22.403,19.215,22.255,25.209,29.439,27.743,30.657
20.722,19.739,22.403,19.215,22.255,25.209,29.439,27.743,30.657,34.98
19.739,22.403,19.215,22.255,25.209,29.439,27.743,30.657,34.98,55.974
22.403,19.215,22.255,25.209,29.439,27.743,30.657,34.98,55.974,66.378
19.215,22.255,25.209,29.439,27.743,30.657,34.98,55.974,66.378,63.852
22.255,25.209,29.439,27.743,30.657,34.98,55.974,66.378,63.852,64.416
25.209,29.439,27.743,30.657,34.98,55.974,66.378,63.852,64.416,61.046
29.439,27.743,30.657,34.98,55.974,66.378,63.852,64.416,61.046,54.817
27.743,30.657,34.98,55.974,66.378,63.852,64.416,61.046,54.817,52.263
30.657,34.98,55.974,66.378,63.852,64.416,61.046,54.817,52.263,49.374
34.98,55.974,66.378,63.852,64.416,61.046,54.817,52.263,49.374,49.502
55.974,66.378,63.852,64.416,61.046,54.817,52.263,49.374,49.502,81.986
66.378,63.852,64.416,61.046,54.817,52.263,49.374,49.502,81.986,90.45
63.852,64.416,61.046,54.817,52.263,49.374,49.502,81.986,90.45,90.479
64.416,61.046,54.817,52.263,49.374,49.502,81.986,90.45,90.479,81.432
61.046,54.817,52.263,49.374,49.502,81.986,90.45,90.479,81.432,66.913
54.817,52.263,49.374,49.502,81.986,90.45,90.479,81.432,66.913,50.793
52.263,49.374,49.502,81.986,90.45,90.479,81.432,66.913,50.793,47.458
49.374,49.502,81.986,90.45,90.479,81.432,66.913,50.793,47.458,43.786
49.502,81.986,90.45,90.479,81.432,66.913,50.793,47.458,43.786,34.836
81.986,90.45,90.479,81.432,66.913,50.793,47.458,43.786,34.836,38.321
90.45,90.479,81.432,66.913,50.793,47.458,43.786,34.836,38.321,43.607
90.479,81.432,66.913,50.793,47.458,43.786,34.836,38.321,43.607,36.258
81.432,66.913,50.793,47.458,43.786,34.836,38.321,43.607,36.258,31.824
66.913,50.793,47.458,43.786,34.836,38.321,43.607,36.258,31.824,32.619
50.793,47.458,43.786,34.836,38.321,43.607,36.258,31.824,32.619,33.747
47.458,43.786,34.836,38.321,43.607,36.258,31.824,32.619,33.747,36.905
43.786,34.836,38.321,43.607,36.258,31.824,32.619,33.747,36.905,38.287
34.836,38.321,43.607,36.258,31.824,32.619,33.747,36.905,38.287,39.485
38.321,43.607,36.258,31.824,32.619,33.747,36.905,38.287,39.485,29.367
43.607,36.258,31.824,32.619,33.747,36.905,38.287,39.485,29.367,35.383
36.258,31.824,32.619,33.747,36.905,38.287,39.485,29.367,35.383,33.568
31.824,32.619,33.747,36.905,38.287,39.485,29.367,35.383,33.568,30.243
32.619,33.747,36.905,38.287,39.485,29.367,35.383,33.568,30.243,31.569
33.747,36.905,38.287,39.485,29.367,35.383,33.568,30.243,31.569,34.093
36.905,38.287,39.485,29.367,35.383,33.568,30.243,31.569,34.093,33.505
38.287,39.485,29.367,35.383,33.568,30.243,31.569,34.093,33.505,31.924
39.485,29.367,35.383,33.568,30.243,31.569,34.093,33.505,31.924,30.696
29.367,35.383,33.568,30.243,31.569,34.093,33.505,31.924,30.696,29.03
35.383,33.568,30.243,31.569,34.093,33.505,31.924,30.696,29.03,20.704
33.568,30.243,31.569,34.093,33.505,31.924,30.696,29.03,20.704,13.613
30.243,31.569,34.093,33.505,31.924,30.696,29.03,20.704,13.613,16.979
31.569,34.093,33.505,31.924,30.696,29.03,20.704,13.613,16.979,16.368
34.093,33.505,31.924,30.696,29.03,20.704,13.613,16.979,16.368,28.543
33.505,31.924,30.696,29.03,20.704,13.613,16.979,16.368,28.543,30.628
31.924,30.696,29.03,20.704,13.613,16.979,16.368,28.543,30.628,27.189
30.696,29.03,20.704,13.613,16.979,16.368,28.543,30.628,27.189,25.65
29.03,20.704,13.613,16.979,16.368,28.543,30.628,27.189,25.65,21.33
20.704,13.613,16.979,16.368,28.543,30.628,27.189,25.65,21.33,23.839
13.613,16.979,16.368,28.543,30.628,27.189,25.65,21.33,23.839,24.253
16.979,16.368,28.543,30.628,27.189,25.65,21.33,23.839,24.253,22.615
16.368,28.543,30.628,27.189,25.65,21.33,23.839,24.253,22.615,20.478
28.543,30.628,27.189,25.65,21.33,23.839,24.253,22.615,20.478,21.081
30.628,27.189,25.65,21.33,23.839,24.253,22.615,20.478,21.081,22.72
27.189,25.65,21.33,23.839,24.253,22.615,20.478,21.081,22.72,21.024
25.65,21.33,23.839,24.253,22.615,20.478,21.081,22.72,21.024,23.517
21.33,23.839,24.253,22.615,20.478,21.081,22.72,21.024,23.517,25.233
23.839,24.253,22.615,20.478,21.081,22.72,21.024,23.517,25.233,60.1
24.253,22.615,20.478,21.081,22.72,21.024,23.517,25.233,60.1,114.606
22.615,20.478,21.081,22.72,21.024,23.517,25.233,60.1,114.606,120.685
20.478,21.081,22.72,21.024,23.517,25.233,60.1,114.606,120.685,117.183
21.081,22.72,21.024,23.517,25.233,60.1,114.606,120.685,117.183,149.351
22.72,21.024,23.517,25.233,60.1,114.606,120.685,117.183,149.351,146.922
21.024,23.517,25.233,60.1,114.606,120.685,117.183,149.351,146.922,195.436
23.517,25.233,60.1,114.606,120.685,117.183,149.351,146.922,195.436,307.666
25.233,60.1,114.606,120.685,117.183,149.351,146.922,195.436,307.666,272.468
60.1,114.606,120.685,117.183,149.351,146.922,195.436,307.666,272.468,223.366
114.606,120.685,117.183,149.351,146.922,195.436,307.666,272.468,223.366,187.942
120.685,117.183,149.351,146.922,195.436,307.666,272.468,223.366,187.942,162.257
117.183,149.351,146.922,195.436,307.666,272.468,223.366,187.942,162.257,141.223
149.351,146.922,195.436,307.666,272.468,223.366,187.942,162.257,141.223,129.846
146.922,195.436,307.666,272.468,223.366,187.942,162.257,141.223,129.846,112.433
195.436,307.666,272.468,223.366,187.942,162.257,141.223,129.846,112.433,95.923
307.666,272.468,223.366,187.942,162.257,141.223,129.846,112.433,95.923,85.179
272.468,223.366,187.942,162.257,141.223,129.846,112.433,95.923,85.179,80.306
223.366,187.942,162.257,141.223,129.846,112.433,95.923,85.179,80.306,74.131
187.942,162.257,141.223,129.846,112.433,95.923,85.179,80.306,74.131,75.575
162.257,141.223,129.846,112.433,95.923,85.179,80.306,74.131,75.575,109.889
141.223,129.846,112.433,95.923,85.179,80.306,74.131,75.575,109.889,110.06
129.846,112.433,95.923,85.179,80.306,74.131,75.575,109.889,110.06,137.541
112.433,95.923,85.179,80.306,74.131,75.575,109.889,110.06,137.541,238.417
95.923,85.179,80.306,74.131,75.575,109.889,110.06,137.541,238.417,197.765
85.179,80.306,74.131,75.575,109.889,110.06,137.541,238.417,197.765,159.488
80.306,74.131,75.575,109.889,110.06,137.541,238.417,197.765,159.488,118.751
74.131,75.575,109.889,110.06,137.541,238.417,197.765,159.488,118.751,99.843
75.575,109.889,110.06,137.541,238.417,197.765,159.488,118.751,99.843,86.763
109.889,110.06,137.541,238.417,197.765,159.488,118.751,99.843,86.763,81.405
110.06,137.541,238.417,197.765,159.488,118.751,99.843,86.763,81.405,90.111
137.541,238.417,197.765,159.488,118.751,99.843,86.763,81.405,90.111,100.875
238.417,197.765,159.488,118.751,99.843,86.763,81.405,90.111,100.875,96.614
197.765,159.488,118.751,99.843,86.763,81.405,90.111,100.875,96.614,102.705
159.488,118.751,99.843,86.763,81.405,90.111,100.875,96.614,102.705,103.031
118.751,99.843,86.763,81.405,90.111,100.875,96.614,102.705,103.031,96.819
99.843,86.763,81.405,90.111,100.875,96.614,102.705,103.031,96.819,171.187
86.763,81.405,90.111,100.875,96.614,102.705,103.031,96.819,171.187,207.124
81.405,90.111,100.875,96.614,102.705,103.031,96.819,171.187,207.124,175.982
90.111,100.875,96.614,102.705,103.031,96.819,171.187,207.124,175.982,149.505
100.875,96.614,102.705,103.031,96.819,171.187,207.124,175.982,149.505,131.286
96.614,102.705,103.031,96.819,171.187,207.124,175.982,149.505,131.286,110.359
102.705,103.031,96.819,171.187,207.124,175.982,149.505,131.286,110.359,96.897
103.031,96.819,171.187,207.124,175.982,149.505,131.286,110.359,96.897,90.305
96.819,171.187,207.124,175.982,149.505,131.286,110.359,96.897,90.305,76.654
171.187,207.124,175.982,149.505,131.286,110.359,96.897,90.305,76.654,79.039
207.124,175.982,149.505,131.286,110.359,96.897,90.305,76.654,79.039,82.352
175.982,149.505,131.286,110.359,96.897,90.305,76.654,79.039,82.352,74.151
149.505,131.286,110.359,96.897,90.305,76.654,79.039,82.352,74.151,67.662
131.286,110.359,96.897,90.305,76.654,79.039,82.352,74.151,67.662,60.39
110.359,96.897,90.305,76.654,79.039,82.352,74.151,67.662,60.39,51.988
96.897,90.305,76.654,79.039,82.352,74.151,67.662,60.39,51.988,50.718
90.305,76.654,79.039,82.352,74.151,67.662,60.39,51.988,50.718,49.886
76.654,79.039,82.352,74.151,67.662,60.39,51.988,50.718,49.886,47.517
79.039,82.352,74.151,67.662,60.39,51.988,50.718,49.886,47.517,45.54
82.352,74.151,67.662,60.39,51.988,50.718,49.886,47.517,45.54,46.672
74.151,67.662,60.39,51.988,50.718,49.886,47.517,45.54,46.672,45.162
67.662,60.39,51.988,50.718,49.886,47.517,45.54,46.672,45.162,50.865
60.39,51.988,50.718,49.886,47.517,45.54,46.672,45.162,50.865,71.555
51.988,50.718,49.886,47.517,45.54,46.672,45.162,50.865,71.555,104.549
50.718,49.886,47.517,45.54,46.672,45.162,50.865,71.555,104.549,118.507
49.886,47.517,45.54,46.672,45.162,50.865,71.555,104.549,118.507,118.746
47.517,45.54,46.672,45.162,50.865,71.555,104.549,118.507,118.746,107.511
45.54,46.672,45.162,50.865,71.555,104.549,118.507,118.746,107.511,93.927
46.672,45.162,50.865,71.555,104.549,118.507,118.746,107.511,93.927,81.691
45.162,50.865,71.555,104.549,118.507,118.746,107.511,93.927,81.691,71.248
50.865,71.555,104.549,118.507,118.746,107.511,93.927,81.691,71.248,57.24
71.555,104.549,118.507,118.746,107.511,93.927,81.691,71.248,57.24,58.746
104.549,118.507,118.746,107.511,93.927,81.691,71.248,57.24,58.746,59.194
118.507,118.746,107.511,93.927,81.691,71.248,57.24,58.746,59.194,59.639
118.746,107.511,93.927,81.691,71.248,57.24,58.746,59.194,59.639,52.13
107.511,93.927,81.691,71.248,57.24,58.746,59.194,59.639,52.13,52.404
93.927,81.691,71.248,57.24,58.746,59.194,59.639,52.13,52.404,43.81
81.691,71.248,57.24,58.746,59.194,59.639,52.13,52.404,43.81,42.146
71.248,57.24,58.746,59.194,59.639,52.13,52.404,43.81,42.146,41.681
57.24,58.746,59.194,59.639,52.13,52.404,43.81,42.146,41.681,36.475
58.746,59.194,59.639,52.13,52.404,43.81,42.146,41.681,36.475,33.743
59.194,59.639,52.13,52.404,43.81,42.146,41.681,36.475,33.743,32.439
59.639,52.13,52.404,43.81,42.146,41.681,36.475,33.743,32.439,29.434
52.13,52.404,43.81,42.146,41.681,36.475,33.743,32.439,29.434,29.427
52.404,43.81,42.146,41.681,36.475,33.743,32.439,29.434,29.427,28.193
43.81,42.146,41.681,36.475,33.743,32.439,29.434,29.427,28.193,29.019
42.146,41.681,36.475,33.743,32.439,29.434,29.427,28.193,29.019,28.508
41.681,36.475,33.743,32.439,29.434,29.427,28.193,29.019,28.508,30.91
36.475,33.743,32.439,29.434,29.427,28.193,29.019,28.508,30.91,29.307
33.743,32.439,29.434,29.427,28.193,29.019,28.508,30.91,29.307,28.048
32.439,29.434,29.427,28.193,29.019,28.508,30.91,29.307,28.048,28.344
29.434,29.427,28.193,29.019,28.508,30.91,29.307,28.048,28.344,26.948
29.427,28.193,29.019,28.508,30.91,29.307,28.048,28.344,26.948,25.725
28.193,29.019,28.508,30.91,29.307,28.048,28.344,26.948,25.725,28.504
29.019,28.508,30.91,29.307,28.048,28.344,26.948,25.725,28.504,32.932
28.508,30.91,29.307,28.048,28.344,26.948,25.725,28.504,32.932,25.72
30.91,29.307,28.048,28.344,26.948,25.725,28.504,32.932,25.72,24.686
29.307,28.048,28.344,26.948,25.725,28.504,32.932,25.72,24.686,23.925
28.048,28.344,26.948,25.725,28.504,32.932,25.72,24.686,23.925,23.948
28.344,26.948,25.725,28.504,32.932,25.72,24.686,23.925,23.948,24.414
26.948,25.725,28.504,32.932,25.72,24.686,23.925,23.948,24.414,28.945
25.725,28.504,32.932,25.72,24.686,23.925,23.948,24.414,28.945,31.589
28.504,32.932,25.72,24.686,23.925,23.948,24.414,28.945,31.589,28.625
32.932,25.72,24.686,23.925,23.948,24.414,28.945,31.589,28.625,27.284
25.72,24.686,23.925,23.948,24.414,28.945,31.589,28.625,27.284,24.369
24.686,23.925,23.948,24.414,28.945,31.589,28.625,27.284,24.369,24.002
23.925,23.948,24.414,28.945,31.589,28.625,27.284,24.369,24.002,21.688
23.948,24.414,28.945,31.589,28.625,27.284,24.369,24.002,21.688,19.668
24.414,28.945,31.589,28.625,27.284,24.369,24.002,21.688,19.668,23.951
28.945,31.589,28.625,27.284,24.369,24.002,21.688,19.668,23.951,22.627
31.589,28.625,27.284,24.369,24.002,21.688,19.668,23.951,22.627,21.388
28.625,27.284,24.369,24.002,21.688,19.668,23.951,22.627,21.388,18.996
27.284,24.369,24.002,21.688,19.668,23.951,22.627,21.388,18.996,19.786
24.369,24.002,21.688,19.668,23.951,22.627,21.388,18.996,19.786,20.76
24.002,21.688,19.668,23.951,22.627,21.388,18.996,19.786,20.76,27.228
21.688,19.668,23.951,22.627,21.388,18.996,19.786,20.76,27.228,27.785
19.668,23.951,22.627,21.388,18.996,19.786,20.76,27.228,27.785,26.485
23.951,22.627,21.388,18.996,19.786,20.76,27.228,27.785,26.485,22.886
22.627,21.388,18.996,19.786,20.76,27.228,27.785,26.485,22.886,21.407
21.388,18.996,19.786,20.76,27.228,27.785,26.485,22.886,21.407,19.739
18.996,19.786,20.76,27.228,27.785,26.485,22.886,21.407,19.739,17.272
19.786,20.76,27.228,27.785,26.485,22.886,21.407,19.739,17.272,17.044
20.76,27.228,27.785,26.485,22.886,21.407,19.739,17.272,17.044,17.358
27.228,27.785,26.485,22.886,21.407,19.739,17.272,17.044,17.358,20.399
27.785,26.485,22.886,21.407,19.739,17.272,17.044,17.358,20.399,17.485
26.485,22.886,21.407,19.739,17.272,17.044,17.358,20.399,17.485,17.363
22.886,21.407,19.739,17.272,17.044,17.358,20.399,17.485,17.363,21.607
21.407,19.739,17.272,17.044,17.358,20.399,17.485,17.363,21.607,27.231
19.739,17.272,17.044,17.358,20.399,17.485,17.363,21.607,27.231,22.313
17.272,17.044,17.358,20.399,17.485,17.363,21.607,27.231,22.313,25.438
17.044,17.358,20.399,17.485,17.363,21.607,27.231,22.313,25.438,23.758
17.358,20.399,17.485,17.363,21.607,27.231,22.313,25.438,23.758,25.728
20.399,17.485,17.363,21.607,27.231,22.313,25.438,23.758,25.728,21.645
17.485,17.363,21.607,27.231,22.313,25.438,23.758,25.728,21.645,18.914
17.363,21.607,27.231,22.313,25.438,23.758,25.728,21.645,18.914,17.137
21.607,27.231,22.313,25.438,23.758,25.728,21.645,18.914,17.137,15.583
27.231,22.313,25.438,23.758,25.728,21.645,18.914,17.137,15.583,16.574
22.313,25.438,23.758,25.728,21.645,18.914,17.137,15.583,16.574,15.888
25.438,23.758,25.728,21.645,18.914,17.137,15.583,16.574,15.888,13.168
23.758,25.728,21.645,18.914,17.137,15.583,16.574,15.888,13.168,12.953
25.728,21.645,18.914,17.137,15.583,16.574,15.888,13.168,12.953,15.295
21.645,18.914,17.137,15.583,16.574,15.888,13.168,12.953,15.295,35.32
18.914,17.137,15.583,16.574,15.888,13.168,12.953,15.295,35.32,75.118
17.137,15.583,16.574,15.888,13.168,12.953,15.295,35.32,75.118,57.513
15.583,16.574,15.888,13.168,12.953,15.295,35.32,75.118,57.513,41.466
16.574,15.888,13.168,12.953,15.295,35.32,75.118,57.513,41.466,33.059
15.888,13.168,12.953,15.295,35.32,75.118,57.513,41.466,33.059,26.475
13.168,12.953,15.295,35.32,75.118,57.513,41.466,33.059,26.475,22.609
12.953,15.295,35.32,75.118,57.513,41.466,33.059,26.475,22.609,20.709
15.295,35.32,75.118,57.513,41.466,33.059,26.475,22.609,20.709,23.262
35.32,75.118,57.513,41.466,33.059,26.475,22.609,20.709,23.262,28.281
75.118,57.513,41.466,33.059,26.475,22.609,20.709,23.262,28.281,22.384
57.513,41.466,33.059,26.475,22.609,20.709,23.262,28.281,22.384,20.259
41.466,33.059,26.475,22.609,20.709,23.262,28.281,22.384,20.259,18.755
33.059,26.475,22.609,20.709,23.262,28.281,22.384,20.259,18.755,31.412
26.475,22.609,20.709,23.262,28.281,22.384,20.259,18.755,31.412,20.17
22.609,20.709,23.262,28.281,22.384,20.259,18.755,31.412,20.17,24.403
20.709,23.262,28.281,22.384,20.259,18.755,31.412,20.17,24.403,21.442
23.262,28.281,22.384,20.259,18.755,31.412,20.17,24.403,21.442,16.998
28.281,22.384,20.259,18.755,31.412,20.17,24.403,21.442,16.998,14.627
22.384,20.259,18.755,31.412,20.17,24.403,21.442,16.998,14.627,13.154
20.259,18.755,31.412,20.17,24.403,21.442,16.998,14.627,13.154,12.997
18.755,31.412,20.17,24.403,21.442,16.998,14.627,13.154,12.997,11.382
31.412,20.17,24.403,21.442,16.998,14.627,13.154,12.997,11.382,11.29
20.17,24.403,21.442,16.998,14.627,13.154,12.997,11.382,11.29,13.959
24.403,21.442,16.998,14.627,13.154,12.997,11.382,11.29,13.959,11.23
21.442,16.998,14.627,13.154,12.997,11.382,11.29,13.959,11.23,13.721
16.998,14.627,13.154,12.997,11.382,11.29,13.959,11.23,13.721,13.411
14.627,13.154,12.997,11.382,11.29,13.959,11.23,13.721,13.411,11.73
13.154,12.997,11.382,11.29,13.959,11.23,13.721,13.411,11.73,10.245
12.997,11.382,11.29,13.959,11.23,13.721,13.411,11.73,10.245,13.183
11.382,11.29,13.959,11.23,13.721,13.411,11.73,10.245,13.183,13.198
11.29,13.959,11.23,13.721,13.411,11.73,10.245,13.183,13.198,8.39
13.959,11.23,13.721,13.411,11.73,10.245,13.183,13.198,8.39,9.497
11.23,13.721,13.411,11.73,10.245,13.183,13.198,8.39,9.497,13.665
13.721,13.411,11.73,10.245,13.183,13.198,8.39,9.497,13.665,10.734
13.411,11.73,10.245,13.183,13.198,8.39,9.497,13.665,10.734,12.21
11.73,10.245,13.183,13.198,8.39,9.497,13.665,10.734,12.21,9.48
10.245,13.183,13.198,8.39,9.497,13.665,10.734,12.21,9.48,12.232
13.183,13.198,8.39,9.497,13.665,10.734,12.21,9.48,12.232,10.95
13.198,8.39,9.497,13.665,10.734,12.21,9.48,12.232,10.95,10.745
8.39,9.497,13.665,10.734,12.21,9.48,12.232,10.95,10.745,13.676
9.497,13.665,10.734,12.21,9.48,12.232,10.95,10.745,13.676,12.2
13.665,10.734,12.21,9.48,12.232,10.95,10.745,13.676,12.2,9.564
10.734,12.21,9.48,12.232,10.95,10.745,13.676,12.2,9.564,11.236
12.21,9.48,12.232,10.95,10.745,13.676,12.2,9.564,11.236,9.765
9.48,12.232,10.95,10.745,13.676,12.2,9.564,11.236,9.765,9.467
12.232,10.95,10.745,13.676,12.2,9.564,11.236,9.765,9.467,7.706
10.95,10.745,13.676,12.2,9.564,11.236,9.765,9.467,7.706,9.177
10.745,13.676,12.2,9.564,11.236,9.765,9.467,7.706,9.177,8.955
13.676,12.2,9.564,11.236,9.765,9.467,7.706,9.177,8.955,9.151
12.2,9.564,11.236,9.765,9.467,7.706,9.177,8.955,9.151,10.428
9.564,11.236,9.765,9.467,7.706,9.177,8.955,9.151,10.428,8.959
11.236,9.765,9.467,7.706,9.177,8.955,9.151,10.428,8.959,8.956
9.765,9.467,7.706,9.177,8.955,9.151,10.428,8.959,8.956,7.63
9.467,7.706,9.177,8.955,9.151,10.428,8.959,8.956,7.63,9.157
7.706,9.177,8.955,9.151,10.428,8.959,8.956,7.63,9.157,11.6
9.177,8.955,9.151,10.428,8.959,8.956,7.63,9.157,11.6,7.677
8.955,9.151,10.428,8.959,8.956,7.63,9.157,11.6,7.677,9.372
9.151,10.428,8.959,8.956,7.63,9.157,11.6,7.677,9.372,10.38
10.428,8.959,8.956,7.63,9.157,11.6,7.677,9.372,10.38,14.258
8.959,8.956,7.63,9.157,11.6,7.677,9.372,10.38,14.258,11.77
8.956,7.63,9.157,11.6,7.677,9.372,10.38,14.258,11.77,18.967
7.63,9.157,11.6,7.677,9.372,10.38,14.258,11.77,18.967,35.204
9.157,11.6,7.677,9.372,10.38,14.258,11.77,18.967,35.204,32.159
11.6,7.677,9.372,10.38,14.258,11.77,18.967,35.204,32.159,21.221
7.677,9.372,10.38,14.258,11.77,18.967,35.204,32.159,21.221,24.707
9.372,10.38,14.258,11.77,18.967,35.204,32.159,21.221,24.707,183.051
10.38,14.258,11.77,18.967,35.204,32.159,21.221,24.707,183.051,258.754
14.258,11.77,18.967,35.204,32.159,21.221,24.707,183.051,258.754,140.849
11.77,18.967,35.204,32.159,21.221,24.707,183.051,258.754,140.849,100.293
18.967,35.204,32.159,21.221,24.707,183.051,258.754,140.849,100.293,72.11
35.204,32.159,21.221,24.707,183.051,258.754,140.849,100.293,72.11,60.994
32.159,21.221,24.707,183.051,258.754,140.849,100.293,72.11,60.994,54.113
21.221,24.707,183.051,258.754,140.849,100.293,72.11,60.994,54.113,45.93
24.707,183.051,258.754,140.849,100.293,72.11,60.994,54.113,45.93,41.725
183.051,258.754,140.849,100.293,72.11,60.994,54.113,45.93,41.725,35.6
258.754,140.849,100.293,72.11,60.994,54.113,45.93,41.725,35.6,58.761
140.849,100.293,72.11,60.994,54.113,45.93,41.725,35.6,58.761,45.842
100.293,72.11,60.994,54.113,45.93,41.725,35.6,58.761,45.842,42.221
72.11,60.994,54.113,45.93,41.725,35.6,58.761,45.842,42.221,39.086
60.994,54.113,45.93,41.725,35.6,58.761,45.842,42.221,39.086,34.245
54.113,45.93,41.725,35.6,58.761,45.842,42.221,39.086,34.245,28.465
45.93,41.725,35.6,58.761,45.842,42.221,39.086,34.245,28.465,34.071
41.725,35.6,58.761,45.842,42.221,39.086,34.245,28.465,34.071,35.507
35.6,58.761,45.842,42.221,39.086,34.245,28.465,34.071,35.507,32.77
58.761,45.842,42.221,39.086,34.245,28.465,34.071,35.507,32.77,31.823
45.842,42.221,39.086,34.245,28.465,34.071,35.507,32.77,31.823,29.1
42.221,39.086,34.245,28.465,34.071,35.507,32.77,31.823,29.1,27.235
39.086,34.245,28.465,34.071,35.507,32.77,31.823,29.1,27.235,27.246
34.245,28.465,34.071,35.507,32.77,31.823,29.1,27.235,27.246,27.07
28.465,34.071,35.507,32.77,31.823,29.1,27.235,27.246,27.07,44.076
34.071,35.507,32.77,31.823,29.1,27.235,27.246,27.07,44.076,50.663
35.507,32.77,31.823,29.1,27.235,27.246,27.07,44.076,50.663,36.224
32.77,31.823,29.1,27.235,27.246,27.07,44.076,50.663,36.224,29.004
31.823,29.1,27.235,27.246,27.07,44.076,50.663,36.224,29.004,25.753
29.1,27.235,27.246,27.07,44.076,50.663,36.224,29.004,25.753,26.509
27.235,27.246,27.07,44.076,50.663,36.224,29.004,25.753,26.509,48.987
27.246,27.07,44.076,50.663,36.224,29.004,25.753,26.509,48.987,40.074
27.07,44.076,50.663,36.224,29.004,25.753,26.509,48.987,40.074,32.755
44.076,50.663,36.224,29.004,25.753,26.509,48.987,40.074,32.755,30.048
50.663,36.224,29.004,25.753,26.509,48.987,40.074,32.755,30.048,22.767
36.224,29.004,25.753,26.509,48.987,40.074,32.755,30.048,22.767,18.213
29.004,25.753,26.509,48.987,40.074,32.755,30.048,22.767,18.213,23.972
25.753,26.509,48.987,40.074,32.755,30.048,22.767,18.213,23.972,21.379
26.509,48.987,40.074,32.755,30.048,22.767,18.213,23.972,21.379,18.971
48.987,40.074,32.755,30.048,22.767,18.213,23.972,21.379,18.971,18.863
40.074,32.755,30.048,22.767,18.213,23.972,21.379,18.971,18.863,18.103
32.755,30.048,22.767,18.213,23.972,21.379,18.971,18.863,18.103,21.487
30.048,22.767,18.213,23.972,21.379,18.971,18.863,18.103,21.487,22.609
22.767,18.213,23.972,21.379,18.971,18.863,18.103,21.487,22.609,21.055
18.213,23.972,21.379,18.971,18.863,18.103,21.487,22.609,21.055,24.052
23.972,21.379,18.971,18.863,18.103,21.487,22.609,21.055,24.052,25.462
21.379,18.971,18.863,18.103,21.487,22.609,21.055,24.052,25.462,27.864
18.971,18.863,18.103,21.487,22.609,21.055,24.052,25.462,27.864,29.559
18.863,18.103,21.487,22.609,21.055,24.052,25.462,27.864,29.559,25.085
18.103,21.487,22.609,21.055,24.052,25.462,27.864,29.559,25.085,22.348
21.487,22.609,21.055,24.052,25.462,27.864,29.559,25.085,22.348,22.461
22.609,21.055,24.052,25.462,27.864,29.559,25.085,22.348,22.461,19.609
21.055,24.052,25.462,27.864,29.559,25.085,22.348,22.461,19.609,17.854
24.052,25.462,27.864,29.559,25.085,22.348,22.461,19.609,17.854,18.966
25.462,27.864,29.559,25.085,22.348,22.461,19.609,17.854,18.966,19.214
27.864,29.559,25.085,22.348,22.461,19.609,17.854,18.966,19.214,24.679
29.559,25.085,22.348,22.461,19.609,17.854,18.966,19.214,24.679,35.559
25.085,22.348,22.461,19.609,17.854,18.966,19.214,24.679,35.559,29.724
22.348,22.461,19.609,17.854,18.966,19.214,24.679,35.559,29.724,28.702
22.461,19.609,17.854,18.966,19.214,24.679,35.559,29.724,28.702,24.567
19.609,17.854,18.966,19.214,24.679,35.559,29.724,28.702,24.567,24.448
17.854,18.966,19.214,24.679,35.559,29.724,28.702,24.567,24.448,22.075
18.966,19.214,24.679,35.559,29.724,28.702,24.567,24.448,22.075,21.779
19.214,24.679,35.559,29.724,28.702,24.567,24.448,22.075,21.779,23.174
24.679,35.559,29.724,28.702,24.567,24.448,22.075,21.779,23.174,21.74
35.559,29.724,28.702,24.567,24.448,22.075,21.779,23.174,21.74,25.58
29.724,28.702,24.567,24.448,22.075,21.779,23.174,21.74,25.58,25.402
28.702,24.567,24.448,22.075,21.779,23.174,21.74,25.58,25.402,25.29
24.567,24.448,22.075,21.779,23.174,21.74,25.58,25.402,25.29,27.368
24.448,22.075,21.779,23.174,21.74,25.58,25.402,25.29,27.368,28.459
22.075,21.779,23.174,21.74,25.58,25.402,25.29,27.368,28.459,31.528
21.779,23.174,21.74,25.58,25.402,25.29,27.368,28.459,31.528,32.36
23.174,21.74,25.58,25.402,25.29,27.368,28.459,31.528,32.36,34.79
21.74,25.58,25.402,25.29,27.368,28.459,31.528,32.36,34.79,36.532
25.58,25.402,25.29,27.368,28.459,31.528,32.36,34.79,36.532,40.427
25.402,25.29,27.368,28.459,31.528,32.36,34.79,36.532,40.427,78.088
25.29,27.368,28.459,31.528,32.36,34.79,36.532,40.427,78.088,78.687
27.368,28.459,31.528,32.36,34.79,36.532,40.427,78.088,78.687,104.74
28.459,31.528,32.36,34.79,36.532,40.427,78.088,78.687,104.74,96.355
31.528,32.36,34.79,36.532,40.427,78.088,78.687,104.74,96.355,91.05
32.36,34.79,36.532,40.427,78.088,78.687,104.74,96.355,91.05,80.597
34.79,36.532,40.427,78.088,78.687,104.74,96.355,91.05,80.597,68.737
36.532,40.427,78.088,78.687,104.74,96.355,91.05,80.597,68.737,85.855
40.427,78.088,78.687,104.74,96.355,91.05,80.597,68.737,85.855,104.349
78.088,78.687,104.74,96.355,91.05,80.597,68.737,85.855,104.349,116.632
78.687,104.74,96.355,91.05,80.597,68.737,85.855,104.349,116.632,96.924
104.74,96.355,91.05,80.597,68.737,85.855,104.349,116.632,96.924,86.594
96.355,91.05,80.597,68.737,85.855,104.349,116.632,96.924,86.594,76.966
91.05,80.597,68.737,85.855,104.349,116.632,96.924,86.594,76.966,71.652
80.597,68.737,85.855,104.349,116.632,96.924,86.594,76.966,71.652,79.229
68.737,85.855,104.349,116.632,96.924,86.594,76.966,71.652,79.229,99.044
85.855,104.349,116.632,96.924,86.594,76.966,71.652,79.229,99.044,135.177
104.349,116.632,96.924,86.594,76.966,71.652,79.229,99.044,135.177,148.23
116.632,96.924,86.594,76.966,71.652,79.229,99.044,135.177,148.23,132.486
96.924,86.594,76.966,71.652,79.229,99.044,135.177,148.23,132.486,113.959
86.594,76.966,71.652,79.229,99.044,135.177,148.23,132.486,113.959,103.834
76.966,71.652,79.229,99.044,135.177,148.23,132.486,113.959,103.834,97.405
71.652,79.229,99.044,135.177,148.23,132.486,113.959,103.834,97.405,83.733
79.229,99.044,135.177,148.23,132.486,113.959,103.834,97.405,83.733,78.194
99.044,135.177,148.23,132.486,113.959,103.834,97.405,83.733,78.194,117.381
135.177,148.23,132.486,113.959,103.834,97.405,83.733,78.194,117.381,137.71
148.23,132.486,113.959,103.834,97.405,83.733,78.194,117.381,137.71,120.983
132.486,113.959,103.834,97.405,83.733,78.194,117.381,137.71,120.983,109.711
113.959,103.834,97.405,83.733,78.194,117.381,137.71,120.983,109.711,120.019
103.834,97.405,83.733,78.194,117.381,137.71,120.983,109.711,120.019,103.874
97.405,83.733,78.194,117.381,137.71,120.983,109.711,120.019,103.874,98.5
83.733,78.194,117.381,137.71,120.983,109.711,120.019,103.874,98.5,86.324
78.194,117.381,137.71,120.983,109.711,120.019,103.874,98.5,86.324,89.59
117.381,137.71,120.983,109.711,120.019,103.874,98.5,86.324,89.59,86.912
137.71,120.983,109.711,120.019,103.874,98.5,86.324,89.59,86.912,82.504
120.983,109.711,120.019,103.874,98.5,86.324,89.59,86.912,82.504,100.671
109.711,120.019,103.874,98.5,86.324,89.59,86.912,82.504,100.671,113.674
120.019,103.874,98.5,86.324,89.59,86.912,82.504,100.671,113.674,106.494
103.874,98.5,86.324,89.59,86.912,82.504,100.671,113.674,106.494,99.786
98.5,86.324,89.59,86.912,82.504,100.671,113.674,106.494,99.786,89.737
86.324,89.59,86.912,82.504,100.671,113.674,106.494,99.786,89.737,86.42
89.59,86.912,82.504,100.671,113.674,106.494,99.786,89.737,86.42,73.735
86.912,82.504,100.671,113.674,106.494,99.786,89.737,86.42,73.735,69.02
82.504,100.671,113.674,106.494,99.786,89.737,86.42,73.735,69.02,63.904
100.671,113.674,106.494,99.786,89.737,86.42,73.735,69.02,63.904,57.171
113.674,106.494,99.786,89.737,86.42,73.735,69.02,63.904,57.171,46.391
106.494,99.786,89.737,86.42,73.735,69.02,63.904,57.171,46.391,35.851
99.786,89.737,86.42,73.735,69.02,63.904,57.171,46.391,35.851,37.2
89.737,86.42,73.735,69.02,63.904,57.171,46.391,35.851,37.2,39.022
86.42,73.735,69.02,63.904,57.171,46.391,35.851,37.2,39.022,46
73.735,69.02,63.904,57.171,46.391,35.851,37.2,39.022,46,41.811
69.02,63.904,57.171,46.391,35.851,37.2,39.022,46,41.811,40.714
63.904,57.171,46.391,35.851,37.2,39.022,46,41.811,40.714,43.913
57.171,46.391,35.851,37.2,39.022,46,41.811,40.714,43.913,43.443
46.391,35.851,37.2,39.022,46,41.811,40.714,43.913,43.443,46.428
35.851,37.2,39.022,46,41.811,40.714,43.913,43.443,46.428,47.898
37.2,39.022,46,41.811,40.714,43.913,43.443,46.428,47.898,45.133
39.022,46,41.811,40.714,43.913,43.443,46.428,47.898,45.133,44.715
46,41.811,40.714,43.913,43.443,46.428,47.898,45.133,44.715,72.158
41.811,40.714,43.913,43.443,46.428,47.898,45.133,44.715,72.158,70.774
40.714,43.913,43.443,46.428,47.898,45.133,44.715,72.158,70.774,64.777
43.913,43.443,46.428,47.898,45.133,44.715,72.158,70.774,64.777,57.623
43.443,46.428,47.898,45.133,44.715,72.158,70.774,64.777,57.623,51.4
46.428,47.898,45.133,44.715,72.158,70.774,64.777,57.623,51.4,45.817
47.898,45.133,44.715,72.158,70.774,64.777,57.623,51.4,45.817,52.231
45.133,44.715,72.158,70.774,64.777,57.623,51.4,45.817,52.231,244.59
44.715,72.158,70.774,64.777,57.623,51.4,45.817,52.231,244.59,270.976
72.158,70.774,64.777,57.623,51.4,45.817,52.231,244.59,270.976,184.919
70.774,64.777,57.623,51.4,45.817,52.231,244.59,270.976,184.919,244.545
64.777,57.623,51.4,45.817,52.231,244.59,270.976,184.919,244.545,322.368
57.623,51.4,45.817,52.231,244.59,270.976,184.919,244.545,322.368,265.763
51.4,45.817,52.231,244.59,270.976,184.919,244.545,322.368,265.763,218.785
45.817,52.231,244.59,270.976,184.919,244.545,322.368,265.763,218.785,170.815
52.231,244.59,270.976,184.919,244.545,322.368,265.763,218.785,170.815,131.503
244.59,270.976,184.919,244.545,322.368,265.763,218.785,170.815,131.503,106.341
270.976,184.919,244.545,322.368,265.763,218.785,170.815,131.503,106.341,91.12
184.919,244.545,322.368,265.763,218.785,170.815,131.503,106.341,91.12,80.821
244.545,322.368,265.763,218.785,170.815,131.503,106.341,91.12,80.821,70.75
322.368,265.763,218.785,170.815,131.503,106.341,91.12,80.821,70.75,64.389
265.763,218.785,170.815,131.503,106.341,91.12,80.821,70.75,64.389,65.947
218.785,170.815,131.503,106.341,91.12,80.821,70.75,64.389,65.947,67.421
170.815,131.503,106.341,91.12,80.821,70.75,64.389,65.947,67.421,63.326
131.503,106.341,91.12,80.821,70.75,64.389,65.947,67.421,63.326,59.179
106.341,91.12,80.821,70.75,64.389,65.947,67.421,63.326,59.179,54.575
91.12,80.821,70.75,64.389,65.947,67.421,63.326,59.179,54.575,55.242
80.821,70.75,64.389,65.947,67.421,63.326,59.179,54.575,55.242,51.246
70.75,64.389,65.947,67.421,63.326,59.179,54.575,55.242,51.246,50.268
64.389,65.947,67.421,63.326,59.179,54.575,55.242,51.246,50.268,47.581
65.947,67.421,63.326,59.179,54.575,55.242,51.246,50.268,47.581,45.029
67.421,63.326,59.179,54.575,55.242,51.246,50.268,47.581,45.029,45.852
63.326,59.179,54.575,55.242,51.246,50.268,47.581,45.029,45.852,46.437
59.179,54.575,55.242,51.246,50.268,47.581,45.029,45.852,46.437,45.383
54.575,55.242,51.246,50.268,47.581,45.029,45.852,46.437,45.383,43.73
55.242,51.246,50.268,47.581,45.029,45.852,46.437,45.383,43.73,45.218
51.246,50.268,47.581,45.029,45.852,46.437,45.383,43.73,45.218,88.877
50.268,47.581,45.029,45.852,46.437,45.383,43.73,45.218,88.877,93.04
47.581,45.029,45.852,46.437,45.383,43.73,45.218,88.877,93.04,72.714
45.029,45.852,46.437,45.383,43.73,45.218,88.877,93.04,72.714,61.133
45.852,46.437,45.383,43.73,45.218,88.877,93.04,72.714,61.133,53.11
46.437,45.383,43.73,45.218,88.877,93.04,72.714,61.133,53.11,43.279
45.383,43.73,45.218,88.877,93.04,72.714,61.133,53.11,43.279,41.669
43.73,45.218,88.877,93.04,72.714,61.133,53.11,43.279,41.669,40.782
45.218,88.877,93.04,72.714,61.133,53.11,43.279,41.669,40.782,38.036
88.877,93.04,72.714,61.133,53.11,43.279,41.669,40.782,38.036,36.737
93.04,72.714,61.133,53.11,43.279,41.669,40.782,38.036,36.737,35.028
72.714,61.133,53.11,43.279,41.669,40.782,38.036,36.737,35.028,34.535
61.133,53.11,43.279,41.669,40.782,38.036,36.737,35.028,34.535,34.058
53.11,43.279,41.669,40.782,38.036,36.737,35.028,34.535,34.058,32.297
43.279,41.669,40.782,38.036,36.737,35.028,34.535,34.058,32.297,29.625
41.669,40.782,38.036,36.737,35.028,34.535,34.058,32.297,29.625,28.71
40.782,38.036,36.737,35.028,34.535,34.058,32.297,29.625,28.71,23.913
38.036,36.737,35.028,34.535,34.058,32.297,29.625,28.71,23.913,23.945
36.737,35.028,34.535,34.058,32.297,29.625,28.71,23.913,23.945,24.41
35.028,34.535,34.058,32.297,29.625,28.71,23.913,23.945,24.41,26.44
34.535,34.058,32.297,29.625,28.71,23.913,23.945,24.41,26.44,26.486
34.058,32.297,29.625,28.71,23.913,23.945,24.41,26.44,26.486,22.369
32.297,29.625,28.71,23.913,23.945,24.41,26.44,26.486,22.369,22.683
29.625,28.71,23.913,23.945,24.41,26.44,26.486,22.369,22.683,25.33
28.71,23.913,23.945,24.41,26.44,26.486,22.369,22.683,25.33,25.147
23.913,23.945,24.41,26.44,26.486,22.369,22.683,25.33,25.147,24.161
23.945,24.41,26.44,26.486,22.369,22.683,25.33,25.147,24.161,24.313
24.41,26.44,26.486,22.369,22.683,25.33,25.147,24.161,24.313,24.062
26.44,26.486,22.369,22.683,25.33,25.147,24.161,24.313,24.062,22.757
26.486,22.369,22.683,25.33,25.147,24.161,24.313,24.062,22.757,23.842
22.369,22.683,25.33,25.147,24.161,24.313,24.062,22.757,23.842,22.554
22.683,25.33,25.147,24.161,24.313,24.062,22.757,23.842,22.554,25.116
25.33,25.147,24.161,24.313,24.062,22.757,23.842,22.554,25.116,28.364
25.147,24.161,24.313,24.062,22.757,23.842,22.554,25.116,28.364,33.126
24.161,24.313,24.062,22.757,23.842,22.554,25.116,28.364,33.126,43.862
24.313,24.062,22.757,23.842,22.554,25.116,28.364,33.126,43.862,57.467
24.062,22.757,23.842,22.554,25.116,28.364,33.126,43.862,57.467,50.995
22.757,23.842,22.554,25.116,28.364,33.126,43.862,57.467,50.995,49.277
23.842,22.554,25.116,28.364,33.126,43.862,57.467,50.995,49.277,43.012
22.554,25.116,28.364,33.126,43.862,57.467,50.995,49.277,43.012,43.4
25.116,28.364,33.126,43.862,57.467,50.995,49.277,43.012,43.4,41.477
28.364,33.126,43.862,57.467,50.995,49.277,43.012,43.4,41.477,46.924
33.126,43.862,57.467,50.995,49.277,43.012,43.4,41.477,46.924,59.095
43.862,57.467,50.995,49.277,43.012,43.4,41.477,46.924,59.095,70.81
57.467,50.995,49.277,43.012,43.4,41.477,46.924,59.095,70.81,69.655
50.995,49.277,43.012,43.4,41.477,46.924,59.095,70.81,69.655,61.599
49.277,43.012,43.4,41.477,46.924,59.095,70.81,69.655,61.599,65.051
43.012,43.4,41.477,46.924,59.095,70.81,69.655,61.599,65.051,64.198
43.4,41.477,46.924,59.095,70.81,69.655,61.599,65.051,64.198,60.84
41.477,46.924,59.095,70.81,69.655,61.599,65.051,64.198,60.84,55.305
46.924,59.095,70.81,69.655,61.599,65.051,64.198,60.84,55.305,51.534
59.095,70.81,69.655,61.599,65.051,64.198,60.84,55.305,51.534,49.92
70.81,69.655,61.599,65.051,64.198,60.84,55.305,51.534,49.92,46.042
69.655,61.599,65.051,64.198,60.84,55.305,51.534,49.92,46.042,39.082
61.599,65.051,64.198,60.84,55.305,51.534,49.92,46.042,39.082,36.079
65.051,64.198,60.84,55.305,51.534,49.92,46.042,39.082,36.079,35.975
64.198,60.84,55.305,51.534,49.92,46.042,39.082,36.079,35.975,33.025
60.84,55.305,51.534,49.92,46.042,39.082,36.079,35.975,33.025,32.436
55.305,51.534,49.92,46.042,39.082,36.079,35.975,33.025,32.436,33.238
51.534,49.92,46.042,39.082,36.079,35.975,33.025,32.436,33.238,35.984
49.92,46.042,39.082,36.079,35.975,33.025,32.436,33.238,35.984,34.789
46.042,39.082,36.079,35.975,33.025,32.436,33.238,35.984,34.789,34.58
39.082,36.079,35.975,33.025,32.436,33.238,35.984,34.789,34.58,34.776
36.079,35.975,33.025,32.436,33.238,35.984,34.789,34.58,34.776,34.16
35.975,33.025,32.436,33.238,35.984,34.789,34.58,34.776,34.16,34.538
33.025,32.436,33.238,35.984,34.789,34.58,34.776,34.16,34.538,40.858
32.436,33.238,35.984,34.789,34.58,34.776,34.16,34.538,40.858,35.257
33.238,35.984,34.789,34.58,34.776,34.16,34.538,40.858,35.257,35.065
35.984,34.789,34.58,34.776,34.16,34.538,40.858,35.257,35.065,33.993
34.789,34.58,34.776,34.16,34.538,40.858,35.257,35.065,33.993,33.732
34.58,34.776,34.16,34.538,40.858,35.257,35.065,33.993,33.732,30.223
34.776,34.16,34.538,40.858,35.257,35.065,33.993,33.732,30.223,28.632
34.16,34.538,40.858,35.257,35.065,33.993,33.732,30.223,28.632,31.35
34.538,40.858,35.257,35.065,33.993,33.732,30.223,28.632,31.35,28.839
40.858,35.257,35.065,33.993,33.732,30.223,28.632,31.35,28.839,29.802
35.257,35.065,33.993,33.732,30.223,28.632,31.35,28.839,29.802,30.268
35.065,33.993,33.732,30.223,28.632,31.35,28.839,29.802,30.268,27.171
33.993,33.732,30.223,28.632,31.35,28.839,29.802,30.268,27.171,25.921
33.732,30.223,28.632,31.35,28.839,29.802,30.268,27.171,25.921,24.496
30.223,28.632,31.35,28.839,29.802,30.268,27.171,25.921,24.496,24.606
28.632,31.35,28.839,29.802,30.268,27.171,25.921,24.496,24.606,25.947
31.35,28.839,29.802,30.268,27.171,25.921,24.496,24.606,25.947,32.359
28.839,29.802,30.268,27.171,25.921,24.496,24.606,25.947,32.359,39.95
29.802,30.268,27.171,25.921,24.496,24.606,25.947,32.359,39.95,34.348
30.268,27.171,25.921,24.496,24.606,25.947,32.359,39.95,34.348,29.781
27.171,25.921,24.496,24.606,25.947,32.359,39.95,34.348,29.781,27.208
25.921,24.496,24.606,25.947,32.359,39.95,34.348,29.781,27.208,24.298
24.496,24.606,25.947,32.359,39.95,34.348,29.781,27.208,24.298,24.252
24.606,25.947,32.359,39.95,34.348,29.781,27.208,24.298,24.252,23.98
25.947,32.359,39.95,34.348,29.781,27.208,24.298,24.252,23.98,24.159
32.359,39.95,34.348,29.781,27.208,24.298,24.252,23.98,24.159,23.006
39.95,34.348,29.781,27.208,24.298,24.252,23.98,24.159,23.006,21.949
34.348,29.781,27.208,24.298,24.252,23.98,24.159,23.006,21.949,20.438
29.781,27.208,24.298,24.252,23.98,24.159,23.006,21.949,20.438,19.024
27.208,24.298,24.252,23.98,24.159,23.006,21.949,20.438,19.024,17.756
24.298,24.252,23.98,24.159,23.006,21.949,20.438,19.024,17.756,17.67
24.252,23.98,24.159,23.006,21.949,20.438,19.024,17.756,17.67,17.86
23.98,24.159,23.006,21.949,20.438,19.024,17.756,17.67,17.86,16.433
24.159,23.006,21.949,20.438,19.024,17.756,17.67,17.86,16.433,15.586
23.006,21.949,20.438,19.024,17.756,17.67,17.86,16.433,15.586,14.595
21.949,20.438,19.024,17.756,17.67,17.86,16.433,15.586,14.595,15.635
20.438,19.024,17.756,17.67,17.86,16.433,15.586,14.595,15.635,18.564
19.024,17.756,17.67,17.86,16.433,15.586,14.595,15.635,18.564,21.115
17.756,17.67,17.86,16.433,15.586,14.595,15.635,18.564,21.115,18.561
17.67,17.86,16.433,15.586,14.595,15.635,18.564,21.115,18.561,17.539
17.86,16.433,15.586,14.595,15.635,18.564,21.115,18.561,17.539,19.946
16.433,15.586,14.595,15.635,18.564,21.115,18.561,17.539,19.946,16.483
15.586,14.595,15.635,18.564,21.115,18.561,17.539,19.946,16.483,15.434
14.595,15.635,18.564,21.115,18.561,17.539,19.946,16.483,15.434,15.185
15.635,18.564,21.115,18.561,17.539,19.946,16.483,15.434,15.185,13.949
18.564,21.115,18.561,17.539,19.946,16.483,15.434,15.185,13.949,15.202
21.115,18.561,17.539,19.946,16.483,15.434,15.185,13.949,15.202,19.645
18.561,17.539,19.946,16.483,15.434,15.185,13.949,15.202,19.645,24.764
17.539,19.946,16.483,15.434,15.185,13.949,15.202,19.645,24.764,19.278
19.946,16.483,15.434,15.185,13.949,15.202,19.645,24.764,19.278,17.09
16.483,15.434,15.185,13.949,15.202,19.645,24.764,19.278,17.09,15.348
15.434,15.185,13.949,15.202,19.645,24.764,19.278,17.09,15.348,15.503
15.185,13.949,15.202,19.645,24.764,19.278,17.09,15.348,15.503,15.296
13.949,15.202,19.645,24.764,19.278,17.09,15.348,15.503,15.296,23.254
15.202,19.645,24.764,19.278,17.09,15.348,15.503,15.296,23.254,21.664
19.645,24.764,19.278,17.09,15.348,15.503,15.296,23.254,21.664,16.204
24.764,19.278,17.09,15.348,15.503,15.296,23.254,21.664,16.204,18.059
19.278,17.09,15.348,15.503,15.296,23.254,21.664,16.204,18.059,16.271
17.09,15.348,15.503,15.296,23.254,21.664,16.204,18.059,16.271,20.451
15.348,15.503,15.296,23.254,21.664,16.204,18.059,16.271,20.451,16.354
15.503,15.296,23.254,21.664,16.204,18.059,16.271,20.451,16.354,12.022
15.296,23.254,21.664,16.204,18.059,16.271,20.451,16.354,12.022,9.282
23.254,21.664,16.204,18.059,16.271,20.451,16.354,12.022,9.282,10.851
21.664,16.204,18.059,16.271,20.451,16.354,12.022,9.282,10.851,9.395
16.204,18.059,16.271,20.451,16.354,12.022,9.282,10.851,9.395,13.588
18.059,16.271,20.451,16.354,12.022,9.282,10.851,9.395,13.588,10.867
16.271,20.451,16.354,12.022,9.282,10.851,9.395,13.588,10.867,10.869
20.451,16.354,12.022,9.282,10.851,9.395,13.588,10.867,10.869,7.959
16.354,12.022,9.282,10.851,9.395,13.588,10.867,10.869,7.959,10.874
12.022,9.282,10.851,9.395,13.588,10.867,10.869,7.959,10.874,8.177
9.282,10.851,9.395,13.588,10.867,10.869,7.959,10.874,8.177,13.543
10.851,9.395,13.588,10.867,10.869,7.959,10.874,8.177,13.543,13.379
9.395,13.588,10.867,10.869,7.959,10.874,8.177,13.543,13.379,13.579
13.588,10.867,10.869,7.959,10.874,8.177,13.543,13.379,13.579,9.393
10.867,10.869,7.959,10.874,8.177,13.543,13.379,13.579,9.393,9.468
10.869,7.959,10.874,8.177,13.543,13.379,13.579,9.393,9.468,7.26
7.959,10.874,8.177,13.543,13.379,13.579,9.393,9.468,7.26,10.106
10.874,8.177,13.543,13.379,13.579,9.393,9.468,7.26,10.106,10.515
8.177,13.543,13.379,13.579,9.393,9.468,7.26,10.106,10.515,9.686
13.543,13.379,13.579,9.393,9.468,7.26,10.106,10.515,9.686,10.108
13.379,13.579,9.393,9.468,7.26,10.106,10.515,9.686,10.108,8.641
13.579,9.393,9.468,7.26,10.106,10.515,9.686,10.108,8.641,10.073
9.393,9.468,7.26,10.106,10.515,9.686,10.108,8.641,10.073,8.911
9.468,7.26,10.106,10.515,9.686,10.108,8.641,10.073,8.911,8.343
7.26,10.106,10.515,9.686,10.108,8.641,10.073,8.911,8.343,8.548
10.106,10.515,9.686,10.108,8.641,10.073,8.911,8.343,8.548,6.901
10.515,9.686,10.108,8.641,10.073,8.911,8.343,8.548,6.901,7.771
9.686,10.108,8.641,10.073,8.911,8.343,8.548,6.901,7.771,7.545
10.108,8.641,10.073,8.911,8.343,8.548,6.901,7.771,7.545,7.763
8.641,10.073,8.911,8.343,8.548,6.901,7.771,7.545,7.763,12.942
10.073,8.911,8.343,8.548,6.901,7.771,7.545,7.763,12.942,13.149
8.911,8.343,8.548,6.901,7.771,7.545,7.763,12.942,13.149,13.15
8.343,8.548,6.901,7.771,7.545,7.763,12.942,13.149,13.15,10.239
8.548,6.901,7.771,7.545,7.763,12.942,13.149,13.15,10.239,11.705
6.901,7.771,7.545,7.763,12.942,13.149,13.15,10.239,11.705,11.907
7.771,7.545,7.763,12.942,13.149,13.15,10.239,11.705,11.907,10.237
7.545,7.763,12.942,13.149,13.15,10.239,11.705,11.907,10.237,9
7.763,12.942,13.149,13.15,10.239,11.705,11.907,10.237,9,10.515
12.942,13.149,13.15,10.239,11.705,11.907,10.237,9,10.515,9
13.149,13.15,10.239,11.705,11.907,10.237,9,10.515,9,9
13.15,10.239,11.705,11.907,10.237,9,10.515,9,9,7.545
10.239,11.705,11.907,10.237,9,10.515,9,9,7.545,9
11.705,11.907,10.237,9,10.515,9,9,7.545,9,6.309
11.907,10.237,9,10.515,9,9,7.545,9,6.309,7.546
10.237,9,10.515,9,9,7.545,9,6.309,7.546,7.975
9,10.515,9,9,7.545,9,6.309,7.546,7.975,8.642
10.515,9,9,7.545,9,6.309,7.546,7.975,8.642,8.96
9,9,7.545,9,6.309,7.546,7.975,8.642,8.96,8.261
9,7.545,9,6.309,7.546,7.975,8.642,8.96,8.261,6.836
7.545,9,6.309,7.546,7.975,8.642,8.96,8.261,6.836,8.027
9,6.309,7.546,7.975,8.642,8.96,8.261,6.836,8.027,11.888
6.309,7.546,7.975,8.642,8.96,8.261,6.836,8.027,11.888,7.544
7.546,7.975,8.642,8.96,8.261,6.836,8.027,11.888,7.544,10.456
7.975,8.642,8.96,8.261,6.836,8.027,11.888,7.544,10.456,9
8.642,8.96,8.261,6.836,8.027,11.888,7.544,10.456,9,9
8.96,8.261,6.836,8.027,11.888,7.544,10.456,9,9,9.001
8.261,6.836,8.027,11.888,7.544,10.456,9,9,9.001,9
6.836,8.027,11.888,7.544,10.456,9,9,9.001,9,10.456
8.027,11.888,7.544,10.456,9,9,9.001,9,10.456,10.238
11.888,7.544,10.456,9,9,9.001,9,10.456,10.238,9
7.544,10.456,9,9,9.001,9,10.456,10.238,9,7.761
10.456,9,9,9.001,9,10.456,10.238,9,7.761,7.544
9,9,9.001,9,10.456,10.238,9,7.761,7.544,6.293
9,9.001,9,10.456,10.238,9,7.761,7.544,6.293,4.853
9.001,9,10.456,10.238,9,7.761,7.544,6.293,4.853,7.012
9,10.456,10.238,9,7.761,7.544,6.293,4.853,7.012,5.858
10.456,10.238,9,7.761,7.544,6.293,4.853,7.012,5.858,5.658
10.238,9,7.761,7.544,6.293,4.853,7.012,5.858,5.658,5.797
9,7.761,7.544,6.293,4.853,7.012,5.858,5.658,5.797,5.845
7.761,7.544,6.293,4.853,7.012,5.858,5.658,5.797,5.845,5.869
7.544,6.293,4.853,7.012,5.858,5.658,5.797,5.845,5.869,5.659
6.293,4.853,7.012,5.858,5.658,5.797,5.845,5.869,5.659,5.671
4.853,7.012,5.858,5.658,5.797,5.845,5.869,5.659,5.671,6.607
7.012,5.858,5.658,5.797,5.845,5.869,5.659,5.671,6.607,7.205
5.858,5.658,5.797,5.845,5.869,5.659,5.671,6.607,7.205,4.964
5.658,5.797,5.845,5.869,5.659,5.671,6.607,7.205,4.964,5.096
5.797,5.845,5.869,5.659,5.671,6.607,7.205,4.964,5.096,4.869
5.845,5.869,5.659,5.671,6.607,7.205,4.964,5.096,4.869,6.326
5.869,5.659,5.671,6.607,7.205,4.964,5.096,4.869,6.326,6.32
5.659,5.671,6.607,7.205,4.964,5.096,4.869,6.326,6.32,6.331
5.671,6.607,7.205,4.964,5.096,4.869,6.326,6.32,6.331,4.89
6.607,7.205,4.964,5.096,4.869,6.326,6.32,6.331,4.89,2.658
7.205,4.964,5.096,4.869,6.326,6.32,6.331,4.89,2.658,3.503
4.964,5.096,4.869,6.326,6.32,6.331,4.89,2.658,3.503,2.088
5.096,4.869,6.326,6.32,6.331,4.89,2.658,3.503,2.088,4.861
4.869,6.326,6.32,6.331,4.89,2.658,3.503,2.088,4.861,4.159
6.326,6.32,6.331,4.89,2.658,3.503,2.088,4.861,4.159,4.41
6.32,6.331,4.89,2.658,3.503,2.088,4.861,4.159,4.41,5.569
6.331,4.89,2.658,3.503,2.088,4.861,4.159,4.41,5.569,4.526
4.89,2.658,3.503,2.088,4.861,4.159,4.41,5.569,4.526,6.856
2.658,3.503,2.088,4.861,4.159,4.41,5.569,4.526,6.856,5.462
3.503,2.088,4.861,4.159,4.41,5.569,4.526,6.856,5.462,5.119
2.088,4.861,4.159,4.41,5.569,4.526,6.856,5.462,5.119,6.02
4.861,4.159,4.41,5.569,4.526,6.856,5.462,5.119,6.02,4.673
4.159,4.41,5.569,4.526,6.856,5.462,5.119,6.02,4.673,6.367
4.41,5.569,4.526,6.856,5.462,5.119,6.02,4.673,6.367,6.281
5.569,4.526,6.856,5.462,5.119,6.02,4.673,6.367,6.281,6.299
4.526,6.856,5.462,5.119,6.02,4.673,6.367,6.281,6.299,7.705
6.856,5.462,5.119,6.02,4.673,6.367,6.281,6.299,7.705,6.502
5.462,5.119,6.02,4.673,6.367,6.281,6.299,7.705,6.502,7.499
5.119,6.02,4.673,6.367,6.281,6.299,7.705,6.502,7.499,7.71
6.02,4.673,6.367,6.281,6.299,7.705,6.502,7.499,7.71,9.097
4.673,6.367,6.281,6.299,7.705,6.502,7.499,7.71,9.097,12.902
6.367,6.281,6.299,7.705,6.502,7.499,7.71,9.097,12.902,13.868
6.281,6.299,7.705,6.502,7.499,7.71,9.097,12.902,13.868,9.899
6.299,7.705,6.502,7.499,7.71,9.097,12.902,13.868,9.899,7.098
7.705,6.502,7.499,7.71,9.097,12.902,13.868,9.899,7.098,7.307
6.502,7.499,7.71,9.097,12.902,13.868,9.899,7.098,7.307,7.312
7.499,7.71,9.097,12.902,13.868,9.899,7.098,7.307,7.312,6.111
7.71,9.097,12.902,13.868,9.899,7.098,7.307,7.312,6.111,7.102
9.097,12.902,13.868,9.899,7.098,7.307,7.312,6.111,7.102,7.317
12.902,13.868,9.899,7.098,7.307,7.312,6.111,7.102,7.317,6.119
13.868,9.899,7.098,7.307,7.312,6.111,7.102,7.317,6.119,5.928
9.899,7.098,7.307,7.312,6.111,7.102,7.317,6.119,5.928,6.322
7.098,7.307,7.312,6.111,7.102,7.317,6.119,5.928,6.322,6.906
7.307,7.312,6.111,7.102,7.317,6.119,5.928,6.322,6.906,6.133
7.312,6.111,7.102,7.317,6.119,5.928,6.322,6.906,6.133,7.313
6.111,7.102,7.317,6.119,5.928,6.322,6.906,6.133,7.313,5.943
7.102,7.317,6.119,5.928,6.322,6.906,6.133,7.313,5.943,7.322
7.317,6.119,5.928,6.322,6.906,6.133,7.313,5.943,7.322,5.95
6.119,5.928,6.322,6.906,6.133,7.313,5.943,7.322,5.95,7.338
5.928,6.322,6.906,6.133,7.313,5.943,7.322,5.95,7.338,7.752
6.322,6.906,6.133,7.313,5.943,7.322,5.95,7.338,7.752,9.019
6.906,6.133,7.313,5.943,7.322,5.95,7.338,7.752,9.019,8.717
6.133,7.313,5.943,7.322,5.95,7.338,7.752,9.019,8.717,7.343
7.313,5.943,7.322,5.95,7.338,7.752,9.019,8.717,7.343,8.519
5.943,7.322,5.95,7.338,7.752,9.019,8.717,7.343,8.519,7.332
7.322,5.95,7.338,7.752,9.019,8.717,7.343,8.519,7.332,8.532
5.95,7.338,7.752,9.019,8.717,7.343,8.519,7.332,8.532,13.833
7.338,7.752,9.019,8.717,7.343,8.519,7.332,8.532,13.833,25.479
7.752,9.019,8.717,7.343,8.519,7.332,8.532,13.833,25.479,21.216
9.019,8.717,7.343,8.519,7.332,8.532,13.833,25.479,21.216,15.64
8.717,7.343,8.519,7.332,8.532,13.833,25.479,21.216,15.64,15.872
7.343,8.519,7.332,8.532,13.833,25.479,21.216,15.64,15.872,11.774
8.519,7.332,8.532,13.833,25.479,21.216,15.64,15.872,11.774,11.696
7.332,8.532,13.833,25.479,21.216,15.64,15.872,11.774,11.696,11.126
8.532,13.833,25.479,21.216,15.64,15.872,11.774,11.696,11.126,10.95
13.833,25.479,21.216,15.64,15.872,11.774,11.696,11.126,10.95,11.063
25.479,21.216,15.64,15.872,11.774,11.696,11.126,10.95,11.063,8.659
21.216,15.64,15.872,11.774,11.696,11.126,10.95,11.063,8.659,6.164
15.64,15.872,11.774,11.696,11.126,10.95,11.063,8.659,6.164,8.814
15.872,11.774,11.696,11.126,10.95,11.063,8.659,6.164,8.814,10.154
11.774,11.696,11.126,10.95,11.063,8.659,6.164,8.814,10.154,12.118
11.696,11.126,10.95,11.063,8.659,6.164,8.814,10.154,12.118,10.8
11.126,10.95,11.063,8.659,6.164,8.814,10.154,12.118,10.8,10.8
10.95,11.063,8.659,6.164,8.814,10.154,12.118,10.8,10.8,10.8
11.063,8.659,6.164,8.814,10.154,12.118,10.8,10.8,10.8,10.8
8.659,6.164,8.814,10.154,12.118,10.8,10.8,10.8,10.8,10.8
6.164,8.814,10.154,12.118,10.8,10.8,10.8,10.8,10.8,11.856
8.814,10.154,12.118,10.8,10.8,10.8,10.8,10.8,11.856,10.7
10.154,12.118,10.8,10.8,10.8,10.8,10.8,11.856,10.7,9.632
12.118,10.8,10.8,10.8,10.8,10.8,11.856,10.7,9.632,8.682
10.8,10.8,10.8,10.8,10.8,11.856,10.7,9.632,8.682,6.9
10.8,10.8,10.8,10.8,11.856,10.7,9.632,8.682,6.9,6.9
10.8,10.8,10.8,11.856,10.7,9.632,8.682,6.9,6.9,7.565
10.8,10.8,11.856,10.7,9.632,8.682,6.9,6.9,7.565,7.567
10.8,11.856,10.7,9.632,8.682,6.9,6.9,7.565,7.567,7.556
11.856,10.7,9.632,8.682,6.9,6.9,7.565,7.567,7.556,6.257
10.7,9.632,8.682,6.9,6.9,7.565,7.567,7.556,6.257,8.873
9.632,8.682,6.9,6.9,7.565,7.567,7.556,6.257,8.873,7.573
8.682,6.9,6.9,7.565,7.567,7.556,6.257,8.873,7.573,8.69
6.9,6.9,7.565,7.567,7.556,6.257,8.873,7.573,8.69,6.449
6.9,7.565,7.567,7.556,6.257,8.873,7.573,8.69,6.449,7.395
7.565,7.567,7.556,6.257,8.873,7.573,8.69,6.449,7.395,6.456
7.567,7.556,6.257,8.873,7.573,8.69,6.449,7.395,6.456,7.571
7.556,6.257,8.873,7.573,8.69,6.449,7.395,6.456,7.571,6.279
6.257,8.873,7.573,8.69,6.449,7.395,6.456,7.571,6.279,7.587
8.873,7.573,8.69,6.449,7.395,6.456,7.571,6.279,7.587,8.697
7.573,8.69,6.449,7.395,6.456,7.571,6.279,7.587,8.697,7.588
8.69,6.449,7.395,6.456,7.571,6.279,7.587,8.697,7.588,7.579
6.449,7.395,6.456,7.571,6.279,7.587,8.697,7.588,7.579,8.894
7.395,6.456,7.571,6.279,7.587,8.697,7.588,7.579,8.894,7.398
6.456,7.571,6.279,7.587,8.697,7.588,7.579,8.894,7.398,7.595
7.571,6.279,7.587,8.697,7.588,7.579,8.894,7.398,7.595,7.597
6.279,7.587,8.697,7.588,7.579,8.894,7.398,7.595,7.597,6.483
7.587,8.697,7.588,7.579,8.894,7.398,7.595,7.597,6.483,6.292
8.697,7.588,7.579,8.894,7.398,7.595,7.597,6.483,6.292,7.603
7.588,7.579,8.894,7.398,7.595,7.597,6.483,6.292,7.603,6.311
7.579,8.894,7.398,7.595,7.597,6.483,6.292,7.603,6.311,6.315
8.894,7.398,7.595,7.597,6.483,6.292,7.603,6.311,6.315,6.499
7.398,7.595,7.597,6.483,6.292,7.603,6.311,6.315,6.499,7.601
7.595,7.597,6.483,6.292,7.603,6.311,6.315,6.499,7.601,7.613
7.597,6.483,6.292,7.603,6.311,6.315,6.499,7.601,7.613,5.327
6.483,6.292,7.603,6.311,6.315,6.499,7.601,7.613,5.327,5.394
6.292,7.603,6.311,6.315,6.499,7.601,7.613,5.327,5.394,5.815
7.603,6.311,6.315,6.499,7.601,7.613,5.327,5.394,5.815,4.355
6.311,6.315,6.499,7.601,7.613,5.327,5.394,5.815,4.355,7.734
6.315,6.499,7.601,7.613,5.327,5.394,5.815,4.355,7.734,5.666
6.499,7.601,7.613,5.327,5.394,5.815,4.355,7.734,5.666,8.054
7.601,7.613,5.327,5.394,5.815,4.355,7.734,5.666,8.054,5.878
7.613,5.327,5.394,5.815,4.355,7.734,5.666,8.054,5.878,4.946
5.327,5.394,5.815,4.355,7.734,5.666,8.054,5.878,4.946,4.633
5.394,5.815,4.355,7.734,5.666,8.054,5.878,4.946,4.633,5.637
5.815,4.355,7.734,5.666,8.054,5.878,4.946,4.633,5.637,6.899
4.355,7.734,5.666,8.054,5.878,4.946,4.633,5.637,6.899,10.534
7.734,5.666,8.054,5.878,4.946,4.633,5.637,6.899,10.534,26.045
5.666,8.054,5.878,4.946,4.633,5.637,6.899,10.534,26.045,25.548
8.054,5.878,4.946,4.633,5.637,6.899,10.534,26.045,25.548,18.472
5.878,4.946,4.633,5.637,6.899,10.534,26.045,25.548,18.472,18.594
4.946,4.633,5.637,6.899,10.534,26.045,25.548,18.472,18.594,16.035
4.633,5.637,6.899,10.534,26.045,25.548,18.472,18.594,16.035,17.22
5.637,6.899,10.534,26.045,25.548,18.472,18.594,16.035,17.22,16.026
6.899,10.534,26.045,25.548,18.472,18.594,16.035,17.22,16.026,18.298
10.534,26.045,25.548,18.472,18.594,16.035,17.22,16.026,18.298,24.532
26.045,25.548,18.472,18.594,16.035,17.22,16.026,18.298,24.532,18.567
25.548,18.472,18.594,16.035,17.22,16.026,18.298,24.532,18.567,11.091
18.472,18.594,16.035,17.22,16.026,18.298,24.532,18.567,11.091,14.328
18.594,16.035,17.22,16.026,18.298,24.532,18.567,11.091,14.328,21.711
16.035,17.22,16.026,18.298,24.532,18.567,11.091,14.328,21.711,16.025
17.22,16.026,18.298,24.532,18.567,11.091,14.328,21.711,16.025,13.582
16.026,18.298,24.532,18.567,11.091,14.328,21.711,16.025,13.582,13.758
18.298,24.532,18.567,11.091,14.328,21.711,16.025,13.582,13.758,13.577
24.532,18.567,11.091,14.328,21.711,16.025,13.582,13.758,13.577,11.093
18.567,11.091,14.328,21.711,16.025,13.582,13.758,13.577,11.093,11.309
11.091,14.328,21.711,16.025,13.582,13.758,13.577,11.093,11.309,9.787
14.328,21.711,16.025,13.582,13.758,13.577,11.093,11.309,9.787,7.437
21.711,16.025,13.582,13.758,13.577,11.093,11.309,9.787,7.437,7.302
16.025,13.582,13.758,13.577,11.093,11.309,9.787,7.437,7.302,8.261
13.582,13.758,13.577,11.093,11.309,9.787,7.437,7.302,8.261,4.143
13.758,13.577,11.093,11.309,9.787,7.437,7.302,8.261,4.143,4.83
13.577,11.093,11.309,9.787,7.437,7.302,8.261,4.143,4.83,13.233
11.093,11.309,9.787,7.437,7.302,8.261,4.143,4.83,13.233,11.08
11.309,9.787,7.437,7.302,8.261,4.143,4.83,13.233,11.08,9.74
9.787,7.437,7.302,8.261,4.143,4.83,13.233,11.08,9.74,13.786
7.437,7.302,8.261,4.143,4.83,13.233,11.08,9.74,13.786,21.458
7.302,8.261,4.143,4.83,13.233,11.08,9.74,13.786,21.458,30.708
8.261,4.143,4.83,13.233,11.08,9.74,13.786,21.458,30.708,52.203
4.143,4.83,13.233,11.08,9.74,13.786,21.458,30.708,52.203,52.411
4.83,13.233,11.08,9.74,13.786,21.458,30.708,52.203,52.411,47.946
13.233,11.08,9.74,13.786,21.458,30.708,52.203,52.411,47.946,35.077
11.08,9.74,13.786,21.458,30.708,52.203,52.411,47.946,35.077,29.538
9.74,13.786,21.458,30.708,52.203,52.411,47.946,35.077,29.538,24.65
13.786,21.458,30.708,52.203,52.411,47.946,35.077,29.538,24.65,23.066
21.458,30.708,52.203,52.411,47.946,35.077,29.538,24.65,23.066,21.501
30.708,52.203,52.411,47.946,35.077,29.538,24.65,23.066,21.501,16.56
52.203,52.411,47.946,35.077,29.538,24.65,23.066,21.501,16.56,15.365
52.411,47.946,35.077,29.538,24.65,23.066,21.501,16.56,15.365,7.154
47.946,35.077,29.538,24.65,23.066,21.501,16.56,15.365,7.154,12.274
35.077,29.538,24.65,23.066,21.501,16.56,15.365,7.154,12.274,19.018
29.538,24.65,23.066,21.501,16.56,15.365,7.154,12.274,19.018,14.737
24.65,23.066,21.501,16.56,15.365,7.154,12.274,19.018,14.737,13.999
23.066,21.501,16.56,15.365,7.154,12.274,19.018,14.737,13.999,15.612
21.501,16.56,15.365,7.154,12.274,19.018,14.737,13.999,15.612,13.425
16.56,15.365,7.154,12.274,19.018,14.737,13.999,15.612,13.425,14.849
15.365,7.154,12.274,19.018,14.737,13.999,15.612,13.425,14.849,22.616
7.154,12.274,19.018,14.737,13.999,15.612,13.425,14.849,22.616,64.248
12.274,19.018,14.737,13.999,15.612,13.425,14.849,22.616,64.248,156.141
19.018,14.737,13.999,15.612,13.425,14.849,22.616,64.248,156.141,142.166
14.737,13.999,15.612,13.425,14.849,22.616,64.248,156.141,142.166,137.431
13.999,15.612,13.425,14.849,22.616,64.248,156.141,142.166,137.431,129.232
15.612,13.425,14.849,22.616,64.248,156.141,142.166,137.431,129.232,111.788
13.425,14.849,22.616,64.248,156.141,142.166,137.431,129.232,111.788,80.886
14.849,22.616,64.248,156.141,142.166,137.431,129.232,111.788,80.886,65.996
22.616,64.248,156.141,142.166,137.431,129.232,111.788,80.886,65.996,53.556
64.248,156.141,142.166,137.431,129.232,111.788,80.886,65.996,53.556,48.996
156.141,142.166,137.431,129.232,111.788,80.886,65.996,53.556,48.996,43.41
142.166,137.431,129.232,111.788,80.886,65.996,53.556,48.996,43.41,40.44
137.431,129.232,111.788,80.886,65.996,53.556,48.996,43.41,40.44,44.424
129.232,111.788,80.886,65.996,53.556,48.996,43.41,40.44,44.424,44.653
111.788,80.886,65.996,53.556,48.996,43.41,40.44,44.424,44.653,42.203
80.886,65.996,53.556,48.996,43.41,40.44,44.424,44.653,42.203,39.087
65.996,53.556,48.996,43.41,40.44,44.424,44.653,42.203,39.087,35.513
53.556,48.996,43.41,40.44,44.424,44.653,42.203,39.087,35.513,32.006
48.996,43.41,40.44,44.424,44.653,42.203,39.087,35.513,32.006,27.894
43.41,40.44,44.424,44.653,42.203,39.087,35.513,32.006,27.894,23.852
40.44,44.424,44.653,42.203,39.087,35.513,32.006,27.894,23.852,24.241
44.424,44.653,42.203,39.087,35.513,32.006,27.894,23.852,24.241,25.525
44.653,42.203,39.087,35.513,32.006,27.894,23.852,24.241,25.525,25.519
42.203,39.087,35.513,32.006,27.894,23.852,24.241,25.525,25.519,22.994
39.087,35.513,32.006,27.894,23.852,24.241,25.525,25.519,22.994,22.815
35.513,32.006,27.894,23.852,24.241,25.525,25.519,22.994,22.815,22.844
32.006,27.894,23.852,24.241,25.525,25.519,22.994,22.815,22.844,21.382
27.894,23.852,24.241,25.525,25.519,22.994,22.815,22.844,21.382,20.146
23.852,24.241,25.525,25.519,22.994,22.815,22.844,21.382,20.146,19.127
24.241,25.525,25.519,22.994,22.815,22.844,21.382,20.146,19.127,18.876
25.525,25.519,22.994,22.815,22.844,21.382,20.146,19.127,18.876,17.229
25.519,22.994,22.815,22.844,21.382,20.146,19.127,18.876,17.229,15.911
22.994,22.815,22.844,21.382,20.146,19.127,18.876,17.229,15.911,15.022
22.815,22.844,21.382,20.146,19.127,18.876,17.229,15.911,15.022,14.709
22.844,21.382,20.146,19.127,18.876,17.229,15.911,15.022,14.709,15.942
21.382,20.146,19.127,18.876,17.229,15.911,15.022,14.709,15.942,14.394
20.146,19.127,18.876,17.229,15.911,15.022,14.709,15.942,14.394,13.486
19.127,18.876,17.229,15.911,15.022,14.709,15.942,14.394,13.486,14.453
18.876,17.229,15.911,15.022,14.709,15.942,14.394,13.486,14.453,13.576
17.229,15.911,15.022,14.709,15.942,14.394,13.486,14.453,13.576,13.848
15.911,15.022,14.709,15.942,14.394,13.486,14.453,13.576,13.848,13.742
15.022,14.709,15.942,14.394,13.486,14.453,13.576,13.848,13.742,13.531
14.709,15.942,14.394,13.486,14.453,13.576,13.848,13.742,13.531,17.615
15.942,14.394,13.486,14.453,13.576,13.848,13.742,13.531,17.615,21.51
14.394,13.486,14.453,13.576,13.848,13.742,13.531,17.615,21.51,29.693
13.486,14.453,13.576,13.848,13.742,13.531,17.615,21.51,29.693,32.376
14.453,13.576,13.848,13.742,13.531,17.615,21.51,29.693,32.376,35.796
13.576,13.848,13.742,13.531,17.615,21.51,29.693,32.376,35.796,50.059
13.848,13.742,13.531,17.615,21.51,29.693,32.376,35.796,50.059,59.918
13.742,13.531,17.615,21.51,29.693,32.376,35.796,50.059,59.918,50.058
13.531,17.615,21.51,29.693,32.376,35.796,50.059,59.918,50.058,41.576
17.615,21.51,29.693,32.376,35.796,50.059,59.918,50.058,41.576,40.658
21.51,29.693,32.376,35.796,50.059,59.918,50.058,41.576,40.658,39.065
29.693,32.376,35.796,50.059,59.918,50.058,41.576,40.658,39.065,34.112
32.376,35.796,50.059,59.918,50.058,41.576,40.658,39.065,34.112,30.821
35.796,50.059,59.918,50.058,41.576,40.658,39.065,34.112,30.821,28.216
50.059,59.918,50.058,41.576,40.658,39.065,34.112,30.821,28.216,25.553
59.918,50.058,41.576,40.658,39.065,34.112,30.821,28.216,25.553,23.923
50.058,41.576,40.658,39.065,34.112,30.821,28.216,25.553,23.923,24.199
41.576,40.658,39.065,34.112,30.821,28.216,25.553,23.923,24.199,22.78
40.658,39.065,34.112,30.821,28.216,25.553,23.923,24.199,22.78,22
39.065,34.112,30.821,28.216,25.553,23.923,24.199,22.78,22,22.386
34.112,30.821,28.216,25.553,23.923,24.199,22.78,22,22.386,21.444
30.821,28.216,25.553,23.923,24.199,22.78,22,22.386,21.444,21.329
28.216,25.553,23.923,24.199,22.78,22,22.386,21.444,21.329,22.693
25.553,23.923,24.199,22.78,22,22.386,21.444,21.329,22.693,24.043
23.923,24.199,22.78,22,22.386,21.444,21.329,22.693,24.043,22.896
24.199,22.78,22,22.386,21.444,21.329,22.693,24.043,22.896,22.857
22.78,22,22.386,21.444,21.329,22.693,24.043,22.896,22.857,21.737
22,22.386,21.444,21.329,22.693,24.043,22.896,22.857,21.737,20.298
22.386,21.444,21.329,22.693,24.043,22.896,22.857,21.737,20.298,18.889
21.444,21.329,22.693,24.043,22.896,22.857,21.737,20.298,18.889,18.818
21.329,22.693,24.043,22.896,22.857,21.737,20.298,18.889,18.818,16.435
22.693,24.043,22.896,22.857,21.737,20.298,18.889,18.818,16.435,15.549
24.043,22.896,22.857,21.737,20.298,18.889,18.818,16.435,15.549,16.466
22.896,22.857,21.737,20.298,18.889,18.818,16.435,15.549,16.466,13.961
22.857,21.737,20.298,18.889,18.818,16.435,15.549,16.466,13.961,15.171
21.737,20.298,18.889,18.818,16.435,15.549,16.466,13.961,15.171,17.67
20.298,18.889,18.818,16.435,15.549,16.466,13.961,15.171,17.67,16.665
18.889,18.818,16.435,15.549,16.466,13.961,15.171,17.67,16.665,14.308
18.818,16.435,15.549,16.466,13.961,15.171,17.67,16.665,14.308,14.224
16.435,15.549,16.466,13.961,15.171,17.67,16.665,14.308,14.224,13.332
15.549,16.466,13.961,15.171,17.67,16.665,14.308,14.224,13.332,14.833
16.466,13.961,15.171,17.67,16.665,14.308,14.224,13.332,14.833,14.637
13.961,15.171,17.67,16.665,14.308,14.224,13.332,14.833,14.637,16.076
15.171,17.67,16.665,14.308,14.224,13.332,14.833,14.637,16.076,11.976
17.67,16.665,14.308,14.224,13.332,14.833,14.637,16.076,11.976,12.203
16.665,14.308,14.224,13.332,14.833,14.637,16.076,11.976,12.203,12.508
14.308,14.224,13.332,14.833,14.637,16.076,11.976,12.203,12.508,11.166
14.224,13.332,14.833,14.637,16.076,11.976,12.203,12.508,11.166,12.512
13.332,14.833,14.637,16.076,11.976,12.203,12.508,11.166,12.512,13.955
14.833,14.637,16.076,11.976,12.203,12.508,11.166,12.512,13.955,14.092
14.637,16.076,11.976,12.203,12.508,11.166,12.512,13.955,14.092,12.448
16.076,11.976,12.203,12.508,11.166,12.512,13.955,14.092,12.448,13.474
11.976,12.203,12.508,11.166,12.512,13.955,14.092,12.448,13.474,15.875
12.203,12.508,11.166,12.512,13.955,14.092,12.448,13.474,15.875,30.721
12.508,11.166,12.512,13.955,14.092,12.448,13.474,15.875,30.721,34.867
11.166,12.512,13.955,14.092,12.448,13.474,15.875,30.721,34.867,26.886
12.512,13.955,14.092,12.448,13.474,15.875,30.721,34.867,26.886,29.573
13.955,14.092,12.448,13.474,15.875,30.721,34.867,26.886,29.573,60.808
14.092,12.448,13.474,15.875,30.721,34.867,26.886,29.573,60.808,52.901
12.448,13.474,15.875,30.721,34.867,26.886,29.573,60.808,52.901,39.333
13.474,15.875,30.721,34.867,26.886,29.573,60.808,52.901,39.333,32.513
15.875,30.721,34.867,26.886,29.573,60.808,52.901,39.333,32.513,28.311
30.721,34.867,26.886,29.573,60.808,52.901,39.333,32.513,28.311,32.586
34.867,26.886,29.573,60.808,52.901,39.333,32.513,28.311,32.586,27.55
26.886,29.573,60.808,52.901,39.333,32.513,28.311,32.586,27.55,23.535
29.573,60.808,52.901,39.333,32.513,28.311,32.586,27.55,23.535,23.527
60.808,52.901,39.333,32.513,28.311,32.586,27.55,23.535,23.527,21.093
52.901,39.333,32.513,28.311,32.586,27.55,23.535,23.527,21.093,23.803
39.333,32.513,28.311,32.586,27.55,23.535,23.527,21.093,23.803,25.417
32.513,28.311,32.586,27.55,23.535,23.527,21.093,23.803,25.417,22.364
28.311,32.586,27.55,23.535,23.527,21.093,23.803,25.417,22.364,23.96
32.586,27.55,23.535,23.527,21.093,23.803,25.417,22.364,23.96,21.6
27.55,23.535,23.527,21.093,23.803,25.417,22.364,23.96,21.6,18.017
23.535,23.527,21.093,23.803,25.417,22.364,23.96,21.6,18.017,16.47
23.527,21.093,23.803,25.417,22.364,23.96,21.6,18.017,16.47,16.576
21.093,23.803,25.417,22.364,23.96,21.6,18.017,16.47,16.576,13.711
23.803,25.417,22.364,23.96,21.6,18.017,16.47,16.576,13.711,13.505
25.417,22.364,23.96,21.6,18.017,16.47,16.576,13.711,13.505,13.699
22.364,23.96,21.6,18.017,16.47,16.576,13.711,13.505,13.699,22.275
23.96,21.6,18.017,16.47,16.576,13.711,13.505,13.699,22.275,20.57
21.6,18.017,16.47,16.576,13.711,13.505,13.699,22.275,20.57,24.959
18.017,16.47,16.576,13.711,13.505,13.699,22.275,20.57,24.959,23.153
16.47,16.576,13.711,13.505,13.699,22.275,20.57,24.959,23.153,25.15
16.576,13.711,13.505,13.699,22.275,20.57,24.959,23.153,25.15,21.309
13.711,13.505,13.699,22.275,20.57,24.959,23.153,25.15,21.309,18.278
13.505,13.699,22.275,20.57,24.959,23.153,25.15,21.309,18.278,16.604
13.699,22.275,20.57,24.959,23.153,25.15,21.309,18.278,16.604,15.089
22.275,20.57,24.959,23.153,25.15,21.309,18.278,16.604,15.089,23.65
20.57,24.959,23.153,25.15,21.309,18.278,16.604,15.089,23.65,29.332
24.959,23.153,25.15,21.309,18.278,16.604,15.089,23.65,29.332,30.9
23.153,25.15,21.309,18.278,16.604,15.089,23.65,29.332,30.9,25.914
25.15,21.309,18.278,16.604,15.089,23.65,29.332,30.9,25.914,22.099
21.309,18.278,16.604,15.089,23.65,29.332,30.9,25.914,22.099,20.588
18.278,16.604,15.089,23.65,29.332,30.9,25.914,22.099,20.588,17.935
16.604,15.089,23.65,29.332,30.9,25.914,22.099,20.588,17.935,19.321
15.089,23.65,29.332,30.9,25.914,22.099,20.588,17.935,19.321,23.668
23.65,29.332,30.9,25.914,22.099,20.588,17.935,19.321,23.668,22.338
29.332,30.9,25.914,22.099,20.588,17.935,19.321,23.668,22.338,19.817
30.9,25.914,22.099,20.588,17.935,19.321,23.668,22.338,19.817,18.288
25.914,22.099,20.588,17.935,19.321,23.668,22.338,19.817,18.288,18.058
22.099,20.588,17.935,19.321,23.668,22.338,19.817,18.288,18.058,16.533
20.588,17.935,19.321,23.668,22.338,19.817,18.288,18.058,16.533,15.418
17.935,19.321,23.668,22.338,19.817,18.288,18.058,16.533,15.418,10.725
19.321,23.668,22.338,19.817,18.288,18.058,16.533,15.418,10.725,12.341
23.668,22.338,19.817,18.288,18.058,16.533,15.418,10.725,12.341,12.989
22.338,19.817,18.288,18.058,16.533,15.418,10.725,12.341,12.989,10.389
19.817,18.288,18.058,16.533,15.418,10.725,12.341,12.989,10.389,10.652
18.288,18.058,16.533,15.418,10.725,12.341,12.989,10.389,10.652,9.173
18.058,16.533,15.418,10.725,12.341,12.989,10.389,10.652,9.173,10.185
16.533,15.418,10.725,12.341,12.989,10.389,10.652,9.173,10.185,8.821
15.418,10.725,12.341,12.989,10.389,10.652,9.173,10.185,8.821,9.45
10.725,12.341,12.989,10.389,10.652,9.173,10.185,8.821,9.45,10.772
12.341,12.989,10.389,10.652,9.173,10.185,8.821,9.45,10.772,9.98
12.989,10.389,10.652,9.173,10.185,8.821,9.45,10.772,9.98,11.112
10.389,10.652,9.173,10.185,8.821,9.45,10.772,9.98,11.112,10.018
10.652,9.173,10.185,8.821,9.45,10.772,9.98,11.112,10.018,13.999
9.173,10.185,8.821,9.45,10.772,9.98,11.112,10.018,13.999,34.053
10.185,8.821,9.45,10.772,9.98,11.112,10.018,13.999,34.053,21.482
8.821,9.45,10.772,9.98,11.112,10.018,13.999,34.053,21.482,16.159
9.45,10.772,9.98,11.112,10.018,13.999,34.053,21.482,16.159,14.879
10.772,9.98,11.112,10.018,13.999,34.053,21.482,16.159,14.879,13.524
9.98,11.112,10.018,13.999,34.053,21.482,16.159,14.879,13.524,9.709
11.112,10.018,13.999,34.053,21.482,16.159,14.879,13.524,9.709,13.096
10.018,13.999,34.053,21.482,16.159,14.879,13.524,9.709,13.096,13.635
13.999,34.053,21.482,16.159,14.879,13.524,9.709,13.096,13.635,12.373
34.053,21.482,16.159,14.879,13.524,9.709,13.096,13.635,12.373,11.18
21.482,16.159,14.879,13.524,9.709,13.096,13.635,12.373,11.18,15.64
16.159,14.879,13.524,9.709,13.096,13.635,12.373,11.18,15.64,18.267
14.879,13.524,9.709,13.096,13.635,12.373,11.18,15.64,18.267,35.608
13.524,9.709,13.096,13.635,12.373,11.18,15.64,18.267,35.608,26.283
9.709,13.096,13.635,12.373,11.18,15.64,18.267,35.608,26.283,23.635
13.096,13.635,12.373,11.18,15.64,18.267,35.608,26.283,23.635,25.201
13.635,12.373,11.18,15.64,18.267,35.608,26.283,23.635,25.201,29.663
12.373,11.18,15.64,18.267,35.608,26.283,23.635,25.201,29.663,22.039
11.18,15.64,18.267,35.608,26.283,23.635,25.201,29.663,22.039,21.681
15.64,18.267,35.608,26.283,23.635,25.201,29.663,22.039,21.681,19.12
18.267,35.608,26.283,23.635,25.201,29.663,22.039,21.681,19.12,16.027
35.608,26.283,23.635,25.201,29.663,22.039,21.681,19.12,16.027,14.812
26.283,23.635,25.201,29.663,22.039,21.681,19.12,16.027,14.812,13.756
23.635,25.201,29.663,22.039,21.681,19.12,16.027,14.812,13.756,15.693
25.201,29.663,22.039,21.681,19.12,16.027,14.812,13.756,15.693,13.609
29.663,22.039,21.681,19.12,16.027,14.812,13.756,15.693,13.609,13.472
22.039,21.681,19.12,16.027,14.812,13.756,15.693,13.609,13.472,11.369
21.681,19.12,16.027,14.812,13.756,15.693,13.609,13.472,11.369,8.292
19.12,16.027,14.812,13.756,15.693,13.609,13.472,11.369,8.292,9.796
16.027,14.812,13.756,15.693,13.609,13.472,11.369,8.292,9.796,9.093
14.812,13.756,15.693,13.609,13.472,11.369,8.292,9.796,9.093,7.838
13.756,15.693,13.609,13.472,11.369,8.292,9.796,9.093,7.838,8.425
15.693,13.609,13.472,11.369,8.292,9.796,9.093,7.838,8.425,9.262
13.609,13.472,11.369,8.292,9.796,9.093,7.838,8.425,9.262,8.831
13.472,11.369,8.292,9.796,9.093,7.838,8.425,9.262,8.831,10.8
11.369,8.292,9.796,9.093,7.838,8.425,9.262,8.831,10.8,16.229
8.292,9.796,9.093,7.838,8.425,9.262,8.831,10.8,16.229,12.858
9.796,9.093,7.838,8.425,9.262,8.831,10.8,16.229,12.858,17.729
9.093,7.838,8.425,9.262,8.831,10.8,16.229,12.858,17.729,12.707
7.838,8.425,9.262,8.831,10.8,16.229,12.858,17.729,12.707,9.743
8.425,9.262,8.831,10.8,16.229,12.858,17.729,12.707,9.743,12.788
9.262,8.831,10.8,16.229,12.858,17.729,12.707,9.743,12.788,8.304
8.831,10.8,16.229,12.858,17.729,12.707,9.743,12.788,8.304,9.197
10.8,16.229,12.858,17.729,12.707,9.743,12.788,8.304,9.197,9.027
16.229,12.858,17.729,12.707,9.743,12.788,8.304,9.197,9.027,9.148
12.858,17.729,12.707,9.743,12.788,8.304,9.197,9.027,9.148,8.952
17.729,12.707,9.743,12.788,8.304,9.197,9.027,9.148,8.952,13.598
12.707,9.743,12.788,8.304,9.197,9.027,9.148,8.952,13.598,12.777
9.743,12.788,8.304,9.197,9.027,9.148,8.952,13.598,12.777,11.734
12.788,8.304,9.197,9.027,9.148,8.952,13.598,12.777,11.734,13.235
8.304,9.197,9.027,9.148,8.952,13.598,12.777,11.734,13.235,13.415
9.197,9.027,9.148,8.952,13.598,12.777,11.734,13.235,13.415,14.739
9.027,9.148,8.952,13.598,12.777,11.734,13.235,13.415,14.739,13.563
9.148,8.952,13.598,12.777,11.734,13.235,13.415,14.739,13.563,16.345
8.952,13.598,12.777,11.734,13.235,13.415,14.739,13.563,16.345,12.281
13.598,12.777,11.734,13.235,13.415,14.739,13.563,16.345,12.281,12.406
12.777,11.734,13.235,13.415,14.739,13.563,16.345,12.281,12.406,9.15
11.734,13.235,13.415,14.739,13.563,16.345,12.281,12.406,9.15,11.062
13.235,13.415,14.739,13.563,16.345,12.281,12.406,9.15,11.062,9.571
13.415,14.739,13.563,16.345,12.281,12.406,9.15,11.062,9.571,9.914
14.739,13.563,16.345,12.281,12.406,9.15,11.062,9.571,9.914,8.046
13.563,16.345,12.281,12.406,9.15,11.062,9.571,9.914,8.046,7.83
16.345,12.281,12.406,9.15,11.062,9.571,9.914,8.046,7.83,10.582
12.281,12.406,9.15,11.062,9.571,9.914,8.046,7.83,10.582,9.625
12.406,9.15,11.062,9.571,9.914,8.046,7.83,10.582,9.625,9.82
9.15,11.062,9.571,9.914,8.046,7.83,10.582,9.625,9.82,11.062
11.062,9.571,9.914,8.046,7.83,10.582,9.625,9.82,11.062,9.209
9.571,9.914,8.046,7.83,10.582,9.625,9.82,11.062,9.209,10.268
9.914,8.046,7.83,10.582,9.625,9.82,11.062,9.209,10.268,7.291
8.046,7.83,10.582,9.625,9.82,11.062,9.209,10.268,7.291,8.359
7.83,10.582,9.625,9.82,11.062,9.209,10.268,7.291,8.359,8.524
10.582,9.625,9.82,11.062,9.209,10.268,7.291,8.359,8.524,9.851
9.625,9.82,11.062,9.209,10.268,7.291,8.359,8.524,9.851,10.916
9.82,11.062,9.209,10.268,7.291,8.359,8.524,9.851,10.916,7.702
11.062,9.209,10.268,7.291,8.359,8.524,9.851,10.916,7.702,7.715
9.209,10.268,7.291,8.359,8.524,9.851,10.916,7.702,7.715,10.583
10.268,7.291,8.359,8.524,9.851,10.916,7.702,7.715,10.583,33.38
7.291,8.359,8.524,9.851,10.916,7.702,7.715,10.583,33.38,53.638
8.359,8.524,9.851,10.916,7.702,7.715,10.583,33.38,53.638,38.63
8.524,9.851,10.916,7.702,7.715,10.583,33.38,53.638,38.63,37.639
9.851,10.916,7.702,7.715,10.583,33.38,53.638,38.63,37.639,36.859
10.916,7.702,7.715,10.583,33.38,53.638,38.63,37.639,36.859,29.039
7.702,7.715,10.583,33.38,53.638,38.63,37.639,36.859,29.039,24.765
7.715,10.583,33.38,53.638,38.63,37.639,36.859,29.039,24.765,25.374
10.583,33.38,53.638,38.63,37.639,36.859,29.039,24.765,25.374,22.33
33.38,53.638,38.63,37.639,36.859,29.039,24.765,25.374,22.33,19.159
53.638,38.63,37.639,36.859,29.039,24.765,25.374,22.33,19.159,18.027
38.63,37.639,36.859,29.039,24.765,25.374,22.33,19.159,18.027,18.107
37.639,36.859,29.039,24.765,25.374,22.33,19.159,18.027,18.107,16.693
36.859,29.039,24.765,25.374,22.33,19.159,18.027,18.107,16.693,16.511
29.039,24.765,25.374,22.33,19.159,18.027,18.107,16.693,16.511,17.184
24.765,25.374,22.33,19.159,18.027,18.107,16.693,16.511,17.184,18.912
25.374,22.33,19.159,18.027,18.107,16.693,16.511,17.184,18.912,19.364
22.33,19.159,18.027,18.107,16.693,16.511,17.184,18.912,19.364,15.756
19.159,18.027,18.107,16.693,16.511,17.184,18.912,19.364,15.756,16.51
18.027,18.107,16.693,16.511,17.184,18.912,19.364,15.756,16.51,14.4
18.107,16.693,16.511,17.184,18.912,19.364,15.756,16.51,14.4,14.4
16.693,16.511,17.184,18.912,19.364,15.756,16.51,14.4,14.4,14.362
16.511,17.184,18.912,19.364,15.756,16.51,14.4,14.4,14.362,10.964
17.184,18.912,19.364,15.756,16.51,14.4,14.4,14.362,10.964,19.73
18.912,19.364,15.756,16.51,14.4,14.4,14.362,10.964,19.73,18.156
19.364,15.756,16.51,14.4,14.4,14.362,10.964,19.73,18.156,18.804
15.756,16.51,14.4,14.4,14.362,10.964,19.73,18.156,18.804,17.175
16.51,14.4,14.4,14.362,10.964,19.73,18.156,18.804,17.175,16.969
14.4,14.4,14.362,10.964,19.73,18.156,18.804,17.175,16.969,16.968
14.4,14.362,10.964,19.73,18.156,18.804,17.175,16.969,16.968,16.957
14.362,10.964,19.73,18.156,18.804,17.175,16.969,16.968,16.957,15.583
10.964,19.73,18.156,18.804,17.175,16.969,16.968,16.957,15.583,15.791
19.73,18.156,18.804,17.175,16.969,16.968,16.957,15.583,15.791,14.4
18.156,18.804,17.175,16.969,16.968,16.957,15.583,15.791,14.4,15.792
18.804,17.175,16.969,16.968,16.957,15.583,15.791,14.4,15.792,15.597
17.175,16.969,16.968,16.957,15.583,15.791,14.4,15.792,15.597,18.371
16.969,16.968,16.957,15.583,15.791,14.4,15.792,15.597,18.371,15.586
16.968,16.957,15.583,15.791,14.4,15.792,15.597,18.371,15.586,15.795
16.957,15.583,15.791,14.4,15.792,15.597,18.371,15.586,15.795,16.982
15.583,15.791,14.4,15.792,15.597,18.371,15.586,15.795,16.982,20.725
15.791,14.4,15.792,15.597,18.371,15.586,15.795,16.982,20.725,18.053
14.4,15.792,15.597,18.371,15.586,15.795,16.982,20.725,18.053,17.589
15.792,15.597,18.371,15.586,15.795,16.982,20.725,18.053,17.589,17.401
15.597,18.371,15.586,15.795,16.982,20.725,18.053,17.589,17.401,19.006
18.371,15.586,15.795,16.982,20.725,18.053,17.589,17.401,19.006,21.482
15.586,15.795,16.982,20.725,18.053,17.589,17.401,19.006,21.482,24.097
15.795,16.982,20.725,18.053,17.589,17.401,19.006,21.482,24.097,24.439
16.982,20.725,18.053,17.589,17.401,19.006,21.482,24.097,24.439,26.602
20.725,18.053,17.589,17.401,19.006,21.482,24.097,24.439,26.602,25.207
18.053,17.589,17.401,19.006,21.482,24.097,24.439,26.602,25.207,28.566
17.589,17.401,19.006,21.482,24.097,24.439,26.602,25.207,28.566,32.552
17.401,19.006,21.482,24.097,24.439,26.602,25.207,28.566,32.552,30.329
19.006,21.482,24.097,24.439,26.602,25.207,28.566,32.552,30.329,28.19
21.482,24.097,24.439,26.602,25.207,28.566,32.552,30.329,28.19,27.638
24.097,24.439,26.602,25.207,28.566,32.552,30.329,28.19,27.638,40.225
24.439,26.602,25.207,28.566,32.552,30.329,28.19,27.638,40.225,78.875
26.602,25.207,28.566,32.552,30.329,28.19,27.638,40.225,78.875,132.512
25.207,28.566,32.552,30.329,28.19,27.638,40.225,78.875,132.512,109.366
28.566,32.552,30.329,28.19,27.638,40.225,78.875,132.512,109.366,99.201
32.552,30.329,28.19,27.638,40.225,78.875,132.512,109.366,99.201,102.926
30.329,28.19,27.638,40.225,78.875,132.512,109.366,99.201,102.926,216.706
28.19,27.638,40.225,78.875,132.512,109.366,99.201,102.926,216.706,175.851
27.638,40.225,78.875,132.512,109.366,99.201,102.926,216.706,175.851,142.016
40.225,78.875,132.512,109.366,99.201,102.926,216.706,175.851,142.016,105.298
78.875,132.512,109.366,99.201,102.926,216.706,175.851,142.016,105.298,83.041
132.512,109.366,99.201,102.926,216.706,175.851,142.016,105.298,83.041,80.932
109.366,99.201,102.926,216.706,175.851,142.016,105.298,83.041,80.932,72.648
99.201,102.926,216.706,175.851,142.016,105.298,83.041,80.932,72.648,65.706
102.926,216.706,175.851,142.016,105.298,83.041,80.932,72.648,65.706,57.084
216.706,175.851,142.016,105.298,83.041,80.932,72.648,65.706,57.084,53.139
175.851,142.016,105.298,83.041,80.932,72.648,65.706,57.084,53.139,48.506
142.016,105.298,83.041,80.932,72.648,65.706,57.084,53.139,48.506,46.599
105.298,83.041,80.932,72.648,65.706,57.084,53.139,48.506,46.599,41.367
83.041,80.932,72.648,65.706,57.084,53.139,48.506,46.599,41.367,39.523
80.932,72.648,65.706,57.084,53.139,48.506,46.599,41.367,39.523,38.027
72.648,65.706,57.084,53.139,48.506,46.599,41.367,39.523,38.027,36.53
65.706,57.084,53.139,48.506,46.599,41.367,39.523,38.027,36.53,35.065
57.084,53.139,48.506,46.599,41.367,39.523,38.027,36.53,35.065,32.831
53.139,48.506,46.599,41.367,39.523,38.027,36.53,35.065,32.831,30.648
48.506,46.599,41.367,39.523,38.027,36.53,35.065,32.831,30.648,28.357
46.599,41.367,39.523,38.027,36.53,35.065,32.831,30.648,28.357,27.819
41.367,39.523,38.027,36.53,35.065,32.831,30.648,28.357,27.819,26.426
39.523,38.027,36.53,35.065,32.831,30.648,28.357,27.819,26.426,24.99
38.027,36.53,35.065,32.831,30.648,28.357,27.819,26.426,24.99,21.98
36.53,35.065,32.831,30.648,28.357,27.819,26.426,24.99,21.98,24.494
35.065,32.831,30.648,28.357,27.819,26.426,24.99,21.98,24.494,27.802
32.831,30.648,28.357,27.819,26.426,24.99,21.98,24.494,27.802,25.551
30.648,28.357,27.819,26.426,24.99,21.98,24.494,27.802,25.551,23.87
28.357,27.819,26.426,24.99,21.98,24.494,27.802,25.551,23.87,18.992
27.819,26.426,24.99,21.98,24.494,27.802,25.551,23.87,18.992,21.834
26.426,24.99,21.98,24.494,27.802,25.551,23.87,18.992,21.834,28.93
24.99,21.98,24.494,27.802,25.551,23.87,18.992,21.834,28.93,43.973
21.98,24.494,27.802,25.551,23.87,18.992,21.834,28.93,43.973,60.074
24.494,27.802,25.551,23.87,18.992,21.834,28.93,43.973,60.074,62.965
27.802,25.551,23.87,18.992,21.834,28.93,43.973,60.074,62.965,57.274
25.551,23.87,18.992,21.834,28.93,43.973,60.074,62.965,57.274,52.323
23.87,18.992,21.834,28.93,43.973,60.074,62.965,57.274,52.323,46.276
18.992,21.834,28.93,43.973,60.074,62.965,57.274,52.323,46.276,43.169
21.834,28.93,43.973,60.074,62.965,57.274,52.323,46.276,43.169,42.683
28.93,43.973,60.074,62.965,57.274,52.323,46.276,43.169,42.683,44.455
43.973,60.074,62.965,57.274,52.323,46.276,43.169,42.683,44.455,53.381
60.074,62.965,57.274,52.323,46.276,43.169,42.683,44.455,53.381,55.703
62.965,57.274,52.323,46.276,43.169,42.683,44.455,53.381,55.703,53.698
57.274,52.323,46.276,43.169,42.683,44.455,53.381,55.703,53.698,47.886
52.323,46.276,43.169,42.683,44.455,53.381,55.703,53.698,47.886,54.217
46.276,43.169,42.683,44.455,53.381,55.703,53.698,47.886,54.217,57.978
43.169,42.683,44.455,53.381,55.703,53.698,47.886,54.217,57.978,57.981
42.683,44.455,53.381,55.703,53.698,47.886,54.217,57.978,57.981,56.35
44.455,53.381,55.703,53.698,47.886,54.217,57.978,57.981,56.35,53.595
53.381,55.703,53.698,47.886,54.217,57.978,57.981,56.35,53.595,46.889
55.703,53.698,47.886,54.217,57.978,57.981,56.35,53.595,46.889,47.407
53.698,47.886,54.217,57.978,57.981,56.35,53.595,46.889,47.407,49.087
47.886,54.217,57.978,57.981,56.35,53.595,46.889,47.407,49.087,47.15
54.217,57.978,57.981,56.35,53.595,46.889,47.407,49.087,47.15,51.517
57.978,57.981,56.35,53.595,46.889,47.407,49.087,47.15,51.517,47.217
57.981,56.35,53.595,46.889,47.407,49.087,47.15,51.517,47.217,45.491
56.35,53.595,46.889,47.407,49.087,47.15,51.517,47.217,45.491,43.543
53.595,46.889,47.407,49.087,47.15,51.517,47.217,45.491,43.543,36.177
46.889,47.407,49.087,47.15,51.517,47.217,45.491,43.543,36.177,62.565
47.407,49.087,47.15,51.517,47.217,45.491,43.543,36.177,62.565,151.521
49.087,47.15,51.517,47.217,45.491,43.543,36.177,62.565,151.521,128.629
47.15,51.517,47.217,45.491,43.543,36.177,62.565,151.521,128.629,110.84
51.517,47.217,45.491,43.543,36.177,62.565,151.521,128.629,110.84,95.24
47.217,45.491,43.543,36.177,62.565,151.521,128.629,110.84,95.24,76.612
45.491,43.543,36.177,62.565,151.521,128.629,110.84,95.24,76.612,70.201
43.543,36.177,62.565,151.521,128.629,110.84,95.24,76.612,70.201,56.199
36.177,62.565,151.521,128.629,110.84,95.24,76.612,70.201,56.199,53.957
62.565,151.521,128.629,110.84,95.24,76.612,70.201,56.199,53.957,46.005
151.521,128.629,110.84,95.24,76.612,70.201,56.199,53.957,46.005,43.872
128.629,110.84,95.24,76.612,70.201,56.199,53.957,46.005,43.872,46.913
110.84,95.24,76.612,70.201,56.199,53.957,46.005,43.872,46.913,44.632
95.24,76.612,70.201,56.199,53.957,46.005,43.872,46.913,44.632,45.393
76.612,70.201,56.199,53.957,46.005,43.872,46.913,44.632,45.393,41.832
70.201,56.199,53.957,46.005,43.872,46.913,44.632,45.393,41.832,40.039
56.199,53.957,46.005,43.872,46.913,44.632,45.393,41.832,40.039,38.39
53.957,46.005,43.872,46.913,44.632,45.393,41.832,40.039,38.39,34.915
46.005,43.872,46.913,44.632,45.393,41.832,40.039,38.39,34.915,32.114
43.872,46.913,44.632,45.393,41.832,40.039,38.39,34.915,32.114,29.378
46.913,44.632,45.393,41.832,40.039,38.39,34.915,32.114,29.378,29.867
44.632,45.393,41.832,40.039,38.39,34.915,32.114,29.378,29.867,42.261
45.393,41.832,40.039,38.39,34.915,32.114,29.378,29.867,42.261,64.023
41.832,40.039,38.39,34.915,32.114,29.378,29.867,42.261,64.023,158.416
40.039,38.39,34.915,32.114,29.378,29.867,42.261,64.023,158.416,255.752
38.39,34.915,32.114,29.378,29.867,42.261,64.023,158.416,255.752,196.846
34.915,32.114,29.378,29.867,42.261,64.023,158.416,255.752,196.846,161.721
32.114,29.378,29.867,42.261,64.023,158.416,255.752,196.846,161.721,136.397
29.378,29.867,42.261,64.023,158.416,255.752,196.846,161.721,136.397,115.151
29.867,42.261,64.023,158.416,255.752,196.846,161.721,136.397,115.151,90.557
42.261,64.023,158.416,255.752,196.846,161.721,136.397,115.151,90.557,81.814
64.023,158.416,255.752,196.846,161.721,136.397,115.151,90.557,81.814,72.347
158.416,255.752,196.846,161.721,136.397,115.151,90.557,81.814,72.347,68.861
255.752,196.846,161.721,136.397,115.151,90.557,81.814,72.347,68.861,68.362
196.846,161.721,136.397,115.151,90.557,81.814,72.347,68.861,68.362,69.125
161.721,136.397,115.151,90.557,81.814,72.347,68.861,68.362,69.125,62.445
136.397,115.151,90.557,81.814,72.347,68.861,68.362,69.125,62.445,53.834
115.151,90.557,81.814,72.347,68.861,68.362,69.125,62.445,53.834,53.703
90.557,81.814,72.347,68.861,68.362,69.125,62.445,53.834,53.703,52.298
81.814,72.347,68.861,68.362,69.125,62.445,53.834,53.703,52.298,42.737
72.347,68.861,68.362,69.125,62.445,53.834,53.703,52.298,42.737,36.905
68.861,68.362,69.125,62.445,53.834,53.703,52.298,42.737,36.905,27.949
68.362,69.125,62.445,53.834,53.703,52.298,42.737,36.905,27.949,27.708
69.125,62.445,53.834,53.703,52.298,42.737,36.905,27.949,27.708,32.056
62.445,53.834,53.703,52.298,42.737,36.905,27.949,27.708,32.056,32.962
53.834,53.703,52.298,42.737,36.905,27.949,27.708,32.056,32.962,32.462
53.703,52.298,42.737,36.905,27.949,27.708,32.056,32.962,32.462,33.843
52.298,42.737,36.905,27.949,27.708,32.056,32.962,32.462,33.843,30.859
42.737,36.905,27.949,27.708,32.056,32.962,32.462,33.843,30.859,30.303
36.905,27.949,27.708,32.056,32.962,32.462,33.843,30.859,30.303,30.442
27.949,27.708,32.056,32.962,32.462,33.843,30.859,30.303,30.442,28.421
27.708,32.056,32.962,32.462,33.843,30.859,30.303,30.442,28.421,38.397
32.056,32.962,32.462,33.843,30.859,30.303,30.442,28.421,38.397,36.995
32.962,32.462,33.843,30.859,30.303,30.442,28.421,38.397,36.995,37.978
32.462,33.843,30.859,30.303,30.442,28.421,38.397,36.995,37.978,40.145
33.843,30.859,30.303,30.442,28.421,38.397,36.995,37.978,40.145,45.41
30.859,30.303,30.442,28.421,38.397,36.995,37.978,40.145,45.41,82.095
30.303,30.442,28.421,38.397,36.995,37.978,40.145,45.41,82.095,207.343
30.442,28.421,38.397,36.995,37.978,40.145,45.41,82.095,207.343,258.566
28.421,38.397,36.995,37.978,40.145,45.41,82.095,207.343,258.566,182.745
38.397,36.995,37.978,40.145,45.41,82.095,207.343,258.566,182.745,135.186
36.995,37.978,40.145,45.41,82.095,207.343,258.566,182.745,135.186,120.014
37.978,40.145,45.41,82.095,207.343,258.566,182.745,135.186,120.014,106.373
40.145,45.41,82.095,207.343,258.566,182.745,135.186,120.014,106.373,94.34
45.41,82.095,207.343,258.566,182.745,135.186,120.014,106.373,94.34,96.198
82.095,207.343,258.566,182.745,135.186,120.014,106.373,94.34,96.198,111.697
207.343,258.566,182.745,135.186,120.014,106.373,94.34,96.198,111.697,112.597
258.566,182.745,135.186,120.014,106.373,94.34,96.198,111.697,112.597,112.099
182.745,135.186,120.014,106.373,94.34,96.198,111.697,112.597,112.099,108.013
135.186,120.014,106.373,94.34,96.198,111.697,112.597,112.099,108.013,101.972
120.014,106.373,94.34,96.198,111.697,112.597,112.099,108.013,101.972,95.171
106.373,94.34,96.198,111.697,112.597,112.099,108.013,101.972,95.171,83.021
94.34,96.198,111.697,112.597,112.099,108.013,101.972,95.171,83.021,73.982
96.198,111.697,112.597,112.099,108.013,101.972,95.171,83.021,73.982,65.967
111.697,112.597,112.099,108.013,101.972,95.171,83.021,73.982,65.967,64.991
112.597,112.099,108.013,101.972,95.171,83.021,73.982,65.967,64.991,67.653
112.099,108.013,101.972,95.171,83.021,73.982,65.967,64.991,67.653,57.454
108.013,101.972,95.171,83.021,73.982,65.967,64.991,67.653,57.454,60.217
101.972,95.171,83.021,73.982,65.967,64.991,67.653,57.454,60.217,68.382
95.171,83.021,73.982,65.967,64.991,67.653,57.454,60.217,68.382,64.445
83.021,73.982,65.967,64.991,67.653,57.454,60.217,68.382,64.445,56.403
73.982,65.967,64.991,67.653,57.454,60.217,68.382,64.445,56.403,49.734
65.967,64.991,67.653,57.454,60.217,68.382,64.445,56.403,49.734,46.06
64.991,67.653,57.454,60.217,68.382,64.445,56.403,49.734,46.06,46.579
67.653,57.454,60.217,68.382,64.445,56.403,49.734,46.06,46.579,42.973
57.454,60.217,68.382,64.445,56.403,49.734,46.06,46.579,42.973,39.696
60.217,68.382,64.445,56.403,49.734,46.06,46.579,42.973,39.696,38.322
68.382,64.445,56.403,49.734,46.06,46.579,42.973,39.696,38.322,38.652
64.445,56.403,49.734,46.06,46.579,42.973,39.696,38.322,38.652,39.725
56.403,49.734,46.06,46.579,42.973,39.696,38.322,38.652,39.725,38.361
49.734,46.06,46.579,42.973,39.696,38.322,38.652,39.725,38.361,35.078
46.06,46.579,42.973,39.696,38.322,38.652,39.725,38.361,35.078,32.094
46.579,42.973,39.696,38.322,38.652,39.725,38.361,35.078,32.094,30.065
42.973,39.696,38.322,38.652,39.725,38.361,35.078,32.094,30.065,28.001
39.696,38.322,38.652,39.725,38.361,35.078,32.094,30.065,28.001,25.536
38.322,38.652,39.725,38.361,35.078,32.094,30.065,28.001,25.536,29.964
38.652,39.725,38.361,35.078,32.094,30.065,28.001,25.536,29.964,31.49
39.725,38.361,35.078,32.094,30.065,28.001,25.536,29.964,31.49,29.341
38.361,35.078,32.094,30.065,28.001,25.536,29.964,31.49,29.341,29.975
35.078,32.094,30.065,28.001,25.536,29.964,31.49,29.341,29.975,25.952
32.094,30.065,28.001,25.536,29.964,31.49,29.341,29.975,25.952,26.31
30.065,28.001,25.536,29.964,31.49,29.341,29.975,25.952,26.31,23.738
28.001,25.536,29.964,31.49,29.341,29.975,25.952,26.31,23.738,20.956
25.536,29.964,31.49,29.341,29.975,25.952,26.31,23.738,20.956,22.772
29.964,31.49,29.341,29.975,25.952,26.31,23.738,20.956,22.772,28.791
31.49,29.341,29.975,25.952,26.31,23.738,20.956,22.772,28.791,26.817
29.341,29.975,25.952,26.31,23.738,20.956,22.772,28.791,26.817,25.558
29.975,25.952,26.31,23.738,20.956,22.772,28.791,26.817,25.558,26.669
25.952,26.31,23.738,20.956,22.772,28.791,26.817,25.558,26.669,31.652
26.31,23.738,20.956,22.772,28.791,26.817,25.558,26.669,31.652,33.83
23.738,20.956,22.772,28.791,26.817,25.558,26.669,31.652,33.83,25.538
20.956,22.772,28.791,26.817,25.558,26.669,31.652,33.83,25.538,25.573
22.772,28.791,26.817,25.558,26.669,31.652,33.83,25.538,25.573,24.714
28.791,26.817,25.558,26.669,31.652,33.83,25.538,25.573,24.714,20.894
26.817,25.558,26.669,31.652,33.83,25.538,25.573,24.714,20.894,21.141
25.558,26.669,31.652,33.83,25.538,25.573,24.714,20.894,21.141,23.203
26.669,31.652,33.83,25.538,25.573,24.714,20.894,21.141,23.203,18.044
31.652,33.83,25.538,25.573,24.714,20.894,21.141,23.203,18.044,25.941
33.83,25.538,25.573,24.714,20.894,21.141,23.203,18.044,25.941,25.821
25.538,25.573,24.714,20.894,21.141,23.203,18.044,25.941,25.821,21.221
25.573,24.714,20.894,21.141,23.203,18.044,25.941,25.821,21.221,16.802
24.714,20.894,21.141,23.203,18.044,25.941,25.821,21.221,16.802,18.412
20.894,21.141,23.203,18.044,25.941,25.821,21.221,16.802,18.412,19.948
21.141,23.203,18.044,25.941,25.821,21.221,16.802,18.412,19.948,22.465
23.203,18.044,25.941,25.821,21.221,16.802,18.412,19.948,22.465,21.935
18.044,25.941,25.821,21.221,16.802,18.412,19.948,22.465,21.935,19.499
25.941,25.821,21.221,16.802,18.412,19.948,22.465,21.935,19.499,16.227
25.821,21.221,16.802,18.412,19.948,22.465,21.935,19.499,16.227,15.004
21.221,16.802,18.412,19.948,22.465,21.935,19.499,16.227,15.004,14.447
16.802,18.412,19.948,22.465,21.935,19.499,16.227,15.004,14.447,16.34
18.412,19.948,22.465,21.935,19.499,16.227,15.004,14.447,16.34,12.246
19.948,22.465,21.935,19.499,16.227,15.004,14.447,16.34,12.246,12.854
22.465,21.935,19.499,16.227,15.004,14.447,16.34,12.246,12.854,13.252
21.935,19.499,16.227,15.004,14.447,16.34,12.246,12.854,13.252,13.099
19.499,16.227,15.004,14.447,16.34,12.246,12.854,13.252,13.099,11.858
16.227,15.004,14.447,16.34,12.246,12.854,13.252,13.099,11.858,10.988
15.004,14.447,16.34,12.246,12.854,13.252,13.099,11.858,10.988,14.325
14.447,16.34,12.246,12.854,13.252,13.099,11.858,10.988,14.325,12.343
16.34,12.246,12.854,13.252,13.099,11.858,10.988,14.325,12.343,13.594
12.246,12.854,13.252,13.099,11.858,10.988,14.325,12.343,13.594,15.12
12.854,13.252,13.099,11.858,10.988,14.325,12.343,13.594,15.12,14.884
13.252,13.099,11.858,10.988,14.325,12.343,13.594,15.12,14.884,14.739
13.099,11.858,10.988,14.325,12.343,13.594,15.12,14.884,14.739,13.136
11.858,10.988,14.325,12.343,13.594,15.12,14.884,14.739,13.136,12.805
10.988,14.325,12.343,13.594,15.12,14.884,14.739,13.136,12.805,12.854
14.325,12.343,13.594,15.12,14.884,14.739,13.136,12.805,12.854,11.488
12.343,13.594,15.12,14.884,14.739,13.136,12.805,12.854,11.488,13.24
13.594,15.12,14.884,14.739,13.136,12.805,12.854,11.488,13.24,11.9
15.12,14.884,14.739,13.136,12.805,12.854,11.488,13.24,11.9,9.303
14.884,14.739,13.136,12.805,12.854,11.488,13.24,11.9,9.303,18.852
14.739,13.136,12.805,12.854,11.488,13.24,11.9,9.303,18.852,14.712
13.136,12.805,12.854,11.488,13.24,11.9,9.303,18.852,14.712,12.588
12.805,12.854,11.488,13.24,11.9,9.303,18.852,14.712,12.588,12.333
12.854,11.488,13.24,11.9,9.303,18.852,14.712,12.588,12.333,11.133
11.488,13.24,11.9,9.303,18.852,14.712,12.588,12.333,11.133,7.216
13.24,11.9,9.303,18.852,14.712,12.588,12.333,11.133,7.216,9.167
11.9,9.303,18.852,14.712,12.588,12.333,11.133,7.216,9.167,9.8
9.303,18.852,14.712,12.588,12.333,11.133,7.216,9.167,9.8,7.809
18.852,14.712,12.588,12.333,11.133,7.216,9.167,9.8,7.809,12.461
14.712,12.588,12.333,11.133,7.216,9.167,9.8,7.809,12.461,8.847
12.588,12.333,11.133,7.216,9.167,9.8,7.809,12.461,8.847,8.768
12.333,11.133,7.216,9.167,9.8,7.809,12.461,8.847,8.768,15.753
11.133,7.216,9.167,9.8,7.809,12.461,8.847,8.768,15.753,23.661
7.216,9.167,9.8,7.809,12.461,8.847,8.768,15.753,23.661,19.551
9.167,9.8,7.809,12.461,8.847,8.768,15.753,23.661,19.551,15.583
9.8,7.809,12.461,8.847,8.768,15.753,23.661,19.551,15.583,13.058
7.809,12.461,8.847,8.768,15.753,23.661,19.551,15.583,13.058,18.524
12.461,8.847,8.768,15.753,23.661,19.551,15.583,13.058,18.524,22.693
8.847,8.768,15.753,23.661,19.551,15.583,13.058,18.524,22.693,17.289
8.768,15.753,23.661,19.551,15.583,13.058,18.524,22.693,17.289,20.229
15.753,23.661,19.551,15.583,13.058,18.524,22.693,17.289,20.229,18.688
23.661,19.551,15.583,13.058,18.524,22.693,17.289,20.229,18.688,17.406
19.551,15.583,13.058,18.524,22.693,17.289,20.229,18.688,17.406,17.584
15.583,13.058,18.524,22.693,17.289,20.229,18.688,17.406,17.584,12.734
13.058,18.524,22.693,17.289,20.229,18.688,17.406,17.584,12.734,11.007
18.524,22.693,17.289,20.229,18.688,17.406,17.584,12.734,11.007,11.494
22.693,17.289,20.229,18.688,17.406,17.584,12.734,11.007,11.494,9.182
17.289,20.229,18.688,17.406,17.584,12.734,11.007,11.494,9.182,10.486
20.229,18.688,17.406,17.584,12.734,11.007,11.494,9.182,10.486,9.359
18.688,17.406,17.584,12.734,11.007,11.494,9.182,10.486,9.359,8.643
17.406,17.584,12.734,11.007,11.494,9.182,10.486,9.359,8.643,12.379
17.584,12.734,11.007,11.494,9.182,10.486,9.359,8.643,12.379,11.107
12.734,11.007,11.494,9.182,10.486,9.359,8.643,12.379,11.107,11.434
11.007,11.494,9.182,10.486,9.359,8.643,12.379,11.107,11.434,16.097
11.494,9.182,10.486,9.359,8.643,12.379,11.107,11.434,16.097,20.994
9.182,10.486,9.359,8.643,12.379,11.107,11.434,16.097,20.994,15.747
10.486,9.359,8.643,12.379,11.107,11.434,16.097,20.994,15.747,15.134
9.359,8.643,12.379,11.107,11.434,16.097,20.994,15.747,15.134,13.254
8.643,12.379,11.107,11.434,16.097,20.994,15.747,15.134,13.254,12.283
12.379,11.107,11.434,16.097,20.994,15.747,15.134,13.254,12.283,9.463
11.107,11.434,16.097,20.994,15.747,15.134,13.254,12.283,9.463,12.221
11.434,16.097,20.994,15.747,15.134,13.254,12.283,9.463,12.221,15.321
16.097,20.994,15.747,15.134,13.254,12.283,9.463,12.221,15.321,17.915
20.994,15.747,15.134,13.254,12.283,9.463,12.221,15.321,17.915,14.873
15.747,15.134,13.254,12.283,9.463,12.221,15.321,17.915,14.873,12.853
15.134,13.254,12.283,9.463,12.221,15.321,17.915,14.873,12.853,23.446
13.254,12.283,9.463,12.221,15.321,17.915,14.873,12.853,23.446,26.153
12.283,9.463,12.221,15.321,17.915,14.873,12.853,23.446,26.153,19.012
9.463,12.221,15.321,17.915,14.873,12.853,23.446,26.153,19.012,20.551
12.221,15.321,17.915,14.873,12.853,23.446,26.153,19.012,20.551,20.499
15.321,17.915,14.873,12.853,23.446,26.153,19.012,20.551,20.499,18.47
17.915,14.873,12.853,23.446,26.153,19.012,20.551,20.499,18.47,16.289
14.873,12.853,23.446,26.153,19.012,20.551,20.499,18.47,16.289,15.746
12.853,23.446,26.153,19.012,20.551,20.499,18.47,16.289,15.746,17.088
23.446,26.153,19.012,20.551,20.499,18.47,16.289,15.746,17.088,15.437
26.153,19.012,20.551,20.499,18.47,16.289,15.746,17.088,15.437,14.831
19.012,20.551,20.499,18.47,16.289,15.746,17.088,15.437,14.831,16.584
20.551,20.499,18.47,16.289,15.746,17.088,15.437,14.831,16.584,22.59
20.499,18.47,16.289,15.746,17.088,15.437,14.831,16.584,22.59,41.422
18.47,16.289,15.746,17.088,15.437,14.831,16.584,22.59,41.422,34.127
16.289,15.746,17.088,15.437,14.831,16.584,22.59,41.422,34.127,24.086
15.746,17.088,15.437,14.831,16.584,22.59,41.422,34.127,24.086,21.817
17.088,15.437,14.831,16.584,22.59,41.422,34.127,24.086,21.817,24.948
15.437,14.831,16.584,22.59,41.422,34.127,24.086,21.817,24.948,19.74
14.831,16.584,22.59,41.422,34.127,24.086,21.817,24.948,19.74,24.217
16.584,22.59,41.422,34.127,24.086,21.817,24.948,19.74,24.217,37.131
22.59,41.422,34.127,24.086,21.817,24.948,19.74,24.217,37.131,56.178
41.422,34.127,24.086,21.817,24.948,19.74,24.217,37.131,56.178,42.397
34.127,24.086,21.817,24.948,19.74,24.217,37.131,56.178,42.397,35.25
24.086,21.817,24.948,19.74,24.217,37.131,56.178,42.397,35.25,33.242
21.817,24.948,19.74,24.217,37.131,56.178,42.397,35.25,33.242,26.703
24.948,19.74,24.217,37.131,56.178,42.397,35.25,33.242,26.703,21.641
19.74,24.217,37.131,56.178,42.397,35.25,33.242,26.703,21.641,16.308
24.217,37.131,56.178,42.397,35.25,33.242,26.703,21.641,16.308,16.028
37.131,56.178,42.397,35.25,33.242,26.703,21.641,16.308,16.028,12.739
56.178,42.397,35.25,33.242,26.703,21.641,16.308,16.028,12.739,13.766
42.397,35.25,33.242,26.703,21.641,16.308,16.028,12.739,13.766,12.92
35.25,33.242,26.703,21.641,16.308,16.028,12.739,13.766,12.92,12.478
33.242,26.703,21.641,16.308,16.028,12.739,13.766,12.92,12.478,11.068
26.703,21.641,16.308,16.028,12.739,13.766,12.92,12.478,11.068,12.483
21.641,16.308,16.028,12.739,13.766,12.92,12.478,11.068,12.483,11.914
16.308,16.028,12.739,13.766,12.92,12.478,11.068,12.483,11.914,10.701
16.028,12.739,13.766,12.92,12.478,11.068,12.483,11.914,10.701,10.669
12.739,13.766,12.92,12.478,11.068,12.483,11.914,10.701,10.669,13.99
13.766,12.92,12.478,11.068,12.483,11.914,10.701,10.669,13.99,23.58
12.92,12.478,11.068,12.483,11.914,10.701,10.669,13.99,23.58,29.146
12.478,11.068,12.483,11.914,10.701,10.669,13.99,23.58,29.146,27.75
11.068,12.483,11.914,10.701,10.669,13.99,23.58,29.146,27.75,35.87
12.483,11.914,10.701,10.669,13.99,23.58,29.146,27.75,35.87,37.176
11.914,10.701,10.669,13.99,23.58,29.146,27.75,35.87,37.176,39.899
10.701,10.669,13.99,23.58,29.146,27.75,35.87,37.176,39.899,40.095
10.669,13.99,23.58,29.146,27.75,35.87,37.176,39.899,40.095,30.122
13.99,23.58,29.146,27.75,35.87,37.176,39.899,40.095,30.122,25.702
23.58,29.146,27.75,35.87,37.176,39.899,40.095,30.122,25.702,22.767
29.146,27.75,35.87,37.176,39.899,40.095,30.122,25.702,22.767,18.824
27.75,35.87,37.176,39.899,40.095,30.122,25.702,22.767,18.824,18.284
35.87,37.176,39.899,40.095,30.122,25.702,22.767,18.824,18.284,19.331
37.176,39.899,40.095,30.122,25.702,22.767,18.824,18.284,19.331,19.911
39.899,40.095,30.122,25.702,22.767,18.824,18.284,19.331,19.911,16.448
40.095,30.122,25.702,22.767,18.824,18.284,19.331,19.911,16.448,14.484
30.122,25.702,22.767,18.824,18.284,19.331,19.911,16.448,14.484,13.278
25.702,22.767,18.824,18.284,19.331,19.911,16.448,14.484,13.278,11.854
22.767,18.824,18.284,19.331,19.911,16.448,14.484,13.278,11.854,13.118
18.824,18.284,19.331,19.911,16.448,14.484,13.278,11.854,13.118,14.444
18.284,19.331,19.911,16.448,14.484,13.278,11.854,13.118,14.444,15.97
19.331,19.911,16.448,14.484,13.278,11.854,13.118,14.444,15.97,22.362
19.911,16.448,14.484,13.278,11.854,13.118,14.444,15.97,22.362,23.626
16.448,14.484,13.278,11.854,13.118,14.444,15.97,22.362,23.626,22.282
14.484,13.278,11.854,13.118,14.444,15.97,22.362,23.626,22.282,19.265
13.278,11.854,13.118,14.444,15.97,22.362,23.626,22.282,19.265,17.925
11.854,13.118,14.444,15.97,22.362,23.626,22.282,19.265,17.925,14.815
13.118,14.444,15.97,22.362,23.626,22.282,19.265,17.925,14.815,12.256
14.444,15.97,22.362,23.626,22.282,19.265,17.925,14.815,12.256,11.604
15.97,22.362,23.626,22.282,19.265,17.925,14.815,12.256,11.604,10.981
22.362,23.626,22.282,19.265,17.925,14.815,12.256,11.604,10.981,10.132
23.626,22.282,19.265,17.925,14.815,12.256,11.604,10.981,10.132,10.585
22.282,19.265,17.925,14.815,12.256,11.604,10.981,10.132,10.585,12.13
19.265,17.925,14.815,12.256,11.604,10.981,10.132,10.585,12.13,9.754
17.925,14.815,12.256,11.604,10.981,10.132,10.585,12.13,9.754,11.724
14.815,12.256,11.604,10.981,10.132,10.585,12.13,9.754,11.724,9.904
12.256,11.604,10.981,10.132,10.585,12.13,9.754,11.724,9.904,11.085
11.604,10.981,10.132,10.585,12.13,9.754,11.724,9.904,11.085,9.002
10.981,10.132,10.585,12.13,9.754,11.724,9.904,11.085,9.002,11.902
10.132,10.585,12.13,9.754,11.724,9.904,11.085,9.002,11.902,12.725
10.585,12.13,9.754,11.724,9.904,11.085,9.002,11.902,12.725,13.048
12.13,9.754,11.724,9.904,11.085,9.002,11.902,12.725,13.048,11.849
9.754,11.724,9.904,11.085,9.002,11.902,12.725,13.048,11.849,13.048
11.724,9.904,11.085,9.002,11.902,12.725,13.048,11.849,13.048,13.942
9.904,11.085,9.002,11.902,12.725,13.048,11.849,13.048,13.942,11.022
11.085,9.002,11.902,12.725,13.048,11.849,13.048,13.942,11.022,11.609
9.002,11.902,12.725,13.048,11.849,13.048,13.942,11.022,11.609,13.944
11.902,12.725,13.048,11.849,13.048,13.942,11.022,11.609,13.944,12.588
12.725,13.048,11.849,13.048,13.942,11.022,11.609,13.944,12.588,12.791
13.048,11.849,13.048,13.942,11.022,11.609,13.944,12.588,12.791,11.424
11.849,13.048,13.942,11.022,11.609,13.944,12.588,12.791,11.424,12.604
13.048,13.942,11.022,11.609,13.944,12.588,12.791,11.424,12.604,11.426
13.942,11.022,11.609,13.944,12.588,12.791,11.424,12.604,11.426,13.972
11.022,11.609,13.944,12.588,12.791,11.424,12.604,11.426,13.972,15.109
11.609,13.944,12.588,12.791,11.424,12.604,11.426,13.972,15.109,17.538
13.944,12.588,12.791,11.424,12.604,11.426,13.972,15.109,17.538,16.8
12.588,12.791,11.424,12.604,11.426,13.972,15.109,17.538,16.8,20.196
12.791,11.424,12.604,11.426,13.972,15.109,17.538,16.8,20.196,20.389
11.424,12.604,11.426,13.972,15.109,17.538,16.8,20.196,20.389,17.535
12.604,11.426,13.972,15.109,17.538,16.8,20.196,20.389,17.535,17.669
11.426,13.972,15.109,17.538,16.8,20.196,20.389,17.535,17.669,18.387
13.972,15.109,17.538,16.8,20.196,20.389,17.535,17.669,18.387,17
15.109,17.538,16.8,20.196,20.389,17.535,17.669,18.387,17,17
17.538,16.8,20.196,20.389,17.535,17.669,18.387,17,17,17
16.8,20.196,20.389,17.535,17.669,18.387,17,17,17,16.252
20.196,20.389,17.535,17.669,18.387,17,17,17,16.252,18.308
20.389,17.535,17.669,18.387,17,17,17,16.252,18.308,17.84
17.535,17.669,18.387,17,17,17,16.252,18.308,17.84,18.204
17.669,18.387,17,17,17,16.252,18.308,17.84,18.204,17
18.387,17,17,17,16.252,18.308,17.84,18.204,17,15.796
17,17,17,16.252,18.308,17.84,18.204,17,15.796,17
17,17,16.252,18.308,17.84,18.204,17,15.796,17,16.16
17,16.252,18.308,17.84,18.204,17,15.796,17,16.16,17.84
16.252,18.308,17.84,18.204,17,15.796,17,16.16,17.84,17
18.308,17.84,18.204,17,15.796,17,16.16,17.84,17,14.213
17.84,18.204,17,15.796,17,16.16,17.84,17,14.213,15.023
18.204,17,15.796,17,16.16,17.84,17,14.213,15.023,13.787
17,15.796,17,16.16,17.84,17,14.213,15.023,13.787,13.214
15.796,17,16.16,17.84,17,14.213,15.023,13.787,13.214,10.943
17,16.16,17.84,17,14.213,15.023,13.787,13.214,10.943,12.703
16.16,17.84,17,14.213,15.023,13.787,13.214,10.943,12.703,10.518
17.84,17,14.213,15.023,13.787,13.214,10.943,12.703,10.518,10.239
17,14.213,15.023,13.787,13.214,10.943,12.703,10.518,10.239,9.043
14.213,15.023,13.787,13.214,10.943,12.703,10.518,10.239,9.043,12.275
15.023,13.787,13.214,10.943,12.703,10.518,10.239,9.043,12.275,11.382
13.787,13.214,10.943,12.703,10.518,10.239,9.043,12.275,11.382,13.936
13.214,10.943,12.703,10.518,10.239,9.043,12.275,11.382,13.936,16.574
10.943,12.703,10.518,10.239,9.043,12.275,11.382,13.936,16.574,22.086
12.703,10.518,10.239,9.043,12.275,11.382,13.936,16.574,22.086,20.762
10.518,10.239,9.043,12.275,11.382,13.936,16.574,22.086,20.762,18.316
10.239,9.043,12.275,11.382,13.936,16.574,22.086,20.762,18.316,16.881
9.043,12.275,11.382,13.936,16.574,22.086,20.762,18.316,16.881,16.985
12.275,11.382,13.936,16.574,22.086,20.762,18.316,16.881,16.985,12.91
11.382,13.936,16.574,22.086,20.762,18.316,16.881,16.985,12.91,12.026
13.936,16.574,22.086,20.762,18.316,16.881,16.985,12.91,12.026,15.194
16.574,22.086,20.762,18.316,16.881,16.985,12.91,12.026,15.194,19.871
22.086,20.762,18.316,16.881,16.985,12.91,12.026,15.194,19.871,33.919
20.762,18.316,16.881,16.985,12.91,12.026,15.194,19.871,33.919,31.53
18.316,16.881,16.985,12.91,12.026,15.194,19.871,33.919,31.53,32.343
16.881,16.985,12.91,12.026,15.194,19.871,33.919,31.53,32.343,25.716
16.985,12.91,12.026,15.194,19.871,33.919,31.53,32.343,25.716,24.848
12.91,12.026,15.194,19.871,33.919,31.53,32.343,25.716,24.848,23.958
12.026,15.194,19.871,33.919,31.53,32.343,25.716,24.848,23.958,23.831
15.194,19.871,33.919,31.53,32.343,25.716,24.848,23.958,23.831,22.296
19.871,33.919,31.53,32.343,25.716,24.848,23.958,23.831,22.296,26.433
33.919,31.53,32.343,25.716,24.848,23.958,23.831,22.296,26.433,31.746
31.53,32.343,25.716,24.848,23.958,23.831,22.296,26.433,31.746,28.963
32.343,25.716,24.848,23.958,23.831,22.296,26.433,31.746,28.963,26.328
25.716,24.848,23.958,23.831,22.296,26.433,31.746,28.963,26.328,23.204
24.848,23.958,23.831,22.296,26.433,31.746,28.963,26.328,23.204,21.942
23.958,23.831,22.296,26.433,31.746,28.963,26.328,23.204,21.942,19.11
23.831,22.296,26.433,31.746,28.963,26.328,23.204,21.942,19.11,18.514
22.296,26.433,31.746,28.963,26.328,23.204,21.942,19.11,18.514,22.943
26.433,31.746,28.963,26.328,23.204,21.942,19.11,18.514,22.943,21.595
31.746,28.963,26.328,23.204,21.942,19.11,18.514,22.943,21.595,18.206
28.963,26.328,23.204,21.942,19.11,18.514,22.943,21.595,18.206,17.812
26.328,23.204,21.942,19.11,18.514,22.943,21.595,18.206,17.812,18.677
23.204,21.942,19.11,18.514,22.943,21.595,18.206,17.812,18.677,16.355
21.942,19.11,18.514,22.943,21.595,18.206,17.812,18.677,16.355,15.123
19.11,18.514,22.943,21.595,18.206,17.812,18.677,16.355,15.123,15.677
18.514,22.943,21.595,18.206,17.812,18.677,16.355,15.123,15.677,11.896
22.943,21.595,18.206,17.812,18.677,16.355,15.123,15.677,11.896,7.813
21.595,18.206,17.812,18.677,16.355,15.123,15.677,11.896,7.813,12.37
18.206,17.812,18.677,16.355,15.123,15.677,11.896,7.813,12.37,12.926
17.812,18.677,16.355,15.123,15.677,11.896,7.813,12.37,12.926,18.226
18.677,16.355,15.123,15.677,11.896,7.813,12.37,12.926,18.226,16.812
16.355,15.123,15.677,11.896,7.813,12.37,12.926,18.226,16.812,12.84
15.123,15.677,11.896,7.813,12.37,12.926,18.226,16.812,12.84,10.842
15.677,11.896,7.813,12.37,12.926,18.226,16.812,12.84,10.842,12.755
11.896,7.813,12.37,12.926,18.226,16.812,12.84,10.842,12.755,11.094
7.813,12.37,12.926,18.226,16.812,12.84,10.842,12.755,11.094,15.772
12.37,12.926,18.226,16.812,12.84,10.842,12.755,11.094,15.772,12.885
12.926,18.226,16.812,12.84,10.842,12.755,11.094,15.772,12.885,17.699
18.226,16.812,12.84,10.842,12.755,11.094,15.772,12.885,17.699,16.304
16.812,12.84,10.842,12.755,11.094,15.772,12.885,17.699,16.304,10.053
12.84,10.842,12.755,11.094,15.772,12.885,17.699,16.304,10.053,5.388
10.842,12.755,11.094,15.772,12.885,17.699,16.304,10.053,5.388,13.216
12.755,11.094,15.772,12.885,17.699,16.304,10.053,5.388,13.216,12.684
11.094,15.772,12.885,17.699,16.304,10.053,5.388,13.216,12.684,11.449
15.772,12.885,17.699,16.304,10.053,5.388,13.216,12.684,11.449,9.574
12.885,17.699,16.304,10.053,5.388,13.216,12.684,11.449,9.574,11.575
17.699,16.304,10.053,5.388,13.216,12.684,11.449,9.574,11.575,11.428
16.304,10.053,5.388,13.216,12.684,11.449,9.574,11.575,11.428,12.076
10.053,5.388,13.216,12.684,11.449,9.574,11.575,11.428,12.076,10.662
5.388,13.216,12.684,11.449,9.574,11.575,11.428,12.076,10.662,11.873
13.216,12.684,11.449,9.574,11.575,11.428,12.076,10.662,11.873,11.394
12.684,11.449,9.574,11.575,11.428,12.076,10.662,11.873,11.394,11.398
11.449,9.574,11.575,11.428,12.076,10.662,11.873,11.394,11.398,11.837
9.574,11.575,11.428,12.076,10.662,11.873,11.394,11.398,11.837,12.036
11.575,11.428,12.076,10.662,11.873,11.394,11.398,11.837,12.036,12.615
11.428,12.076,10.662,11.873,11.394,11.398,11.837,12.036,12.615,18.366
12.076,10.662,11.873,11.394,11.398,11.837,12.036,12.615,18.366,18.015
10.662,11.873,11.394,11.398,11.837,12.036,12.615,18.366,18.015,17.665
11.873,11.394,11.398,11.837,12.036,12.615,18.366,18.015,17.665,13.709
11.394,11.398,11.837,12.036,12.615,18.366,18.015,17.665,13.709,12.876
11.398,11.837,12.036,12.615,18.366,18.015,17.665,13.709,12.876,10.877
11.837,12.036,12.615,18.366,18.015,17.665,13.709,12.876,10.877,13.152
12.036,12.615,18.366,18.015,17.665,13.709,12.876,10.877,13.152,12.28
12.615,18.366,18.015,17.665,13.709,12.876,10.877,13.152,12.28,15.334
18.366,18.015,17.665,13.709,12.876,10.877,13.152,12.28,15.334,23.179
18.015,17.665,13.709,12.876,10.877,13.152,12.28,15.334,23.179,29.958
17.665,13.709,12.876,10.877,13.152,12.28,15.334,23.179,29.958,32.584
13.709,12.876,10.877,13.152,12.28,15.334,23.179,29.958,32.584,36.217
12.876,10.877,13.152,12.28,15.334,23.179,29.958,32.584,36.217,31.626
10.877,13.152,12.28,15.334,23.179,29.958,32.584,36.217,31.626,30.569
13.152,12.28,15.334,23.179,29.958,32.584,36.217,31.626,30.569,27.258
12.28,15.334,23.179,29.958,32.584,36.217,31.626,30.569,27.258,20.981
15.334,23.179,29.958,32.584,36.217,31.626,30.569,27.258,20.981,19.723
23.179,29.958,32.584,36.217,31.626,30.569,27.258,20.981,19.723,18.024
29.958,32.584,36.217,31.626,30.569,27.258,20.981,19.723,18.024,15.539
32.584,36.217,31.626,30.569,27.258,20.981,19.723,18.024,15.539,15.95
36.217,31.626,30.569,27.258,20.981,19.723,18.024,15.539,15.95,16.116
31.626,30.569,27.258,20.981,19.723,18.024,15.539,15.95,16.116,16.157
30.569,27.258,20.981,19.723,18.024,15.539,15.95,16.116,16.157,14.729
27.258,20.981,19.723,18.024,15.539,15.95,16.116,16.157,14.729,16.147
20.981,19.723,18.024,15.539,15.95,16.116,16.157,14.729,16.147,14.913
19.723,18.024,15.539,15.95,16.116,16.157,14.729,16.147,14.913,14.685
18.024,15.539,15.95,16.116,16.157,14.729,16.147,14.913,14.685,14.374
15.539,15.95,16.116,16.157,14.729,16.147,14.913,14.685,14.374,13.748
15.95,16.116,16.157,14.729,16.147,14.913,14.685,14.374,13.748,16.617
16.116,16.157,14.729,16.147,14.913,14.685,14.374,13.748,16.617,49.615
16.157,14.729,16.147,14.913,14.685,14.374,13.748,16.617,49.615,68.564
14.729,16.147,14.913,14.685,14.374,13.748,16.617,49.615,68.564,47.863
16.147,14.913,14.685,14.374,13.748,16.617,49.615,68.564,47.863,37.506
14.913,14.685,14.374,13.748,16.617,49.615,68.564,47.863,37.506,33.985
14.685,14.374,13.748,16.617,49.615,68.564,47.863,37.506,33.985,33.958
14.374,13.748,16.617,49.615,68.564,47.863,37.506,33.985,33.958,32.642
13.748,16.617,49.615,68.564,47.863,37.506,33.985,33.958,32.642,31.558
16.617,49.615,68.564,47.863,37.506,33.985,33.958,32.642,31.558,30.141
49.615,68.564,47.863,37.506,33.985,33.958,32.642,31.558,30.141,30.023
68.564,47.863,37.506,33.985,33.958,32.642,31.558,30.141,30.023,35.676
47.863,37.506,33.985,33.958,32.642,31.558,30.141,30.023,35.676,43.951
37.506,33.985,33.958,32.642,31.558,30.141,30.023,35.676,43.951,43.11
33.985,33.958,32.642,31.558,30.141,30.023,35.676,43.951,43.11,37.66
33.958,32.642,31.558,30.141,30.023,35.676,43.951,43.11,37.66,39.355
32.642,31.558,30.141,30.023,35.676,43.951,43.11,37.66,39.355,43.049
31.558,30.141,30.023,35.676,43.951,43.11,37.66,39.355,43.049,101.096
30.141,30.023,35.676,43.951,43.11,37.66,39.355,43.049,101.096,226.24
30.023,35.676,43.951,43.11,37.66,39.355,43.049,101.096,226.24,277.363
35.676,43.951,43.11,37.66,39.355,43.049,101.096,226.24,277.363,267.834
43.951,43.11,37.66,39.355,43.049,101.096,226.24,277.363,267.834,253.208
43.11,37.66,39.355,43.049,101.096,226.24,277.363,267.834,253.208,323.438
37.66,39.355,43.049,101.096,226.24,277.363,267.834,253.208,323.438,368.021
39.355,43.049,101.096,226.24,277.363,267.834,253.208,323.438,368.021,321.762
43.049,101.096,226.24,277.363,267.834,253.208,323.438,368.021,321.762,285.034
101.096,226.24,277.363,267.834,253.208,323.438,368.021,321.762,285.034,233.371
226.24,277.363,267.834,253.208,323.438,368.021,321.762,285.034,233.371,194.748
277.363,267.834,253.208,323.438,368.021,321.762,285.034,233.371,194.748,163.625
267.834,253.208,323.438,368.021,321.762,285.034,233.371,194.748,163.625,138.757
253.208,323.438,368.021,321.762,285.034,233.371,194.748,163.625,138.757,117.133
323.438,368.021,321.762,285.034,233.371,194.748,163.625,138.757,117.133,110.611
368.021,321.762,285.034,233.371,194.748,163.625,138.757,117.133,110.611,105.737
321.762,285.034,233.371,194.748,163.625,138.757,117.133,110.611,105.737,95.21
285.034,233.371,194.748,163.625,138.757,117.133,110.611,105.737,95.21,87.765
233.371,194.748,163.625,138.757,117.133,110.611,105.737,95.21,87.765,81.549
194.748,163.625,138.757,117.133,110.611,105.737,95.21,87.765,81.549,99.075
163.625,138.757,117.133,110.611,105.737,95.21,87.765,81.549,99.075,99.937
138.757,117.133,110.611,105.737,95.21,87.765,81.549,99.075,99.937,115.724
117.133,110.611,105.737,95.21,87.765,81.549,99.075,99.937,115.724,149.347
110.611,105.737,95.21,87.765,81.549,99.075,99.937,115.724,149.347,138.452
105.737,95.21,87.765,81.549,99.075,99.937,115.724,149.347,138.452,121.101
95.21,87.765,81.549,99.075,99.937,115.724,149.347,138.452,121.101,111.613
87.765,81.549,99.075,99.937,115.724,149.347,138.452,121.101,111.613,103.195
81.549,99.075,99.937,115.724,149.347,138.452,121.101,111.613,103.195,92.245
99.075,99.937,115.724,149.347,138.452,121.101,111.613,103.195,92.245,85.755
99.937,115.724,149.347,138.452,121.101,111.613,103.195,92.245,85.755,82.492
115.724,149.347,138.452,121.101,111.613,103.195,92.245,85.755,82.492,74.576
149.347,138.452,121.101,111.613,103.195,92.245,85.755,82.492,74.576,77.812
138.452,121.101,111.613,103.195,92.245,85.755,82.492,74.576,77.812,73.477
121.101,111.613,103.195,92.245,85.755,82.492,74.576,77.812,73.477,86.292
111.613,103.195,92.245,85.755,82.492,74.576,77.812,73.477,86.292,87.229
103.195,92.245,85.755,82.492,74.576,77.812,73.477,86.292,87.229,79.254
92.245,85.755,82.492,74.576,77.812,73.477,86.292,87.229,79.254,64.612
85.755,82.492,74.576,77.812,73.477,86.292,87.229,79.254,64.612,55.243
82.492,74.576,77.812,73.477,86.292,87.229,79.254,64.612,55.243,51.271
74.576,77.812,73.477,86.292,87.229,79.254,64.612,55.243,51.271,47.574
77.812,73.477,86.292,87.229,79.254,64.612,55.243,51.271,47.574,42.464
73.477,86.292,87.229,79.254,64.612,55.243,51.271,47.574,42.464,39.586
86.292,87.229,79.254,64.612,55.243,51.271,47.574,42.464,39.586,35.943
87.229,79.254,64.612,55.243,51.271,47.574,42.464,39.586,35.943,34.462
79.254,64.612,55.243,51.271,47.574,42.464,39.586,35.943,34.462,31.877
64.612,55.243,51.271,47.574,42.464,39.586,35.943,34.462,31.877,30.107
55.243,51.271,47.574,42.464,39.586,35.943,34.462,31.877,30.107,28.015
51.271,47.574,42.464,39.586,35.943,34.462,31.877,30.107,28.015,23.491
47.574,42.464,39.586,35.943,34.462,31.877,30.107,28.015,23.491,24.402
42.464,39.586,35.943,34.462,31.877,30.107,28.015,23.491,24.402,23.587
39.586,35.943,34.462,31.877,30.107,28.015,23.491,24.402,23.587,23.117
35.943,34.462,31.877,30.107,28.015,23.491,24.402,23.587,23.117,24.279
34.462,31.877,30.107,28.015,23.491,24.402,23.587,23.117,24.279,25.893
31.877,30.107,28.015,23.491,24.402,23.587,23.117,24.279,25.893,29.685
30.107,28.015,23.491,24.402,23.587,23.117,24.279,25.893,29.685,32.396
28.015,23.491,24.402,23.587,23.117,24.279,25.893,29.685,32.396,29.567
23.491,24.402,23.587,23.117,24.279,25.893,29.685,32.396,29.567,27.145
24.402,23.587,23.117,24.279,25.893,29.685,32.396,29.567,27.145,29.275
23.587,23.117,24.279,25.893,29.685,32.396,29.567,27.145,29.275,25.67
23.117,24.279,25.893,29.685,32.396,29.567,27.145,29.275,25.67,14.694
24.279,25.893,29.685,32.396,29.567,27.145,29.275,25.67,14.694,25.999
25.893,29.685,32.396,29.567,27.145,29.275,25.67,14.694,25.999,28.269
29.685,32.396,29.567,27.145,29.275,25.67,14.694,25.999,28.269,70.588
32.396,29.567,27.145,29.275,25.67,14.694,25.999,28.269,70.588,142.016
29.567,27.145,29.275,25.67,14.694,25.999,28.269,70.588,142.016,136.253
27.145,29.275,25.67,14.694,25.999,28.269,70.588,142.016,136.253,142.941
29.275,25.67,14.694,25.999,28.269,70.588,142.016,136.253,142.941,104.075
25.67,14.694,25.999,28.269,70.588,142.016,136.253,142.941,104.075,88.568
14.694,25.999,28.269,70.588,142.016,136.253,142.941,104.075,88.568,80.386
25.999,28.269,70.588,142.016,136.253,142.941,104.075,88.568,80.386,71.277
28.269,70.588,142.016,136.253,142.941,104.075,88.568,80.386,71.277,57.454
70.588,142.016,136.253,142.941,104.075,88.568,80.386,71.277,57.454,54.523
142.016,136.253,142.941,104.075,88.568,80.386,71.277,57.454,54.523,50.358
136.253,142.941,104.075,88.568,80.386,71.277,57.454,54.523,50.358,45.475
142.941,104.075,88.568,80.386,71.277,57.454,54.523,50.358,45.475,43.666
104.075,88.568,80.386,71.277,57.454,54.523,50.358,45.475,43.666,42.841
88.568,80.386,71.277,57.454,54.523,50.358,45.475,43.666,42.841,40.404
80.386,71.277,57.454,54.523,50.358,45.475,43.666,42.841,40.404,36.466
71.277,57.454,54.523,50.358,45.475,43.666,42.841,40.404,36.466,35.864
57.454,54.523,50.358,45.475,43.666,42.841,40.404,36.466,35.864,28.997
54.523,50.358,45.475,43.666,42.841,40.404,36.466,35.864,28.997,27.687
50.358,45.475,43.666,42.841,40.404,36.466,35.864,28.997,27.687,21.974
45.475,43.666,42.841,40.404,36.466,35.864,28.997,27.687,21.974,27.942
43.666,42.841,40.404,36.466,35.864,28.997,27.687,21.974,27.942,13.476
42.841,40.404,36.466,35.864,28.997,27.687,21.974,27.942,13.476,24.525
40.404,36.466,35.864,28.997,27.687,21.974,27.942,13.476,24.525,22.409
36.466,35.864,28.997,27.687,21.974,27.942,13.476,24.525,22.409,23.817
35.864,28.997,27.687,21.974,27.942,13.476,24.525,22.409,23.817,25.24
28.997,27.687,21.974,27.942,13.476,24.525,22.409,23.817,25.24,23.05
27.687,21.974,27.942,13.476,24.525,22.409,23.817,25.24,23.05,19.167
21.974,27.942,13.476,24.525,22.409,23.817,25.24,23.05,19.167,20.017
27.942,13.476,24.525,22.409,23.817,25.24,23.05,19.167,20.017,20.561
13.476,24.525,22.409,23.817,25.24,23.05,19.167,20.017,20.561,18.706
24.525,22.409,23.817,25.24,23.05,19.167,20.017,20.561,18.706,18.634
22.409,23.817,25.24,23.05,19.167,20.017,20.561,18.706,18.634,24.089
23.817,25.24,23.05,19.167,20.017,20.561,18.706,18.634,24.089,23.001
25.24,23.05,19.167,20.017,20.561,18.706,18.634,24.089,23.001,30.228
23.05,19.167,20.017,20.561,18.706,18.634,24.089,23.001,30.228,47.401
19.167,20.017,20.561,18.706,18.634,24.089,23.001,30.228,47.401,36.665
20.017,20.561,18.706,18.634,24.089,23.001,30.228,47.401,36.665,22.356
20.561,18.706,18.634,24.089,23.001,30.228,47.401,36.665,22.356,18.529
18.706,18.634,24.089,23.001,30.228,47.401,36.665,22.356,18.529,17.28
18.634,24.089,23.001,30.228,47.401,36.665,22.356,18.529,17.28,17.549
24.089,23.001,30.228,47.401,36.665,22.356,18.529,17.28,17.549,18.429
23.001,30.228,47.401,36.665,22.356,18.529,17.28,17.549,18.429,26.589
30.228,47.401,36.665,22.356,18.529,17.28,17.549,18.429,26.589,26.483
47.401,36.665,22.356,18.529,17.28,17.549,18.429,26.589,26.483,26.377
36.665,22.356,18.529,17.28,17.549,18.429,26.589,26.483,26.377,23.747
22.356,18.529,17.28,17.549,18.429,26.589,26.483,26.377,23.747,18.302
18.529,17.28,17.549,18.429,26.589,26.483,26.377,23.747,18.302,21.293
17.28,17.549,18.429,26.589,26.483,26.377,23.747,18.302,21.293,18.342
17.549,18.429,26.589,26.483,26.377,23.747,18.302,21.293,18.342,16.795
18.429,26.589,26.483,26.377,23.747,18.302,21.293,18.342,16.795,15.622
26.589,26.483,26.377,23.747,18.302,21.293,18.342,16.795,15.622,17.388
26.483,26.377,23.747,18.302,21.293,18.342,16.795,15.622,17.388,12.884
26.377,23.747,18.302,21.293,18.342,16.795,15.622,17.388,12.884,10.286
23.747,18.302,21.293,18.342,16.795,15.622,17.388,12.884,10.286,5.655
18.302,21.293,18.342,16.795,15.622,17.388,12.884,10.286,5.655,8.554
21.293,18.342,16.795,15.622,17.388,12.884,10.286,5.655,8.554,7.741
18.342,16.795,15.622,17.388,12.884,10.286,5.655,8.554,7.741,10.535
16.795,15.622,17.388,12.884,10.286,5.655,8.554,7.741,10.535,15.052
15.622,17.388,12.884,10.286,5.655,8.554,7.741,10.535,15.052,12.19
17.388,12.884,10.286,5.655,8.554,7.741,10.535,15.052,12.19,9.907
12.884,10.286,5.655,8.554,7.741,10.535,15.052,12.19,9.907,10.605
10.286,5.655,8.554,7.741,10.535,15.052,12.19,9.907,10.605,13.615
5.655,8.554,7.741,10.535,15.052,12.19,9.907,10.605,13.615,24.382
8.554,7.741,10.535,15.052,12.19,9.907,10.605,13.615,24.382,18.923
7.741,10.535,15.052,12.19,9.907,10.605,13.615,24.382,18.923,16.144
10.535,15.052,12.19,9.907,10.605,13.615,24.382,18.923,16.144,16.354
15.052,12.19,9.907,10.605,13.615,24.382,18.923,16.144,16.354,14.612
12.19,9.907,10.605,13.615,24.382,18.923,16.144,16.354,14.612,16.315
9.907,10.605,13.615,24.382,18.923,16.144,16.354,14.612,16.315,15.25
10.605,13.615,24.382,18.923,16.144,16.354,14.612,16.315,15.25,16.183
13.615,24.382,18.923,16.144,16.354,14.612,16.315,15.25,16.183,35.748
24.382,18.923,16.144,16.354,14.612,16.315,15.25,16.183,35.748,53.233
18.923,16.144,16.354,14.612,16.315,15.25,16.183,35.748,53.233,31.35
16.144,16.354,14.612,16.315,15.25,16.183,35.748,53.233,31.35,23.306
16.354,14.612,16.315,15.25,16.183,35.748,53.233,31.35,23.306,23.96
14.612,16.315,15.25,16.183,35.748,53.233,31.35,23.306,23.96,21.022
16.315,15.25,16.183,35.748,53.233,31.35,23.306,23.96,21.022,20.089
15.25,16.183,35.748,53.233,31.35,23.306,23.96,21.022,20.089,19.392
16.183,35.748,53.233,31.35,23.306,23.96,21.022,20.089,19.392,19.973
35.748,53.233,31.35,23.306,23.96,21.022,20.089,19.392,19.973,17.844
53.233,31.35,23.306,23.96,21.022,20.089,19.392,19.973,17.844,19.942
31.35,23.306,23.96,21.022,20.089,19.392,19.973,17.844,19.942,19.856
23.306,23.96,21.022,20.089,19.392,19.973,17.844,19.942,19.856,15.632
23.96,21.022,20.089,19.392,19.973,17.844,19.942,19.856,15.632,14.043
21.022,20.089,19.392,19.973,17.844,19.942,19.856,15.632,14.043,14.786
20.089,19.392,19.973,17.844,19.942,19.856,15.632,14.043,14.786,13.924
19.392,19.973,17.844,19.942,19.856,15.632,14.043,14.786,13.924,28.235
19.973,17.844,19.942,19.856,15.632,14.043,14.786,13.924,28.235,28.638
17.844,19.942,19.856,15.632,14.043,14.786,13.924,28.235,28.638,17.576
19.942,19.856,15.632,14.043,14.786,13.924,28.235,28.638,17.576,17.542
19.856,15.632,14.043,14.786,13.924,28.235,28.638,17.576,17.542,16.658
15.632,14.043,14.786,13.924,28.235,28.638,17.576,17.542,16.658,15.608
14.043,14.786,13.924,28.235,28.638,17.576,17.542,16.658,15.608,19.184
14.786,13.924,28.235,28.638,17.576,17.542,16.658,15.608,19.184,28.438
13.924,28.235,28.638,17.576,17.542,16.658,15.608,19.184,28.438,27.098
28.235,28.638,17.576,17.542,16.658,15.608,19.184,28.438,27.098,24.361
28.638,17.576,17.542,16.658,15.608,19.184,28.438,27.098,24.361,18.98
17.576,17.542,16.658,15.608,19.184,28.438,27.098,24.361,18.98,17.209
17.542,16.658,15.608,19.184,28.438,27.098,24.361,18.98,17.209,14.798
16.658,15.608,19.184,28.438,27.098,24.361,18.98,17.209,14.798,13.281
15.608,19.184,28.438,27.098,24.361,18.98,17.209,14.798,13.281,12.488
19.184,28.438,27.098,24.361,18.98,17.209,14.798,13.281,12.488,12.114
28.438,27.098,24.361,18.98,17.209,14.798,13.281,12.488,12.114,11.718
27.098,24.361,18.98,17.209,14.798,13.281,12.488,12.114,11.718,12.004
24.361,18.98,17.209,14.798,13.281,12.488,12.114,11.718,12.004,12.089
18.98,17.209,14.798,13.281,12.488,12.114,11.718,12.004,12.089,12.167
17.209,14.798,13.281,12.488,12.114,11.718,12.004,12.089,12.167,10.512
14.798,13.281,12.488,12.114,11.718,12.004,12.089,12.167,10.512,11.467
13.281,12.488,12.114,11.718,12.004,12.089,12.167,10.512,11.467,10.753
12.488,12.114,11.718,12.004,12.089,12.167,10.512,11.467,10.753,10.047
12.114,11.718,12.004,12.089,12.167,10.512,11.467,10.753,10.047,7.802
11.718,12.004,12.089,12.167,10.512,11.467,10.753,10.047,7.802,11.4
12.004,12.089,12.167,10.512,11.467,10.753,10.047,7.802,11.4,8.847
12.089,12.167,10.512,11.467,10.753,10.047,7.802,11.4,8.847,8.586
12.167,10.512,11.467,10.753,10.047,7.802,11.4,8.847,8.586,10.114
10.512,11.467,10.753,10.047,7.802,11.4,8.847,8.586,10.114,9.472
11.467,10.753,10.047,7.802,11.4,8.847,8.586,10.114,9.472,10.441
10.753,10.047,7.802,11.4,8.847,8.586,10.114,9.472,10.441,7.577
10.047,7.802,11.4,8.847,8.586,10.114,9.472,10.441,7.577,12.952
7.802,11.4,8.847,8.586,10.114,9.472,10.441,7.577,12.952,13.188
11.4,8.847,8.586,10.114,9.472,10.441,7.577,12.952,13.188,13.156
8.847,8.586,10.114,9.472,10.441,7.577,12.952,13.188,13.156,14.347
8.586,10.114,9.472,10.441,7.577,12.952,13.188,13.156,14.347,17.902
10.114,9.472,10.441,7.577,12.952,13.188,13.156,14.347,17.902,21.685
9.472,10.441,7.577,12.952,13.188,13.156,14.347,17.902,21.685,17.917
10.441,7.577,12.952,13.188,13.156,14.347,17.902,21.685,17.917,17.97
7.577,12.952,13.188,13.156,14.347,17.902,21.685,17.917,17.97,19.084
12.952,13.188,13.156,14.347,17.902,21.685,17.917,17.97,19.084,15.646
13.188,13.156,14.347,17.902,21.685,17.917,17.97,19.084,15.646,22.019
13.156,14.347,17.902,21.685,17.917,17.97,19.084,15.646,22.019,38.973
14.347,17.902,21.685,17.917,17.97,19.084,15.646,22.019,38.973,33.352
17.902,21.685,17.917,17.97,19.084,15.646,22.019,38.973,33.352,31.277
21.685,17.917,17.97,19.084,15.646,22.019,38.973,33.352,31.277,28.719
17.917,17.97,19.084,15.646,22.019,38.973,33.352,31.277,28.719,25.896
17.97,19.084,15.646,22.019,38.973,33.352,31.277,28.719,25.896,20.264
19.084,15.646,22.019,38.973,33.352,31.277,28.719,25.896,20.264,18.632
15.646,22.019,38.973,33.352,31.277,28.719,25.896,20.264,18.632,22.939
22.019,38.973,33.352,31.277,28.719,25.896,20.264,18.632,22.939,18.781
38.973,33.352,31.277,28.719,25.896,20.264,18.632,22.939,18.781,12.903
33.352,31.277,28.719,25.896,20.264,18.632,22.939,18.781,12.903,8.642
31.277,28.719,25.896,20.264,18.632,22.939,18.781,12.903,8.642,9.88
28.719,25.896,20.264,18.632,22.939,18.781,12.903,8.642,9.88,11.421
25.896,20.264,18.632,22.939,18.781,12.903,8.642,9.88,11.421,14.587
20.264,18.632,22.939,18.781,12.903,8.642,9.88,11.421,14.587,15.63
18.632,22.939,18.781,12.903,8.642,9.88,11.421,14.587,15.63,13.948
22.939,18.781,12.903,8.642,9.88,11.421,14.587,15.63,13.948,15.3
18.781,12.903,8.642,9.88,11.421,14.587,15.63,13.948,15.3,13.103
12.903,8.642,9.88,11.421,14.587,15.63,13.948,15.3,13.103,14.29
8.642,9.88,11.421,14.587,15.63,13.948,15.3,13.103,14.29,13.138
9.88,11.421,14.587,15.63,13.948,15.3,13.103,14.29,13.138,13.529
11.421,14.587,15.63,13.948,15.3,13.103,14.29,13.138,13.529,9.541
14.587,15.63,13.948,15.3,13.103,14.29,13.138,13.529,9.541,10.51
15.63,13.948,15.3,13.103,14.29,13.138,13.529,9.541,10.51,10.946
13.948,15.3,13.103,14.29,13.138,13.529,9.541,10.51,10.946,11.705
15.3,13.103,14.29,13.138,13.529,9.541,10.51,10.946,11.705,14.442
13.103,14.29,13.138,13.529,9.541,10.51,10.946,11.705,14.442,14.666
14.29,13.138,13.529,9.541,10.51,10.946,11.705,14.442,14.666,13.157
13.138,13.529,9.541,10.51,10.946,11.705,14.442,14.666,13.157,13.067
13.529,9.541,10.51,10.946,11.705,14.442,14.666,13.157,13.067,13.297
9.541,10.51,10.946,11.705,14.442,14.666,13.157,13.067,13.297,13.909
10.51,10.946,11.705,14.442,14.666,13.157,13.067,13.297,13.909,15.862
10.946,11.705,14.442,14.666,13.157,13.067,13.297,13.909,15.862,29.042
11.705,14.442,14.666,13.157,13.067,13.297,13.909,15.862,29.042,38.27
14.442,14.666,13.157,13.067,13.297,13.909,15.862,29.042,38.27,21.665
14.666,13.157,13.067,13.297,13.909,15.862,29.042,38.27,21.665,19.328
13.157,13.067,13.297,13.909,15.862,29.042,38.27,21.665,19.328,22.262
13.067,13.297,13.909,15.862,29.042,38.27,21.665,19.328,22.262,26.774
13.297,13.909,15.862,29.042,38.27,21.665,19.328,22.262,26.774,22.95
13.909,15.862,29.042,38.27,21.665,19.328,22.262,26.774,22.95,27.865
15.862,29.042,38.27,21.665,19.328,22.262,26.774,22.95,27.865,36.66
29.042,38.27,21.665,19.328,22.262,26.774,22.95,27.865,36.66,51.38
38.27,21.665,19.328,22.262,26.774,22.95,27.865,36.66,51.38,41.578
21.665,19.328,22.262,26.774,22.95,27.865,36.66,51.38,41.578,40.777
19.328,22.262,26.774,22.95,27.865,36.66,51.38,41.578,40.777,33.48
22.262,26.774,22.95,27.865,36.66,51.38,41.578,40.777,33.48,29.198
26.774,22.95,27.865,36.66,51.38,41.578,40.777,33.48,29.198,25.123
22.95,27.865,36.66,51.38,41.578,40.777,33.48,29.198,25.123,23.754
27.865,36.66,51.38,41.578,40.777,33.48,29.198,25.123,23.754,23.839
36.66,51.38,41.578,40.777,33.48,29.198,25.123,23.754,23.839,23.487
51.38,41.578,40.777,33.48,29.198,25.123,23.754,23.839,23.487,23.044
41.578,40.777,33.48,29.198,25.123,23.754,23.839,23.487,23.044,23.804
40.777,33.48,29.198,25.123,23.754,23.839,23.487,23.044,23.804,23.536
33.48,29.198,25.123,23.754,23.839,23.487,23.044,23.804,23.536,20.832
29.198,25.123,23.754,23.839,23.487,23.044,23.804,23.536,20.832,18.744
25.123,23.754,23.839,23.487,23.044,23.804,23.536,20.832,18.744,18.383
23.754,23.839,23.487,23.044,23.804,23.536,20.832,18.744,18.383,17.098
23.839,23.487,23.044,23.804,23.536,20.832,18.744,18.383,17.098,16.067
23.487,23.044,23.804,23.536,20.832,18.744,18.383,17.098,16.067,15.839
23.044,23.804,23.536,20.832,18.744,18.383,17.098,16.067,15.839,17.932
23.804,23.536,20.832,18.744,18.383,17.098,16.067,15.839,17.932,15.621
23.536,20.832,18.744,18.383,17.098,16.067,15.839,17.932,15.621,17.123
20.832,18.744,18.383,17.098,16.067,15.839,17.932,15.621,17.123,15.7
18.744,18.383,17.098,16.067,15.839,17.932,15.621,17.123,15.7,15.652
18.383,17.098,16.067,15.839,17.932,15.621,17.123,15.7,15.652,15.487
17.098,16.067,15.839,17.932,15.621,17.123,15.7,15.652,15.487,15.978
16.067,15.839,17.932,15.621,17.123,15.7,15.652,15.487,15.978,16.1
15.839,17.932,15.621,17.123,15.7,15.652,15.487,15.978,16.1,18.556
17.932,15.621,17.123,15.7,15.652,15.487,15.978,16.1,18.556,18.392
15.621,17.123,15.7,15.652,15.487,15.978,16.1,18.556,18.392,17.457
17.123,15.7,15.652,15.487,15.978,16.1,18.556,18.392,17.457,18.506
15.7,15.652,15.487,15.978,16.1,18.556,18.392,17.457,18.506,19.809
15.652,15.487,15.978,16.1,18.556,18.392,17.457,18.506,19.809,16.018
15.487,15.978,16.1,18.556,18.392,17.457,18.506,19.809,16.018,17.021
15.978,16.1,18.556,18.392,17.457,18.506,19.809,16.018,17.021,17.334
16.1,18.556,18.392,17.457,18.506,19.809,16.018,17.021,17.334,16.882
18.556,18.392,17.457,18.506,19.809,16.018,17.021,17.334,16.882,14.461
18.392,17.457,18.506,19.809,16.018,17.021,17.334,16.882,14.461,18.092
17.457,18.506,19.809,16.018,17.021,17.334,16.882,14.461,18.092,11.858
18.506,19.809,16.018,17.021,17.334,16.882,14.461,18.092,11.858,17.747
19.809,16.018,17.021,17.334,16.882,14.461,18.092,11.858,17.747,17.013
16.018,17.021,17.334,16.882,14.461,18.092,11.858,17.747,17.013,18.391
17.021,17.334,16.882,14.461,18.092,11.858,17.747,17.013,18.391,18.417
17.334,16.882,14.461,18.092,11.858,17.747,17.013,18.391,18.417,16.987
16.882,14.461,18.092,11.858,17.747,17.013,18.391,18.417,16.987,17.024
14.461,18.092,11.858,17.747,17.013,18.391,18.417,16.987,17.024,15.649
18.092,11.858,17.747,17.013,18.391,18.417,16.987,17.024,15.649,18.247
11.858,17.747,17.013,18.391,18.417,16.987,17.024,15.649,18.247,18.004
17.747,17.013,18.391,18.417,16.987,17.024,15.649,18.247,18.004,16.978
17.013,18.391,18.417,16.987,17.024,15.649,18.247,18.004,16.978,26.459
18.391,18.417,16.987,17.024,15.649,18.247,18.004,16.978,26.459,35.185
18.417,16.987,17.024,15.649,18.247,18.004,16.978,26.459,35.185,33.127
16.987,17.024,15.649,18.247,18.004,16.978,26.459,35.185,33.127,26.455
17.024,15.649,18.247,18.004,16.978,26.459,35.185,33.127,26.455,26.105
15.649,18.247,18.004,16.978,26.459,35.185,33.127,26.455,26.105,36.828
18.247,18.004,16.978,26.459,35.185,33.127,26.455,26.105,36.828,43.725
18.004,16.978,26.459,35.185,33.127,26.455,26.105,36.828,43.725,55.401
16.978,26.459,35.185,33.127,26.455,26.105,36.828,43.725,55.401,51.954
26.459,35.185,33.127,26.455,26.105,36.828,43.725,55.401,51.954,48.071
35.185,33.127,26.455,26.105,36.828,43.725,55.401,51.954,48.071,45.948
33.127,26.455,26.105,36.828,43.725,55.401,51.954,48.071,45.948,48.722
26.455,26.105,36.828,43.725,55.401,51.954,48.071,45.948,48.722,43.358
26.105,36.828,43.725,55.401,51.954,48.071,45.948,48.722,43.358,42.023
36.828,43.725,55.401,51.954,48.071,45.948,48.722,43.358,42.023,37.881
43.725,55.401,51.954,48.071,45.948,48.722,43.358,42.023,37.881,33.432
55.401,51.954,48.071,45.948,48.722,43.358,42.023,37.881,33.432,38.047
51.954,48.071,45.948,48.722,43.358,42.023,37.881,33.432,38.047,49.227
48.071,45.948,48.722,43.358,42.023,37.881,33.432,38.047,49.227,68.023
45.948,48.722,43.358,42.023,37.881,33.432,38.047,49.227,68.023,72.223
48.722,43.358,42.023,37.881,33.432,38.047,49.227,68.023,72.223,73.027
43.358,42.023,37.881,33.432,38.047,49.227,68.023,72.223,73.027,60.027
42.023,37.881,33.432,38.047,49.227,68.023,72.223,73.027,60.027,45.539
37.881,33.432,38.047,49.227,68.023,72.223,73.027,60.027,45.539,41.494
33.432,38.047,49.227,68.023,72.223,73.027,60.027,45.539,41.494,36.02
38.047,49.227,68.023,72.223,73.027,60.027,45.539,41.494,36.02,35.452
49.227,68.023,72.223,73.027,60.027,45.539,41.494,36.02,35.452,32.944
68.023,72.223,73.027,60.027,45.539,41.494,36.02,35.452,32.944,34.782
72.223,73.027,60.027,45.539,41.494,36.02,35.452,32.944,34.782,43.155
73.027,60.027,45.539,41.494,36.02,35.452,32.944,34.782,43.155,49.859
60.027,45.539,41.494,36.02,35.452,32.944,34.782,43.155,49.859,51.549
45.539,41.494,36.02,35.452,32.944,34.782,43.155,49.859,51.549,50.01
41.494,36.02,35.452,32.944,34.782,43.155,49.859,51.549,50.01,52.008
36.02,35.452,32.944,34.782,43.155,49.859,51.549,50.01,52.008,55.79
35.452,32.944,34.782,43.155,49.859,51.549,50.01,52.008,55.79,51.802
32.944,34.782,43.155,49.859,51.549,50.01,52.008,55.79,51.802,47.552
34.782,43.155,49.859,51.549,50.01,52.008,55.79,51.802,47.552,46.35
43.155,49.859,51.549,50.01,52.008,55.79,51.802,47.552,46.35,43.628
49.859,51.549,50.01,52.008,55.79,51.802,47.552,46.35,43.628,45.239
51.549,50.01,52.008,55.79,51.802,47.552,46.35,43.628,45.239,53.75
50.01,52.008,55.79,51.802,47.552,46.35,43.628,45.239,53.75,64.06
52.008,55.79,51.802,47.552,46.35,43.628,45.239,53.75,64.06,60.051
55.79,51.802,47.552,46.35,43.628,45.239,53.75,64.06,60.051,73.276
51.802,47.552,46.35,43.628,45.239,53.75,64.06,60.051,73.276,101.373
47.552,46.35,43.628,45.239,53.75,64.06,60.051,73.276,101.373,108.171
46.35,43.628,45.239,53.75,64.06,60.051,73.276,101.373,108.171,122.831
43.628,45.239,53.75,64.06,60.051,73.276,101.373,108.171,122.831,111.858
45.239,53.75,64.06,60.051,73.276,101.373,108.171,122.831,111.858,94.931
53.75,64.06,60.051,73.276,101.373,108.171,122.831,111.858,94.931,79.128
64.06,60.051,73.276,101.373,108.171,122.831,111.858,94.931,79.128,67.157
60.051,73.276,101.373,108.171,122.831,111.858,94.931,79.128,67.157,58.94
73.276,101.373,108.171,122.831,111.858,94.931,79.128,67.157,58.94,57.012
101.373,108.171,122.831,111.858,94.931,79.128,67.157,58.94,57.012,50.995
108.171,122.831,111.858,94.931,79.128,67.157,58.94,57.012,50.995,48.25
122.831,111.858,94.931,79.128,67.157,58.94,57.012,50.995,48.25,46.303
111.858,94.931,79.128,67.157,58.94,57.012,50.995,48.25,46.303,43.472
94.931,79.128,67.157,58.94,57.012,50.995,48.25,46.303,43.472,46.317
79.128,67.157,58.94,57.012,50.995,48.25,46.303,43.472,46.317,46.749
67.157,58.94,57.012,50.995,48.25,46.303,43.472,46.317,46.749,50.931
58.94,57.012,50.995,48.25,46.303,43.472,46.317,46.749,50.931,71.627
57.012,50.995,48.25,46.303,43.472,46.317,46.749,50.931,71.627,78.633
50.995,48.25,46.303,43.472,46.317,46.749,50.931,71.627,78.633,82.512
48.25,46.303,43.472,46.317,46.749,50.931,71.627,78.633,82.512,96.584
46.303,43.472,46.317,46.749,50.931,71.627,78.633,82.512,96.584,82.117
43.472,46.317,46.749,50.931,71.627,78.633,82.512,96.584,82.117,73.916
46.317,46.749,50.931,71.627,78.633,82.512,96.584,82.117,73.916,68.717
46.749,50.931,71.627,78.633,82.512,96.584,82.117,73.916,68.717,63.893
50.931,71.627,78.633,82.512,96.584,82.117,73.916,68.717,63.893,56.138
71.627,78.633,82.512,96.584,82.117,73.916,68.717,63.893,56.138,55.419
78.633,82.512,96.584,82.117,73.916,68.717,63.893,56.138,55.419,52.9
82.512,96.584,82.117,73.916,68.717,63.893,56.138,55.419,52.9,46.278
96.584,82.117,73.916,68.717,63.893,56.138,55.419,52.9,46.278,44.433
82.117,73.916,68.717,63.893,56.138,55.419,52.9,46.278,44.433,43.21
73.916,68.717,63.893,56.138,55.419,52.9,46.278,44.433,43.21,41.454
68.717,63.893,56.138,55.419,52.9,46.278,44.433,43.21,41.454,38.176
63.893,56.138,55.419,52.9,46.278,44.433,43.21,41.454,38.176,37.872
56.138,55.419,52.9,46.278,44.433,43.21,41.454,38.176,37.872,37.653
55.419,52.9,46.278,44.433,43.21,41.454,38.176,37.872,37.653,40.911
52.9,46.278,44.433,43.21,41.454,38.176,37.872,37.653,40.911,41.771
46.278,44.433,43.21,41.454,38.176,37.872,37.653,40.911,41.771,29.795
44.433,43.21,41.454,38.176,37.872,37.653,40.911,41.771,29.795,32.163
43.21,41.454,38.176,37.872,37.653,40.911,41.771,29.795,32.163,32.648
41.454,38.176,37.872,37.653,40.911,41.771,29.795,32.163,32.648,36.975
38.176,37.872,37.653,40.911,41.771,29.795,32.163,32.648,36.975,43.512
37.872,37.653,40.911,41.771,29.795,32.163,32.648,36.975,43.512,39.234
37.653,40.911,41.771,29.795,32.163,32.648,36.975,43.512,39.234,37.749
40.911,41.771,29.795,32.163,32.648,36.975,43.512,39.234,37.749,31.826
41.771,29.795,32.163,32.648,36.975,43.512,39.234,37.749,31.826,32.103
29.795,32.163,32.648,36.975,43.512,39.234,37.749,31.826,32.103,29.744
32.163,32.648,36.975,43.512,39.234,37.749,31.826,32.103,29.744,32.205
32.648,36.975,43.512,39.234,37.749,31.826,32.103,29.744,32.205,30.767
36.975,43.512,39.234,37.749,31.826,32.103,29.744,32.205,30.767,27.809
43.512,39.234,37.749,31.826,32.103,29.744,32.205,30.767,27.809,26.391
39.234,37.749,31.826,32.103,29.744,32.205,30.767,27.809,26.391,23.524
37.749,31.826,32.103,29.744,32.205,30.767,27.809,26.391,23.524,24.752
31.826,32.103,29.744,32.205,30.767,27.809,26.391,23.524,24.752,24.07
32.103,29.744,32.205,30.767,27.809,26.391,23.524,24.752,24.07,20.609
29.744,32.205,30.767,27.809,26.391,23.524,24.752,24.07,20.609,22.138
32.205,30.767,27.809,26.391,23.524,24.752,24.07,20.609,22.138,20.401
30.767,27.809,26.391,23.524,24.752,24.07,20.609,22.138,20.401,19.553
27.809,26.391,23.524,24.752,24.07,20.609,22.138,20.401,19.553,18.505
26.391,23.524,24.752,24.07,20.609,22.138,20.401,19.553,18.505,20.077
23.524,24.752,24.07,20.609,22.138,20.401,19.553,18.505,20.077,15.838
24.752,24.07,20.609,22.138,20.401,19.553,18.505,20.077,15.838,16.684
24.07,20.609,22.138,20.401,19.553,18.505,20.077,15.838,16.684,16.465
20.609,22.138,20.401,19.553,18.505,20.077,15.838,16.684,16.465,15.143
22.138,20.401,19.553,18.505,20.077,15.838,16.684,16.465,15.143,14.935
20.401,19.553,18.505,20.077,15.838,16.684,16.465,15.143,14.935,13.971
19.553,18.505,20.077,15.838,16.684,16.465,15.143,14.935,13.971,12.435
18.505,20.077,15.838,16.684,16.465,15.143,14.935,13.971,12.435,12.922
20.077,15.838,16.684,16.465,15.143,14.935,13.971,12.435,12.922,12.727
15.838,16.684,16.465,15.143,14.935,13.971,12.435,12.922,12.727,12.715
16.684,16.465,15.143,14.935,13.971,12.435,12.922,12.727,12.715,11.454
16.465,15.143,14.935,13.971,12.435,12.922,12.727,12.715,11.454,12.718
15.143,14.935,13.971,12.435,12.922,12.727,12.715,11.454,12.718,12.699
14.935,13.971,12.435,12.922,12.727,12.715,11.454,12.718,12.699,11.766
13.971,12.435,12.922,12.727,12.715,11.454,12.718,12.699,11.766,10.252
12.435,12.922,12.727,12.715,11.454,12.718,12.699,11.766,10.252,10.271
12.922,12.727,12.715,11.454,12.718,12.699,11.766,10.252,10.271,10.36
12.727,12.715,11.454,12.718,12.699,11.766,10.252,10.271,10.36,10.307
12.715,11.454,12.718,12.699,11.766,10.252,10.271,10.36,10.307,8.664
11.454,12.718,12.699,11.766,10.252,10.271,10.36,10.307,8.664,10.053
12.718,12.699,11.766,10.252,10.271,10.36,10.307,8.664,10.053,9.858
12.699,11.766,10.252,10.271,10.36,10.307,8.664,10.053,9.858,9.814
11.766,10.252,10.271,10.36,10.307,8.664,10.053,9.858,9.814,9.802
10.252,10.271,10.36,10.307,8.664,10.053,9.858,9.814,9.802,11.25
10.271,10.36,10.307,8.664,10.053,9.858,9.814,9.802,11.25,9.766
10.36,10.307,8.664,10.053,9.858,9.814,9.802,11.25,9.766,15.279
10.307,8.664,10.053,9.858,9.814,9.802,11.25,9.766,15.279,16.777
8.664,10.053,9.858,9.814,9.802,11.25,9.766,15.279,16.777,17.433
10.053,9.858,9.814,9.802,11.25,9.766,15.279,16.777,17.433,16.374
9.858,9.814,9.802,11.25,9.766,15.279,16.777,17.433,16.374,11.248
9.814,9.802,11.25,9.766,15.279,16.777,17.433,16.374,11.248,11.297
9.802,11.25,9.766,15.279,16.777,17.433,16.374,11.248,11.297,13.485
11.25,9.766,15.279,16.777,17.433,16.374,11.248,11.297,13.485,13.307
9.766,15.279,16.777,17.433,16.374,11.248,11.297,13.485,13.307,12.726
15.279,16.777,17.433,16.374,11.248,11.297,13.485,13.307,12.726,11.446
16.777,17.433,16.374,11.248,11.297,13.485,13.307,12.726,11.446,13.058
17.433,16.374,11.248,11.297,13.485,13.307,12.726,11.446,13.058,11.787
16.374,11.248,11.297,13.485,13.307,12.726,11.446,13.058,11.787,10.339
11.248,11.297,13.485,13.307,12.726,11.446,13.058,11.787,10.339,9.09
11.297,13.485,13.307,12.726,11.446,13.058,11.787,10.339,9.09,14.564
13.485,13.307,12.726,11.446,13.058,11.787,10.339,9.09,14.564,14.545
13.307,12.726,11.446,13.058,11.787,10.339,9.09,14.564,14.545,13.065
12.726,11.446,13.058,11.787,10.339,9.09,14.564,14.545,13.065,10.344
11.446,13.058,11.787,10.339,9.09,14.564,14.545,13.065,10.344,11.762
13.058,11.787,10.339,9.09,14.564,14.545,13.065,10.344,11.762,17.888
11.787,10.339,9.09,14.564,14.545,13.065,10.344,11.762,17.888,20.422
10.339,9.09,14.564,14.545,13.065,10.344,11.762,17.888,20.422,45.726
9.09,14.564,14.545,13.065,10.344,11.762,17.888,20.422,45.726,35.999
14.564,14.545,13.065,10.344,11.762,17.888,20.422,45.726,35.999,24.659
14.545,13.065,10.344,11.762,17.888,20.422,45.726,35.999,24.659,19.573
13.065,10.344,11.762,17.888,20.422,45.726,35.999,24.659,19.573,21.248
10.344,11.762,17.888,20.422,45.726,35.999,24.659,19.573,21.248,18.388
11.762,17.888,20.422,45.726,35.999,24.659,19.573,21.248,18.388,15.721
17.888,20.422,45.726,35.999,24.659,19.573,21.248,18.388,15.721,15.001
20.422,45.726,35.999,24.659,19.573,21.248,18.388,15.721,15.001,14.931
45.726,35.999,24.659,19.573,21.248,18.388,15.721,15.001,14.931,14.639
35.999,24.659,19.573,21.248,18.388,15.721,15.001,14.931,14.639,12.919
24.659,19.573,21.248,18.388,15.721,15.001,14.931,14.639,12.919,10.058
19.573,21.248,18.388,15.721,15.001,14.931,14.639,12.919,10.058,10.513
21.248,18.388,15.721,15.001,14.931,14.639,12.919,10.058,10.513,10.339
18.388,15.721,15.001,14.931,14.639,12.919,10.058,10.513,10.339,10.04
15.721,15.001,14.931,14.639,12.919,10.058,10.513,10.339,10.04,12.529
15.001,14.931,14.639,12.919,10.058,10.513,10.339,10.04,12.529,10.091
14.931,14.639,12.919,10.058,10.513,10.339,10.04,12.529,10.091,19.543
14.639,12.919,10.058,10.513,10.339,10.04,12.529,10.091,19.543,59.475
12.919,10.058,10.513,10.339,10.04,12.529,10.091,19.543,59.475,40.285
10.058,10.513,10.339,10.04,12.529,10.091,19.543,59.475,40.285,25.36
10.513,10.339,10.04,12.529,10.091,19.543,59.475,40.285,25.36,26.625
10.339,10.04,12.529,10.091,19.543,59.475,40.285,25.36,26.625,22.285
10.04,12.529,10.091,19.543,59.475,40.285,25.36,26.625,22.285,25.269
12.529,10.091,19.543,59.475,40.285,25.36,26.625,22.285,25.269,29.524
10.091,19.543,59.475,40.285,25.36,26.625,22.285,25.269,29.524,21.249
19.543,59.475,40.285,25.36,26.625,22.285,25.269,29.524,21.249,21.255
59.475,40.285,25.36,26.625,22.285,25.269,29.524,21.249,21.255,20.235
40.285,25.36,26.625,22.285,25.269,29.524,21.249,21.255,20.235,20.136
25.36,26.625,22.285,25.269,29.524,21.249,21.255,20.235,20.136,20.211
26.625,22.285,25.269,29.524,21.249,21.255,20.235,20.136,20.211,18.761
22.285,25.269,29.524,21.249,21.255,20.235,20.136,20.211,18.761,18.963
25.269,29.524,21.249,21.255,20.235,20.136,20.211,18.761,18.963,18.455
29.524,21.249,21.255,20.235,20.136,20.211,18.761,18.963,18.455,17.512
21.249,21.255,20.235,20.136,20.211,18.761,18.963,18.455,17.512,21.921
21.255,20.235,20.136,20.211,18.761,18.963,18.455,17.512,21.921,27.422
20.235,20.136,20.211,18.761,18.963,18.455,17.512,21.921,27.422,23.268
20.136,20.211,18.761,18.963,18.455,17.512,21.921,27.422,23.268,26.249
20.211,18.761,18.963,18.455,17.512,21.921,27.422,23.268,26.249,26.056
18.761,18.963,18.455,17.512,21.921,27.422,23.268,26.249,26.056,21.969
18.963,18.455,17.512,21.921,27.422,23.268,26.249,26.056,21.969,19.088
18.455,17.512,21.921,27.422,23.268,26.249,26.056,21.969,19.088,22.228
17.512,21.921,27.422,23.268,26.249,26.056,21.969,19.088,22.228,20.763
21.921,27.422,23.268,26.249,26.056,21.969,19.088,22.228,20.763,23.537
27.422,23.268,26.249,26.056,21.969,19.088,22.228,20.763,23.537,21.733
23.268,26.249,26.056,21.969,19.088,22.228,20.763,23.537,21.733,17.866
26.249,26.056,21.969,19.088,22.228,20.763,23.537,21.733,17.866,17.86
26.056,21.969,19.088,22.228,20.763,23.537,21.733,17.866,17.86,15.768
21.969,19.088,22.228,20.763,23.537,21.733,17.866,17.86,15.768,14.061
19.088,22.228,20.763,23.537,21.733,17.866,17.86,15.768,14.061,13.944
22.228,20.763,23.537,21.733,17.866,17.86,15.768,14.061,13.944,13.208
20.763,23.537,21.733,17.866,17.86,15.768,14.061,13.944,13.208,17.326
23.537,21.733,17.866,17.86,15.768,14.061,13.944,13.208,17.326,17.246
21.733,17.866,17.86,15.768,14.061,13.944,13.208,17.326,17.246,22.756
17.866,17.86,15.768,14.061,13.944,13.208,17.326,17.246,22.756,36.837
17.86,15.768,14.061,13.944,13.208,17.326,17.246,22.756,36.837,35.8
15.768,14.061,13.944,13.208,17.326,17.246,22.756,36.837,35.8,28.889
14.061,13.944,13.208,17.326,17.246,22.756,36.837,35.8,28.889,26.337
13.944,13.208,17.326,17.246,22.756,36.837,35.8,28.889,26.337,19.592
13.208,17.326,17.246,22.756,36.837,35.8,28.889,26.337,19.592,17.375
17.326,17.246,22.756,36.837,35.8,28.889,26.337,19.592,17.375,17.057
17.246,22.756,36.837,35.8,28.889,26.337,19.592,17.375,17.057,19.895
22.756,36.837,35.8,28.889,26.337,19.592,17.375,17.057,19.895,24.908
36.837,35.8,28.889,26.337,19.592,17.375,17.057,19.895,24.908,20.955
35.8,28.889,26.337,19.592,17.375,17.057,19.895,24.908,20.955,18.113
28.889,26.337,19.592,17.375,17.057,19.895,24.908,20.955,18.113,17.408
26.337,19.592,17.375,17.057,19.895,24.908,20.955,18.113,17.408,13.999
19.592,17.375,17.057,19.895,24.908,20.955,18.113,17.408,13.999,13.503
17.375,17.057,19.895,24.908,20.955,18.113,17.408,13.999,13.503,13.952
17.057,19.895,24.908,20.955,18.113,17.408,13.999,13.503,13.952,11.996
19.895,24.908,20.955,18.113,17.408,13.999,13.503,13.952,11.996,12.03
24.908,20.955,18.113,17.408,13.999,13.503,13.952,11.996,12.03,29.8
20.955,18.113,17.408,13.999,13.503,13.952,11.996,12.03,29.8,30.778
18.113,17.408,13.999,13.503,13.952,11.996,12.03,29.8,30.778,65.929
17.408,13.999,13.503,13.952,11.996,12.03,29.8,30.778,65.929,73.211
13.999,13.503,13.952,11.996,12.03,29.8,30.778,65.929,73.211,60.654
13.503,13.952,11.996,12.03,29.8,30.778,65.929,73.211,60.654,48.8
13.952,11.996,12.03,29.8,30.778,65.929,73.211,60.654,48.8,35.055
11.996,12.03,29.8,30.778,65.929,73.211,60.654,48.8,35.055,30.36
12.03,29.8,30.778,65.929,73.211,60.654,48.8,35.055,30.36,27.562
29.8,30.778,65.929,73.211,60.654,48.8,35.055,30.36,27.562,24.539
30.778,65.929,73.211,60.654,48.8,35.055,30.36,27.562,24.539,24.841
65.929,73.211,60.654,48.8,35.055,30.36,27.562,24.539,24.841,23.133
73.211,60.654,48.8,35.055,30.36,27.562,24.539,24.841,23.133,26.389
60.654,48.8,35.055,30.36,27.562,24.539,24.841,23.133,26.389,38.074
48.8,35.055,30.36,27.562,24.539,24.841,23.133,26.389,38.074,39.541
35.055,30.36,27.562,24.539,24.841,23.133,26.389,38.074,39.541,31.453
30.36,27.562,24.539,24.841,23.133,26.389,38.074,39.541,31.453,33.085
27.562,24.539,24.841,23.133,26.389,38.074,39.541,31.453,33.085,27.232
24.539,24.841,23.133,26.389,38.074,39.541,31.453,33.085,27.232,23.956
24.841,23.133,26.389,38.074,39.541,31.453,33.085,27.232,23.956,21.722
23.133,26.389,38.074,39.541,31.453,33.085,27.232,23.956,21.722,18.892
26.389,38.074,39.541,31.453,33.085,27.232,23.956,21.722,18.892,17.196
38.074,39.541,31.453,33.085,27.232,23.956,21.722,18.892,17.196,16.774
39.541,31.453,33.085,27.232,23.956,21.722,18.892,17.196,16.774,14.348
31.453,33.085,27.232,23.956,21.722,18.892,17.196,16.774,14.348,14.264
33.085,27.232,23.956,21.722,18.892,17.196,16.774,14.348,14.264,17.425
27.232,23.956,21.722,18.892,17.196,16.774,14.348,14.264,17.425,17.202
23.956,21.722,18.892,17.196,16.774,14.348,14.264,17.425,17.202,20.413
21.722,18.892,17.196,16.774,14.348,14.264,17.425,17.202,20.413,21.482
18.892,17.196,16.774,14.348,14.264,17.425,17.202,20.413,21.482,20.747
17.196,16.774,14.348,14.264,17.425,17.202,20.413,21.482,20.747,12.701
16.774,14.348,14.264,17.425,17.202,20.413,21.482,20.747,12.701,16.93
14.348,14.264,17.425,17.202,20.413,21.482,20.747,12.701,16.93,20.304
14.264,17.425,17.202,20.413,21.482,20.747,12.701,16.93,20.304,20.376
17.425,17.202,20.413,21.482,20.747,12.701,16.93,20.304,20.376,47.392
17.202,20.413,21.482,20.747,12.701,16.93,20.304,20.376,47.392,44.537
20.413,21.482,20.747,12.701,16.93,20.304,20.376,47.392,44.537,36.237
21.482,20.747,12.701,16.93,20.304,20.376,47.392,44.537,36.237,31.137
20.747,12.701,16.93,20.304,20.376,47.392,44.537,36.237,31.137,30.542
12.701,16.93,20.304,20.376,47.392,44.537,36.237,31.137,30.542,25.652
16.93,20.304,20.376,47.392,44.537,36.237,31.137,30.542,25.652,25.409
20.304,20.376,47.392,44.537,36.237,31.137,30.542,25.652,25.409,26.468
20.376,47.392,44.537,36.237,31.137,30.542,25.652,25.409,26.468,24.951
47.392,44.537,36.237,31.137,30.542,25.652,25.409,26.468,24.951,24.99
44.537,36.237,31.137,30.542,25.652,25.409,26.468,24.951,24.99,22.186
36.237,31.137,30.542,25.652,25.409,26.468,24.951,24.99,22.186,21.263
31.137,30.542,25.652,25.409,26.468,24.951,24.99,22.186,21.263,20.134
30.542,25.652,25.409,26.468,24.951,24.99,22.186,21.263,20.134,20.526
25.652,25.409,26.468,24.951,24.99,22.186,21.263,20.134,20.526,21.091
25.409,26.468,24.951,24.99,22.186,21.263,20.134,20.526,21.091,15.192
26.468,24.951,24.99,22.186,21.263,20.134,20.526,21.091,15.192,36.536
24.951,24.99,22.186,21.263,20.134,20.526,21.091,15.192,36.536,70.167
24.99,22.186,21.263,20.134,20.526,21.091,15.192,36.536,70.167,118.11
22.186,21.263,20.134,20.526,21.091,15.192,36.536,70.167,118.11,76.1
21.263,20.134,20.526,21.091,15.192,36.536,70.167,118.11,76.1,61.3
20.134,20.526,21.091,15.192,36.536,70.167,118.11,76.1,61.3,54.2
20.526,21.091,15.192,36.536,70.167,118.11,76.1,61.3,54.2,47.57
21.091,15.192,36.536,70.167,118.11,76.1,61.3,54.2,47.57,46.09
15.192,36.536,70.167,118.11,76.1,61.3,54.2,47.57,46.09,43.91
36.536,70.167,118.11,76.1,61.3,54.2,47.57,46.09,43.91,39.65
70.167,118.11,76.1,61.3,54.2,47.57,46.09,43.91,39.65,38.08
118.11,76.1,61.3,54.2,47.57,46.09,43.91,39.65,38.08,33.57
76.1,61.3,54.2,47.57,46.09,43.91,39.65,38.08,33.57,34.75
61.3,54.2,47.57,46.09,43.91,39.65,38.08,33.57,34.75,35.19
54.2,47.57,46.09,43.91,39.65,38.08,33.57,34.75,35.19,33.25
47.57,46.09,43.91,39.65,38.08,33.57,34.75,35.19,33.25,30.76
46.09,43.91,39.65,38.08,33.57,34.75,35.19,33.25,30.76,32.39
43.91,39.65,38.08,33.57,34.75,35.19,33.25,30.76,32.39,31.09
39.65,38.08,33.57,34.75,35.19,33.25,30.76,32.39,31.09,29.84
38.08,33.57,34.75,35.19,33.25,30.76,32.39,31.09,29.84,28.31
33.57,34.75,35.19,33.25,30.76,32.39,31.09,29.84,28.31,28.48
34.75,35.19,33.25,30.76,32.39,31.09,29.84,28.31,28.48,28.88
35.19,33.25,30.76,32.39,31.09,29.84,28.31,28.48,28.88,31.44
33.25,30.76,32.39,31.09,29.84,28.31,28.48,28.88,31.44,30.28
30.76,32.39,31.09,29.84,28.31,28.48,28.88,31.44,30.28,30.51
32.39,31.09,29.84,28.31,28.48,28.88,31.44,30.28,30.51,28.99
31.09,29.84,28.31,28.48,28.88,31.44,30.28,30.51,28.99,25.33
29.84,28.31,28.48,28.88,31.44,30.28,30.51,28.99,25.33,25.58
28.31,28.48,28.88,31.44,30.28,30.51,28.99,25.33,25.58,24.84
28.48,28.88,31.44,30.28,30.51,28.99,25.33,25.58,24.84,23.61
28.88,31.44,30.28,30.51,28.99,25.33,25.58,24.84,23.61,22.22
31.44,30.28,30.51,28.99,25.33,25.58,24.84,23.61,22.22,22.29
30.28,30.51,28.99,25.33,25.58,24.84,23.61,22.22,22.29,22.3
30.51,28.99,25.33,25.58,24.84,23.61,22.22,22.29,22.3,22.59
28.99,25.33,25.58,24.84,23.61,22.22,22.29,22.3,22.59,19.6
25.33,25.58,24.84,23.61,22.22,22.29,22.3,22.59,19.6,19.802
25.58,24.84,23.61,22.22,22.29,22.3,22.59,19.6,19.802,19.102
24.84,23.61,22.22,22.29,22.3,22.59,19.6,19.802,19.102,17.087
23.61,22.22,22.29,22.3,22.59,19.6,19.802,19.102,17.087,15.74
22.22,22.29,22.3,22.59,19.6,19.802,19.102,17.087,15.74,17.518
22.29,22.3,22.59,19.6,19.802,19.102,17.087,15.74,17.518,17.63
22.3,22.59,19.6,19.802,19.102,17.087,15.74,17.518,17.63,31.204
22.59,19.6,19.802,19.102,17.087,15.74,17.518,17.63,31.204,62.046
19.6,19.802,19.102,17.087,15.74,17.518,17.63,31.204,62.046,76.457
19.802,19.102,17.087,15.74,17.518,17.63,31.204,62.046,76.457,85.025
19.102,17.087,15.74,17.518,17.63,31.204,62.046,76.457,85.025,111.455
17.087,15.74,17.518,17.63,31.204,62.046,76.457,85.025,111.455,130.108
15.74,17.518,17.63,31.204,62.046,76.457,85.025,111.455,130.108,121.33
17.518,17.63,31.204,62.046,76.457,85.025,111.455,130.108,121.33,111.14
17.63,31.204,62.046,76.457,85.025,111.455,130.108,121.33,111.14,96.743
31.204,62.046,76.457,85.025,111.455,130.108,121.33,111.14,96.743,87.134
62.046,76.457,85.025,111.455,130.108,121.33,111.14,96.743,87.134,72.566
76.457,85.025,111.455,130.108,121.33,111.14,96.743,87.134,72.566,64.237
85.025,111.455,130.108,121.33,111.14,96.743,87.134,72.566,64.237,61.416
111.455,130.108,121.33,111.14,96.743,87.134,72.566,64.237,61.416,57.821
130.108,121.33,111.14,96.743,87.134,72.566,64.237,61.416,57.821,54.434
121.33,111.14,96.743,87.134,72.566,64.237,61.416,57.821,54.434,51.866
111.14,96.743,87.134,72.566,64.237,61.416,57.821,54.434,51.866,52.173
96.743,87.134,72.566,64.237,61.416,57.821,54.434,51.866,52.173,50.133
87.134,72.566,64.237,61.416,57.821,54.434,51.866,52.173,50.133,51.651
72.566,64.237,61.416,57.821,54.434,51.866,52.173,50.133,51.651,49.426
64.237,61.416,57.821,54.434,51.866,52.173,50.133,51.651,49.426,47.797
61.416,57.821,54.434,51.866,52.173,50.133,51.651,49.426,47.797,43.692
57.821,54.434,51.866,52.173,50.133,51.651,49.426,47.797,43.692,40.812
54.434,51.866,52.173,50.133,51.651,49.426,47.797,43.692,40.812,36.895
51.866,52.173,50.133,51.651,49.426,47.797,43.692,40.812,36.895,54.553
52.173,50.133,51.651,49.426,47.797,43.692,40.812,36.895,54.553,75.037
50.133,51.651,49.426,47.797,43.692,40.812,36.895,54.553,75.037,141.719
51.651,49.426,47.797,43.692,40.812,36.895,54.553,75.037,141.719,142.9
49.426,47.797,43.692,40.812,36.895,54.553,75.037,141.719,142.9,128.94
47.797,43.692,40.812,36.895,54.553,75.037,141.719,142.9,128.94,127.61
43.692,40.812,36.895,54.553,75.037,141.719,142.9,128.94,127.61,178.646
40.812,36.895,54.553,75.037,141.719,142.9,128.94,127.61,178.646,162.539
36.895,54.553,75.037,141.719,142.9,128.94,127.61,178.646,162.539,138.648
54.553,75.037,141.719,142.9,128.94,127.61,178.646,162.539,138.648,130.179
75.037,141.719,142.9,128.94,127.61,178.646,162.539,138.648,130.179,112.865
141.719,142.9,128.94,127.61,178.646,162.539,138.648,130.179,112.865,103.942
142.9,128.94,127.61,178.646,162.539,138.648,130.179,112.865,103.942,89.188
128.94,127.61,178.646,162.539,138.648,130.179,112.865,103.942,89.188,78.477
127.61,178.646,162.539,138.648,130.179,112.865,103.942,89.188,78.477,69.645
178.646,162.539,138.648,130.179,112.865,103.942,89.188,78.477,69.645,65.538
162.539,138.648,130.179,112.865,103.942,89.188,78.477,69.645,65.538,54.443
138.648,130.179,112.865,103.942,89.188,78.477,69.645,65.538,54.443,50.079
130.179,112.865,103.942,89.188,78.477,69.645,65.538,54.443,50.079,41.643
112.865,103.942,89.188,78.477,69.645,65.538,54.443,50.079,41.643,37.737
103.942,89.188,78.477,69.645,65.538,54.443,50.079,41.643,37.737,35.033
89.188,78.477,69.645,65.538,54.443,50.079,41.643,37.737,35.033,34.609
78.477,69.645,65.538,54.443,50.079,41.643,37.737,35.033,34.609,34.629
69.645,65.538,54.443,50.079,41.643,37.737,35.033,34.609,34.629,34.564
65.538,54.443,50.079,41.643,37.737,35.033,34.609,34.629,34.564,34.509
54.443,50.079,41.643,37.737,35.033,34.609,34.629,34.564,34.509,31.705
50.079,41.643,37.737,35.033,34.609,34.629,34.564,34.509,31.705,30.152
41.643,37.737,35.033,34.609,34.629,34.564,34.509,31.705,30.152,30.535
37.737,35.033,34.609,34.629,34.564,34.509,31.705,30.152,30.535,28.826
35.033,34.609,34.629,34.564,34.509,31.705,30.152,30.535,28.826,27.254
34.609,34.629,34.564,34.509,31.705,30.152,30.535,28.826,27.254,28.684
34.629,34.564,34.509,31.705,30.152,30.535,28.826,27.254,28.684,27.069
34.564,34.509,31.705,30.152,30.535,28.826,27.254,28.684,27.069,25.863
34.509,31.705,30.152,30.535,28.826,27.254,28.684,27.069,25.863,24.607
31.705,30.152,30.535,28.826,27.254,28.684,27.069,25.863,24.607,25.451
30.152,30.535,28.826,27.254,28.684,27.069,25.863,24.607,25.451,23.293
30.535,28.826,27.254,28.684,27.069,25.863,24.607,25.451,23.293,26.289
28.826,27.254,28.684,27.069,25.863,24.607,25.451,23.293,26.289,26.344
27.254,28.684,27.069,25.863,24.607,25.451,23.293,26.289,26.344,22.828
28.684,27.069,25.863,24.607,25.451,23.293,26.289,26.344,22.828,22.87
27.069,25.863,24.607,25.451,23.293,26.289,26.344,22.828,22.87,21.447
25.863,24.607,25.451,23.293,26.289,26.344,22.828,22.87,21.447,20.907
24.607,25.451,23.293,26.289,26.344,22.828,22.87,21.447,20.907,24.614
25.451,23.293,26.289,26.344,22.828,22.87,21.447,20.907,24.614,24.359
23.293,26.289,26.344,22.828,22.87,21.447,20.907,24.614,24.359,23.938
26.289,26.344,22.828,22.87,21.447,20.907,24.614,24.359,23.938,24.014
26.344,22.828,22.87,21.447,20.907,24.614,24.359,23.938,24.014,25.58
22.828,22.87,21.447,20.907,24.614,24.359,23.938,24.014,25.58,22.939
22.87,21.447,20.907,24.614,24.359,23.938,24.014,25.58,22.939,27.493
21.447,20.907,24.614,24.359,23.938,24.014,25.58,22.939,27.493,56.193
20.907,24.614,24.359,23.938,24.014,25.58,22.939,27.493,56.193,89.675
24.614,24.359,23.938,24.014,25.58,22.939,27.493,56.193,89.675,84.288
24.359,23.938,24.014,25.58,22.939,27.493,56.193,89.675,84.288,79.782
23.938,24.014,25.58,22.939,27.493,56.193,89.675,84.288,79.782,69.194
24.014,25.58,22.939,27.493,56.193,89.675,84.288,79.782,69.194,57.804
25.58,22.939,27.493,56.193,89.675,84.288,79.782,69.194,57.804,58.603
22.939,27.493,56.193,89.675,84.288,79.782,69.194,57.804,58.603,53.923
27.493,56.193,89.675,84.288,79.782,69.194,57.804,58.603,53.923,59.493
56.193,89.675,84.288,79.782,69.194,57.804,58.603,53.923,59.493,80.954
89.675,84.288,79.782,69.194,57.804,58.603,53.923,59.493,80.954,67.095
84.288,79.782,69.194,57.804,58.603,53.923,59.493,80.954,67.095,59.21
79.782,69.194,57.804,58.603,53.923,59.493,80.954,67.095,59.21,50.336
69.194,57.804,58.603,53.923,59.493,80.954,67.095,59.21,50.336,49.374
57.804,58.603,53.923,59.493,80.954,67.095,59.21,50.336,49.374,51.626
58.603,53.923,59.493,80.954,67.095,59.21,50.336,49.374,51.626,52.937
53.923,59.493,80.954,67.095,59.21,50.336,49.374,51.626,52.937,53.139
59.493,80.954,67.095,59.21,50.336,49.374,51.626,52.937,53.139,51.554
80.954,67.095,59.21,50.336,49.374,51.626,52.937,53.139,51.554,48.593
67.095,59.21,50.336,49.374,51.626,52.937,53.139,51.554,48.593,62.775
59.21,50.336,49.374,51.626,52.937,53.139,51.554,48.593,62.775,57.636
50.336,49.374,51.626,52.937,53.139,51.554,48.593,62.775,57.636,54.306
49.374,51.626,52.937,53.139,51.554,48.593,62.775,57.636,54.306,48.679
51.626,52.937,53.139,51.554,48.593,62.775,57.636,54.306,48.679,47.065
52.937,53.139,51.554,48.593,62.775,57.636,54.306,48.679,47.065,38.588
53.139,51.554,48.593,62.775,57.636,54.306,48.679,47.065,38.588,36.353
51.554,48.593,62.775,57.636,54.306,48.679,47.065,38.588,36.353,37.11
48.593,62.775,57.636,54.306,48.679,47.065,38.588,36.353,37.11,40.319
62.775,57.636,54.306,48.679,47.065,38.588,36.353,37.11,40.319,37.014
57.636,54.306,48.679,47.065,38.588,36.353,37.11,40.319,37.014,35.64
54.306,48.679,47.065,38.588,36.353,37.11,40.319,37.014,35.64,34.045
48.679,47.065,38.588,36.353,37.11,40.319,37.014,35.64,34.045,35.361
47.065,38.588,36.353,37.11,40.319,37.014,35.64,34.045,35.361,34.789
38.588,36.353,37.11,40.319,37.014,35.64,34.045,35.361,34.789,29.612
36.353,37.11,40.319,37.014,35.64,34.045,35.361,34.789,29.612,30.236
37.11,40.319,37.014,35.64,34.045,35.361,34.789,29.612,30.236,32.794
40.319,37.014,35.64,34.045,35.361,34.789,29.612,30.236,32.794,29.868
37.014,35.64,34.045,35.361,34.789,29.612,30.236,32.794,29.868,28.276
35.64,34.045,35.361,34.789,29.612,30.236,32.794,29.868,28.276,31.078
34.045,35.361,34.789,29.612,30.236,32.794,29.868,28.276,31.078,32.729
35.361,34.789,29.612,30.236,32.794,29.868,28.276,31.078,32.729,32.905
34.789,29.612,30.236,32.794,29.868,28.276,31.078,32.729,32.905,34.764
29.612,30.236,32.794,29.868,28.276,31.078,32.729,32.905,34.764,103.461
30.236,32.794,29.868,28.276,31.078,32.729,32.905,34.764,103.461,97.91
32.794,29.868,28.276,31.078,32.729,32.905,34.764,103.461,97.91,101.981
29.868,28.276,31.078,32.729,32.905,34.764,103.461,97.91,101.981,95.112
28.276,31.078,32.729,32.905,34.764,103.461,97.91,101.981,95.112,77.871
31.078,32.729,32.905,34.764,103.461,97.91,101.981,95.112,77.871,58.97
32.729,32.905,34.764,103.461,97.91,101.981,95.112,77.871,58.97,56.163
32.905,34.764,103.461,97.91,101.981,95.112,77.871,58.97,56.163,49.107
34.764,103.461,97.91,101.981,95.112,77.871,58.97,56.163,49.107,45.073
103.461,97.91,101.981,95.112,77.871,58.97,56.163,49.107,45.073,42.842
97.91,101.981,95.112,77.871,58.97,56.163,49.107,45.073,42.842,42.16
101.981,95.112,77.871,58.97,56.163,49.107,45.073,42.842,42.16,49.27
95.112,77.871,58.97,56.163,49.107,45.073,42.842,42.16,49.27,50.652
77.871,58.97,56.163,49.107,45.073,42.842,42.16,49.27,50.652,53.8
58.97,56.163,49.107,45.073,42.842,42.16,49.27,50.652,53.8,58.347
56.163,49.107,45.073,42.842,42.16,49.27,50.652,53.8,58.347,53.843
49.107,45.073,42.842,42.16,49.27,50.652,53.8,58.347,53.843,62.36
45.073,42.842,42.16,49.27,50.652,53.8,58.347,53.843,62.36,52.336
42.842,42.16,49.27,50.652,53.8,58.347,53.843,62.36,52.336,53.842
42.16,49.27,50.652,53.8,58.347,53.843,62.36,52.336,53.842,54.04
49.27,50.652,53.8,58.347,53.843,62.36,52.336,53.842,54.04,55.846
50.652,53.8,58.347,53.843,62.36,52.336,53.842,54.04,55.846,58.135
53.8,58.347,53.843,62.36,52.336,53.842,54.04,55.846,58.135,56.829
58.347,53.843,62.36,52.336,53.842,54.04,55.846,58.135,56.829,53.249
53.843,62.36,52.336,53.842,54.04,55.846,58.135,56.829,53.249,52.159
62.36,52.336,53.842,54.04,55.846,58.135,56.829,53.249,52.159,50.822
52.336,53.842,54.04,55.846,58.135,56.829,53.249,52.159,50.822,46.963
53.842,54.04,55.846,58.135,56.829,53.249,52.159,50.822,46.963,48.143
54.04,55.846,58.135,56.829,53.249,52.159,50.822,46.963,48.143,59.435
55.846,58.135,56.829,53.249,52.159,50.822,46.963,48.143,59.435,62.292
58.135,56.829,53.249,52.159,50.822,46.963,48.143,59.435,62.292,66.311
56.829,53.249,52.159,50.822,46.963,48.143,59.435,62.292,66.311,64.457
53.249,52.159,50.822,46.963,48.143,59.435,62.292,66.311,64.457,67.816
52.159,50.822,46.963,48.143,59.435,62.292,66.311,64.457,67.816,76.259
50.822,46.963,48.143,59.435,62.292,66.311,64.457,67.816,76.259,76.955
46.963,48.143,59.435,62.292,66.311,64.457,67.816,76.259,76.955,70.756
48.143,59.435,62.292,66.311,64.457,67.816,76.259,76.955,70.756,69.528
59.435,62.292,66.311,64.457,67.816,76.259,76.955,70.756,69.528,67.827
62.292,66.311,64.457,67.816,76.259,76.955,70.756,69.528,67.827,62.314
66.311,64.457,67.816,76.259,76.955,70.756,69.528,67.827,62.314,57.908
64.457,67.816,76.259,76.955,70.756,69.528,67.827,62.314,57.908,57.583
67.816,76.259,76.955,70.756,69.528,67.827,62.314,57.908,57.583,60.802
76.259,76.955,70.756,69.528,67.827,62.314,57.908,57.583,60.802,123.201
76.955,70.756,69.528,67.827,62.314,57.908,57.583,60.802,123.201,121.111
70.756,69.528,67.827,62.314,57.908,57.583,60.802,123.201,121.111,95.078
69.528,67.827,62.314,57.908,57.583,60.802,123.201,121.111,95.078,86.038
67.827,62.314,57.908,57.583,60.802,123.201,121.111,95.078,86.038,77.507
62.314,57.908,57.583,60.802,123.201,121.111,95.078,86.038,77.507,68.752
57.908,57.583,60.802,123.201,121.111,95.078,86.038,77.507,68.752,64.314
57.583,60.802,123.201,121.111,95.078,86.038,77.507,68.752,64.314,70.996
60.802,123.201,121.111,95.078,86.038,77.507,68.752,64.314,70.996,78.459
123.201,121.111,95.078,86.038,77.507,68.752,64.314,70.996,78.459,69.487
121.111,95.078,86.038,77.507,68.752,64.314,70.996,78.459,69.487,68.187
95.078,86.038,77.507,68.752,64.314,70.996,78.459,69.487,68.187,56.605
86.038,77.507,68.752,64.314,70.996,78.459,69.487,68.187,56.605,51.046
77.507,68.752,64.314,70.996,78.459,69.487,68.187,56.605,51.046,49.562
68.752,64.314,70.996,78.459,69.487,68.187,56.605,51.046,49.562,50.521
64.314,70.996,78.459,69.487,68.187,56.605,51.046,49.562,50.521,46.105
70.996,78.459,69.487,68.187,56.605,51.046,49.562,50.521,46.105,42.013
78.459,69.487,68.187,56.605,51.046,49.562,50.521,46.105,42.013,54.88
69.487,68.187,56.605,51.046,49.562,50.521,46.105,42.013,54.88,63.504
68.187,56.605,51.046,49.562,50.521,46.105,42.013,54.88,63.504,67.528
56.605,51.046,49.562,50.521,46.105,42.013,54.88,63.504,67.528,61.761
51.046,49.562,50.521,46.105,42.013,54.88,63.504,67.528,61.761,56.111
49.562,50.521,46.105,42.013,54.88,63.504,67.528,61.761,56.111,50.165
50.521,46.105,42.013,54.88,63.504,67.528,61.761,56.111,50.165,48.721
46.105,42.013,54.88,63.504,67.528,61.761,56.111,50.165,48.721,48.7
42.013,54.88,63.504,67.528,61.761,56.111,50.165,48.721,48.7,39.301
54.88,63.504,67.528,61.761,56.111,50.165,48.721,48.7,39.301,37.924
63.504,67.528,61.761,56.111,50.165,48.721,48.7,39.301,37.924,35.389
67.528,61.761,56.111,50.165,48.721,48.7,39.301,37.924,35.389,34.709
61.761,56.111,50.165,48.721,48.7,39.301,37.924,35.389,34.709,30.415
56.111,50.165,48.721,48.7,39.301,37.924,35.389,34.709,30.415,30.554
50.165,48.721,48.7,39.301,37.924,35.389,34.709,30.415,30.554,29.451
48.721,48.7,39.301,37.924,35.389,34.709,30.415,30.554,29.451,28.078
48.7,39.301,37.924,35.389,34.709,30.415,30.554,29.451,28.078,31.275
39.301,37.924,35.389,34.709,30.415,30.554,29.451,28.078,31.275,31.855
37.924,35.389,34.709,30.415,30.554,29.451,28.078,31.275,31.855,34.173
35.389,34.709,30.415,30.554,29.451,28.078,31.275,31.855,34.173,35.89
34.709,30.415,30.554,29.451,28.078,31.275,31.855,34.173,35.89,36.359
30.415,30.554,29.451,28.078,31.275,31.855,34.173,35.89,36.359,30.34
30.554,29.451,28.078,31.275,31.855,34.173,35.89,36.359,30.34,27.722
29.451,28.078,31.275,31.855,34.173,35.89,36.359,30.34,27.722,26.846
28.078,31.275,31.855,34.173,35.89,36.359,30.34,27.722,26.846,26.954
31.275,31.855,34.173,35.89,36.359,30.34,27.722,26.846,26.954,24.162
31.855,34.173,35.89,36.359,30.34,27.722,26.846,26.954,24.162,23.946
34.173,35.89,36.359,30.34,27.722,26.846,26.954,24.162,23.946,21.045
35.89,36.359,30.34,27.722,26.846,26.954,24.162,23.946,21.045,21.494
36.359,30.34,27.722,26.846,26.954,24.162,23.946,21.045,21.494,21.469
30.34,27.722,26.846,26.954,24.162,23.946,21.045,21.494,21.469,20.283
27.722,26.846,26.954,24.162,23.946,21.045,21.494,21.469,20.283,20.722
26.846,26.954,24.162,23.946,21.045,21.494,21.469,20.283,20.722,17.691
26.954,24.162,23.946,21.045,21.494,21.469,20.283,20.722,17.691,15
24.162,23.946,21.045,21.494,21.469,20.283,20.722,17.691,15,19
23.946,21.045,21.494,21.469,20.283,20.722,17.691,15,19,20.068
21.045,21.494,21.469,20.283,20.722,17.691,15,19,20.068,26.92
21.494,21.469,20.283,20.722,17.691,15,19,20.068,26.92,24.107
21.469,20.283,20.722,17.691,15,19,20.068,26.92,24.107,20.15
20.283,20.722,17.691,15,19,20.068,26.92,24.107,20.15,16.826
20.722,17.691,15,19,20.068,26.92,24.107,20.15,16.826,17.152
17.691,15,19,20.068,26.92,24.107,20.15,16.826,17.152,17.705
15,19,20.068,26.92,24.107,20.15,16.826,17.152,17.705,12.961
19,20.068,26.92,24.107,20.15,16.826,17.152,17.705,12.961,13.166
20.068,26.92,24.107,20.15,16.826,17.152,17.705,12.961,13.166,13.224
26.92,24.107,20.15,16.826,17.152,17.705,12.961,13.166,13.224,15.279
24.107,20.15,16.826,17.152,17.705,12.961,13.166,13.224,15.279,23.746
20.15,16.826,17.152,17.705,12.961,13.166,13.224,15.279,23.746,18.592
16.826,17.152,17.705,12.961,13.166,13.224,15.279,23.746,18.592,17.01
17.152,17.705,12.961,13.166,13.224,15.279,23.746,18.592,17.01,17.238
17.705,12.961,13.166,13.224,15.279,23.746,18.592,17.01,17.238,13.507
12.961,13.166,13.224,15.279,23.746,18.592,17.01,17.238,13.507,10.49
13.166,13.224,15.279,23.746,18.592,17.01,17.238,13.507,10.49,9.159
13.224,15.279,23.746,18.592,17.01,17.238,13.507,10.49,9.159,10.465
15.279,23.746,18.592,17.01,17.238,13.507,10.49,9.159,10.465,10.793
23.746,18.592,17.01,17.238,13.507,10.49,9.159,10.465,10.793,8.309
18.592,17.01,17.238,13.507,10.49,9.159,10.465,10.793,8.309,8.243
17.01,17.238,13.507,10.49,9.159,10.465,10.793,8.309,8.243,14.249
17.238,13.507,10.49,9.159,10.465,10.793,8.309,8.243,14.249,15.851
13.507,10.49,9.159,10.465,10.793,8.309,8.243,14.249,15.851,11.2
10.49,9.159,10.465,10.793,8.309,8.243,14.249,15.851,11.2,13.075
9.159,10.465,10.793,8.309,8.243,14.249,15.851,11.2,13.075,13.025
10.465,10.793,8.309,8.243,14.249,15.851,11.2,13.075,13.025,8.289
10.793,8.309,8.243,14.249,15.851,11.2,13.075,13.025,8.289,8.329
8.309,8.243,14.249,15.851,11.2,13.075,13.025,8.289,8.329,8.902
8.243,14.249,15.851,11.2,13.075,13.025,8.289,8.329,8.902,12.291
14.249,15.851,11.2,13.075,13.025,8.289,8.329,8.902,12.291,11.212
15.851,11.2,13.075,13.025,8.289,8.329,8.902,12.291,11.212,11.23
11.2,13.075,13.025,8.289,8.329,8.902,12.291,11.212,11.23,11.004
13.075,13.025,8.289,8.329,8.902,12.291,11.212,11.23,11.004,10.858
13.025,8.289,8.329,8.902,12.291,11.212,11.23,11.004,10.858,13.375
8.289,8.329,8.902,12.291,11.212,11.23,11.004,10.858,13.375,11.061
8.329,8.902,12.291,11.212,11.23,11.004,10.858,13.375,11.061,9.45
8.902,12.291,11.212,11.23,11.004,10.858,13.375,11.061,9.45,10.638
12.291,11.212,11.23,11.004,10.858,13.375,11.061,9.45,10.638,10.678
11.212,11.23,11.004,10.858,13.375,11.061,9.45,10.638,10.678,13.659
11.23,11.004,10.858,13.375,11.061,9.45,10.638,10.678,13.659,15.119
11.004,10.858,13.375,11.061,9.45,10.638,10.678,13.659,15.119,11.842
10.858,13.375,11.061,9.45,10.638,10.678,13.659,15.119,11.842,9.741
13.375,11.061,9.45,10.638,10.678,13.659,15.119,11.842,9.741,11.086
11.061,9.45,10.638,10.678,13.659,15.119,11.842,9.741,11.086,11.101
9.45,10.638,10.678,13.659,15.119,11.842,9.741,11.086,11.101,11.448
10.638,10.678,13.659,15.119,11.842,9.741,11.086,11.101,11.448,11.599
10.678,13.659,15.119,11.842,9.741,11.086,11.101,11.448,11.599,12.585
13.659,15.119,11.842,9.741,11.086,11.101,11.448,11.599,12.585,13.354
15.119,11.842,9.741,11.086,11.101,11.448,11.599,12.585,13.354,15.927
11.842,9.741,11.086,11.101,11.448,11.599,12.585,13.354,15.927,15.363
9.741,11.086,11.101,11.448,11.599,12.585,13.354,15.927,15.363,13.812
11.086,11.101,11.448,11.599,12.585,13.354,15.927,15.363,13.812,13
11.101,11.448,11.599,12.585,13.354,15.927,15.363,13.812,13,13
11.448,11.599,12.585,13.354,15.927,15.363,13.812,13,13,13
11.599,12.585,13.354,15.927,15.363,13.812,13,13,13,13
12.585,13.354,15.927,15.363,13.812,13,13,13,13,8.851
13.354,15.927,15.363,13.812,13,13,13,13,8.851,8.852
15.927,15.363,13.812,13,13,13,13,8.851,8.852,8.85
15.363,13.812,13,13,13,13,8.851,8.852,8.85,7.404
13.812,13,13,13,13,8.851,8.852,8.85,7.404,9.064
13,13,13,13,8.851,8.852,8.85,7.404,9.064,8.346
13,13,13,8.851,8.852,8.85,7.404,9.064,8.346,7.323
13,13,8.851,8.852,8.85,7.404,9.064,8.346,7.323,6.943
13,8.851,8.852,8.85,7.404,9.064,8.346,7.323,6.943,7.435
8.851,8.852,8.85,7.404,9.064,8.346,7.323,6.943,7.435,10.303
8.852,8.85,7.404,9.064,8.346,7.323,6.943,7.435,10.303,9.108
8.85,7.404,9.064,8.346,7.323,6.943,7.435,10.303,9.108,8.891
7.404,9.064,8.346,7.323,6.943,7.435,10.303,9.108,8.891,8.663
9.064,8.346,7.323,6.943,7.435,10.303,9.108,8.891,8.663,11.456
8.346,7.323,6.943,7.435,10.303,9.108,8.891,8.663,11.456,9.951
7.323,6.943,7.435,10.303,9.108,8.891,8.663,11.456,9.951,8.463
6.943,7.435,10.303,9.108,8.891,8.663,11.456,9.951,8.463,13.034
7.435,10.303,9.108,8.891,8.663,11.456,9.951,8.463,13.034,18.412
10.303,9.108,8.891,8.663,11.456,9.951,8.463,13.034,18.412,15.508
9.108,8.891,8.663,11.456,9.951,8.463,13.034,18.412,15.508,14.495
8.891,8.663,11.456,9.951,8.463,13.034,18.412,15.508,14.495,11.6
8.663,11.456,9.951,8.463,13.034,18.412,15.508,14.495,11.6,11.677
11.456,9.951,8.463,13.034,18.412,15.508,14.495,11.6,11.677,11.66
9.951,8.463,13.034,18.412,15.508,14.495,11.6,11.677,11.66,13.363
8.463,13.034,18.412,15.508,14.495,11.6,11.677,11.66,13.363,12.405
13.034,18.412,15.508,14.495,11.6,11.677,11.66,13.363,12.405,13.839
18.412,15.508,14.495,11.6,11.677,11.66,13.363,12.405,13.839,12.41
15.508,14.495,11.6,11.677,11.66,13.363,12.405,13.839,12.41,12.406
14.495,11.6,11.677,11.66,13.363,12.405,13.839,12.41,12.406,10.966
11.6,11.677,11.66,13.363,12.405,13.839,12.41,12.406,10.966,12.407
11.677,11.66,13.363,12.405,13.839,12.41,12.406,10.966,12.407,10.756
11.66,13.363,12.405,13.839,12.41,12.406,10.966,12.407,10.756,10.459
13.363,12.405,13.839,12.41,12.406,10.966,12.407,10.756,10.459,10.459
12.405,13.839,12.41,12.406,10.966,12.407,10.756,10.459,10.459,9.944
13.839,12.41,12.406,10.966,12.407,10.756,10.459,10.459,9.944,12.009
12.41,12.406,10.966,12.407,10.756,10.459,10.459,9.944,12.009,9.489
12.406,10.966,12.407,10.756,10.459,10.459,9.944,12.009,9.489,11.934
10.966,12.407,10.756,10.459,10.459,9.944,12.009,9.489,11.934,13.367
12.407,10.756,10.459,10.459,9.944,12.009,9.489,11.934,13.367,12.959
10.756,10.459,10.459,9.944,12.009,9.489,11.934,13.367,12.959,13
10.459,10.459,9.944,12.009,9.489,11.934,13.367,12.959,13,15.074
10.459,9.944,12.009,9.489,11.934,13.367,12.959,13,15.074,11.344
9.944,12.009,9.489,11.934,13.367,12.959,13,15.074,11.344,9.7
12.009,9.489,11.934,13.367,12.959,13,15.074,11.344,9.7,9.699
9.489,11.934,13.367,12.959,13,15.074,11.344,9.7,9.699,7.155
11.934,13.367,12.959,13,15.074,11.344,9.7,9.699,7.155,8.314
13.367,12.959,13,15.074,11.344,9.7,9.699,7.155,8.314,9.606
12.959,13,15.074,11.344,9.7,9.699,7.155,8.314,9.606,6.768
13,15.074,11.344,9.7,9.699,7.155,8.314,9.606,6.768,5.442
15.074,11.344,9.7,9.699,7.155,8.314,9.606,6.768,5.442,6.588
11.344,9.7,9.699,7.155,8.314,9.606,6.768,5.442,6.588,6.201
9.7,9.699,7.155,8.314,9.606,6.768,5.442,6.588,6.201,5.801
9.699,7.155,8.314,9.606,6.768,5.442,6.588,6.201,5.801,5.654
7.155,8.314,9.606,6.768,5.442,6.588,6.201,5.801,5.654,6.518
8.314,9.606,6.768,5.442,6.588,6.201,5.801,5.654,6.518,8.537
9.606,6.768,5.442,6.588,6.201,5.801,5.654,6.518,8.537,9.949
6.768,5.442,6.588,6.201,5.801,5.654,6.518,8.537,9.949,7.987
5.442,6.588,6.201,5.801,5.654,6.518,8.537,9.949,7.987,7.643
6.588,6.201,5.801,5.654,6.518,8.537,9.949,7.987,7.643,7.972
6.201,5.801,5.654,6.518,8.537,9.949,7.987,7.643,7.972,6.818
5.801,5.654,6.518,8.537,9.949,7.987,7.643,7.972,6.818,6.359
5.654,6.518,8.537,9.949,7.987,7.643,7.972,6.818,6.359,7.47
6.518,8.537,9.949,7.987,7.643,7.972,6.818,6.359,7.47,5.844
8.537,9.949,7.987,7.643,7.972,6.818,6.359,7.47,5.844,9.671
9.949,7.987,7.643,7.972,6.818,6.359,7.47,5.844,9.671,10.717
7.987,7.643,7.972,6.818,6.359,7.47,5.844,9.671,10.717,14.689
7.643,7.972,6.818,6.359,7.47,5.844,9.671,10.717,14.689,18.579
7.972,6.818,6.359,7.47,5.844,9.671,10.717,14.689,18.579,16.06
6.818,6.359,7.47,5.844,9.671,10.717,14.689,18.579,16.06,17.307
6.359,7.47,5.844,9.671,10.717,14.689,18.579,16.06,17.307,20.315
7.47,5.844,9.671,10.717,14.689,18.579,16.06,17.307,20.315,17.491
5.844,9.671,10.717,14.689,18.579,16.06,17.307,20.315,17.491,16.152
9.671,10.717,14.689,18.579,16.06,17.307,20.315,17.491,16.152,13.71
10.717,14.689,18.579,16.06,17.307,20.315,17.491,16.152,13.71,15.045
14.689,18.579,16.06,17.307,20.315,17.491,16.152,13.71,15.045,16.345
18.579,16.06,17.307,20.315,17.491,16.152,13.71,15.045,16.345,17.976
16.06,17.307,20.315,17.491,16.152,13.71,15.045,16.345,17.976,18.326
17.307,20.315,17.491,16.152,13.71,15.045,16.345,17.976,18.326,17.973
20.315,17.491,16.152,13.71,15.045,16.345,17.976,18.326,17.973,19.531
17.491,16.152,13.71,15.045,16.345,17.976,18.326,17.973,19.531,24.523
16.152,13.71,15.045,16.345,17.976,18.326,17.973,19.531,24.523,21.736
13.71,15.045,16.345,17.976,18.326,17.973,19.531,24.523,21.736,18.902
15.045,16.345,17.976,18.326,17.973,19.531,24.523,21.736,18.902,18.815
16.345,17.976,18.326,17.973,19.531,24.523,21.736,18.902,18.815,20.144
17.976,18.326,17.973,19.531,24.523,21.736,18.902,18.815,20.144,23.995
18.326,17.973,19.531,24.523,21.736,18.902,18.815,20.144,23.995,26.722
17.973,19.531,24.523,21.736,18.902,18.815,20.144,23.995,26.722,24.797
19.531,24.523,21.736,18.902,18.815,20.144,23.995,26.722,24.797,21.743
24.523,21.736,18.902,18.815,20.144,23.995,26.722,24.797,21.743,23.375
21.736,18.902,18.815,20.144,23.995,26.722,24.797,21.743,23.375,21.913
18.902,18.815,20.144,23.995,26.722,24.797,21.743,23.375,21.913,24.399
18.815,20.144,23.995,26.722,24.797,21.743,23.375,21.913,24.399,26.073
20.144,23.995,26.722,24.797,21.743,23.375,21.913,24.399,26.073,34.028
23.995,26.722,24.797,21.743,23.375,21.913,24.399,26.073,34.028,29.682
26.722,24.797,21.743,23.375,21.913,24.399,26.073,34.028,29.682,25.916
24.797,21.743,23.375,21.913,24.399,26.073,34.028,29.682,25.916,25.449
21.743,23.375,21.913,24.399,26.073,34.028,29.682,25.916,25.449,21.576
23.375,21.913,24.399,26.073,34.028,29.682,25.916,25.449,21.576,21.694
21.913,24.399,26.073,34.028,29.682,25.916,25.449,21.576,21.694,19.451
24.399,26.073,34.028,29.682,25.916,25.449,21.576,21.694,19.451,19.636
26.073,34.028,29.682,25.916,25.449,21.576,21.694,19.451,19.636,20.442
34.028,29.682,25.916,25.449,21.576,21.694,19.451,19.636,20.442,18.274
29.682,25.916,25.449,21.576,21.694,19.451,19.636,20.442,18.274,18.247
25.916,25.449,21.576,21.694,19.451,19.636,20.442,18.274,18.247,15.253
25.449,21.576,21.694,19.451,19.636,20.442,18.274,18.247,15.253,13.676
21.576,21.694,19.451,19.636,20.442,18.274,18.247,15.253,13.676,10.517
21.694,19.451,19.636,20.442,18.274,18.247,15.253,13.676,10.517,11.045
19.451,19.636,20.442,18.274,18.247,15.253,13.676,10.517,11.045,10.988
19.636,20.442,18.274,18.247,15.253,13.676,10.517,11.045,10.988,11.324
20.442,18.274,18.247,15.253,13.676,10.517,11.045,10.988,11.324,8.884
18.274,18.247,15.253,13.676,10.517,11.045,10.988,11.324,8.884,9.988
18.247,15.253,13.676,10.517,11.045,10.988,11.324,8.884,9.988,9.612
15.253,13.676,10.517,11.045,10.988,11.324,8.884,9.988,9.612,10.842
13.676,10.517,11.045,10.988,11.324,8.884,9.988,9.612,10.842,13.423
10.517,11.045,10.988,11.324,8.884,9.988,9.612,10.842,13.423,20.039
11.045,10.988,11.324,8.884,9.988,9.612,10.842,13.423,20.039,27.424
10.988,11.324,8.884,9.988,9.612,10.842,13.423,20.039,27.424,27.405
11.324,8.884,9.988,9.612,10.842,13.423,20.039,27.424,27.405,26.73
8.884,9.988,9.612,10.842,13.423,20.039,27.424,27.405,26.73,21.191
9.988,9.612,10.842,13.423,20.039,27.424,27.405,26.73,21.191,19.677
9.612,10.842,13.423,20.039,27.424,27.405,26.73,21.191,19.677,16.99
10.842,13.423,20.039,27.424,27.405,26.73,21.191,19.677,16.99,15.883
13.423,20.039,27.424,27.405,26.73,21.191,19.677,16.99,15.883,15.291
20.039,27.424,27.405,26.73,21.191,19.677,16.99,15.883,15.291,12.427
27.424,27.405,26.73,21.191,19.677,16.99,15.883,15.291,12.427,12.859
27.405,26.73,21.191,19.677,16.99,15.883,15.291,12.427,12.859,13.229
26.73,21.191,19.677,16.99,15.883,15.291,12.427,12.859,13.229,13.634
21.191,19.677,16.99,15.883,15.291,12.427,12.859,13.229,13.634,14.094
19.677,16.99,15.883,15.291,12.427,12.859,13.229,13.634,14.094,15.259
16.99,15.883,15.291,12.427,12.859,13.229,13.634,14.094,15.259,17.854
15.883,15.291,12.427,12.859,13.229,13.634,14.094,15.259,17.854,20.414
15.291,12.427,12.859,13.229,13.634,14.094,15.259,17.854,20.414,19.164
12.427,12.859,13.229,13.634,14.094,15.259,17.854,20.414,19.164,22.366
12.859,13.229,13.634,14.094,15.259,17.854,20.414,19.164,22.366,22.642
13.229,13.634,14.094,15.259,17.854,20.414,19.164,22.366,22.642,20.49
13.634,14.094,15.259,17.854,20.414,19.164,22.366,22.642,20.49,15.035
14.094,15.259,17.854,20.414,19.164,22.366,22.642,20.49,15.035,16.396
15.259,17.854,20.414,19.164,22.366,22.642,20.49,15.035,16.396,20.221
17.854,20.414,19.164,22.366,22.642,20.49,15.035,16.396,20.221,22.912
20.414,19.164,22.366,22.642,20.49,15.035,16.396,20.221,22.912,26.369
19.164,22.366,22.642,20.49,15.035,16.396,20.221,22.912,26.369,27.111
22.366,22.642,20.49,15.035,16.396,20.221,22.912,26.369,27.111,25.577
22.642,20.49,15.035,16.396,20.221,22.912,26.369,27.111,25.577,26.869
20.49,15.035,16.396,20.221,22.912,26.369,27.111,25.577,26.869,30.725
15.035,16.396,20.221,22.912,26.369,27.111,25.577,26.869,30.725,40.114
16.396,20.221,22.912,26.369,27.111,25.577,26.869,30.725,40.114,43.763
20.221,22.912,26.369,27.111,25.577,26.869,30.725,40.114,43.763,54.85
22.912,26.369,27.111,25.577,26.869,30.725,40.114,43.763,54.85,51.563
26.369,27.111,25.577,26.869,30.725,40.114,43.763,54.85,51.563,47.513
27.111,25.577,26.869,30.725,40.114,43.763,54.85,51.563,47.513,38.783
25.577,26.869,30.725,40.114,43.763,54.85,51.563,47.513,38.783,30.751
26.869,30.725,40.114,43.763,54.85,51.563,47.513,38.783,30.751,27.396
30.725,40.114,43.763,54.85,51.563,47.513,38.783,30.751,27.396,19.352
40.114,43.763,54.85,51.563,47.513,38.783,30.751,27.396,19.352,16.272
43.763,54.85,51.563,47.513,38.783,30.751,27.396,19.352,16.272,15.242
54.85,51.563,47.513,38.783,30.751,27.396,19.352,16.272,15.242,15.137
51.563,47.513,38.783,30.751,27.396,19.352,16.272,15.242,15.137,20.628
47.513,38.783,30.751,27.396,19.352,16.272,15.242,15.137,20.628,16.128
38.783,30.751,27.396,19.352,16.272,15.242,15.137,20.628,16.128,17.453
30.751,27.396,19.352,16.272,15.242,15.137,20.628,16.128,17.453,19.209
27.396,19.352,16.272,15.242,15.137,20.628,16.128,17.453,19.209,16.608
19.352,16.272,15.242,15.137,20.628,16.128,17.453,19.209,16.608,15.158
16.272,15.242,15.137,20.628,16.128,17.453,19.209,16.608,15.158,15.154
15.242,15.137,20.628,16.128,17.453,19.209,16.608,15.158,15.154,12.792
15.137,20.628,16.128,17.453,19.209,16.608,15.158,15.154,12.792,12.526
20.628,16.128,17.453,19.209,16.608,15.158,15.154,12.792,12.526,12.732
16.128,17.453,19.209,16.608,15.158,15.154,12.792,12.526,12.732,12.755
17.453,19.209,16.608,15.158,15.154,12.792,12.526,12.732,12.755,11.012
19.209,16.608,15.158,15.154,12.792,12.526,12.732,12.755,11.012,12.525
16.608,15.158,15.154,12.792,12.526,12.732,12.755,11.012,12.525,15.724
15.158,15.154,12.792,12.526,12.732,12.755,11.012,12.525,15.724,18.317
15.154,12.792,12.526,12.732,12.755,11.012,12.525,15.724,18.317,18.039
12.792,12.526,12.732,12.755,11.012,12.525,15.724,18.317,18.039,21.115
12.526,12.732,12.755,11.012,12.525,15.724,18.317,18.039,21.115,16.159
12.732,12.755,11.012,12.525,15.724,18.317,18.039,21.115,16.159,17.025
12.755,11.012,12.525,15.724,18.317,18.039,21.115,16.159,17.025,18.517
11.012,12.525,15.724,18.317,18.039,21.115,16.159,17.025,18.517,21.442
12.525,15.724,18.317,18.039,21.115,16.159,17.025,18.517,21.442,22.436
15.724,18.317,18.039,21.115,16.159,17.025,18.517,21.442,22.436,18.082
18.317,18.039,21.115,16.159,17.025,18.517,21.442,22.436,18.082,18.103
18.039,21.115,16.159,17.025,18.517,21.442,22.436,18.082,18.103,16.986
21.115,16.159,17.025,18.517,21.442,22.436,18.082,18.103,16.986,17.123
16.159,17.025,18.517,21.442,22.436,18.082,18.103,16.986,17.123,15.536
17.025,18.517,21.442,22.436,18.082,18.103,16.986,17.123,15.536,15.553
18.517,21.442,22.436,18.082,18.103,16.986,17.123,15.536,15.553,12.763
21.442,22.436,18.082,18.103,16.986,17.123,15.536,15.553,12.763,11.8
22.436,18.082,18.103,16.986,17.123,15.536,15.553,12.763,11.8,11.379
18.082,18.103,16.986,17.123,15.536,15.553,12.763,11.8,11.379,11.718
18.103,16.986,17.123,15.536,15.553,12.763,11.8,11.379,11.718,10.091
16.986,17.123,15.536,15.553,12.763,11.8,11.379,11.718,10.091,11.862
17.123,15.536,15.553,12.763,11.8,11.379,11.718,10.091,11.862,12.182
15.536,15.553,12.763,11.8,11.379,11.718,10.091,11.862,12.182,13.554
15.553,12.763,11.8,11.379,11.718,10.091,11.862,12.182,13.554,13.785
12.763,11.8,11.379,11.718,10.091,11.862,12.182,13.554,13.785,14.796
11.8,11.379,11.718,10.091,11.862,12.182,13.554,13.785,14.796,13.38
11.379,11.718,10.091,11.862,12.182,13.554,13.785,14.796,13.38,13.551
11.718,10.091,11.862,12.182,13.554,13.785,14.796,13.38,13.551,18.571
10.091,11.862,12.182,13.554,13.785,14.796,13.38,13.551,18.571,17.412
11.862,12.182,13.554,13.785,14.796,13.38,13.551,18.571,17.412,19.915
12.182,13.554,13.785,14.796,13.38,13.551,18.571,17.412,19.915,14.406
13.554,13.785,14.796,13.38,13.551,18.571,17.412,19.915,14.406,12.908
13.785,14.796,13.38,13.551,18.571,17.412,19.915,14.406,12.908,12.228
14.796,13.38,13.551,18.571,17.412,19.915,14.406,12.908,12.228,11.642
13.38,13.551,18.571,17.412,19.915,14.406,12.908,12.228,11.642,12.222
13.551,18.571,17.412,19.915,14.406,12.908,12.228,11.642,12.222,12.242
18.571,17.412,19.915,14.406,12.908,12.228,11.642,12.222,12.242,10.84
17.412,19.915,14.406,12.908,12.228,11.642,12.222,12.242,10.84,13.645
19.915,14.406,12.908,12.228,11.642,12.222,12.242,10.84,13.645,12.261
14.406,12.908,12.228,11.642,12.222,12.242,10.84,13.645,12.261,14.87
12.908,12.228,11.642,12.222,12.242,10.84,13.645,12.261,14.87,18.674
12.228,11.642,12.222,12.242,10.84,13.645,12.261,14.87,18.674,16.27
11.642,12.222,12.242,10.84,13.645,12.261,14.87,18.674,16.27,17.63
12.222,12.242,10.84,13.645,12.261,14.87,18.674,16.27,17.63,26.674
12.242,10.84,13.645,12.261,14.87,18.674,16.27,17.63,26.674,66.67
10.84,13.645,12.261,14.87,18.674,16.27,17.63,26.674,66.67,84.2
13.645,12.261,14.87,18.674,16.27,17.63,26.674,66.67,84.2,82.299
12.261,14.87,18.674,16.27,17.63,26.674,66.67,84.2,82.299,85.264
14.87,18.674,16.27,17.63,26.674,66.67,84.2,82.299,85.264,81.468
18.674,16.27,17.63,26.674,66.67,84.2,82.299,85.264,81.468,95.467
16.27,17.63,26.674,66.67,84.2,82.299,85.264,81.468,95.467,127.079
17.63,26.674,66.67,84.2,82.299,85.264,81.468,95.467,127.079,106.901
26.674,66.67,84.2,82.299,85.264,81.468,95.467,127.079,106.901,91.222
66.67,84.2,82.299,85.264,81.468,95.467,127.079,106.901,91.222,82.078
84.2,82.299,85.264,81.468,95.467,127.079,106.901,91.222,82.078,76.675
82.299,85.264,81.468,95.467,127.079,106.901,91.222,82.078,76.675,75.022
85.264,81.468,95.467,127.079,106.901,91.222,82.078,76.675,75.022,74.01
81.468,95.467,127.079,106.901,91.222,82.078,76.675,75.022,74.01,86.251
95.467,127.079,106.901,91.222,82.078,76.675,75.022,74.01,86.251,89.22
127.079,106.901,91.222,82.078,76.675,75.022,74.01,86.251,89.22,96.207
106.901,91.222,82.078,76.675,75.022,74.01,86.251,89.22,96.207,118.403
91.222,82.078,76.675,75.022,74.01,86.251,89.22,96.207,118.403,118.18
82.078,76.675,75.022,74.01,86.251,89.22,96.207,118.403,118.18,106.406
76.675,75.022,74.01,86.251,89.22,96.207,118.403,118.18,106.406,94.268
75.022,74.01,86.251,89.22,96.207,118.403,118.18,106.406,94.268,78.995
74.01,86.251,89.22,96.207,118.403,118.18,106.406,94.268,78.995,68.065
86.251,89.22,96.207,118.403,118.18,106.406,94.268,78.995,68.065,55.564
89.22,96.207,118.403,118.18,106.406,94.268,78.995,68.065,55.564,54.665
96.207,118.403,118.18,106.406,94.268,78.995,68.065,55.564,54.665,60.741
118.403,118.18,106.406,94.268,78.995,68.065,55.564,54.665,60.741,54.998
118.18,106.406,94.268,78.995,68.065,55.564,54.665,60.741,54.998,55.036
106.406,94.268,78.995,68.065,55.564,54.665,60.741,54.998,55.036,61.52
94.268,78.995,68.065,55.564,54.665,60.741,54.998,55.036,61.52,77.834
78.995,68.065,55.564,54.665,60.741,54.998,55.036,61.52,77.834,84.85
68.065,55.564,54.665,60.741,54.998,55.036,61.52,77.834,84.85,77.321
55.564,54.665,60.741,54.998,55.036,61.52,77.834,84.85,77.321,70.643
54.665,60.741,54.998,55.036,61.52,77.834,84.85,77.321,70.643,65.586
60.741,54.998,55.036,61.52,77.834,84.85,77.321,70.643,65.586,68.67
54.998,55.036,61.52,77.834,84.85,77.321,70.643,65.586,68.67,92.707
55.036,61.52,77.834,84.85,77.321,70.643,65.586,68.67,92.707,101.741
61.52,77.834,84.85,77.321,70.643,65.586,68.67,92.707,101.741,105.701
77.834,84.85,77.321,70.643,65.586,68.67,92.707,101.741,105.701,112.112
84.85,77.321,70.643,65.586,68.67,92.707,101.741,105.701,112.112,99.997
77.321,70.643,65.586,68.67,92.707,101.741,105.701,112.112,99.997,87.246
70.643,65.586,68.67,92.707,101.741,105.701,112.112,99.997,87.246,82.003
65.586,68.67,92.707,101.741,105.701,112.112,99.997,87.246,82.003,75.169
68.67,92.707,101.741,105.701,112.112,99.997,87.246,82.003,75.169,73.385
92.707,101.741,105.701,112.112,99.997,87.246,82.003,75.169,73.385,67.796
101.741,105.701,112.112,99.997,87.246,82.003,75.169,73.385,67.796,57.95
105.701,112.112,99.997,87.246,82.003,75.169,73.385,67.796,57.95,51.427
112.112,99.997,87.246,82.003,75.169,73.385,67.796,57.95,51.427,45.465
99.997,87.246,82.003,75.169,73.385,67.796,57.95,51.427,45.465,43.765
87.246,82.003,75.169,73.385,67.796,57.95,51.427,45.465,43.765,64.442
82.003,75.169,73.385,67.796,57.95,51.427,45.465,43.765,64.442,101.257
75.169,73.385,67.796,57.95,51.427,45.465,43.765,64.442,101.257,85.401
73.385,67.796,57.95,51.427,45.465,43.765,64.442,101.257,85.401,63.611
67.796,57.95,51.427,45.465,43.765,64.442,101.257,85.401,63.611,44.617
57.95,51.427,45.465,43.765,64.442,101.257,85.401,63.611,44.617,40.614
51.427,45.465,43.765,64.442,101.257,85.401,63.611,44.617,40.614,40.656
45.465,43.765,64.442,101.257,85.401,63.611,44.617,40.614,40.656,38.687
43.765,64.442,101.257,85.401,63.611,44.617,40.614,40.656,38.687,33.523
64.442,101.257,85.401,63.611,44.617,40.614,40.656,38.687,33.523,32.333
101.257,85.401,63.611,44.617,40.614,40.656,38.687,33.523,32.333,29.543
85.401,63.611,44.617,40.614,40.656,38.687,33.523,32.333,29.543,24.392
63.611,44.617,40.614,40.656,38.687,33.523,32.333,29.543,24.392,33.123
44.617,40.614,40.656,38.687,33.523,32.333,29.543,24.392,33.123,48.935
40.614,40.656,38.687,33.523,32.333,29.543,24.392,33.123,48.935,52.605
40.656,38.687,33.523,32.333,29.543,24.392,33.123,48.935,52.605,43.852
38.687,33.523,32.333,29.543,24.392,33.123,48.935,52.605,43.852,30.746
33.523,32.333,29.543,24.392,33.123,48.935,52.605,43.852,30.746,23.774
32.333,29.543,24.392,33.123,48.935,52.605,43.852,30.746,23.774,22.381
29.543,24.392,33.123,48.935,52.605,43.852,30.746,23.774,22.381,26.879
24.392,33.123,48.935,52.605,43.852,30.746,23.774,22.381,26.879,34.382
33.123,48.935,52.605,43.852,30.746,23.774,22.381,26.879,34.382,29.588
48.935,52.605,43.852,30.746,23.774,22.381,26.879,34.382,29.588,25.092
52.605,43.852,30.746,23.774,22.381,26.879,34.382,29.588,25.092,22.795
43.852,30.746,23.774,22.381,26.879,34.382,29.588,25.092,22.795,31.443
30.746,23.774,22.381,26.879,34.382,29.588,25.092,22.795,31.443,34.04
23.774,22.381,26.879,34.382,29.588,25.092,22.795,31.443,34.04,29.967
22.381,26.879,34.382,29.588,25.092,22.795,31.443,34.04,29.967,25.752
26.879,34.382,29.588,25.092,22.795,31.443,34.04,29.967,25.752,22.079
34.382,29.588,25.092,22.795,31.443,34.04,29.967,25.752,22.079,20.115
29.588,25.092,22.795,31.443,34.04,29.967,25.752,22.079,20.115,20.121
25.092,22.795,31.443,34.04,29.967,25.752,22.079,20.115,20.121,23.019
22.795,31.443,34.04,29.967,25.752,22.079,20.115,20.121,23.019,18.826
31.443,34.04,29.967,25.752,22.079,20.115,20.121,23.019,18.826,19.11
34.04,29.967,25.752,22.079,20.115,20.121,23.019,18.826,19.11,16.102
29.967,25.752,22.079,20.115,20.121,23.019,18.826,19.11,16.102,19.437
25.752,22.079,20.115,20.121,23.019,18.826,19.11,16.102,19.437,20.555
22.079,20.115,20.121,23.019,18.826,19.11,16.102,19.437,20.555,19.281
20.115,20.121,23.019,18.826,19.11,16.102,19.437,20.555,19.281,15.013
20.121,23.019,18.826,19.11,16.102,19.437,20.555,19.281,15.013,20.812
23.019,18.826,19.11,16.102,19.437,20.555,19.281,15.013,20.812,24.649
18.826,19.11,16.102,19.437,20.555,19.281,15.013,20.812,24.649,19.455
19.11,16.102,19.437,20.555,19.281,15.013,20.812,24.649,19.455,19.592
16.102,19.437,20.555,19.281,15.013,20.812,24.649,19.455,19.592,20.062
19.437,20.555,19.281,15.013,20.812,24.649,19.455,19.592,20.062,20.113
20.555,19.281,15.013,20.812,24.649,19.455,19.592,20.062,20.113,15.956
19.281,15.013,20.812,24.649,19.455,19.592,20.062,20.113,15.956,14.749
15.013,20.812,24.649,19.455,19.592,20.062,20.113,15.956,14.749,11.811
20.812,24.649,19.455,19.592,20.062,20.113,15.956,14.749,11.811,13.273
24.649,19.455,19.592,20.062,20.113,15.956,14.749,11.811,13.273,10.698
19.455,19.592,20.062,20.113,15.956,14.749,11.811,13.273,10.698,16.306
19.592,20.062,20.113,15.956,14.749,11.811,13.273,10.698,16.306,16.342
20.062,20.113,15.956,14.749,11.811,13.273,10.698,16.306,16.342,14.904
20.113,15.956,14.749,11.811,13.273,10.698,16.306,16.342,14.904,12.227
15.956,14.749,11.811,13.273,10.698,16.306,16.342,14.904,12.227,15.165
14.749,11.811,13.273,10.698,16.306,16.342,14.904,12.227,15.165,14.969
11.811,13.273,10.698,16.306,16.342,14.904,12.227,15.165,14.969,16.004
13.273,10.698,16.306,16.342,14.904,12.227,15.165,14.969,16.004,16.021
10.698,16.306,16.342,14.904,12.227,15.165,14.969,16.004,16.021,14.79
16.306,16.342,14.904,12.227,15.165,14.969,16.004,16.021,14.79,14.675
16.342,14.904,12.227,15.165,14.969,16.004,16.021,14.79,14.675,16.057
14.904,12.227,15.165,14.969,16.004,16.021,14.79,14.675,16.057,16.071
12.227,15.165,14.969,16.004,16.021,14.79,14.675,16.057,16.071,14.738
15.165,14.969,16.004,16.021,14.79,14.675,16.057,16.071,14.738,13.305
14.969,16.004,16.021,14.79,14.675,16.057,16.071,14.738,13.305,11.906
16.004,16.021,14.79,14.675,16.057,16.071,14.738,13.305,11.906,13.471
16.021,14.79,14.675,16.057,16.071,14.738,13.305,11.906,13.471,11.989
14.79,14.675,16.057,16.071,14.738,13.305,11.906,13.471,11.989,12.269
14.675,16.057,16.071,14.738,13.305,11.906,13.471,11.989,12.269,13.411
16.057,16.071,14.738,13.305,11.906,13.471,11.989,12.269,13.411,15.123
16.071,14.738,13.305,11.906,13.471,11.989,12.269,13.411,15.123,14.934
14.738,13.305,11.906,13.471,11.989,12.269,13.411,15.123,14.934,12.493
13.305,11.906,13.471,11.989,12.269,13.411,15.123,14.934,12.493,12.674
11.906,13.471,11.989,12.269,13.411,15.123,14.934,12.493,12.674,12.838
13.471,11.989,12.269,13.411,15.123,14.934,12.493,12.674,12.838,13.102
11.989,12.269,13.411,15.123,14.934,12.493,12.674,12.838,13.102,14.584
12.269,13.411,15.123,14.934,12.493,12.674,12.838,13.102,14.584,15.866
13.411,15.123,14.934,12.493,12.674,12.838,13.102,14.584,15.866,18.25
15.123,14.934,12.493,12.674,12.838,13.102,14.584,15.866,18.25,25.482
14.934,12.493,12.674,12.838,13.102,14.584,15.866,18.25,25.482,29.695
12.493,12.674,12.838,13.102,14.584,15.866,18.25,25.482,29.695,25.704
12.674,12.838,13.102,14.584,15.866,18.25,25.482,29.695,25.704,21.692
12.838,13.102,14.584,15.866,18.25,25.482,29.695,25.704,21.692,19.461
13.102,14.584,15.866,18.25,25.482,29.695,25.704,21.692,19.461,18.704
14.584,15.866,18.25,25.482,29.695,25.704,21.692,19.461,18.704,18.326
15.866,18.25,25.482,29.695,25.704,21.692,19.461,18.704,18.326,17.696
18.25,25.482,29.695,25.704,21.692,19.461,18.704,18.326,17.696,19.52
25.482,29.695,25.704,21.692,19.461,18.704,18.326,17.696,19.52,18.329
29.695,25.704,21.692,19.461,18.704,18.326,17.696,19.52,18.329,14.373
25.704,21.692,19.461,18.704,18.326,17.696,19.52,18.329,14.373,16.454
21.692,19.461,18.704,18.326,17.696,19.52,18.329,14.373,16.454,16.652
19.461,18.704,18.326,17.696,19.52,18.329,14.373,16.454,16.652,14.252
18.704,18.326,17.696,19.52,18.329,14.373,16.454,16.652,14.252,46.534
18.326,17.696,19.52,18.329,14.373,16.454,16.652,14.252,46.534,41.843
17.696,19.52,18.329,14.373,16.454,16.652,14.252,46.534,41.843,37.484
19.52,18.329,14.373,16.454,16.652,14.252,46.534,41.843,37.484,35.701
18.329,14.373,16.454,16.652,14.252,46.534,41.843,37.484,35.701,26.453
14.373,16.454,16.652,14.252,46.534,41.843,37.484,35.701,26.453,23.287
16.454,16.652,14.252,46.534,41.843,37.484,35.701,26.453,23.287,20.666
16.652,14.252,46.534,41.843,37.484,35.701,26.453,23.287,20.666,18.56
14.252,46.534,41.843,37.484,35.701,26.453,23.287,20.666,18.56,18.703
46.534,41.843,37.484,35.701,26.453,23.287,20.666,18.56,18.703,17.523
41.843,37.484,35.701,26.453,23.287,20.666,18.56,18.703,17.523,15.621
37.484,35.701,26.453,23.287,20.666,18.56,18.703,17.523,15.621,13.102
35.701,26.453,23.287,20.666,18.56,18.703,17.523,15.621,13.102,13.931
26.453,23.287,20.666,18.56,18.703,17.523,15.621,13.102,13.931,11.547
23.287,20.666,18.56,18.703,17.523,15.621,13.102,13.931,11.547,13.039
20.666,18.56,18.703,17.523,15.621,13.102,13.931,11.547,13.039,17.478
18.56,18.703,17.523,15.621,13.102,13.931,11.547,13.039,17.478,13.763
18.703,17.523,15.621,13.102,13.931,11.547,13.039,17.478,13.763,13.875
17.523,15.621,13.102,13.931,11.547,13.039,17.478,13.763,13.875,12.864
15.621,13.102,13.931,11.547,13.039,17.478,13.763,13.875,12.864,13.101
13.102,13.931,11.547,13.039,17.478,13.763,13.875,12.864,13.101,8.463
13.931,11.547,13.039,17.478,13.763,13.875,12.864,13.101,8.463,10.07
11.547,13.039,17.478,13.763,13.875,12.864,13.101,8.463,10.07,8.744
13.039,17.478,13.763,13.875,12.864,13.101,8.463,10.07,8.744,10.455
17.478,13.763,13.875,12.864,13.101,8.463,10.07,8.744,10.455,9.484
13.763,13.875,12.864,13.101,8.463,10.07,8.744,10.455,9.484,9.796
13.875,12.864,13.101,8.463,10.07,8.744,10.455,9.484,9.796,11.324
12.864,13.101,8.463,10.07,8.744,10.455,9.484,9.796,11.324,9.196
13.101,8.463,10.07,8.744,10.455,9.484,9.796,11.324,9.196,11.753
8.463,10.07,8.744,10.455,9.484,9.796,11.324,9.196,11.753,7.484
10.07,8.744,10.455,9.484,9.796,11.324,9.196,11.753,7.484,10.425
8.744,10.455,9.484,9.796,11.324,9.196,11.753,7.484,10.425,10.562
10.455,9.484,9.796,11.324,9.196,11.753,7.484,10.425,10.562,10.798
9.484,9.796,11.324,9.196,11.753,7.484,10.425,10.562,10.798,9.757
9.796,11.324,9.196,11.753,7.484,10.425,10.562,10.798,9.757,10.991
11.324,9.196,11.753,7.484,10.425,10.562,10.798,9.757,10.991,11.156
9.196,11.753,7.484,10.425,10.562,10.798,9.757,10.991,11.156,10.158
11.753,7.484,10.425,10.562,10.798,9.757,10.991,11.156,10.158,8.129
7.484,10.425,10.562,10.798,9.757,10.991,11.156,10.158,8.129,9.255
10.425,10.562,10.798,9.757,10.991,11.156,10.158,8.129,9.255,7.039
10.562,10.798,9.757,10.991,11.156,10.158,8.129,9.255,7.039,8.524
10.798,9.757,10.991,11.156,10.158,8.129,9.255,7.039,8.524,6.66
9.757,10.991,11.156,10.158,8.129,9.255,7.039,8.524,6.66,7.837
10.991,11.156,10.158,8.129,9.255,7.039,8.524,6.66,7.837,6.332
11.156,10.158,8.129,9.255,7.039,8.524,6.66,7.837,6.332,5.281
10.158,8.129,9.255,7.039,8.524,6.66,7.837,6.332,5.281,6.25
8.129,9.255,7.039,8.524,6.66,7.837,6.332,5.281,6.25,4.666
9.255,7.039,8.524,6.66,7.837,6.332,5.281,6.25,4.666,7.217
7.039,8.524,6.66,7.837,6.332,5.281,6.25,4.666,7.217,7.691
8.524,6.66,7.837,6.332,5.281,6.25,4.666,7.217,7.691,11.828
6.66,7.837,6.332,5.281,6.25,4.666,7.217,7.691,11.828,10.454
7.837,6.332,5.281,6.25,4.666,7.217,7.691,11.828,10.454,10.604
6.332,5.281,6.25,4.666,7.217,7.691,11.828,10.454,10.604,9.137
5.281,6.25,4.666,7.217,7.691,11.828,10.454,10.604,9.137,6.916
6.25,4.666,7.217,7.691,11.828,10.454,10.604,9.137,6.916,5.634
4.666,7.217,7.691,11.828,10.454,10.604,9.137,6.916,5.634,7.271
7.217,7.691,11.828,10.454,10.604,9.137,6.916,5.634,7.271,7.476
7.691,11.828,10.454,10.604,9.137,6.916,5.634,7.271,7.476,7.52
11.828,10.454,10.604,9.137,6.916,5.634,7.271,7.476,7.52,7.501
10.454,10.604,9.137,6.916,5.634,7.271,7.476,7.52,7.501,10.014
10.604,9.137,6.916,5.634,7.271,7.476,7.52,7.501,10.014,8.68
9.137,6.916,5.634,7.271,7.476,7.52,7.501,10.014,8.68,9.764
6.916,5.634,7.271,7.476,7.52,7.501,10.014,8.68,9.764,9.546
5.634,7.271,7.476,7.52,7.501,10.014,8.68,9.764,9.546,7.939
7.271,7.476,7.52,7.501,10.014,8.68,9.764,9.546,7.939,9.119
7.476,7.52,7.501,10.014,8.68,9.764,9.546,7.939,9.119,6.408
7.52,7.501,10.014,8.68,9.764,9.546,7.939,9.119,6.408,7.414
7.501,10.014,8.68,9.764,9.546,7.939,9.119,6.408,7.414,4.745
10.014,8.68,9.764,9.546,7.939,9.119,6.408,7.414,4.745,4.556
8.68,9.764,9.546,7.939,9.119,6.408,7.414,4.745,4.556,5.557
9.764,9.546,7.939,9.119,6.408,7.414,4.745,4.556,5.557,5.527
9.546,7.939,9.119,6.408,7.414,4.745,4.556,5.557,5.527,5.36
7.939,9.119,6.408,7.414,4.745,4.556,5.557,5.527,5.36,5.487
9.119,6.408,7.414,4.745,4.556,5.557,5.527,5.36,5.487,3.807
6.408,7.414,4.745,4.556,5.557,5.527,5.36,5.487,3.807,4.956
7.414,4.745,4.556,5.557,5.527,5.36,5.487,3.807,4.956,5.99
4.745,4.556,5.557,5.527,5.36,5.487,3.807,4.956,5.99,6.284
4.556,5.557,5.527,5.36,5.487,3.807,4.956,5.99,6.284,6.178
5.557,5.527,5.36,5.487,3.807,4.956,5.99,6.284,6.178,6.036
5.527,5.36,5.487,3.807,4.956,5.99,6.284,6.178,6.036,8.579
5.36,5.487,3.807,4.956,5.99,6.284,6.178,6.036,8.579,12.677
5.487,3.807,4.956,5.99,6.284,6.178,6.036,8.579,12.677,15.572
3.807,4.956,5.99,6.284,6.178,6.036,8.579,12.677,15.572,11.682
4.956,5.99,6.284,6.178,6.036,8.579,12.677,15.572,11.682,12.824
5.99,6.284,6.178,6.036,8.579,12.677,15.572,11.682,12.824,16.787
6.284,6.178,6.036,8.579,12.677,15.572,11.682,12.824,16.787,17.919
6.178,6.036,8.579,12.677,15.572,11.682,12.824,16.787,17.919,25.907
6.036,8.579,12.677,15.572,11.682,12.824,16.787,17.919,25.907,27.322
8.579,12.677,15.572,11.682,12.824,16.787,17.919,25.907,27.322,23.503
12.677,15.572,11.682,12.824,16.787,17.919,25.907,27.322,23.503,20.634
15.572,11.682,12.824,16.787,17.919,25.907,27.322,23.503,20.634,20.416
11.682,12.824,16.787,17.919,25.907,27.322,23.503,20.634,20.416,24.099
12.824,16.787,17.919,25.907,27.322,23.503,20.634,20.416,24.099,22.731
16.787,17.919,25.907,27.322,23.503,20.634,20.416,24.099,22.731,23.43
17.919,25.907,27.322,23.503,20.634,20.416,24.099,22.731,23.43,19.662
25.907,27.322,23.503,20.634,20.416,24.099,22.731,23.43,19.662,17.095
27.322,23.503,20.634,20.416,24.099,22.731,23.43,19.662,17.095,17.03
23.503,20.634,20.416,24.099,22.731,23.43,19.662,17.095,17.03,19.524
20.634,20.416,24.099,22.731,23.43,19.662,17.095,17.03,19.524,20.788
20.416,24.099,22.731,23.43,19.662,17.095,17.03,19.524,20.788,20.476
24.099,22.731,23.43,19.662,17.095,17.03,19.524,20.788,20.476,21.457
22.731,23.43,19.662,17.095,17.03,19.524,20.788,20.476,21.457,18.221
23.43,19.662,17.095,17.03,19.524,20.788,20.476,21.457,18.221,19.19
19.662,17.095,17.03,19.524,20.788,20.476,21.457,18.221,19.19,17.484
17.095,17.03,19.524,20.788,20.476,21.457,18.221,19.19,17.484,18.844
17.03,19.524,20.788,20.476,21.457,18.221,19.19,17.484,18.844,16.559
19.524,20.788,20.476,21.457,18.221,19.19,17.484,18.844,16.559,13.917
20.788,20.476,21.457,18.221,19.19,17.484,18.844,16.559,13.917,23.586
20.476,21.457,18.221,19.19,17.484,18.844,16.559,13.917,23.586,36.631
21.457,18.221,19.19,17.484,18.844,16.559,13.917,23.586,36.631,49.95
18.221,19.19,17.484,18.844,16.559,13.917,23.586,36.631,49.95,56.224
19.19,17.484,18.844,16.559,13.917,23.586,36.631,49.95,56.224,42.44
17.484,18.844,16.559,13.917,23.586,36.631,49.95,56.224,42.44,38.098
18.844,16.559,13.917,23.586,36.631,49.95,56.224,42.44,38.098,33.745
16.559,13.917,23.586,36.631,49.95,56.224,42.44,38.098,33.745,31.14
13.917,23.586,36.631,49.95,56.224,42.44,38.098,33.745,31.14,32.299
23.586,36.631,49.95,56.224,42.44,38.098,33.745,31.14,32.299,27.806
36.631,49.95,56.224,42.44,38.098,33.745,31.14,32.299,27.806,25.198
49.95,56.224,42.44,38.098,33.745,31.14,32.299,27.806,25.198,22.882
56.224,42.44,38.098,33.745,31.14,32.299,27.806,25.198,22.882,22.607
42.44,38.098,33.745,31.14,32.299,27.806,25.198,22.882,22.607,19.564
38.098,33.745,31.14,32.299,27.806,25.198,22.882,22.607,19.564,19.627
33.745,31.14,32.299,27.806,25.198,22.882,22.607,19.564,19.627,21.147
31.14,32.299,27.806,25.198,22.882,22.607,19.564,19.627,21.147,20.235
32.299,27.806,25.198,22.882,22.607,19.564,19.627,21.147,20.235,16.972
27.806,25.198,22.882,22.607,19.564,19.627,21.147,20.235,16.972,17.257
25.198,22.882,22.607,19.564,19.627,21.147,20.235,16.972,17.257,16.984
22.882,22.607,19.564,19.627,21.147,20.235,16.972,17.257,16.984,17.177
22.607,19.564,19.627,21.147,20.235,16.972,17.257,16.984,17.177,16.928
19.564,19.627,21.147,20.235,16.972,17.257,16.984,17.177,16.928,19.546
19.627,21.147,20.235,16.972,17.257,16.984,17.177,16.928,19.546,23.53
21.147,20.235,16.972,17.257,16.984,17.177,16.928,19.546,23.53,20.859
20.235,16.972,17.257,16.984,17.177,16.928,19.546,23.53,20.859,18.317
16.972,17.257,16.984,17.177,16.928,19.546,23.53,20.859,18.317,16.716
17.257,16.984,17.177,16.928,19.546,23.53,20.859,18.317,16.716,19.139
16.984,17.177,16.928,19.546,23.53,20.859,18.317,16.716,19.139,19.309
17.177,16.928,19.546,23.53,20.859,18.317,16.716,19.139,19.309,19.955
16.928,19.546,23.53,20.859,18.317,16.716,19.139,19.309,19.955,18.66
19.546,23.53,20.859,18.317,16.716,19.139,19.309,19.955,18.66,19.675
23.53,20.859,18.317,16.716,19.139,19.309,19.955,18.66,19.675,19.693
20.859,18.317,16.716,19.139,19.309,19.955,18.66,19.675,19.693,15.798
18.317,16.716,19.139,19.309,19.955,18.66,19.675,19.693,15.798,18.503
16.716,19.139,19.309,19.955,18.66,19.675,19.693,15.798,18.503,26.526
19.139,19.309,19.955,18.66,19.675,19.693,15.798,18.503,26.526,29.171
19.309,19.955,18.66,19.675,19.693,15.798,18.503,26.526,29.171,32.542
19.955,18.66,19.675,19.693,15.798,18.503,26.526,29.171,32.542,29.726
18.66,19.675,19.693,15.798,18.503,26.526,29.171,32.542,29.726,49.486
19.675,19.693,15.798,18.503,26.526,29.171,32.542,29.726,49.486,44.167
19.693,15.798,18.503,26.526,29.171,32.542,29.726,49.486,44.167,40.575
15.798,18.503,26.526,29.171,32.542,29.726,49.486,44.167,40.575,39.049
18.503,26.526,29.171,32.542,29.726,49.486,44.167,40.575,39.049,32.528
26.526,29.171,32.542,29.726,49.486,44.167,40.575,39.049,32.528,31.322
29.171,32.542,29.726,49.486,44.167,40.575,39.049,32.528,31.322,28.641
32.542,29.726,49.486,44.167,40.575,39.049,32.528,31.322,28.641,22.117
29.726,49.486,44.167,40.575,39.049,32.528,31.322,28.641,22.117,19.433
49.486,44.167,40.575,39.049,32.528,31.322,28.641,22.117,19.433,18.037
44.167,40.575,39.049,32.528,31.322,28.641,22.117,19.433,18.037,17.87
40.575,39.049,32.528,31.322,28.641,22.117,19.433,18.037,17.87,23.163
39.049,32.528,31.322,28.641,22.117,19.433,18.037,17.87,23.163,28.02
32.528,31.322,28.641,22.117,19.433,18.037,17.87,23.163,28.02,25.231
31.322,28.641,22.117,19.433,18.037,17.87,23.163,28.02,25.231,27.574
28.641,22.117,19.433,18.037,17.87,23.163,28.02,25.231,27.574,31.752
22.117,19.433,18.037,17.87,23.163,28.02,25.231,27.574,31.752,27.662
19.433,18.037,17.87,23.163,28.02,25.231,27.574,31.752,27.662,24.195
18.037,17.87,23.163,28.02,25.231,27.574,31.752,27.662,24.195,24.39
17.87,23.163,28.02,25.231,27.574,31.752,27.662,24.195,24.39,27.578
23.163,28.02,25.231,27.574,31.752,27.662,24.195,24.39,27.578,48.203
28.02,25.231,27.574,31.752,27.662,24.195,24.39,27.578,48.203,61.83
25.231,27.574,31.752,27.662,24.195,24.39,27.578,48.203,61.83,61.179
27.574,31.752,27.662,24.195,24.39,27.578,48.203,61.83,61.179,50.686
31.752,27.662,24.195,24.39,27.578,48.203,61.83,61.179,50.686,36.339
27.662,24.195,24.39,27.578,48.203,61.83,61.179,50.686,36.339,33.767
24.195,24.39,27.578,48.203,61.83,61.179,50.686,36.339,33.767,32.286
24.39,27.578,48.203,61.83,61.179,50.686,36.339,33.767,32.286,28.257
27.578,48.203,61.83,61.179,50.686,36.339,33.767,32.286,28.257,25.239
48.203,61.83,61.179,50.686,36.339,33.767,32.286,28.257,25.239,25.632
61.83,61.179,50.686,36.339,33.767,32.286,28.257,25.239,25.632,27.728
61.179,50.686,36.339,33.767,32.286,28.257,25.239,25.632,27.728,24.295
50.686,36.339,33.767,32.286,28.257,25.239,25.632,27.728,24.295,25.155
36.339,33.767,32.286,28.257,25.239,25.632,27.728,24.295,25.155,20.4
33.767,32.286,28.257,25.239,25.632,27.728,24.295,25.155,20.4,25.777
32.286,28.257,25.239,25.632,27.728,24.295,25.155,20.4,25.777,23.468
28.257,25.239,25.632,27.728,24.295,25.155,20.4,25.777,23.468,21.872
25.239,25.632,27.728,24.295,25.155,20.4,25.777,23.468,21.872,21.603
25.632,27.728,24.295,25.155,20.4,25.777,23.468,21.872,21.603,22.081
27.728,24.295,25.155,20.4,25.777,23.468,21.872,21.603,22.081,26.961
24.295,25.155,20.4,25.777,23.468,21.872,21.603,22.081,26.961,24.047
25.155,20.4,25.777,23.468,21.872,21.603,22.081,26.961,24.047,20.13
20.4,25.777,23.468,21.872,21.603,22.081,26.961,24.047,20.13,20.024
25.777,23.468,21.872,21.603,22.081,26.961,24.047,20.13,20.024,14.585
23.468,21.872,21.603,22.081,26.961,24.047,20.13,20.024,14.585,14.347
21.872,21.603,22.081,26.961,24.047,20.13,20.024,14.585,14.347,15.129
21.603,22.081,26.961,24.047,20.13,20.024,14.585,14.347,15.129,12.69
22.081,26.961,24.047,20.13,20.024,14.585,14.347,15.129,12.69,11.118
26.961,24.047,20.13,20.024,14.585,14.347,15.129,12.69,11.118,12.07
24.047,20.13,20.024,14.585,14.347,15.129,12.69,11.118,12.07,19.675
20.13,20.024,14.585,14.347,15.129,12.69,11.118,12.07,19.675,21.229
20.024,14.585,14.347,15.129,12.69,11.118,12.07,19.675,21.229,18.666
14.585,14.347,15.129,12.69,11.118,12.07,19.675,21.229,18.666,16.982
14.347,15.129,12.69,11.118,12.07,19.675,21.229,18.666,16.982,19.648
15.129,12.69,11.118,12.07,19.675,21.229,18.666,16.982,19.648,21.239
12.69,11.118,12.07,19.675,21.229,18.666,16.982,19.648,21.239,21.35
11.118,12.07,19.675,21.229,18.666,16.982,19.648,21.239,21.35,17.501
12.07,19.675,21.229,18.666,16.982,19.648,21.239,21.35,17.501,16.259
19.675,21.229,18.666,16.982,19.648,21.239,21.35,17.501,16.259,17.47
21.229,18.666,16.982,19.648,21.239,21.35,17.501,16.259,17.47,14.85
18.666,16.982,19.648,21.239,21.35,17.501,16.259,17.47,14.85,14.847
16.982,19.648,21.239,21.35,17.501,16.259,17.47,14.85,14.847,16.031
19.648,21.239,21.35,17.501,16.259,17.47,14.85,14.847,16.031,16.201
21.239,21.35,17.501,16.259,17.47,14.85,14.847,16.031,16.201,14.732
21.35,17.501,16.259,17.47,14.85,14.847,16.031,16.201,14.732,14.031
17.501,16.259,17.47,14.85,14.847,16.031,16.201,14.732,14.031,13.771
16.259,17.47,14.85,14.847,16.031,16.201,14.732,14.031,13.771,14.686
17.47,14.85,14.847,16.031,16.201,14.732,14.031,13.771,14.686,14.104
14.85,14.847,16.031,16.201,14.732,14.031,13.771,14.686,14.104,11.22
14.847,16.031,16.201,14.732,14.031,13.771,14.686,14.104,11.22,16.735
16.031,16.201,14.732,14.031,13.771,14.686,14.104,11.22,16.735,16.421
16.201,14.732,14.031,13.771,14.686,14.104,11.22,16.735,16.421,16.768
14.732,14.031,13.771,14.686,14.104,11.22,16.735,16.421,16.768,18.02
14.031,13.771,14.686,14.104,11.22,16.735,16.421,16.768,18.02,15.737
13.771,14.686,14.104,11.22,16.735,16.421,16.768,18.02,15.737,18.616
14.686,14.104,11.22,16.735,16.421,16.768,18.02,15.737,18.616,26.025
14.104,11.22,16.735,16.421,16.768,18.02,15.737,18.616,26.025,40.081
11.22,16.735,16.421,16.768,18.02,15.737,18.616,26.025,40.081,56.14
16.735,16.421,16.768,18.02,15.737,18.616,26.025,40.081,56.14,74.666
16.421,16.768,18.02,15.737,18.616,26.025,40.081,56.14,74.666,79.015
16.768,18.02,15.737,18.616,26.025,40.081,56.14,74.666,79.015,104.389
18.02,15.737,18.616,26.025,40.081,56.14,74.666,79.015,104.389,94.963
15.737,18.616,26.025,40.081,56.14,74.666,79.015,104.389,94.963,83.24
18.616,26.025,40.081,56.14,74.666,79.015,104.389,94.963,83.24,70.948
26.025,40.081,56.14,74.666,79.015,104.389,94.963,83.24,70.948,49.891
40.081,56.14,74.666,79.015,104.389,94.963,83.24,70.948,49.891,37.518
56.14,74.666,79.015,104.389,94.963,83.24,70.948,49.891,37.518,34.782
74.666,79.015,104.389,94.963,83.24,70.948,49.891,37.518,34.782,34.795
79.015,104.389,94.963,83.24,70.948,49.891,37.518,34.782,34.795,32.009
104.389,94.963,83.24,70.948,49.891,37.518,34.782,34.795,32.009,30.779
94.963,83.24,70.948,49.891,37.518,34.782,34.795,32.009,30.779,30.537
83.24,70.948,49.891,37.518,34.782,34.795,32.009,30.779,30.537,29.602
70.948,49.891,37.518,34.782,34.795,32.009,30.779,30.537,29.602,29.264
49.891,37.518,34.782,34.795,32.009,30.779,30.537,29.602,29.264,30.541
37.518,34.782,34.795,32.009,30.779,30.537,29.602,29.264,30.541,30.838
34.782,34.795,32.009,30.779,30.537,29.602,29.264,30.541,30.838,35.979
34.795,32.009,30.779,30.537,29.602,29.264,30.541,30.838,35.979,34.811
32.009,30.779,30.537,29.602,29.264,30.541,30.838,35.979,34.811,41.211
30.779,30.537,29.602,29.264,30.541,30.838,35.979,34.811,41.211,47.761
30.537,29.602,29.264,30.541,30.838,35.979,34.811,41.211,47.761,57.304
29.602,29.264,30.541,30.838,35.979,34.811,41.211,47.761,57.304,118.876
29.264,30.541,30.838,35.979,34.811,41.211,47.761,57.304,118.876,143.641
30.541,30.838,35.979,34.811,41.211,47.761,57.304,118.876,143.641,134.19
30.838,35.979,34.811,41.211,47.761,57.304,118.876,143.641,134.19,124.48
35.979,34.811,41.211,47.761,57.304,118.876,143.641,134.19,124.48,120.373
34.811,41.211,47.761,57.304,118.876,143.641,134.19,124.48,120.373,120.023
41.211,47.761,57.304,118.876,143.641,134.19,124.48,120.373,120.023,137.153
47.761,57.304,118.876,143.641,134.19,124.48,120.373,120.023,137.153,119.528
57.304,118.876,143.641,134.19,124.48,120.373,120.023,137.153,119.528,105.886
118.876,143.641,134.19,124.48,120.373,120.023,137.153,119.528,105.886,97.251
143.641,134.19,124.48,120.373,120.023,137.153,119.528,105.886,97.251,89.693
134.19,124.48,120.373,120.023,137.153,119.528,105.886,97.251,89.693,77.937
124.48,120.373,120.023,137.153,119.528,105.886,97.251,89.693,77.937,66.007
120.373,120.023,137.153,119.528,105.886,97.251,89.693,77.937,66.007,61.11
120.023,137.153,119.528,105.886,97.251,89.693,77.937,66.007,61.11,51.626
137.153,119.528,105.886,97.251,89.693,77.937,66.007,61.11,51.626,47.577
119.528,105.886,97.251,89.693,77.937,66.007,61.11,51.626,47.577,44.609
105.886,97.251,89.693,77.937,66.007,61.11,51.626,47.577,44.609,43.832
97.251,89.693,77.937,66.007,61.11,51.626,47.577,44.609,43.832,41.786
89.693,77.937,66.007,61.11,51.626,47.577,44.609,43.832,41.786,39.774
77.937,66.007,61.11,51.626,47.577,44.609,43.832,41.786,39.774,38.122
66.007,61.11,51.626,47.577,44.609,43.832,41.786,39.774,38.122,38.197
61.11,51.626,47.577,44.609,43.832,41.786,39.774,38.122,38.197,45.159
51.626,47.577,44.609,43.832,41.786,39.774,38.122,38.197,45.159,53.25
47.577,44.609,43.832,41.786,39.774,38.122,38.197,45.159,53.25,51.184
44.609,43.832,41.786,39.774,38.122,38.197,45.159,53.25,51.184,43.016
43.832,41.786,39.774,38.122,38.197,45.159,53.25,51.184,43.016,42.42
41.786,39.774,38.122,38.197,45.159,53.25,51.184,43.016,42.42,37.776
39.774,38.122,38.197,45.159,53.25,51.184,43.016,42.42,37.776,33.166
38.122,38.197,45.159,53.25,51.184,43.016,42.42,37.776,33.166,31.762
38.197,45.159,53.25,51.184,43.016,42.42,37.776,33.166,31.762,30.12
45.159,53.25,51.184,43.016,42.42,37.776,33.166,31.762,30.12,27.457
53.25,51.184,43.016,42.42,37.776,33.166,31.762,30.12,27.457,26.202
51.184,43.016,42.42,37.776,33.166,31.762,30.12,27.457,26.202,28.359
43.016,42.42,37.776,33.166,31.762,30.12,27.457,26.202,28.359,23.905
42.42,37.776,33.166,31.762,30.12,27.457,26.202,28.359,23.905,23.796
37.776,33.166,31.762,30.12,27.457,26.202,28.359,23.905,23.796,23.827
33.166,31.762,30.12,27.457,26.202,28.359,23.905,23.796,23.827,19.805
31.762,30.12,27.457,26.202,28.359,23.905,23.796,23.827,19.805,18.382
30.12,27.457,26.202,28.359,23.905,23.796,23.827,19.805,18.382,18.105
27.457,26.202,28.359,23.905,23.796,23.827,19.805,18.382,18.105,18.463
26.202,28.359,23.905,23.796,23.827,19.805,18.382,18.105,18.463,14.732
28.359,23.905,23.796,23.827,19.805,18.382,18.105,18.463,14.732,18.905
23.905,23.796,23.827,19.805,18.382,18.105,18.463,14.732,18.905,21.923
23.796,23.827,19.805,18.382,18.105,18.463,14.732,18.905,21.923,19.607
23.827,19.805,18.382,18.105,18.463,14.732,18.905,21.923,19.607,18.911
19.805,18.382,18.105,18.463,14.732,18.905,21.923,19.607,18.911,18.975
18.382,18.105,18.463,14.732,18.905,21.923,19.607,18.911,18.975,19.16
18.105,18.463,14.732,18.905,21.923,19.607,18.911,18.975,19.16,17.485
18.463,14.732,18.905,21.923,19.607,18.911,18.975,19.16,17.485,18.978
14.732,18.905,21.923,19.607,18.911,18.975,19.16,17.485,18.978,18.908
18.905,21.923,19.607,18.911,18.975,19.16,17.485,18.978,18.908,17.884
21.923,19.607,18.911,18.975,19.16,17.485,18.978,18.908,17.884,21.938
19.607,18.911,18.975,19.16,17.485,18.978,18.908,17.884,21.938,19.203
18.911,18.975,19.16,17.485,18.978,18.908,17.884,21.938,19.203,22.797
18.975,19.16,17.485,18.978,18.908,17.884,21.938,19.203,22.797,25.595
19.16,17.485,18.978,18.908,17.884,21.938,19.203,22.797,25.595,22.776
17.485,18.978,18.908,17.884,21.938,19.203,22.797,25.595,22.776,21.23
18.978,18.908,17.884,21.938,19.203,22.797,25.595,22.776,21.23,17
18.908,17.884,21.938,19.203,22.797,25.595,22.776,21.23,17,14.323
17.884,21.938,19.203,22.797,25.595,22.776,21.23,17,14.323,16.877
21.938,19.203,22.797,25.595,22.776,21.23,17,14.323,16.877,17.345
19.203,22.797,25.595,22.776,21.23,17,14.323,16.877,17.345,13.572
22.797,25.595,22.776,21.23,17,14.323,16.877,17.345,13.572,13.63
25.595,22.776,21.23,17,14.323,16.877,17.345,13.572,13.63,16.036
22.776,21.23,17,14.323,16.877,17.345,13.572,13.63,16.036,14.024
21.23,17,14.323,16.877,17.345,13.572,13.63,16.036,14.024,14.57
17,14.323,16.877,17.345,13.572,13.63,16.036,14.024,14.57,16.152
14.323,16.877,17.345,13.572,13.63,16.036,14.024,14.57,16.152,14.067
16.877,17.345,13.572,13.63,16.036,14.024,14.57,16.152,14.067,13.407
17.345,13.572,13.63,16.036,14.024,14.57,16.152,14.067,13.407,14.889
13.572,13.63,16.036,14.024,14.57,16.152,14.067,13.407,14.889,17.63
13.63,16.036,14.024,14.57,16.152,14.067,13.407,14.889,17.63,20.841
16.036,14.024,14.57,16.152,14.067,13.407,14.889,17.63,20.841,24.132
14.024,14.57,16.152,14.067,13.407,14.889,17.63,20.841,24.132,43.47
14.57,16.152,14.067,13.407,14.889,17.63,20.841,24.132,43.47,44.55
16.152,14.067,13.407,14.889,17.63,20.841,24.132,43.47,44.55,32.874
14.067,13.407,14.889,17.63,20.841,24.132,43.47,44.55,32.874,28.572
13.407,14.889,17.63,20.841,24.132,43.47,44.55,32.874,28.572,27.068
14.889,17.63,20.841,24.132,43.47,44.55,32.874,28.572,27.068,27.355
17.63,20.841,24.132,43.47,44.55,32.874,28.572,27.068,27.355,25.858
20.841,24.132,43.47,44.55,32.874,28.572,27.068,27.355,25.858,24.681
24.132,43.47,44.55,32.874,28.572,27.068,27.355,25.858,24.681,23.264
43.47,44.55,32.874,28.572,27.068,27.355,25.858,24.681,23.264,19.604
44.55,32.874,28.572,27.068,27.355,25.858,24.681,23.264,19.604,18.638
32.874,28.572,27.068,27.355,25.858,24.681,23.264,19.604,18.638,19.657
28.572,27.068,27.355,25.858,24.681,23.264,19.604,18.638,19.657,15.652
27.068,27.355,25.858,24.681,23.264,19.604,18.638,19.657,15.652,14.906
27.355,25.858,24.681,23.264,19.604,18.638,19.657,15.652,14.906,15.574
25.858,24.681,23.264,19.604,18.638,19.657,15.652,14.906,15.574,22.724
24.681,23.264,19.604,18.638,19.657,15.652,14.906,15.574,22.724,24.169
23.264,19.604,18.638,19.657,15.652,14.906,15.574,22.724,24.169,22.707
19.604,18.638,19.657,15.652,14.906,15.574,22.724,24.169,22.707,18.679
18.638,19.657,15.652,14.906,15.574,22.724,24.169,22.707,18.679,12.503
19.657,15.652,14.906,15.574,22.724,24.169,22.707,18.679,12.503,11.577
15.652,14.906,15.574,22.724,24.169,22.707,18.679,12.503,11.577,9.919
14.906,15.574,22.724,24.169,22.707,18.679,12.503,11.577,9.919,9.768
15.574,22.724,24.169,22.707,18.679,12.503,11.577,9.919,9.768,8.873
22.724,24.169,22.707,18.679,12.503,11.577,9.919,9.768,8.873,7.151
24.169,22.707,18.679,12.503,11.577,9.919,9.768,8.873,7.151,6.978
22.707,18.679,12.503,11.577,9.919,9.768,8.873,7.151,6.978,6.982
18.679,12.503,11.577,9.919,9.768,8.873,7.151,6.978,6.982,9.583
12.503,11.577,9.919,9.768,8.873,7.151,6.978,6.982,9.583,8.333
11.577,9.919,9.768,8.873,7.151,6.978,6.982,9.583,8.333,8.495
9.919,9.768,8.873,7.151,6.978,6.982,9.583,8.333,8.495,6.943
9.768,8.873,7.151,6.978,6.982,9.583,8.333,8.495,6.943,5.886
8.873,7.151,6.978,6.982,9.583,8.333,8.495,6.943,5.886,8.559
7.151,6.978,6.982,9.583,8.333,8.495,6.943,5.886,8.559,7.356
6.978,6.982,9.583,8.333,8.495,6.943,5.886,8.559,7.356,6.135
6.982,9.583,8.333,8.495,6.943,5.886,8.559,7.356,6.135,6.148
9.583,8.333,8.495,6.943,5.886,8.559,7.356,6.135,6.148,5.977
8.333,8.495,6.943,5.886,8.559,7.356,6.135,6.148,5.977,6.197
8.495,6.943,5.886,8.559,7.356,6.135,6.148,5.977,6.197,4.813
6.943,5.886,8.559,7.356,6.135,6.148,5.977,6.197,4.813,5.683
5.886,8.559,7.356,6.135,6.148,5.977,6.197,4.813,5.683,4.675
8.559,7.356,6.135,6.148,5.977,6.197,4.813,5.683,4.675,4.732
7.356,6.135,6.148,5.977,6.197,4.813,5.683,4.675,4.732,3.29
6.135,6.148,5.977,6.197,4.813,5.683,4.675,4.732,3.29,5.693
6.148,5.977,6.197,4.813,5.683,4.675,4.732,3.29,5.693,15.773
5.977,6.197,4.813,5.683,4.675,4.732,3.29,5.693,15.773,12.888
6.197,4.813,5.683,4.675,4.732,3.29,5.693,15.773,12.888,10.189
4.813,5.683,4.675,4.732,3.29,5.693,15.773,12.888,10.189,6.243
5.683,4.675,4.732,3.29,5.693,15.773,12.888,10.189,6.243,6.024
4.675,4.732,3.29,5.693,15.773,12.888,10.189,6.243,6.024,13.078
4.732,3.29,5.693,15.773,12.888,10.189,6.243,6.024,13.078,25.825
3.29,5.693,15.773,12.888,10.189,6.243,6.024,13.078,25.825,53.892
5.693,15.773,12.888,10.189,6.243,6.024,13.078,25.825,53.892,34.619
15.773,12.888,10.189,6.243,6.024,13.078,25.825,53.892,34.619,18.517
12.888,10.189,6.243,6.024,13.078,25.825,53.892,34.619,18.517,16.369
10.189,6.243,6.024,13.078,25.825,53.892,34.619,18.517,16.369,14.909
6.243,6.024,13.078,25.825,53.892,34.619,18.517,16.369,14.909,16.186
6.024,13.078,25.825,53.892,34.619,18.517,16.369,14.909,16.186,15.966
13.078,25.825,53.892,34.619,18.517,16.369,14.909,16.186,15.966,14.691
25.825,53.892,34.619,18.517,16.369,14.909,16.186,15.966,14.691,11.984
53.892,34.619,18.517,16.369,14.909,16.186,15.966,14.691,11.984,12.065
34.619,18.517,16.369,14.909,16.186,15.966,14.691,11.984,12.065,16.532
18.517,16.369,14.909,16.186,15.966,14.691,11.984,12.065,16.532,22.316
16.369,14.909,16.186,15.966,14.691,11.984,12.065,16.532,22.316,18.155
14.909,16.186,15.966,14.691,11.984,12.065,16.532,22.316,18.155,32.87
16.186,15.966,14.691,11.984,12.065,16.532,22.316,18.155,32.87,68.139
15.966,14.691,11.984,12.065,16.532,22.316,18.155,32.87,68.139,53.526
14.691,11.984,12.065,16.532,22.316,18.155,32.87,68.139,53.526,37.508
11.984,12.065,16.532,22.316,18.155,32.87,68.139,53.526,37.508,35.004
12.065,16.532,22.316,18.155,32.87,68.139,53.526,37.508,35.004,30.574
16.532,22.316,18.155,32.87,68.139,53.526,37.508,35.004,30.574,34.693
22.316,18.155,32.87,68.139,53.526,37.508,35.004,30.574,34.693,24.072
18.155,32.87,68.139,53.526,37.508,35.004,30.574,34.693,24.072,37.547
32.87,68.139,53.526,37.508,35.004,30.574,34.693,24.072,37.547,34.669
68.139,53.526,37.508,35.004,30.574,34.693,24.072,37.547,34.669,30.774
53.526,37.508,35.004,30.574,34.693,24.072,37.547,34.669,30.774,36.896
37.508,35.004,30.574,34.693,24.072,37.547,34.669,30.774,36.896,47.407
35.004,30.574,34.693,24.072,37.547,34.669,30.774,36.896,47.407,38.145
30.574,34.693,24.072,37.547,34.669,30.774,36.896,47.407,38.145,34.579
34.693,24.072,37.547,34.669,30.774,36.896,47.407,38.145,34.579,31.374
24.072,37.547,34.669,30.774,36.896,47.407,38.145,34.579,31.374,31.306
37.547,34.669,30.774,36.896,47.407,38.145,34.579,31.374,31.306,27.593
34.669,30.774,36.896,47.407,38.145,34.579,31.374,31.306,27.593,28.504
30.774,36.896,47.407,38.145,34.579,31.374,31.306,27.593,28.504,25.064
36.896,47.407,38.145,34.579,31.374,31.306,27.593,28.504,25.064,27.383
47.407,38.145,34.579,31.374,31.306,27.593,28.504,25.064,27.383,44.442
38.145,34.579,31.374,31.306,27.593,28.504,25.064,27.383,44.442,61.669
34.579,31.374,31.306,27.593,28.504,25.064,27.383,44.442,61.669,53.929
31.374,31.306,27.593,28.504,25.064,27.383,44.442,61.669,53.929,51.583
31.306,27.593,28.504,25.064,27.383,44.442,61.669,53.929,51.583,63.543
27.593,28.504,25.064,27.383,44.442,61.669,53.929,51.583,63.543,61.146
28.504,25.064,27.383,44.442,61.669,53.929,51.583,63.543,61.146,54.571
25.064,27.383,44.442,61.669,53.929,51.583,63.543,61.146,54.571,45.107
27.383,44.442,61.669,53.929,51.583,63.543,61.146,54.571,45.107,39.261
44.442,61.669,53.929,51.583,63.543,61.146,54.571,45.107,39.261,39
61.669,53.929,51.583,63.543,61.146,54.571,45.107,39.261,39,32.805
53.929,51.583,63.543,61.146,54.571,45.107,39.261,39,32.805,32.42
51.583,63.543,61.146,54.571,45.107,39.261,39,32.805,32.42,30.433
63.543,61.146,54.571,45.107,39.261,39,32.805,32.42,30.433,34.935
61.146,54.571,45.107,39.261,39,32.805,32.42,30.433,34.935,32.85
54.571,45.107,39.261,39,32.805,32.42,30.433,34.935,32.85,31.043
45.107,39.261,39,32.805,32.42,30.433,34.935,32.85,31.043,28.361
39.261,39,32.805,32.42,30.433,34.935,32.85,31.043,28.361,25.615
39,32.805,32.42,30.433,34.935,32.85,31.043,28.361,25.615,25.518
32.805,32.42,30.433,34.935,32.85,31.043,28.361,25.615,25.518,24.977
32.42,30.433,34.935,32.85,31.043,28.361,25.615,25.518,24.977,30.07
30.433,34.935,32.85,31.043,28.361,25.615,25.518,24.977,30.07,27.87
34.935,32.85,31.043,28.361,25.615,25.518,24.977,30.07,27.87,26.16
32.85,31.043,28.361,25.615,25.518,24.977,30.07,27.87,26.16,26.351
31.043,28.361,25.615,25.518,24.977,30.07,27.87,26.16,26.351,26.598
28.361,25.615,25.518,24.977,30.07,27.87,26.16,26.351,26.598,24.984
25.615,25.518,24.977,30.07,27.87,26.16,26.351,26.598,24.984,24.062
25.518,24.977,30.07,27.87,26.16,26.351,26.598,24.984,24.062,26.832
24.977,30.07,27.87,26.16,26.351,26.598,24.984,24.062,26.832,24.97
30.07,27.87,26.16,26.351,26.598,24.984,24.062,26.832,24.97,37.124
27.87,26.16,26.351,26.598,24.984,24.062,26.832,24.97,37.124,47.03
26.16,26.351,26.598,24.984,24.062,26.832,24.97,37.124,47.03,50.772
26.351,26.598,24.984,24.062,26.832,24.97,37.124,47.03,50.772,69.281
26.598,24.984,24.062,26.832,24.97,37.124,47.03,50.772,69.281,63.649
24.984,24.062,26.832,24.97,37.124,47.03,50.772,69.281,63.649,50.292
24.062,26.832,24.97,37.124,47.03,50.772,69.281,63.649,50.292,45.788
26.832,24.97,37.124,47.03,50.772,69.281,63.649,50.292,45.788,44.878
24.97,37.124,47.03,50.772,69.281,63.649,50.292,45.788,44.878,38.895
37.124,47.03,50.772,69.281,63.649,50.292,45.788,44.878,38.895,38.087
47.03,50.772,69.281,63.649,50.292,45.788,44.878,38.895,38.087,37.623
50.772,69.281,63.649,50.292,45.788,44.878,38.895,38.087,37.623,35.841
69.281,63.649,50.292,45.788,44.878,38.895,38.087,37.623,35.841,35.922
63.649,50.292,45.788,44.878,38.895,38.087,37.623,35.841,35.922,28.103
50.292,45.788,44.878,38.895,38.087,37.623,35.841,35.922,28.103,26.142
45.788,44.878,38.895,38.087,37.623,35.841,35.922,28.103,26.142,24.767
44.878,38.895,38.087,37.623,35.841,35.922,28.103,26.142,24.767,23.487
38.895,38.087,37.623,35.841,35.922,28.103,26.142,24.767,23.487,23.575
38.087,37.623,35.841,35.922,28.103,26.142,24.767,23.487,23.575,25.017
37.623,35.841,35.922,28.103,26.142,24.767,23.487,23.575,25.017,23.532
35.841,35.922,28.103,26.142,24.767,23.487,23.575,25.017,23.532,23.082
35.922,28.103,26.142,24.767,23.487,23.575,25.017,23.532,23.082,25.395
28.103,26.142,24.767,23.487,23.575,25.017,23.532,23.082,25.395,25.683
26.142,24.767,23.487,23.575,25.017,23.532,23.082,25.395,25.683,24.085
24.767,23.487,23.575,25.017,23.532,23.082,25.395,25.683,24.085,22.932
23.487,23.575,25.017,23.532,23.082,25.395,25.683,24.085,22.932,24.511
23.575,25.017,23.532,23.082,25.395,25.683,24.085,22.932,24.511,24.598
25.017,23.532,23.082,25.395,25.683,24.085,22.932,24.511,24.598,23.69
23.532,23.082,25.395,25.683,24.085,22.932,24.511,24.598,23.69,23.439
23.082,25.395,25.683,24.085,22.932,24.511,24.598,23.69,23.439,22.243
25.395,25.683,24.085,22.932,24.511,24.598,23.69,23.439,22.243,20.528
25.683,24.085,22.932,24.511,24.598,23.69,23.439,22.243,20.528,22.175
24.085,22.932,24.511,24.598,23.69,23.439,22.243,20.528,22.175,20.821
22.932,24.511,24.598,23.69,23.439,22.243,20.528,22.175,20.821,22.045
24.511,24.598,23.69,23.439,22.243,20.528,22.175,20.821,22.045,19.715
24.598,23.69,23.439,22.243,20.528,22.175,20.821,22.045,19.715,18.167
23.69,23.439,22.243,20.528,22.175,20.821,22.045,19.715,18.167,21.133
23.439,22.243,20.528,22.175,20.821,22.045,19.715,18.167,21.133,18.359
22.243,20.528,22.175,20.821,22.045,19.715,18.167,21.133,18.359,19.78
20.528,22.175,20.821,22.045,19.715,18.167,21.133,18.359,19.78,20.025
22.175,20.821,22.045,19.715,18.167,21.133,18.359,19.78,20.025,17.143
20.821,22.045,19.715,18.167,21.133,18.359,19.78,20.025,17.143,15.64
22.045,19.715,18.167,21.133,18.359,19.78,20.025,17.143,15.64,17.504
19.715,18.167,21.133,18.359,19.78,20.025,17.143,15.64,17.504,32.206
18.167,21.133,18.359,19.78,20.025,17.143,15.64,17.504,32.206,65.718
21.133,18.359,19.78,20.025,17.143,15.64,17.504,32.206,65.718,47.979
18.359,19.78,20.025,17.143,15.64,17.504,32.206,65.718,47.979,39.924
19.78,20.025,17.143,15.64,17.504,32.206,65.718,47.979,39.924,38.687
20.025,17.143,15.64,17.504,32.206,65.718,47.979,39.924,38.687,56.951
17.143,15.64,17.504,32.206,65.718,47.979,39.924,38.687,56.951,76.935
15.64,17.504,32.206,65.718,47.979,39.924,38.687,56.951,76.935,76.074
17.504,32.206,65.718,47.979,39.924,38.687,56.951,76.935,76.074,71.996
32.206,65.718,47.979,39.924,38.687,56.951,76.935,76.074,71.996,77.324
65.718,47.979,39.924,38.687,56.951,76.935,76.074,71.996,77.324,73.595
47.979,39.924,38.687,56.951,76.935,76.074,71.996,77.324,73.595,71.963
39.924,38.687,56.951,76.935,76.074,71.996,77.324,73.595,71.963,69.431
38.687,56.951,76.935,76.074,71.996,77.324,73.595,71.963,69.431,64.436
56.951,76.935,76.074,71.996,77.324,73.595,71.963,69.431,64.436,61.469
76.935,76.074,71.996,77.324,73.595,71.963,69.431,64.436,61.469,65.735
76.074,71.996,77.324,73.595,71.963,69.431,64.436,61.469,65.735,70.365
71.996,77.324,73.595,71.963,69.431,64.436,61.469,65.735,70.365,62.492
77.324,73.595,71.963,69.431,64.436,61.469,65.735,70.365,62.492,60.839
73.595,71.963,69.431,64.436,61.469,65.735,70.365,62.492,60.839,55.59
71.963,69.431,64.436,61.469,65.735,70.365,62.492,60.839,55.59,49.231
69.431,64.436,61.469,65.735,70.365,62.492,60.839,55.59,49.231,48.253
64.436,61.469,65.735,70.365,62.492,60.839,55.59,49.231,48.253,44.433
61.469,65.735,70.365,62.492,60.839,55.59,49.231,48.253,44.433,42.846
65.735,70.365,62.492,60.839,55.59,49.231,48.253,44.433,42.846,40.123
70.365,62.492,60.839,55.59,49.231,48.253,44.433,42.846,40.123,34.939
62.492,60.839,55.59,49.231,48.253,44.433,42.846,40.123,34.939,33.372
60.839,55.59,49.231,48.253,44.433,42.846,40.123,34.939,33.372,31.759
55.59,49.231,48.253,44.433,42.846,40.123,34.939,33.372,31.759,34.583
49.231,48.253,44.433,42.846,40.123,34.939,33.372,31.759,34.583,41.607
48.253,44.433,42.846,40.123,34.939,33.372,31.759,34.583,41.607,41.52
44.433,42.846,40.123,34.939,33.372,31.759,34.583,41.607,41.52,54.674
42.846,40.123,34.939,33.372,31.759,34.583,41.607,41.52,54.674,89.938
40.123,34.939,33.372,31.759,34.583,41.607,41.52,54.674,89.938,80.899
34.939,33.372,31.759,34.583,41.607,41.52,54.674,89.938,80.899,79.951
33.372,31.759,34.583,41.607,41.52,54.674,89.938,80.899,79.951,86.446
31.759,34.583,41.607,41.52,54.674,89.938,80.899,79.951,86.446,81.37
34.583,41.607,41.52,54.674,89.938,80.899,79.951,86.446,81.37,68.413
41.607,41.52,54.674,89.938,80.899,79.951,86.446,81.37,68.413,64.439
41.52,54.674,89.938,80.899,79.951,86.446,81.37,68.413,64.439,58.69
54.674,89.938,80.899,79.951,86.446,81.37,68.413,64.439,58.69,55.974
89.938,80.899,79.951,86.446,81.37,68.413,64.439,58.69,55.974,51.522
80.899,79.951,86.446,81.37,68.413,64.439,58.69,55.974,51.522,51.739
79.951,86.446,81.37,68.413,64.439,58.69,55.974,51.522,51.739,55.81
86.446,81.37,68.413,64.439,58.69,55.974,51.522,51.739,55.81,53.035
81.37,68.413,64.439,58.69,55.974,51.522,51.739,55.81,53.035,45.947
68.413,64.439,58.69,55.974,51.522,51.739,55.81,53.035,45.947,46.844
64.439,58.69,55.974,51.522,51.739,55.81,53.035,45.947,46.844,42.137
58.69,55.974,51.522,51.739,55.81,53.035,45.947,46.844,42.137,39.213
55.974,51.522,51.739,55.81,53.035,45.947,46.844,42.137,39.213,32.535
51.522,51.739,55.81,53.035,45.947,46.844,42.137,39.213,32.535,37.602
51.739,55.81,53.035,45.947,46.844,42.137,39.213,32.535,37.602,35.759
55.81,53.035,45.947,46.844,42.137,39.213,32.535,37.602,35.759,27.703
53.035,45.947,46.844,42.137,39.213,32.535,37.602,35.759,27.703,25.117
45.947,46.844,42.137,39.213,32.535,37.602,35.759,27.703,25.117,32.712
46.844,42.137,39.213,32.535,37.602,35.759,27.703,25.117,32.712,38.781
42.137,39.213,32.535,37.602,35.759,27.703,25.117,32.712,38.781,35.988
39.213,32.535,37.602,35.759,27.703,25.117,32.712,38.781,35.988,29.84
32.535,37.602,35.759,27.703,25.117,32.712,38.781,35.988,29.84,33.75
37.602,35.759,27.703,25.117,32.712,38.781,35.988,29.84,33.75,34.083
35.759,27.703,25.117,32.712,38.781,35.988,29.84,33.75,34.083,26.882
27.703,25.117,32.712,38.781,35.988,29.84,33.75,34.083,26.882,43.609
25.117,32.712,38.781,35.988,29.84,33.75,34.083,26.882,43.609,115.747
32.712,38.781,35.988,29.84,33.75,34.083,26.882,43.609,115.747,145.1
38.781,35.988,29.84,33.75,34.083,26.882,43.609,115.747,145.1,153
35.988,29.84,33.75,34.083,26.882,43.609,115.747,145.1,153,145.507
29.84,33.75,34.083,26.882,43.609,115.747,145.1,153,145.507,137.591
33.75,34.083,26.882,43.609,115.747,145.1,153,145.507,137.591,210.717
34.083,26.882,43.609,115.747,145.1,153,145.507,137.591,210.717,436.335
26.882,43.609,115.747,145.1,153,145.507,137.591,210.717,436.335,430.687
43.609,115.747,145.1,153,145.507,137.591,210.717,436.335,430.687,325.88
115.747,145.1,153,145.507,137.591,210.717,436.335,430.687,325.88,230.867
145.1,153,145.507,137.591,210.717,436.335,430.687,325.88,230.867,193.245
153,145.507,137.591,210.717,436.335,430.687,325.88,230.867,193.245,165.142
145.507,137.591,210.717,436.335,430.687,325.88,230.867,193.245,165.142,145.469
137.591,210.717,436.335,430.687,325.88,230.867,193.245,165.142,145.469,125.391
210.717,436.335,430.687,325.88,230.867,193.245,165.142,145.469,125.391,110.811
436.335,430.687,325.88,230.867,193.245,165.142,145.469,125.391,110.811,100.245
430.687,325.88,230.867,193.245,165.142,145.469,125.391,110.811,100.245,92.886
325.88,230.867,193.245,165.142,145.469,125.391,110.811,100.245,92.886,90.309
230.867,193.245,165.142,145.469,125.391,110.811,100.245,92.886,90.309,85.744
193.245,165.142,145.469,125.391,110.811,100.245,92.886,90.309,85.744,79.26
165.142,145.469,125.391,110.811,100.245,92.886,90.309,85.744,79.26,75.871
145.469,125.391,110.811,100.245,92.886,90.309,85.744,79.26,75.871,65.407
125.391,110.811,100.245,92.886,90.309,85.744,79.26,75.871,65.407,60.294
110.811,100.245,92.886,90.309,85.744,79.26,75.871,65.407,60.294,56.973
100.245,92.886,90.309,85.744,79.26,75.871,65.407,60.294,56.973,42.51
92.886,90.309,85.744,79.26,75.871,65.407,60.294,56.973,42.51,47.986
90.309,85.744,79.26,75.871,65.407,60.294,56.973,42.51,47.986,46.202
85.744,79.26,75.871,65.407,60.294,56.973,42.51,47.986,46.202,44.307
79.26,75.871,65.407,60.294,56.973,42.51,47.986,46.202,44.307,62.658
75.871,65.407,60.294,56.973,42.51,47.986,46.202,44.307,62.658,79.426
65.407,60.294,56.973,42.51,47.986,46.202,44.307,62.658,79.426,74.619
60.294,56.973,42.51,47.986,46.202,44.307,62.658,79.426,74.619,65.215
56.973,42.51,47.986,46.202,44.307,62.658,79.426,74.619,65.215,62.514
42.51,47.986,46.202,44.307,62.658,79.426,74.619,65.215,62.514,55.817
47.986,46.202,44.307,62.658,79.426,74.619,65.215,62.514,55.817,65.464
46.202,44.307,62.658,79.426,74.619,65.215,62.514,55.817,65.464,74.385
44.307,62.658,79.426,74.619,65.215,62.514,55.817,65.464,74.385,68.071
62.658,79.426,74.619,65.215,62.514,55.817,65.464,74.385,68.071,62.659
79.426,74.619,65.215,62.514,55.817,65.464,74.385,68.071,62.659,62.95
74.619,65.215,62.514,55.817,65.464,74.385,68.071,62.659,62.95,58.691
65.215,62.514,55.817,65.464,74.385,68.071,62.659,62.95,58.691,55.724
62.514,55.817,65.464,74.385,68.071,62.659,62.95,58.691,55.724,45.834
55.817,65.464,74.385,68.071,62.659,62.95,58.691,55.724,45.834,47.334
65.464,74.385,68.071,62.659,62.95,58.691,55.724,45.834,47.334,45.862
74.385,68.071,62.659,62.95,58.691,55.724,45.834,47.334,45.862,41.752
68.071,62.659,62.95,58.691,55.724,45.834,47.334,45.862,41.752,31.854
62.659,62.95,58.691,55.724,45.834,47.334,45.862,41.752,31.854,29.706
62.95,58.691,55.724,45.834,47.334,45.862,41.752,31.854,29.706,32.909
58.691,55.724,45.834,47.334,45.862,41.752,31.854,29.706,32.909,35.447
55.724,45.834,47.334,45.862,41.752,31.854,29.706,32.909,35.447,30.49
45.834,47.334,45.862,41.752,31.854,29.706,32.909,35.447,30.49,32.172
47.334,45.862,41.752,31.854,29.706,32.909,35.447,30.49,32.172,32.222
45.862,41.752,31.854,29.706,32.909,35.447,30.49,32.172,32.222,30.749
41.752,31.854,29.706,32.909,35.447,30.49,32.172,32.222,30.749,30.11
31.854,29.706,32.909,35.447,30.49,32.172,32.222,30.749,30.11,29.372
29.706,32.909,35.447,30.49,32.172,32.222,30.749,30.11,29.372,28.069
32.909,35.447,30.49,32.172,32.222,30.749,30.11,29.372,28.069,27.839
35.447,30.49,32.172,32.222,30.749,30.11,29.372,28.069,27.839,27.603
30.49,32.172,32.222,30.749,30.11,29.372,28.069,27.839,27.603,26.121
32.172,32.222,30.749,30.11,29.372,28.069,27.839,27.603,26.121,25.919
32.222,30.749,30.11,29.372,28.069,27.839,27.603,26.121,25.919,26.021
30.749,30.11,29.372,28.069,27.839,27.603,26.121,25.919,26.021,27.588
30.11,29.372,28.069,27.839,27.603,26.121,25.919,26.021,27.588,29.637
29.372,28.069,27.839,27.603,26.121,25.919,26.021,27.588,29.637,29.705
28.069,27.839,27.603,26.121,25.919,26.021,27.588,29.637,29.705,31.012
27.839,27.603,26.121,25.919,26.021,27.588,29.637,29.705,31.012,31.153
27.603,26.121,25.919,26.021,27.588,29.637,29.705,31.012,31.153,33.975
26.121,25.919,26.021,27.588,29.637,29.705,31.012,31.153,33.975,41.02
25.919,26.021,27.588,29.637,29.705,31.012,31.153,33.975,41.02,54.646
26.021,27.588,29.637,29.705,31.012,31.153,33.975,41.02,54.646,56.314
27.588,29.637,29.705,31.012,31.153,33.975,41.02,54.646,56.314,48.63
29.637,29.705,31.012,31.153,33.975,41.02,54.646,56.314,48.63,43.257
29.705,31.012,31.153,33.975,41.02,54.646,56.314,48.63,43.257,40.407
31.012,31.153,33.975,41.02,54.646,56.314,48.63,43.257,40.407,40.339
31.153,33.975,41.02,54.646,56.314,48.63,43.257,40.407,40.339,30.227
33.975,41.02,54.646,56.314,48.63,43.257,40.407,40.339,30.227,33.161
41.02,54.646,56.314,48.63,43.257,40.407,40.339,30.227,33.161,35.281
54.646,56.314,48.63,43.257,40.407,40.339,30.227,33.161,35.281,36.242
56.314,48.63,43.257,40.407,40.339,30.227,33.161,35.281,36.242,33.681
48.63,43.257,40.407,40.339,30.227,33.161,35.281,36.242,33.681,33.676
43.257,40.407,40.339,30.227,33.161,35.281,36.242,33.681,33.676,33.656
40.407,40.339,30.227,33.161,35.281,36.242,33.681,33.676,33.656,30.88
40.339,30.227,33.161,35.281,36.242,33.681,33.676,33.656,30.88,32.204
30.227,33.161,35.281,36.242,33.681,33.676,33.656,30.88,32.204,34.89
33.161,35.281,36.242,33.681,33.676,33.656,30.88,32.204,34.89,34.52
35.281,36.242,33.681,33.676,33.656,30.88,32.204,34.89,34.52,32.802
36.242,33.681,33.676,33.656,30.88,32.204,34.89,34.52,32.802,34.037
33.681,33.676,33.656,30.88,32.204,34.89,34.52,32.802,34.037,34.7
33.676,33.656,30.88,32.204,34.89,34.52,32.802,34.037,34.7,29.31
33.656,30.88,32.204,34.89,34.52,32.802,34.037,34.7,29.31,27.483
30.88,32.204,34.89,34.52,32.802,34.037,34.7,29.31,27.483,25.647
32.204,34.89,34.52,32.802,34.037,34.7,29.31,27.483,25.647,24.275
34.89,34.52,32.802,34.037,34.7,29.31,27.483,25.647,24.275,23.337
34.52,32.802,34.037,34.7,29.31,27.483,25.647,24.275,23.337,21.946
32.802,34.037,34.7,29.31,27.483,25.647,24.275,23.337,21.946,21.471
34.037,34.7,29.31,27.483,25.647,24.275,23.337,21.946,21.471,24.29
34.7,29.31,27.483,25.647,24.275,23.337,21.946,21.471,24.29,25.619
29.31,27.483,25.647,24.275,23.337,21.946,21.471,24.29,25.619,22.846
27.483,25.647,24.275,23.337,21.946,21.471,24.29,25.619,22.846,19.917
25.647,24.275,23.337,21.946,21.471,24.29,25.619,22.846,19.917,20.858
24.275,23.337,21.946,21.471,24.29,25.619,22.846,19.917,20.858,18.659
23.337,21.946,21.471,24.29,25.619,22.846,19.917,20.858,18.659,19.783
21.946,21.471,24.29,25.619,22.846,19.917,20.858,18.659,19.783,18.702
21.471,24.29,25.619,22.846,19.917,20.858,18.659,19.783,18.702,18.844
24.29,25.619,22.846,19.917,20.858,18.659,19.783,18.702,18.844,17.667
25.619,22.846,19.917,20.858,18.659,19.783,18.702,18.844,17.667,16.383
22.846,19.917,20.858,18.659,19.783,18.702,18.844,17.667,16.383,15.194
19.917,20.858,18.659,19.783,18.702,18.844,17.667,16.383,15.194,15.218
20.858,18.659,19.783,18.702,18.844,17.667,16.383,15.194,15.218,17.023
18.659,19.783,18.702,18.844,17.667,16.383,15.194,15.218,17.023,15.688
19.783,18.702,18.844,17.667,16.383,15.194,15.218,17.023,15.688,17.28
18.702,18.844,17.667,16.383,15.194,15.218,17.023,15.688,17.28,15.937
18.844,17.667,16.383,15.194,15.218,17.023,15.688,17.28,15.937,17.601
17.667,16.383,15.194,15.218,17.023,15.688,17.28,15.937,17.601,15.025
16.383,15.194,15.218,17.023,15.688,17.28,15.937,17.601,15.025,15.982
15.194,15.218,17.023,15.688,17.28,15.937,17.601,15.025,15.982,15.325
15.218,17.023,15.688,17.28,15.937,17.601,15.025,15.982,15.325,16.381
17.023,15.688,17.28,15.937,17.601,15.025,15.982,15.325,16.381,16.254
15.688,17.28,15.937,17.601,15.025,15.982,15.325,16.381,16.254,13.692
17.28,15.937,17.601,15.025,15.982,15.325,16.381,16.254,13.692,13.648
15.937,17.601,15.025,15.982,15.325,16.381,16.254,13.692,13.648,12.066
17.601,15.025,15.982,15.325,16.381,16.254,13.692,13.648,12.066,10.75
15.025,15.982,15.325,16.381,16.254,13.692,13.648,12.066,10.75,10.872
15.982,15.325,16.381,16.254,13.692,13.648,12.066,10.75,10.872,9.519
15.325,16.381,16.254,13.692,13.648,12.066,10.75,10.872,9.519,11.146
16.381,16.254,13.692,13.648,12.066,10.75,10.872,9.519,11.146,13.31
16.254,13.692,13.648,12.066,10.75,10.872,9.519,11.146,13.31,12.44
13.692,13.648,12.066,10.75,10.872,9.519,11.146,13.31,12.44,12.699
13.648,12.066,10.75,10.872,9.519,11.146,13.31,12.44,12.699,12.64
12.066,10.75,10.872,9.519,11.146,13.31,12.44,12.699,12.64,10.208
10.75,10.872,9.519,11.146,13.31,12.44,12.699,12.64,10.208,10.568
10.872,9.519,11.146,13.31,12.44,12.699,12.64,10.208,10.568,10.244
9.519,11.146,13.31,12.44,12.699,12.64,10.208,10.568,10.244,13.69
11.146,13.31,12.44,12.699,12.64,10.208,10.568,10.244,13.69,16.893
13.31,12.44,12.699,12.64,10.208,10.568,10.244,13.69,16.893,15.425
12.44,12.699,12.64,10.208,10.568,10.244,13.69,16.893,15.425,14.168
12.699,12.64,10.208,10.568,10.244,13.69,16.893,15.425,14.168,11.547
12.64,10.208,10.568,10.244,13.69,16.893,15.425,14.168,11.547,10.271
10.208,10.568,10.244,13.69,16.893,15.425,14.168,11.547,10.271,10.178
10.568,10.244,13.69,16.893,15.425,14.168,11.547,10.271,10.178,8.779
10.244,13.69,16.893,15.425,14.168,11.547,10.271,10.178,8.779,8.636
13.69,16.893,15.425,14.168,11.547,10.271,10.178,8.779,8.636,8.879
16.893,15.425,14.168,11.547,10.271,10.178,8.779,8.636,8.879,8.245
15.425,14.168,11.547,10.271,10.178,8.779,8.636,8.879,8.245,8.741
14.168,11.547,10.271,10.178,8.779,8.636,8.879,8.245,8.741,10.723
11.547,10.271,10.178,8.779,8.636,8.879,8.245,8.741,10.723,12.184
10.271,10.178,8.779,8.636,8.879,8.245,8.741,10.723,12.184,13.55
10.178,8.779,8.636,8.879,8.245,8.741,10.723,12.184,13.55,10.96
8.779,8.636,8.879,8.245,8.741,10.723,12.184,13.55,10.96,9.788
8.636,8.879,8.245,8.741,10.723,12.184,13.55,10.96,9.788,12.225
8.879,8.245,8.741,10.723,12.184,13.55,10.96,9.788,12.225,13.545
8.245,8.741,10.723,12.184,13.55,10.96,9.788,12.225,13.545,15.878
8.741,10.723,12.184,13.55,10.96,9.788,12.225,13.545,15.878,10.581
10.723,12.184,13.55,10.96,9.788,12.225,13.545,15.878,10.581,10.459
12.184,13.55,10.96,9.788,12.225,13.545,15.878,10.581,10.459,8.91
13.55,10.96,9.788,12.225,13.545,15.878,10.581,10.459,8.91,9.197
10.96,9.788,12.225,13.545,15.878,10.581,10.459,8.91,9.197,10.38
9.788,12.225,13.545,15.878,10.581,10.459,8.91,9.197,10.38,10.34
12.225,13.545,15.878,10.581,10.459,8.91,9.197,10.38,10.34,8.929
13.545,15.878,10.581,10.459,8.91,9.197,10.38,10.34,8.929,10.468
15.878,10.581,10.459,8.91,9.197,10.38,10.34,8.929,10.468,10.495
10.581,10.459,8.91,9.197,10.38,10.34,8.929,10.468,10.495,10.403
10.459,8.91,9.197,10.38,10.34,8.929,10.468,10.495,10.403,9.159
8.91,9.197,10.38,10.34,8.929,10.468,10.495,10.403,9.159,7.516
9.197,10.38,10.34,8.929,10.468,10.495,10.403,9.159,7.516,15.693
10.38,10.34,8.929,10.468,10.495,10.403,9.159,7.516,15.693,18.047
10.34,8.929,10.468,10.495,10.403,9.159,7.516,15.693,18.047,15.42
8.929,10.468,10.495,10.403,9.159,7.516,15.693,18.047,15.42,12.819
10.468,10.495,10.403,9.159,7.516,15.693,18.047,15.42,12.819,10.2
10.495,10.403,9.159,7.516,15.693,18.047,15.42,12.819,10.2,10.04
10.403,9.159,7.516,15.693,18.047,15.42,12.819,10.2,10.04,10.11
9.159,7.516,15.693,18.047,15.42,12.819,10.2,10.04,10.11,10.106
7.516,15.693,18.047,15.42,12.819,10.2,10.04,10.11,10.106,7.505
15.693,18.047,15.42,12.819,10.2,10.04,10.11,10.106,7.505,5.883
18.047,15.42,12.819,10.2,10.04,10.11,10.106,7.505,5.883,6.824
15.42,12.819,10.2,10.04,10.11,10.106,7.505,5.883,6.824,6.689
12.819,10.2,10.04,10.11,10.106,7.505,5.883,6.824,6.689,7.524
10.2,10.04,10.11,10.106,7.505,5.883,6.824,6.689,7.524,11.208
10.04,10.11,10.106,7.505,5.883,6.824,6.689,7.524,11.208,11.011
10.11,10.106,7.505,5.883,6.824,6.689,7.524,11.208,11.011,13.869
10.106,7.505,5.883,6.824,6.689,7.524,11.208,11.011,13.869,11.259
7.505,5.883,6.824,6.689,7.524,11.208,11.011,13.869,11.259,20.635
5.883,6.824,6.689,7.524,11.208,11.011,13.869,11.259,20.635,22.057
6.824,6.689,7.524,11.208,11.011,13.869,11.259,20.635,22.057,19.5
6.689,7.524,11.208,11.011,13.869,11.259,20.635,22.057,19.5,15.372
7.524,11.208,11.011,13.869,11.259,20.635,22.057,19.5,15.372,15.391
11.208,11.011,13.869,11.259,20.635,22.057,19.5,15.372,15.391,14.169
11.011,13.869,11.259,20.635,22.057,19.5,15.372,15.391,14.169,10.115
13.869,11.259,20.635,22.057,19.5,15.372,15.391,14.169,10.115,8.718
11.259,20.635,22.057,19.5,15.372,15.391,14.169,10.115,8.718,8.937
20.635,22.057,19.5,15.372,15.391,14.169,10.115,8.718,8.937,8.799
22.057,19.5,15.372,15.391,14.169,10.115,8.718,8.937,8.799,11.682
19.5,15.372,15.391,14.169,10.115,8.718,8.937,8.799,11.682,11.9
15.372,15.391,14.169,10.115,8.718,8.937,8.799,11.682,11.9,21.284
15.391,14.169,10.115,8.718,8.937,8.799,11.682,11.9,21.284,31.491
14.169,10.115,8.718,8.937,8.799,11.682,11.9,21.284,31.491,26.599
10.115,8.718,8.937,8.799,11.682,11.9,21.284,31.491,26.599,19.896
8.718,8.937,8.799,11.682,11.9,21.284,31.491,26.599,19.896,14.332
8.937,8.799,11.682,11.9,21.284,31.491,26.599,19.896,14.332,13.999
8.799,11.682,11.9,21.284,31.491,26.599,19.896,14.332,13.999,12.166
11.682,11.9,21.284,31.491,26.599,19.896,14.332,13.999,12.166,10.127
11.9,21.284,31.491,26.599,19.896,14.332,13.999,12.166,10.127,10.46
21.284,31.491,26.599,19.896,14.332,13.999,12.166,10.127,10.46,10.759
31.491,26.599,19.896,14.332,13.999,12.166,10.127,10.46,10.759,19.039
26.599,19.896,14.332,13.999,12.166,10.127,10.46,10.759,19.039,12.271
19.896,14.332,13.999,12.166,10.127,10.46,10.759,19.039,12.271,14.77
14.332,13.999,12.166,10.127,10.46,10.759,19.039,12.271,14.77,12.379
13.999,12.166,10.127,10.46,10.759,19.039,12.271,14.77,12.379,11.557
12.166,10.127,10.46,10.759,19.039,12.271,14.77,12.379,11.557,14.193
10.127,10.46,10.759,19.039,12.271,14.77,12.379,11.557,14.193,18.295
10.46,10.759,19.039,12.271,14.77,12.379,11.557,14.193,18.295,21.002
10.759,19.039,12.271,14.77,12.379,11.557,14.193,18.295,21.002,19.616
19.039,12.271,14.77,12.379,11.557,14.193,18.295,21.002,19.616,16.588
12.271,14.77,12.379,11.557,14.193,18.295,21.002,19.616,16.588,13.065
14.77,12.379,11.557,14.193,18.295,21.002,19.616,16.588,13.065,14.166
12.379,11.557,14.193,18.295,21.002,19.616,16.588,13.065,14.166,12.902
11.557,14.193,18.295,21.002,19.616,16.588,13.065,14.166,12.902,12.363
14.193,18.295,21.002,19.616,16.588,13.065,14.166,12.902,12.363,11.707
18.295,21.002,19.616,16.588,13.065,14.166,12.902,12.363,11.707,14.275
21.002,19.616,16.588,13.065,14.166,12.902,12.363,11.707,14.275,15.71
19.616,16.588,13.065,14.166,12.902,12.363,11.707,14.275,15.71,13.114
16.588,13.065,14.166,12.902,12.363,11.707,14.275,15.71,13.114,14.138
13.065,14.166,12.902,12.363,11.707,14.275,15.71,13.114,14.138,12.963
14.166,12.902,12.363,11.707,14.275,15.71,13.114,14.138,12.963,14.547
12.902,12.363,11.707,14.275,15.71,13.114,14.138,12.963,14.547,19.926
12.363,11.707,14.275,15.71,13.114,14.138,12.963,14.547,19.926,19.938
11.707,14.275,15.71,13.114,14.138,12.963,14.547,19.926,19.938,16.043
14.275,15.71,13.114,14.138,12.963,14.547,19.926,19.938,16.043,11.985
15.71,13.114,14.138,12.963,14.547,19.926,19.938,16.043,11.985,14.72
13.114,14.138,12.963,14.547,19.926,19.938,16.043,11.985,14.72,20.07
14.138,12.963,14.547,19.926,19.938,16.043,11.985,14.72,20.07,14.769
12.963,14.547,19.926,19.938,16.043,11.985,14.72,20.07,14.769,14.936
14.547,19.926,19.938,16.043,11.985,14.72,20.07,14.769,14.936,12.329
19.926,19.938,16.043,11.985,14.72,20.07,14.769,14.936,12.329,12.32
19.938,16.043,11.985,14.72,20.07,14.769,14.936,12.329,12.32,10.977
16.043,11.985,14.72,20.07,14.769,14.936,12.329,12.32,10.977,10.167
11.985,14.72,20.07,14.769,14.936,12.329,12.32,10.977,10.167,9.346
14.72,20.07,14.769,14.936,12.329,12.32,10.977,10.167,9.346,10.21
20.07,14.769,14.936,12.329,12.32,10.977,10.167,9.346,10.21,8.973
14.769,14.936,12.329,12.32,10.977,10.167,9.346,10.21,8.973,10.485
14.936,12.329,12.32,10.977,10.167,9.346,10.21,8.973,10.485,14.397
12.329,12.32,10.977,10.167,9.346,10.21,8.973,10.485,14.397,15.605
12.32,10.977,10.167,9.346,10.21,8.973,10.485,14.397,15.605,14.794
10.977,10.167,9.346,10.21,8.973,10.485,14.397,15.605,14.794,14.156
10.167,9.346,10.21,8.973,10.485,14.397,15.605,14.794,14.156,16.4
9.346,10.21,8.973,10.485,14.397,15.605,14.794,14.156,16.4,14.206
10.21,8.973,10.485,14.397,15.605,14.794,14.156,16.4,14.206,15.587
8.973,10.485,14.397,15.605,14.794,14.156,16.4,14.206,15.587,15.028
10.485,14.397,15.605,14.794,14.156,16.4,14.206,15.587,15.028,15.43
14.397,15.605,14.794,14.156,16.4,14.206,15.587,15.028,15.43,15.198
15.605,14.794,14.156,16.4,14.206,15.587,15.028,15.43,15.198,13.911
14.794,14.156,16.4,14.206,15.587,15.028,15.43,15.198,13.911,12.359
14.156,16.4,14.206,15.587,15.028,15.43,15.198,13.911,12.359,15.258
16.4,14.206,15.587,15.028,15.43,15.198,13.911,12.359,15.258,26.094
14.206,15.587,15.028,15.43,15.198,13.911,12.359,15.258,26.094,36.824
15.587,15.028,15.43,15.198,13.911,12.359,15.258,26.094,36.824,34.06
15.028,15.43,15.198,13.911,12.359,15.258,26.094,36.824,34.06,26.179
15.43,15.198,13.911,12.359,15.258,26.094,36.824,34.06,26.179,21.99
15.198,13.911,12.359,15.258,26.094,36.824,34.06,26.179,21.99,17.889
13.911,12.359,15.258,26.094,36.824,34.06,26.179,21.99,17.889,21.98
12.359,15.258,26.094,36.824,34.06,26.179,21.99,17.889,21.98,17.893
15.258,26.094,36.824,34.06,26.179,21.99,17.889,21.98,17.893,18.056
26.094,36.824,34.06,26.179,21.99,17.889,21.98,17.893,18.056,17.855
36.824,34.06,26.179,21.99,17.889,21.98,17.893,18.056,17.855,17.814
34.06,26.179,21.99,17.889,21.98,17.893,18.056,17.855,17.814,16.385
26.179,21.99,17.889,21.98,17.893,18.056,17.855,17.814,16.385,15.282
21.99,17.889,21.98,17.893,18.056,17.855,17.814,16.385,15.282,12.486
17.889,21.98,17.893,18.056,17.855,17.814,16.385,15.282,12.486,13.856
21.98,17.893,18.056,17.855,17.814,16.385,15.282,12.486,13.856,12.206
17.893,18.056,17.855,17.814,16.385,15.282,12.486,13.856,12.206,13.218
18.056,17.855,17.814,16.385,15.282,12.486,13.856,12.206,13.218,13.427
17.855,17.814,16.385,15.282,12.486,13.856,12.206,13.218,13.427,13.356
17.814,16.385,15.282,12.486,13.856,12.206,13.218,13.427,13.356,12.964
16.385,15.282,12.486,13.856,12.206,13.218,13.427,13.356,12.964,14.192
15.282,12.486,13.856,12.206,13.218,13.427,13.356,12.964,14.192,17.148
12.486,13.856,12.206,13.218,13.427,13.356,12.964,14.192,17.148,15.441
13.856,12.206,13.218,13.427,13.356,12.964,14.192,17.148,15.441,17.472
12.206,13.218,13.427,13.356,12.964,14.192,17.148,15.441,17.472,20.121
13.218,13.427,13.356,12.964,14.192,17.148,15.441,17.472,20.121,27.899
13.427,13.356,12.964,14.192,17.148,15.441,17.472,20.121,27.899,30.696
13.356,12.964,14.192,17.148,15.441,17.472,20.121,27.899,30.696,26.529
12.964,14.192,17.148,15.441,17.472,20.121,27.899,30.696,26.529,16.909
14.192,17.148,15.441,17.472,20.121,27.899,30.696,26.529,16.909,14.493
17.148,15.441,17.472,20.121,27.899,30.696,26.529,16.909,14.493,15.759
15.441,17.472,20.121,27.899,30.696,26.529,16.909,14.493,15.759,13.036
17.472,20.121,27.899,30.696,26.529,16.909,14.493,15.759,13.036,12.78
20.121,27.899,30.696,26.529,16.909,14.493,15.759,13.036,12.78,13.199
27.899,30.696,26.529,16.909,14.493,15.759,13.036,12.78,13.199,12.65
30.696,26.529,16.909,14.493,15.759,13.036,12.78,13.199,12.65,12.641
26.529,16.909,14.493,15.759,13.036,12.78,13.199,12.65,12.641,10.525
16.909,14.493,15.759,13.036,12.78,13.199,12.65,12.641,10.525,10.916
14.493,15.759,13.036,12.78,13.199,12.65,12.641,10.525,10.916,12.168
15.759,13.036,12.78,13.199,12.65,12.641,10.525,10.916,12.168,12.179
13.036,12.78,13.199,12.65,12.641,10.525,10.916,12.168,12.179,10.765
12.78,13.199,12.65,12.641,10.525,10.916,12.168,12.179,10.765,10.986
13.199,12.65,12.641,10.525,10.916,12.168,12.179,10.765,10.986,10.916
12.65,12.641,10.525,10.916,12.168,12.179,10.765,10.986,10.916,9.777
12.641,10.525,10.916,12.168,12.179,10.765,10.986,10.916,9.777,9.798
10.525,10.916,12.168,12.179,10.765,10.986,10.916,9.777,9.798,11.34
10.916,12.168,12.179,10.765,10.986,10.916,9.777,9.798,11.34,8.802
12.168,12.179,10.765,10.986,10.916,9.777,9.798,11.34,8.802,8.804
12.179,10.765,10.986,10.916,9.777,9.798,11.34,8.802,8.804,8.924
10.765,10.986,10.916,9.777,9.798,11.34,8.802,8.804,8.924,9.105
10.986,10.916,9.777,9.798,11.34,8.802,8.804,8.924,9.105,8.829
10.916,9.777,9.798,11.34,8.802,8.804,8.924,9.105,8.829,8.773
9.777,9.798,11.34,8.802,8.804,8.924,9.105,8.829,8.773,8.761
9.798,11.34,8.802,8.804,8.924,9.105,8.829,8.773,8.761,7.471
11.34,8.802,8.804,8.924,9.105,8.829,8.773,8.761,7.471,9.541
8.802,8.804,8.924,9.105,8.829,8.773,8.761,7.471,9.541,11.253
8.804,8.924,9.105,8.829,8.773,8.761,7.471,9.541,11.253,9.854
8.924,9.105,8.829,8.773,8.761,7.471,9.541,11.253,9.854,9.515
9.105,8.829,8.773,8.761,7.471,9.541,11.253,9.854,9.515,9.328
8.829,8.773,8.761,7.471,9.541,11.253,9.854,9.515,9.328,9.521
8.773,8.761,7.471,9.541,11.253,9.854,9.515,9.328,9.521,9.541
8.761,7.471,9.541,11.253,9.854,9.515,9.328,9.521,9.541,9.525
7.471,9.541,11.253,9.854,9.515,9.328,9.521,9.541,9.525,9.521
9.541,11.253,9.854,9.515,9.328,9.521,9.541,9.525,9.521,9.533
11.253,9.854,9.515,9.328,9.521,9.541,9.525,9.521,9.533,9.536
9.854,9.515,9.328,9.521,9.541,9.525,9.521,9.533,9.536,9.298
9.515,9.328,9.521,9.541,9.525,9.521,9.533,9.536,9.298,9.355
9.328,9.521,9.541,9.525,9.521,9.533,9.536,9.298,9.355,9.124
9.521,9.541,9.525,9.521,9.533,9.536,9.298,9.355,9.124,9.346
9.541,9.525,9.521,9.533,9.536,9.298,9.355,9.124,9.346,8.152
9.525,9.521,9.533,9.536,9.298,9.355,9.124,9.346,8.152,8.073
9.521,9.533,9.536,9.298,9.355,9.124,9.346,8.152,8.073,7.993
9.533,9.536,9.298,9.355,9.124,9.346,8.152,8.073,7.993,9.345
9.536,9.298,9.355,9.124,9.346,8.152,8.073,7.993,9.345,9.116
9.298,9.355,9.124,9.346,8.152,8.073,7.993,9.345,9.116,7.955
9.355,9.124,9.346,8.152,8.073,7.993,9.345,9.116,7.955,9.458
9.124,9.346,8.152,8.073,7.993,9.345,9.116,7.955,9.458,9.41
9.346,8.152,8.073,7.993,9.345,9.116,7.955,9.458,9.41,13.284
8.152,8.073,7.993,9.345,9.116,7.955,9.458,9.41,13.284,40.026
8.073,7.993,9.345,9.116,7.955,9.458,9.41,13.284,40.026,36.683
7.993,9.345,9.116,7.955,9.458,9.41,13.284,40.026,36.683,28.347
9.345,9.116,7.955,9.458,9.41,13.284,40.026,36.683,28.347,29.004
9.116,7.955,9.458,9.41,13.284,40.026,36.683,28.347,29.004,34.317
7.955,9.458,9.41,13.284,40.026,36.683,28.347,29.004,34.317,36.84
9.458,9.41,13.284,40.026,36.683,28.347,29.004,34.317,36.84,37.933
9.41,13.284,40.026,36.683,28.347,29.004,34.317,36.84,37.933,34.355
13.284,40.026,36.683,28.347,29.004,34.317,36.84,37.933,34.355,23.014
40.026,36.683,28.347,29.004,34.317,36.84,37.933,34.355,23.014,22.916
36.683,28.347,29.004,34.317,36.84,37.933,34.355,23.014,22.916,29.483
28.347,29.004,34.317,36.84,37.933,34.355,23.014,22.916,29.483,36.961
29.004,34.317,36.84,37.933,34.355,23.014,22.916,29.483,36.961,82.98
34.317,36.84,37.933,34.355,23.014,22.916,29.483,36.961,82.98,73.271
36.84,37.933,34.355,23.014,22.916,29.483,36.961,82.98,73.271,64.173
37.933,34.355,23.014,22.916,29.483,36.961,82.98,73.271,64.173,56.239
34.355,23.014,22.916,29.483,36.961,82.98,73.271,64.173,56.239,46.762
23.014,22.916,29.483,36.961,82.98,73.271,64.173,56.239,46.762,38.499
22.916,29.483,36.961,82.98,73.271,64.173,56.239,46.762,38.499,34.102
29.483,36.961,82.98,73.271,64.173,56.239,46.762,38.499,34.102,50.043
36.961,82.98,73.271,64.173,56.239,46.762,38.499,34.102,50.043,56.551
82.98,73.271,64.173,56.239,46.762,38.499,34.102,50.043,56.551,55.215
73.271,64.173,56.239,46.762,38.499,34.102,50.043,56.551,55.215,63.871
64.173,56.239,46.762,38.499,34.102,50.043,56.551,55.215,63.871,62.07
56.239,46.762,38.499,34.102,50.043,56.551,55.215,63.871,62.07,59.959
46.762,38.499,34.102,50.043,56.551,55.215,63.871,62.07,59.959,53.213
38.499,34.102,50.043,56.551,55.215,63.871,62.07,59.959,53.213,50.819
34.102,50.043,56.551,55.215,63.871,62.07,59.959,53.213,50.819,54.567
50.043,56.551,55.215,63.871,62.07,59.959,53.213,50.819,54.567,96.961
56.551,55.215,63.871,62.07,59.959,53.213,50.819,54.567,96.961,95.749
55.215,63.871,62.07,59.959,53.213,50.819,54.567,96.961,95.749,88.214
63.871,62.07,59.959,53.213,50.819,54.567,96.961,95.749,88.214,98.397
62.07,59.959,53.213,50.819,54.567,96.961,95.749,88.214,98.397,104.173
59.959,53.213,50.819,54.567,96.961,95.749,88.214,98.397,104.173,93.332
53.213,50.819,54.567,96.961,95.749,88.214,98.397,104.173,93.332,94.738
50.819,54.567,96.961,95.749,88.214,98.397,104.173,93.332,94.738,91.437
54.567,96.961,95.749,88.214,98.397,104.173,93.332,94.738,91.437,90.083
96.961,95.749,88.214,98.397,104.173,93.332,94.738,91.437,90.083,83.586
95.749,88.214,98.397,104.173,93.332,94.738,91.437,90.083,83.586,81.18
88.214,98.397,104.173,93.332,94.738,91.437,90.083,83.586,81.18,92.573
98.397,104.173,93.332,94.738,91.437,90.083,83.586,81.18,92.573,85.699
104.173,93.332,94.738,91.437,90.083,83.586,81.18,92.573,85.699,77.504
93.332,94.738,91.437,90.083,83.586,81.18,92.573,85.699,77.504,59.855
94.738,91.437,90.083,83.586,81.18,92.573,85.699,77.504,59.855,52.892
91.437,90.083,83.586,81.18,92.573,85.699,77.504,59.855,52.892,48.41
90.083,83.586,81.18,92.573,85.699,77.504,59.855,52.892,48.41,74.726
83.586,81.18,92.573,85.699,77.504,59.855,52.892,48.41,74.726,80.864
81.18,92.573,85.699,77.504,59.855,52.892,48.41,74.726,80.864,91.341
92.573,85.699,77.504,59.855,52.892,48.41,74.726,80.864,91.341,119.796
85.699,77.504,59.855,52.892,48.41,74.726,80.864,91.341,119.796,135.112
77.504,59.855,52.892,48.41,74.726,80.864,91.341,119.796,135.112,119.969
59.855,52.892,48.41,74.726,80.864,91.341,119.796,135.112,119.969,102.992
52.892,48.41,74.726,80.864,91.341,119.796,135.112,119.969,102.992,85.81
48.41,74.726,80.864,91.341,119.796,135.112,119.969,102.992,85.81,66.448
74.726,80.864,91.341,119.796,135.112,119.969,102.992,85.81,66.448,56.556
80.864,91.341,119.796,135.112,119.969,102.992,85.81,66.448,56.556,53.648
91.341,119.796,135.112,119.969,102.992,85.81,66.448,56.556,53.648,50.065
119.796,135.112,119.969,102.992,85.81,66.448,56.556,53.648,50.065,41.294
135.112,119.969,102.992,85.81,66.448,56.556,53.648,50.065,41.294,31.872
119.969,102.992,85.81,66.448,56.556,53.648,50.065,41.294,31.872,27.627
102.992,85.81,66.448,56.556,53.648,50.065,41.294,31.872,27.627,24.723
85.81,66.448,56.556,53.648,50.065,41.294,31.872,27.627,24.723,26.903
66.448,56.556,53.648,50.065,41.294,31.872,27.627,24.723,26.903,25.412
56.556,53.648,50.065,41.294,31.872,27.627,24.723,26.903,25.412,25.666
53.648,50.065,41.294,31.872,27.627,24.723,26.903,25.412,25.666,24.864
50.065,41.294,31.872,27.627,24.723,26.903,25.412,25.666,24.864,27.242
41.294,31.872,27.627,24.723,26.903,25.412,25.666,24.864,27.242,26.358
31.872,27.627,24.723,26.903,25.412,25.666,24.864,27.242,26.358,25.024
27.627,24.723,26.903,25.412,25.666,24.864,27.242,26.358,25.024,22.046
24.723,26.903,25.412,25.666,24.864,27.242,26.358,25.024,22.046,20.911
26.903,25.412,25.666,24.864,27.242,26.358,25.024,22.046,20.911,23.715
25.412,25.666,24.864,27.242,26.358,25.024,22.046,20.911,23.715,28.776
25.666,24.864,27.242,26.358,25.024,22.046,20.911,23.715,28.776,24.985
24.864,27.242,26.358,25.024,22.046,20.911,23.715,28.776,24.985,25.318
27.242,26.358,25.024,22.046,20.911,23.715,28.776,24.985,25.318,27.826
26.358,25.024,22.046,20.911,23.715,28.776,24.985,25.318,27.826,29.456
25.024,22.046,20.911,23.715,28.776,24.985,25.318,27.826,29.456,36.372
22.046,20.911,23.715,28.776,24.985,25.318,27.826,29.456,36.372,39.569
20.911,23.715,28.776,24.985,25.318,27.826,29.456,36.372,39.569,33.382
23.715,28.776,24.985,25.318,27.826,29.456,36.372,39.569,33.382,34.147
28.776,24.985,25.318,27.826,29.456,36.372,39.569,33.382,34.147,32.629
24.985,25.318,27.826,29.456,36.372,39.569,33.382,34.147,32.629,43.829
25.318,27.826,29.456,36.372,39.569,33.382,34.147,32.629,43.829,84.079
27.826,29.456,36.372,39.569,33.382,34.147,32.629,43.829,84.079,78.835
29.456,36.372,39.569,33.382,34.147,32.629,43.829,84.079,78.835,55.962
36.372,39.569,33.382,34.147,32.629,43.829,84.079,78.835,55.962,44.695
39.569,33.382,34.147,32.629,43.829,84.079,78.835,55.962,44.695,74.325
33.382,34.147,32.629,43.829,84.079,78.835,55.962,44.695,74.325,98.083
34.147,32.629,43.829,84.079,78.835,55.962,44.695,74.325,98.083,100.163
32.629,43.829,84.079,78.835,55.962,44.695,74.325,98.083,100.163,94.633
43.829,84.079,78.835,55.962,44.695,74.325,98.083,100.163,94.633,82.714
84.079,78.835,55.962,44.695,74.325,98.083,100.163,94.633,82.714,67.686
78.835,55.962,44.695,74.325,98.083,100.163,94.633,82.714,67.686,60.62
55.962,44.695,74.325,98.083,100.163,94.633,82.714,67.686,60.62,55.897
44.695,74.325,98.083,100.163,94.633,82.714,67.686,60.62,55.897,57.266
74.325,98.083,100.163,94.633,82.714,67.686,60.62,55.897,57.266,50.727
98.083,100.163,94.633,82.714,67.686,60.62,55.897,57.266,50.727,47.999
100.163,94.633,82.714,67.686,60.62,55.897,57.266,50.727,47.999,50.728
94.633,82.714,67.686,60.62,55.897,57.266,50.727,47.999,50.728,61.656
82.714,67.686,60.62,55.897,57.266,50.727,47.999,50.728,61.656,64.899
67.686,60.62,55.897,57.266,50.727,47.999,50.728,61.656,64.899,62.444
60.62,55.897,57.266,50.727,47.999,50.728,61.656,64.899,62.444,54.238
55.897,57.266,50.727,47.999,50.728,61.656,64.899,62.444,54.238,60.106
57.266,50.727,47.999,50.728,61.656,64.899,62.444,54.238,60.106,60.028
50.727,47.999,50.728,61.656,64.899,62.444,54.238,60.106,60.028,65.661
47.999,50.728,61.656,64.899,62.444,54.238,60.106,60.028,65.661,69.281
50.728,61.656,64.899,62.444,54.238,60.106,60.028,65.661,69.281,58.226
61.656,64.899,62.444,54.238,60.106,60.028,65.661,69.281,58.226,51.273
64.899,62.444,54.238,60.106,60.028,65.661,69.281,58.226,51.273,50.323
62.444,54.238,60.106,60.028,65.661,69.281,58.226,51.273,50.323,50.556
54.238,60.106,60.028,65.661,69.281,58.226,51.273,50.323,50.556,51.591
60.106,60.028,65.661,69.281,58.226,51.273,50.323,50.556,51.591,48.3
60.028,65.661,69.281,58.226,51.273,50.323,50.556,51.591,48.3,46.48
65.661,69.281,58.226,51.273,50.323,50.556,51.591,48.3,46.48,41.141
69.281,58.226,51.273,50.323,50.556,51.591,48.3,46.48,41.141,43.003
58.226,51.273,50.323,50.556,51.591,48.3,46.48,41.141,43.003,41.303
51.273,50.323,50.556,51.591,48.3,46.48,41.141,43.003,41.303,44.964
50.323,50.556,51.591,48.3,46.48,41.141,43.003,41.303,44.964,47.171
50.556,51.591,48.3,46.48,41.141,43.003,41.303,44.964,47.171,38.616
51.591,48.3,46.48,41.141,43.003,41.303,44.964,47.171,38.616,32.749
48.3,46.48,41.141,43.003,41.303,44.964,47.171,38.616,32.749,33.28
46.48,41.141,43.003,41.303,44.964,47.171,38.616,32.749,33.28,31.438
41.141,43.003,41.303,44.964,47.171,38.616,32.749,33.28,31.438,31.394
43.003,41.303,44.964,47.171,38.616,32.749,33.28,31.438,31.394,29.551
41.303,44.964,47.171,38.616,32.749,33.28,31.438,31.394,29.551,27.2
44.964,47.171,38.616,32.749,33.28,31.438,31.394,29.551,27.2,25.547
47.171,38.616,32.749,33.28,31.438,31.394,29.551,27.2,25.547,23.921
38.616,32.749,33.28,31.438,31.394,29.551,27.2,25.547,23.921,24.095
32.749,33.28,31.438,31.394,29.551,27.2,25.547,23.921,24.095,25.18
33.28,31.438,31.394,29.551,27.2,25.547,23.921,24.095,25.18,32.775
31.438,31.394,29.551,27.2,25.547,23.921,24.095,25.18,32.775,33.071
31.394,29.551,27.2,25.547,23.921,24.095,25.18,32.775,33.071,25.717
29.551,27.2,25.547,23.921,24.095,25.18,32.775,33.071,25.717,25.842
27.2,25.547,23.921,24.095,25.18,32.775,33.071,25.717,25.842,22.226
25.547,23.921,24.095,25.18,32.775,33.071,25.717,25.842,22.226,25.85
23.921,24.095,25.18,32.775,33.071,25.717,25.842,22.226,25.85,21.917
24.095,25.18,32.775,33.071,25.717,25.842,22.226,25.85,21.917,23.064
25.18,32.775,33.071,25.717,25.842,22.226,25.85,21.917,23.064,20.975
32.775,33.071,25.717,25.842,22.226,25.85,21.917,23.064,20.975,22.596
33.071,25.717,25.842,22.226,25.85,21.917,23.064,20.975,22.596,22.478
25.717,25.842,22.226,25.85,21.917,23.064,20.975,22.596,22.478,22.376
25.842,22.226,25.85,21.917,23.064,20.975,22.596,22.478,22.376,23.114
22.226,25.85,21.917,23.064,20.975,22.596,22.478,22.376,23.114,21.893
25.85,21.917,23.064,20.975,22.596,22.478,22.376,23.114,21.893,20.222
21.917,23.064,20.975,22.596,22.478,22.376,23.114,21.893,20.222,17.006
23.064,20.975,22.596,22.478,22.376,23.114,21.893,20.222,17.006,16.365
20.975,22.596,22.478,22.376,23.114,21.893,20.222,17.006,16.365,17.742
22.596,22.478,22.376,23.114,21.893,20.222,17.006,16.365,17.742,13.856
22.478,22.376,23.114,21.893,20.222,17.006,16.365,17.742,13.856,17.892
22.376,23.114,21.893,20.222,17.006,16.365,17.742,13.856,17.892,16.627
23.114,21.893,20.222,17.006,16.365,17.742,13.856,17.892,16.627,15.852
21.893,20.222,17.006,16.365,17.742,13.856,17.892,16.627,15.852,19.187
20.222,17.006,16.365,17.742,13.856,17.892,16.627,15.852,19.187,16.787
17.006,16.365,17.742,13.856,17.892,16.627,15.852,19.187,16.787,19.645
16.365,17.742,13.856,17.892,16.627,15.852,19.187,16.787,19.645,21.725
17.742,13.856,17.892,16.627,15.852,19.187,16.787,19.645,21.725,17.618
13.856,17.892,16.627,15.852,19.187,16.787,19.645,21.725,17.618,17.666
17.892,16.627,15.852,19.187,16.787,19.645,21.725,17.618,17.666,16.021
16.627,15.852,19.187,16.787,19.645,21.725,17.618,17.666,16.021,16.312
15.852,19.187,16.787,19.645,21.725,17.618,17.666,16.021,16.312,16.416
19.187,16.787,19.645,21.725,17.618,17.666,16.021,16.312,16.416,16.502
16.787,19.645,21.725,17.618,17.666,16.021,16.312,16.416,16.502,14.883
19.645,21.725,17.618,17.666,16.021,16.312,16.416,16.502,14.883,13.438
21.725,17.618,17.666,16.021,16.312,16.416,16.502,14.883,13.438,13.591
17.618,17.666,16.021,16.312,16.416,16.502,14.883,13.438,13.591,13.631
17.666,16.021,16.312,16.416,16.502,14.883,13.438,13.591,13.631,13.478
16.021,16.312,16.416,16.502,14.883,13.438,13.591,13.631,13.478,13.422
16.312,16.416,16.502,14.883,13.438,13.591,13.631,13.478,13.422,12.272
16.416,16.502,14.883,13.438,13.591,13.631,13.478,13.422,12.272,12.28
16.502,14.883,13.438,13.591,13.631,13.478,13.422,12.272,12.28,13.866
14.883,13.438,13.591,13.631,13.478,13.422,12.272,12.28,13.866,11.127
13.438,13.591,13.631,13.478,13.422,12.272,12.28,13.866,11.127,9.66
13.591,13.631,13.478,13.422,12.272,12.28,13.866,11.127,9.66,9.97
13.631,13.478,13.422,12.272,12.28,13.866,11.127,9.66,9.97,9.753
13.478,13.422,12.272,12.28,13.866,11.127,9.66,9.97,9.753,9.913
13.422,12.272,12.28,13.866,11.127,9.66,9.97,9.753,9.913,9.446
12.272,12.28,13.866,11.127,9.66,9.97,9.753,9.913,9.446,8.474
12.28,13.866,11.127,9.66,9.97,9.753,9.913,9.446,8.474,7.541
13.866,11.127,9.66,9.97,9.753,9.913,9.446,8.474,7.541,9.695
11.127,9.66,9.97,9.753,9.913,9.446,8.474,7.541,9.695,9.448
9.66,9.97,9.753,9.913,9.446,8.474,7.541,9.695,9.448,12.497
9.97,9.753,9.913,9.446,8.474,7.541,9.695,9.448,12.497,11.119
9.753,9.913,9.446,8.474,7.541,9.695,9.448,12.497,11.119,12.218
9.913,9.446,8.474,7.541,9.695,9.448,12.497,11.119,12.218,10.932
9.446,8.474,7.541,9.695,9.448,12.497,11.119,12.218,10.932,13.729
8.474,7.541,9.695,9.448,12.497,11.119,12.218,10.932,13.729,11.72
7.541,9.695,9.448,12.497,11.119,12.218,10.932,13.729,11.72,10.779
9.695,9.448,12.497,11.119,12.218,10.932,13.729,11.72,10.779,12.49
9.448,12.497,11.119,12.218,10.932,13.729,11.72,10.779,12.49,10.905
12.497,11.119,12.218,10.932,13.729,11.72,10.779,12.49,10.905,12.202
11.119,12.218,10.932,13.729,11.72,10.779,12.49,10.905,12.202,10.718
12.218,10.932,13.729,11.72,10.779,12.49,10.905,12.202,10.718,10.534
10.932,13.729,11.72,10.779,12.49,10.905,12.202,10.718,10.534,14.965
13.729,11.72,10.779,12.49,10.905,12.202,10.718,10.534,14.965,16.038
11.72,10.779,12.49,10.905,12.202,10.718,10.534,14.965,16.038,14.783
10.779,12.49,10.905,12.202,10.718,10.534,14.965,16.038,14.783,15.048
12.49,10.905,12.202,10.718,10.534,14.965,16.038,14.783,15.048,12.671
10.905,12.202,10.718,10.534,14.965,16.038,14.783,15.048,12.671,9.664
12.202,10.718,10.534,14.965,16.038,14.783,15.048,12.671,9.664,12.204
10.718,10.534,14.965,16.038,14.783,15.048,12.671,9.664,12.204,11.318
10.534,14.965,16.038,14.783,15.048,12.671,9.664,12.204,11.318,8.449
14.965,16.038,14.783,15.048,12.671,9.664,12.204,11.318,8.449,7.381
16.038,14.783,15.048,12.671,9.664,12.204,11.318,8.449,7.381,7.234
14.783,15.048,12.671,9.664,12.204,11.318,8.449,7.381,7.234,6.111
15.048,12.671,9.664,12.204,11.318,8.449,7.381,7.234,6.111,7.702
12.671,9.664,12.204,11.318,8.449,7.381,7.234,6.111,7.702,7.861
9.664,12.204,11.318,8.449,7.381,7.234,6.111,7.702,7.861,8.781
12.204,11.318,8.449,7.381,7.234,6.111,7.702,7.861,8.781,5.964
11.318,8.449,7.381,7.234,6.111,7.702,7.861,8.781,5.964,10.243
8.449,7.381,7.234,6.111,7.702,7.861,8.781,5.964,10.243,10.346
7.381,7.234,6.111,7.702,7.861,8.781,5.964,10.243,10.346,15.598
7.234,6.111,7.702,7.861,8.781,5.964,10.243,10.346,15.598,14.523
6.111,7.702,7.861,8.781,5.964,10.243,10.346,15.598,14.523,11.927
7.702,7.861,8.781,5.964,10.243,10.346,15.598,14.523,11.927,11.936
7.861,8.781,5.964,10.243,10.346,15.598,14.523,11.927,11.936,13.35
8.781,5.964,10.243,10.346,15.598,14.523,11.927,11.936,13.35,15.764
5.964,10.243,10.346,15.598,14.523,11.927,11.936,13.35,15.764,13.314
10.243,10.346,15.598,14.523,11.927,11.936,13.35,15.764,13.314,10.331
10.346,15.598,14.523,11.927,11.936,13.35,15.764,13.314,10.331,10.586
15.598,14.523,11.927,11.936,13.35,15.764,13.314,10.331,10.586,7.689
14.523,11.927,11.936,13.35,15.764,13.314,10.331,10.586,7.689,7.734
11.927,11.936,13.35,15.764,13.314,10.331,10.586,7.689,7.734,9.277
11.936,13.35,15.764,13.314,10.331,10.586,7.689,7.734,9.277,10.737
13.35,15.764,13.314,10.331,10.586,7.689,7.734,9.277,10.737,12.065
15.764,13.314,10.331,10.586,7.689,7.734,9.277,10.737,12.065,13.346
13.314,10.331,10.586,7.689,7.734,9.277,10.737,12.065,13.346,16.257
10.331,10.586,7.689,7.734,9.277,10.737,12.065,13.346,16.257,21.702
10.586,7.689,7.734,9.277,10.737,12.065,13.346,16.257,21.702,19.046
7.689,7.734,9.277,10.737,12.065,13.346,16.257,21.702,19.046,17.66
7.734,9.277,10.737,12.065,13.346,16.257,21.702,19.046,17.66,17.825
9.277,10.737,12.065,13.346,16.257,21.702,19.046,17.66,17.825,16.664
10.737,12.065,13.346,16.257,21.702,19.046,17.66,17.825,16.664,17.6
12.065,13.346,16.257,21.702,19.046,17.66,17.825,16.664,17.6,12.622
13.346,16.257,21.702,19.046,17.66,17.825,16.664,17.6,12.622,10.793
16.257,21.702,19.046,17.66,17.825,16.664,17.6,12.622,10.793,9.156
21.702,19.046,17.66,17.825,16.664,17.6,12.622,10.793,9.156,8.919
19.046,17.66,17.825,16.664,17.6,12.622,10.793,9.156,8.919,7.582
17.66,17.825,16.664,17.6,12.622,10.793,9.156,8.919,7.582,7.931
17.825,16.664,17.6,12.622,10.793,9.156,8.919,7.582,7.931,9.184
16.664,17.6,12.622,10.793,9.156,8.919,7.582,7.931,9.184,10.454
17.6,12.622,10.793,9.156,8.919,7.582,7.931,9.184,10.454,8.702
12.622,10.793,9.156,8.919,7.582,7.931,9.184,10.454,8.702,9.04
10.793,9.156,8.919,7.582,7.931,9.184,10.454,8.702,9.04,8.919
9.156,8.919,7.582,7.931,9.184,10.454,8.702,9.04,8.919,8.989
8.919,7.582,7.931,9.184,10.454,8.702,9.04,8.919,8.989,9.257
7.582,7.931,9.184,10.454,8.702,9.04,8.919,8.989,9.257,8.713
7.931,9.184,10.454,8.702,9.04,8.919,8.989,9.257,8.713,7.833
9.184,10.454,8.702,9.04,8.919,8.989,9.257,8.713,7.833,7.856
10.454,8.702,9.04,8.919,8.989,9.257,8.713,7.833,7.856,6.24
8.702,9.04,8.919,8.989,9.257,8.713,7.833,7.856,6.24,6.563
9.04,8.919,8.989,9.257,8.713,7.833,7.856,6.24,6.563,6.621
8.919,8.989,9.257,8.713,7.833,7.856,6.24,6.563,6.621,6.579
8.989,9.257,8.713,7.833,7.856,6.24,6.563,6.621,6.579,6.355
9.257,8.713,7.833,7.856,6.24,6.563,6.621,6.579,6.355,6.705
8.713,7.833,7.856,6.24,6.563,6.621,6.579,6.355,6.705,6.495
7.833,7.856,6.24,6.563,6.621,6.579,6.355,6.705,6.495,8.036
7.856,6.24,6.563,6.621,6.579,6.355,6.705,6.495,8.036,7.963
6.24,6.563,6.621,6.579,6.355,6.705,6.495,8.036,7.963,8.192
6.563,6.621,6.579,6.355,6.705,6.495,8.036,7.963,8.192,8.034
6.621,6.579,6.355,6.705,6.495,8.036,7.963,8.192,8.034,7.252
6.579,6.355,6.705,6.495,8.036,7.963,8.192,8.034,7.252,5.661
6.355,6.705,6.495,8.036,7.963,8.192,8.034,7.252,5.661,6.987
6.705,6.495,8.036,7.963,8.192,8.034,7.252,5.661,6.987,8.439
6.495,8.036,7.963,8.192,8.034,7.252,5.661,6.987,8.439,7.072
8.036,7.963,8.192,8.034,7.252,5.661,6.987,8.439,7.072,5.893
7.963,8.192,8.034,7.252,5.661,6.987,8.439,7.072,5.893,5.935
8.192,8.034,7.252,5.661,6.987,8.439,7.072,5.893,5.935,7.472
8.034,7.252,5.661,6.987,8.439,7.072,5.893,5.935,7.472,5.849
7.252,5.661,6.987,8.439,7.072,5.893,5.935,7.472,5.849,5.601
5.661,6.987,8.439,7.072,5.893,5.935,7.472,5.849,5.601,7.37
6.987,8.439,7.072,5.893,5.935,7.472,5.849,5.601,7.37,9.904
8.439,7.072,5.893,5.935,7.472,5.849,5.601,7.37,9.904,8.727
7.072,5.893,5.935,7.472,5.849,5.601,7.37,9.904,8.727,7.433
5.893,5.935,7.472,5.849,5.601,7.37,9.904,8.727,7.433,7.212
5.935,7.472,5.849,5.601,7.37,9.904,8.727,7.433,7.212,7.378
7.472,5.849,5.601,7.37,9.904,8.727,7.433,7.212,7.378,5.967
5.849,5.601,7.37,9.904,8.727,7.433,7.212,7.378,5.967,5.98
5.601,7.37,9.904,8.727,7.433,7.212,7.378,5.967,5.98,5.503
7.37,9.904,8.727,7.433,7.212,7.378,5.967,5.98,5.503,5.805
9.904,8.727,7.433,7.212,7.378,5.967,5.98,5.503,5.805,5.802
8.727,7.433,7.212,7.378,5.967,5.98,5.503,5.805,5.802,4.707
7.433,7.212,7.378,5.967,5.98,5.503,5.805,5.802,4.707,5.885
7.212,7.378,5.967,5.98,5.503,5.805,5.802,4.707,5.885,12.46
7.378,5.967,5.98,5.503,5.805,5.802,4.707,5.885,12.46,8.52
5.967,5.98,5.503,5.805,5.802,4.707,5.885,12.46,8.52,8.538
5.98,5.503,5.805,5.802,4.707,5.885,12.46,8.52,8.538,8.533
5.503,5.805,5.802,4.707,5.885,12.46,8.52,8.538,8.533,8.529
5.805,5.802,4.707,5.885,12.46,8.52,8.538,8.533,8.529,7.266
5.802,4.707,5.885,12.46,8.52,8.538,8.533,8.529,7.266,7.059
4.707,5.885,12.46,8.52,8.538,8.533,8.529,7.266,7.059,7.245
5.885,12.46,8.52,8.538,8.533,8.529,7.266,7.059,7.245,6.65
12.46,8.52,8.538,8.533,8.529,7.266,7.059,7.245,6.65,8.651
8.52,8.538,8.533,8.529,7.266,7.059,7.245,6.65,8.651,7.161
8.538,8.533,8.529,7.266,7.059,7.245,6.65,8.651,7.161,7.152
8.533,8.529,7.266,7.059,7.245,6.65,8.651,7.161,7.152,7.169
8.529,7.266,7.059,7.245,6.65,8.651,7.161,7.152,7.169,7.099
7.266,7.059,7.245,6.65,8.651,7.161,7.152,7.169,7.099,7.648
7.059,7.245,6.65,8.651,7.161,7.152,7.169,7.099,7.648,10.259
7.245,6.65,8.651,7.161,7.152,7.169,7.099,7.648,10.259,10.204
6.65,8.651,7.161,7.152,7.169,7.099,7.648,10.259,10.204,7.518
8.651,7.161,7.152,7.169,7.099,7.648,10.259,10.204,7.518,8.919
7.161,7.152,7.169,7.099,7.648,10.259,10.204,7.518,8.919,7.398
7.152,7.169,7.099,7.648,10.259,10.204,7.518,8.919,7.398,7.157
7.169,7.099,7.648,10.259,10.204,7.518,8.919,7.398,7.157,8.733
7.099,7.648,10.259,10.204,7.518,8.919,7.398,7.157,8.733,6.698
7.648,10.259,10.204,7.518,8.919,7.398,7.157,8.733,6.698,9.113
10.259,10.204,7.518,8.919,7.398,7.157,8.733,6.698,9.113,10.225
10.204,7.518,8.919,7.398,7.157,8.733,6.698,9.113,10.225,12.975
7.518,8.919,7.398,7.157,8.733,6.698,9.113,10.225,12.975,14.478
8.919,7.398,7.157,8.733,6.698,9.113,10.225,12.975,14.478,12.744
7.398,7.157,8.733,6.698,9.113,10.225,12.975,14.478,12.744,14.748
7.157,8.733,6.698,9.113,10.225,12.975,14.478,12.744,14.748,14.242
8.733,6.698,9.113,10.225,12.975,14.478,12.744,14.748,14.242,15.151
6.698,9.113,10.225,12.975,14.478,12.744,14.748,14.242,15.151,16.391
9.113,10.225,12.975,14.478,12.744,14.748,14.242,15.151,16.391,14.865
10.225,12.975,14.478,12.744,14.748,14.242,15.151,16.391,14.865,13.739
12.975,14.478,12.744,14.748,14.242,15.151,16.391,14.865,13.739,13.352
14.478,12.744,14.748,14.242,15.151,16.391,14.865,13.739,13.352,12.431
12.744,14.748,14.242,15.151,16.391,14.865,13.739,13.352,12.431,9.623
14.748,14.242,15.151,16.391,14.865,13.739,13.352,12.431,9.623,9.694
14.242,15.151,16.391,14.865,13.739,13.352,12.431,9.623,9.694,10.909
15.151,16.391,14.865,13.739,13.352,12.431,9.623,9.694,10.909,9.726
16.391,14.865,13.739,13.352,12.431,9.623,9.694,10.909,9.726,10.813
14.865,13.739,13.352,12.431,9.623,9.694,10.909,9.726,10.813,10.66
13.739,13.352,12.431,9.623,9.694,10.909,9.726,10.813,10.66,7.423
13.352,12.431,9.623,9.694,10.909,9.726,10.813,10.66,7.423,12.26
12.431,9.623,9.694,10.909,9.726,10.813,10.66,7.423,12.26,14.954
9.623,9.694,10.909,9.726,10.813,10.66,7.423,12.26,14.954,14.915
9.694,10.909,9.726,10.813,10.66,7.423,12.26,14.954,14.915,13.493
10.909,9.726,10.813,10.66,7.423,12.26,14.954,14.915,13.493,13.682
9.726,10.813,10.66,7.423,12.26,14.954,14.915,13.493,13.682,12.27
10.813,10.66,7.423,12.26,14.954,14.915,13.493,13.682,12.27,12.047
10.66,7.423,12.26,14.954,14.915,13.493,13.682,12.27,12.047,12.05
7.423,12.26,14.954,14.915,13.493,13.682,12.27,12.047,12.05,13.34
12.26,14.954,14.915,13.493,13.682,12.27,12.047,12.05,13.34,14.5
14.954,14.915,13.493,13.682,12.27,12.047,12.05,13.34,14.5,18.22
14.915,13.493,13.682,12.27,12.047,12.05,13.34,14.5,18.22,21.83
13.493,13.682,12.27,12.047,12.05,13.34,14.5,18.22,21.83,22.34
13.682,12.27,12.047,12.05,13.34,14.5,18.22,21.83,22.34,22.96
12.27,12.047,12.05,13.34,14.5,18.22,21.83,22.34,22.96,26.02
12.047,12.05,13.34,14.5,18.22,21.83,22.34,22.96,26.02,29.85
12.05,13.34,14.5,18.22,21.83,22.34,22.96,26.02,29.85,23.89
13.34,14.5,18.22,21.83,22.34,22.96,26.02,29.85,23.89,21.44
14.5,18.22,21.83,22.34,22.96,26.02,29.85,23.89,21.44,21.43
18.22,21.83,22.34,22.96,26.02,29.85,23.89,21.44,21.43,26.73
21.83,22.34,22.96,26.02,29.85,23.89,21.44,21.43,26.73,21.31
22.34,22.96,26.02,29.85,23.89,21.44,21.43,26.73,21.31,18.69
22.96,26.02,29.85,23.89,21.44,21.43,26.73,21.31,18.69,20.05
26.02,29.85,23.89,21.44,21.43,26.73,21.31,18.69,20.05,17.5
29.85,23.89,21.44,21.43,26.73,21.31,18.69,20.05,17.5,15.24
23.89,21.44,21.43,26.73,21.31,18.69,20.05,17.5,15.24,14.93
21.44,21.43,26.73,21.31,18.69,20.05,17.5,15.24,14.93,15.31
21.43,26.73,21.31,18.69,20.05,17.5,15.24,14.93,15.31,12.51
26.73,21.31,18.69,20.05,17.5,15.24,14.93,15.31,12.51,16.81
21.31,18.69,20.05,17.5,15.24,14.93,15.31,12.51,16.81,14.55
18.69,20.05,17.5,15.24,14.93,15.31,12.51,16.81,14.55,13.48
20.05,17.5,15.24,14.93,15.31,12.51,16.81,14.55,13.48,11.52
17.5,15.24,14.93,15.31,12.51,16.81,14.55,13.48,11.52,11.7
15.24,14.93,15.31,12.51,16.81,14.55,13.48,11.52,11.7,11.89
14.93,15.31,12.51,16.81,14.55,13.48,11.52,11.7,11.89,12.28
15.31,12.51,16.81,14.55,13.48,11.52,11.7,11.89,12.28,11.32
12.51,16.81,14.55,13.48,11.52,11.7,11.89,12.28,11.32,16.98
16.81,14.55,13.48,11.52,11.7,11.89,12.28,11.32,16.98,19.14
14.55,13.48,11.52,11.7,11.89,12.28,11.32,16.98,19.14,14.13
13.48,11.52,11.7,11.89,12.28,11.32,16.98,19.14,14.13,14.01
11.52,11.7,11.89,12.28,11.32,16.98,19.14,14.13,14.01,14.34
11.7,11.89,12.28,11.32,16.98,19.14,14.13,14.01,14.34,13.03
11.89,12.28,11.32,16.98,19.14,14.13,14.01,14.34,13.03,13.04
12.28,11.32,16.98,19.14,14.13,14.01,14.34,13.03,13.04,10.35
11.32,16.98,19.14,14.13,14.01,14.34,13.03,13.04,10.35,11.71
16.98,19.14,14.13,14.01,14.34,13.03,13.04,10.35,11.71,9.19
19.14,14.13,14.01,14.34,13.03,13.04,10.35,11.71,9.19,9.36
14.13,14.01,14.34,13.03,13.04,10.35,11.71,9.19,9.36,12.93
14.01,14.34,13.03,13.04,10.35,11.71,9.19,9.36,12.93,13.14
14.34,13.03,13.04,10.35,11.71,9.19,9.36,12.93,13.14,10.15
13.03,13.04,10.35,11.71,9.19,9.36,12.93,13.14,10.15,13.33
13.04,10.35,11.71,9.19,9.36,12.93,13.14,10.15,13.33,12.16
10.35,11.71,9.19,9.36,12.93,13.14,10.15,13.33,12.16,13.19
11.71,9.19,9.36,12.93,13.14,10.15,13.33,12.16,13.19,16.66
9.19,9.36,12.93,13.14,10.15,13.33,12.16,13.19,16.66,28.14
9.36,12.93,13.14,10.15,13.33,12.16,13.19,16.66,28.14,38.31
12.93,13.14,10.15,13.33,12.16,13.19,16.66,28.14,38.31,36.47
13.14,10.15,13.33,12.16,13.19,16.66,28.14,38.31,36.47,36.86
10.15,13.33,12.16,13.19,16.66,28.14,38.31,36.47,36.86,33.37
13.33,12.16,13.19,16.66,28.14,38.31,36.47,36.86,33.37,29.6
12.16,13.19,16.66,28.14,38.31,36.47,36.86,33.37,29.6,68.26
13.19,16.66,28.14,38.31,36.47,36.86,33.37,29.6,68.26,197.62
16.66,28.14,38.31,36.47,36.86,33.37,29.6,68.26,197.62,151.38
28.14,38.31,36.47,36.86,33.37,29.6,68.26,197.62,151.38,132.2
38.31,36.47,36.86,33.37,29.6,68.26,197.62,151.38,132.2,134.98
36.47,36.86,33.37,29.6,68.26,197.62,151.38,132.2,134.98,143.46
36.86,33.37,29.6,68.26,197.62,151.38,132.2,134.98,143.46,119.16
33.37,29.6,68.26,197.62,151.38,132.2,134.98,143.46,119.16,104.67
29.6,68.26,197.62,151.38,132.2,134.98,143.46,119.16,104.67,94.71
68.26,197.62,151.38,132.2,134.98,143.46,119.16,104.67,94.71,76.68
197.62,151.38,132.2,134.98,143.46,119.16,104.67,94.71,76.68,65.84
151.38,132.2,134.98,143.46,119.16,104.67,94.71,76.68,65.84,58.63
132.2,134.98,143.46,119.16,104.67,94.71,76.68,65.84,58.63,79.3
134.98,143.46,119.16,104.67,94.71,76.68,65.84,58.63,79.3,183.12
143.46,119.16,104.67,94.71,76.68,65.84,58.63,79.3,183.12,162.34
119.16,104.67,94.71,76.68,65.84,58.63,79.3,183.12,162.34,156.55
104.67,94.71,76.68,65.84,58.63,79.3,183.12,162.34,156.55,124.44
94.71,76.68,65.84,58.63,79.3,183.12,162.34,156.55,124.44,106.97
76.68,65.84,58.63,79.3,183.12,162.34,156.55,124.44,106.97,92.56
65.84,58.63,79.3,183.12,162.34,156.55,124.44,106.97,92.56,78.14
58.63,79.3,183.12,162.34,156.55,124.44,106.97,92.56,78.14,69.27
79.3,183.12,162.34,156.55,124.44,106.97,92.56,78.14,69.27,58.8
183.12,162.34,156.55,124.44,106.97,92.56,78.14,69.27,58.8,50.33
162.34,156.55,124.44,106.97,92.56,78.14,69.27,58.8,50.33,45.59
156.55,124.44,106.97,92.56,78.14,69.27,58.8,50.33,45.59,41.09
124.44,106.97,92.56,78.14,69.27,58.8,50.33,45.59,41.09,39.33
106.97,92.56,78.14,69.27,58.8,50.33,45.59,41.09,39.33,38.75
92.56,78.14,69.27,58.8,50.33,45.59,41.09,39.33,38.75,34.66
78.14,69.27,58.8,50.33,45.59,41.09,39.33,38.75,34.66,33.33
69.27,58.8,50.33,45.59,41.09,39.33,38.75,34.66,33.33,32.95
58.8,50.33,45.59,41.09,39.33,38.75,34.66,33.33,32.95,32.93
50.33,45.59,41.09,39.33,38.75,34.66,33.33,32.95,32.93,30.17
45.59,41.09,39.33,38.75,34.66,33.33,32.95,32.93,30.17,25.97
41.09,39.33,38.75,34.66,33.33,32.95,32.93,30.17,25.97,23.61
39.33,38.75,34.66,33.33,32.95,32.93,30.17,25.97,23.61,21.75
38.75,34.66,33.33,32.95,32.93,30.17,25.97,23.61,21.75,24.31
34.66,33.33,32.95,32.93,30.17,25.97,23.61,21.75,24.31,25.83
33.33,32.95,32.93,30.17,25.97,23.61,21.75,24.31,25.83,28.05
32.95,32.93,30.17,25.97,23.61,21.75,24.31,25.83,28.05,92.15
32.93,30.17,25.97,23.61,21.75,24.31,25.83,28.05,92.15,122.15
30.17,25.97,23.61,21.75,24.31,25.83,28.05,92.15,122.15,115.19
25.97,23.61,21.75,24.31,25.83,28.05,92.15,122.15,115.19,111.35
23.61,21.75,24.31,25.83,28.05,92.15,122.15,115.19,111.35,93.95
21.75,24.31,25.83,28.05,92.15,122.15,115.19,111.35,93.95,76.75
24.31,25.83,28.05,92.15,122.15,115.19,111.35,93.95,76.75,80.84
25.83,28.05,92.15,122.15,115.19,111.35,93.95,76.75,80.84,79.04
28.05,92.15,122.15,115.19,111.35,93.95,76.75,80.84,79.04,72.34
92.15,122.15,115.19,111.35,93.95,76.75,80.84,79.04,72.34,58.19
122.15,115.19,111.35,93.95,76.75,80.84,79.04,72.34,58.19,54.84
115.19,111.35,93.95,76.75,80.84,79.04,72.34,58.19,54.84,51.22
111.35,93.95,76.75,80.84,79.04,72.34,58.19,54.84,51.22,50.45
93.95,76.75,80.84,79.04,72.34,58.19,54.84,51.22,50.45,40.2
76.75,80.84,79.04,72.34,58.19,54.84,51.22,50.45,40.2,38.62
80.84,79.04,72.34,58.19,54.84,51.22,50.45,40.2,38.62,35.45
79.04,72.34,58.19,54.84,51.22,50.45,40.2,38.62,35.45,33.47
72.34,58.19,54.84,51.22,50.45,40.2,38.62,35.45,33.47,35.21
58.19,54.84,51.22,50.45,40.2,38.62,35.45,33.47,35.21,32.42
54.84,51.22,50.45,40.2,38.62,35.45,33.47,35.21,32.42,31.14
51.22,50.45,40.2,38.62,35.45,33.47,35.21,32.42,31.14,29.65
50.45,40.2,38.62,35.45,33.47,35.21,32.42,31.14,29.65,29.49
40.2,38.62,35.45,33.47,35.21,32.42,31.14,29.65,29.49,27.01
38.62,35.45,33.47,35.21,32.42,31.14,29.65,29.49,27.01,25.76
35.45,33.47,35.21,32.42,31.14,29.65,29.49,27.01,25.76,27.66
33.47,35.21,32.42,31.14,29.65,29.49,27.01,25.76,27.66,26.42
35.21,32.42,31.14,29.65,29.49,27.01,25.76,27.66,26.42,25.51
32.42,31.14,29.65,29.49,27.01,25.76,27.66,26.42,25.51,27.92
31.14,29.65,29.49,27.01,25.76,27.66,26.42,25.51,27.92,30.38
29.65,29.49,27.01,25.76,27.66,26.42,25.51,27.92,30.38,31.48
29.49,27.01,25.76,27.66,26.42,25.51,27.92,30.38,31.48,28.49
27.01,25.76,27.66,26.42,25.51,27.92,30.38,31.48,28.49,27.78
25.76,27.66,26.42,25.51,27.92,30.38,31.48,28.49,27.78,25.11
27.66,26.42,25.51,27.92,30.38,31.48,28.49,27.78,25.11,26.64
26.42,25.51,27.92,30.38,31.48,28.49,27.78,25.11,26.64,25.18
25.51,27.92,30.38,31.48,28.49,27.78,25.11,26.64,25.18,26.4
27.92,30.38,31.48,28.49,27.78,25.11,26.64,25.18,26.4,27.76
30.38,31.48,28.49,27.78,25.11,26.64,25.18,26.4,27.76,31.04
31.48,28.49,27.78,25.11,26.64,25.18,26.4,27.76,31.04,42.89
28.49,27.78,25.11,26.64,25.18,26.4,27.76,31.04,42.89,54.03
27.78,25.11,26.64,25.18,26.4,27.76,31.04,42.89,54.03,56.65
25.11,26.64,25.18,26.4,27.76,31.04,42.89,54.03,56.65,52.3
26.64,25.18,26.4,27.76,31.04,42.89,54.03,56.65,52.3,45.67
25.18,26.4,27.76,31.04,42.89,54.03,56.65,52.3,45.67,39.2
26.4,27.76,31.04,42.89,54.03,56.65,52.3,45.67,39.2,36.42
27.76,31.04,42.89,54.03,56.65,52.3,45.67,39.2,36.42,35.25
31.04,42.89,54.03,56.65,52.3,45.67,39.2,36.42,35.25,35.02
42.89,54.03,56.65,52.3,45.67,39.2,36.42,35.25,35.02,34.21
54.03,56.65,52.3,45.67,39.2,36.42,35.25,35.02,34.21,34.42
56.65,52.3,45.67,39.2,36.42,35.25,35.02,34.21,34.42,34.26
52.3,45.67,39.2,36.42,35.25,35.02,34.21,34.42,34.26,37.2
45.67,39.2,36.42,35.25,35.02,34.21,34.42,34.26,37.2,33.33
39.2,36.42,35.25,35.02,34.21,34.42,34.26,37.2,33.33,33.04
36.42,35.25,35.02,34.21,34.42,34.26,37.2,33.33,33.04,27.65
35.25,35.02,34.21,34.42,34.26,37.2,33.33,33.04,27.65,27.7
35.02,34.21,34.42,34.26,37.2,33.33,33.04,27.65,27.7,24.98
34.21,34.42,34.26,37.2,33.33,33.04,27.65,27.7,24.98,23.6
34.42,34.26,37.2,33.33,33.04,27.65,27.7,24.98,23.6,25.2
34.26,37.2,33.33,33.04,27.65,27.7,24.98,23.6,25.2,25.58
37.2,33.33,33.04,27.65,27.7,24.98,23.6,25.2,25.58,24.82
33.33,33.04,27.65,27.7,24.98,23.6,25.2,25.58,24.82,25.07
33.04,27.65,27.7,24.98,23.6,25.2,25.58,24.82,25.07,25.07
27.65,27.7,24.98,23.6,25.2,25.58,24.82,25.07,25.07,23.47
27.7,24.98,23.6,25.2,25.58,24.82,25.07,25.07,23.47,20.86
24.98,23.6,25.2,25.58,24.82,25.07,25.07,23.47,20.86,19.7
23.6,25.2,25.58,24.82,25.07,25.07,23.47,20.86,19.7,19.85
25.2,25.58,24.82,25.07,25.07,23.47,20.86,19.7,19.85,19.45
25.58,24.82,25.07,25.07,23.47,20.86,19.7,19.85,19.45,18.21
24.82,25.07,25.07,23.47,20.86,19.7,19.85,19.45,18.21,18.61
25.07,25.07,23.47,20.86,19.7,19.85,19.45,18.21,18.61,20.67
25.07,23.47,20.86,19.7,19.85,19.45,18.21,18.61,20.67,23.63
23.47,20.86,19.7,19.85,19.45,18.21,18.61,20.67,23.63,31.42
20.86,19.7,19.85,19.45,18.21,18.61,20.67,23.63,31.42,60.01
19.7,19.85,19.45,18.21,18.61,20.67,23.63,31.42,60.01,65.85
19.85,19.45,18.21,18.61,20.67,23.63,31.42,60.01,65.85,58.81
19.45,18.21,18.61,20.67,23.63,31.42,60.01,65.85,58.81,61.01
18.21,18.61,20.67,23.63,31.42,60.01,65.85,58.81,61.01,58.39
18.61,20.67,23.63,31.42,60.01,65.85,58.81,61.01,58.39,55.62
20.67,23.63,31.42,60.01,65.85,58.81,61.01,58.39,55.62,56.71
23.63,31.42,60.01,65.85,58.81,61.01,58.39,55.62,56.71,51.21
31.42,60.01,65.85,58.81,61.01,58.39,55.62,56.71,51.21,50.53
60.01,65.85,58.81,61.01,58.39,55.62,56.71,51.21,50.53,43.45
65.85,58.81,61.01,58.39,55.62,56.71,51.21,50.53,43.45,44.55
58.81,61.01,58.39,55.62,56.71,51.21,50.53,43.45,44.55,39.03
61.01,58.39,55.62,56.71,51.21,50.53,43.45,44.55,39.03,32.2
58.39,55.62,56.71,51.21,50.53,43.45,44.55,39.03,32.2,27.91
55.62,56.71,51.21,50.53,43.45,44.55,39.03,32.2,27.91,26.4
56.71,51.21,50.53,43.45,44.55,39.03,32.2,27.91,26.4,26.43
51.21,50.53,43.45,44.55,39.03,32.2,27.91,26.4,26.43,23.95
50.53,43.45,44.55,39.03,32.2,27.91,26.4,26.43,23.95,24.05
43.45,44.55,39.03,32.2,27.91,26.4,26.43,23.95,24.05,23.11
44.55,39.03,32.2,27.91,26.4,26.43,23.95,24.05,23.11,24.12
39.03,32.2,27.91,26.4,26.43,23.95,24.05,23.11,24.12,23.67
32.2,27.91,26.4,26.43,23.95,24.05,23.11,24.12,23.67,22.8
27.91,26.4,26.43,23.95,24.05,23.11,24.12,23.67,22.8,23.53
26.4,26.43,23.95,24.05,23.11,24.12,23.67,22.8,23.53,23.48
26.43,23.95,24.05,23.11,24.12,23.67,22.8,23.53,23.48,22.16
23.95,24.05,23.11,24.12,23.67,22.8,23.53,23.48,22.16,25.01
24.05,23.11,24.12,23.67,22.8,23.53,23.48,22.16,25.01,27.6
23.11,24.12,23.67,22.8,23.53,23.48,22.16,25.01,27.6,23.56
24.12,23.67,22.8,23.53,23.48,22.16,25.01,27.6,23.56,25.47
23.67,22.8,23.53,23.48,22.16,25.01,27.6,23.56,25.47,26.57
22.8,23.53,23.48,22.16,25.01,27.6,23.56,25.47,26.57,27.53
23.53,23.48,22.16,25.01,27.6,23.56,25.47,26.57,27.53,25
23.48,22.16,25.01,27.6,23.56,25.47,26.57,27.53,25,24.17
22.16,25.01,27.6,23.56,25.47,26.57,27.53,25,24.17,22.91
25.01,27.6,23.56,25.47,26.57,27.53,25,24.17,22.91,21.05
27.6,23.56,25.47,26.57,27.53,25,24.17,22.91,21.05,21.99
23.56,25.47,26.57,27.53,25,24.17,22.91,21.05,21.99,37.4
25.47,26.57,27.53,25,24.17,22.91,21.05,21.99,37.4,45.04
26.57,27.53,25,24.17,22.91,21.05,21.99,37.4,45.04,58.76
27.53,25,24.17,22.91,21.05,21.99,37.4,45.04,58.76,44.28
25,24.17,22.91,21.05,21.99,37.4,45.04,58.76,44.28,40.17
24.17,22.91,21.05,21.99,37.4,45.04,58.76,44.28,40.17,41.65
22.91,21.05,21.99,37.4,45.04,58.76,44.28,40.17,41.65,37.16
21.05,21.99,37.4,45.04,58.76,44.28,40.17,41.65,37.16,33.31
21.99,37.4,45.04,58.76,44.28,40.17,41.65,37.16,33.31,39.18
37.4,45.04,58.76,44.28,40.17,41.65,37.16,33.31,39.18,70.24
45.04,58.76,44.28,40.17,41.65,37.16,33.31,39.18,70.24,62.18
58.76,44.28,40.17,41.65,37.16,33.31,39.18,70.24,62.18,52.12
44.28,40.17,41.65,37.16,33.31,39.18,70.24,62.18,52.12,67.13
40.17,41.65,37.16,33.31,39.18,70.24,62.18,52.12,67.13,115.38
41.65,37.16,33.31,39.18,70.24,62.18,52.12,67.13,115.38,158.32
37.16,33.31,39.18,70.24,62.18,52.12,67.13,115.38,158.32,305.79
33.31,39.18,70.24,62.18,52.12,67.13,115.38,158.32,305.79,339.46
39.18,70.24,62.18,52.12,67.13,115.38,158.32,305.79,339.46,261.41
70.24,62.18,52.12,67.13,115.38,158.32,305.79,339.46,261.41,203.38
62.18,52.12,67.13,115.38,158.32,305.79,339.46,261.41,203.38,161.21
52.12,67.13,115.38,158.32,305.79,339.46,261.41,203.38,161.21,129.16
67.13,115.38,158.32,305.79,339.46,261.41,203.38,161.21,129.16,120.63
115.38,158.32,305.79,339.46,261.41,203.38,161.21,129.16,120.63,120.2
158.32,305.79,339.46,261.41,203.38,161.21,129.16,120.63,120.2,131.24
305.79,339.46,261.41,203.38,161.21,129.16,120.63,120.2,131.24,146.16
339.46,261.41,203.38,161.21,129.16,120.63,120.2,131.24,146.16,109.97
261.41,203.38,161.21,129.16,120.63,120.2,131.24,146.16,109.97,84.67
203.38,161.21,129.16,120.63,120.2,131.24,146.16,109.97,84.67,74.94
161.21,129.16,120.63,120.2,131.24,146.16,109.97,84.67,74.94,66.28
129.16,120.63,120.2,131.24,146.16,109.97,84.67,74.94,66.28,59.46
120.63,120.2,131.24,146.16,109.97,84.67,74.94,66.28,59.46,61.52
120.2,131.24,146.16,109.97,84.67,74.94,66.28,59.46,61.52,41.5
131.24,146.16,109.97,84.67,74.94,66.28,59.46,61.52,41.5,37.47
146.16,109.97,84.67,74.94,66.28,59.46,61.52,41.5,37.47,36.89
109.97,84.67,74.94,66.28,59.46,61.52,41.5,37.47,36.89,106.06
84.67,74.94,66.28,59.46,61.52,41.5,37.47,36.89,106.06,70.9
74.94,66.28,59.46,61.52,41.5,37.47,36.89,106.06,70.9,56.29
66.28,59.46,61.52,41.5,37.47,36.89,106.06,70.9,56.29,51.61
59.46,61.52,41.5,37.47,36.89,106.06,70.9,56.29,51.61,49.2
61.52,41.5,37.47,36.89,106.06,70.9,56.29,51.61,49.2,57.38
41.5,37.47,36.89,106.06,70.9,56.29,51.61,49.2,57.38,47.76
37.47,36.89,106.06,70.9,56.29,51.61,49.2,57.38,47.76,38.29
36.89,106.06,70.9,56.29,51.61,49.2,57.38,47.76,38.29,35.53
106.06,70.9,56.29,51.61,49.2,57.38,47.76,38.29,35.53,35.48
70.9,56.29,51.61,49.2,57.38,47.76,38.29,35.53,35.48,29.66
56.29,51.61,49.2,57.38,47.76,38.29,35.53,35.48,29.66,28.38
51.61,49.2,57.38,47.76,38.29,35.53,35.48,29.66,28.38,23.37
49.2,57.38,47.76,38.29,35.53,35.48,29.66,28.38,23.37,24.01
57.38,47.76,38.29,35.53,35.48,29.66,28.38,23.37,24.01,24.17
47.76,38.29,35.53,35.48,29.66,28.38,23.37,24.01,24.17,20
38.29,35.53,35.48,29.66,28.38,23.37,24.01,24.17,20,19.97
35.53,35.48,29.66,28.38,23.37,24.01,24.17,20,19.97,18.69
35.48,29.66,28.38,23.37,24.01,24.17,20,19.97,18.69,18.51
29.66,28.38,23.37,24.01,24.17,20,19.97,18.69,18.51,16.92
28.38,23.37,24.01,24.17,20,19.97,18.69,18.51,16.92,17.27
23.37,24.01,24.17,20,19.97,18.69,18.51,16.92,17.27,16.02
24.01,24.17,20,19.97,18.69,18.51,16.92,17.27,16.02,15.83
24.17,20,19.97,18.69,18.51,16.92,17.27,16.02,15.83,14.53
20,19.97,18.69,18.51,16.92,17.27,16.02,15.83,14.53,14.53
19.97,18.69,18.51,16.92,17.27,16.02,15.83,14.53,14.53,12.83
18.69,18.51,16.92,17.27,16.02,15.83,14.53,14.53,12.83,12.81
18.51,16.92,17.27,16.02,15.83,14.53,14.53,12.83,12.81,11.14
16.92,17.27,16.02,15.83,14.53,14.53,12.83,12.81,11.14,11.22
17.27,16.02,15.83,14.53,14.53,12.83,12.81,11.14,11.22,11.53
16.02,15.83,14.53,14.53,12.83,12.81,11.14,11.22,11.53,10.09
15.83,14.53,14.53,12.83,12.81,11.14,11.22,11.53,10.09,10.11
14.53,14.53,12.83,12.81,11.14,11.22,11.53,10.09,10.11,8.91
14.53,12.83,12.81,11.14,11.22,11.53,10.09,10.11,8.91,7.13
12.83,12.81,11.14,11.22,11.53,10.09,10.11,8.91,7.13,9.94
12.81,11.14,11.22,11.53,10.09,10.11,8.91,7.13,9.94,8.82
11.14,11.22,11.53,10.09,10.11,8.91,7.13,9.94,8.82,9.15
11.22,11.53,10.09,10.11,8.91,7.13,9.94,8.82,9.15,9.98
11.53,10.09,10.11,8.91,7.13,9.94,8.82,9.15,9.98,14.36
10.09,10.11,8.91,7.13,9.94,8.82,9.15,9.98,14.36,13.25
10.11,8.91,7.13,9.94,8.82,9.15,9.98,14.36,13.25,11.64
8.91,7.13,9.94,8.82,9.15,9.98,14.36,13.25,11.64,10.24
7.13,9.94,8.82,9.15,9.98,14.36,13.25,11.64,10.24,7.47
9.94,8.82,9.15,9.98,14.36,13.25,11.64,10.24,7.47,9
8.82,9.15,9.98,14.36,13.25,11.64,10.24,7.47,9,9.17
9.15,9.98,14.36,13.25,11.64,10.24,7.47,9,9.17,9.24
9.98,14.36,13.25,11.64,10.24,7.47,9,9.17,9.24,29.27
14.36,13.25,11.64,10.24,7.47,9,9.17,9.24,29.27,32.43
13.25,11.64,10.24,7.47,9,9.17,9.24,29.27,32.43,18.4
11.64,10.24,7.47,9,9.17,9.24,29.27,32.43,18.4,21.53
10.24,7.47,9,9.17,9.24,29.27,32.43,18.4,21.53,24.24
7.47,9,9.17,9.24,29.27,32.43,18.4,21.53,24.24,18.41
9,9.17,9.24,29.27,32.43,18.4,21.53,24.24,18.41,12.92
9.17,9.24,29.27,32.43,18.4,21.53,24.24,18.41,12.92,11.59
9.24,29.27,32.43,18.4,21.53,24.24,18.41,12.92,11.59,10.29
29.27,32.43,18.4,21.53,24.24,18.41,12.92,11.59,10.29,11.8
32.43,18.4,21.53,24.24,18.41,12.92,11.59,10.29,11.8,10.55
18.4,21.53,24.24,18.41,12.92,11.59,10.29,11.8,10.55,10.41
21.53,24.24,18.41,12.92,11.59,10.29,11.8,10.55,10.41,8.94
24.24,18.41,12.92,11.59,10.29,11.8,10.55,10.41,8.94,12.03
18.41,12.92,11.59,10.29,11.8,10.55,10.41,8.94,12.03,16.05
12.92,11.59,10.29,11.8,10.55,10.41,8.94,12.03,16.05,11.65
11.59,10.29,11.8,10.55,10.41,8.94,12.03,16.05,11.65,10.66
10.29,11.8,10.55,10.41,8.94,12.03,16.05,11.65,10.66,9.06
11.8,10.55,10.41,8.94,12.03,16.05,11.65,10.66,9.06,9.38
10.55,10.41,8.94,12.03,16.05,11.65,10.66,9.06,9.38,15.05
10.41,8.94,12.03,16.05,11.65,10.66,9.06,9.38,15.05,13.37
8.94,12.03,16.05,11.65,10.66,9.06,9.38,15.05,13.37,13.33
12.03,16.05,11.65,10.66,9.06,9.38,15.05,13.37,13.33,11.68
16.05,11.65,10.66,9.06,9.38,15.05,13.37,13.33,11.68,10.69
11.65,10.66,9.06,9.38,15.05,13.37,13.33,11.68,10.69,10.05
10.66,9.06,9.38,15.05,13.37,13.33,11.68,10.69,10.05,11.91
9.06,9.38,15.05,13.37,13.33,11.68,10.69,10.05,11.91,9.08
9.38,15.05,13.37,13.33,11.68,10.69,10.05,11.91,9.08,9.4
15.05,13.37,13.33,11.68,10.69,10.05,11.91,9.08,9.4,10.7
13.37,13.33,11.68,10.69,10.05,11.91,9.08,9.4,10.7,10.97
13.33,11.68,10.69,10.05,11.91,9.08,9.4,10.7,10.97,12.2
11.68,10.69,10.05,11.91,9.08,9.4,10.7,10.97,12.2,9.72
10.69,10.05,11.91,9.08,9.4,10.7,10.97,12.2,9.72,11.01
10.05,11.91,9.08,9.4,10.7,10.97,12.2,9.72,11.01,12.25
11.91,9.08,9.4,10.7,10.97,12.2,9.72,11.01,12.25,17.61
9.08,9.4,10.7,10.97,12.2,9.72,11.01,12.25,17.61,18.99
9.4,10.7,10.97,12.2,9.72,11.01,12.25,17.61,18.99,15.16
10.7,10.97,12.2,9.72,11.01,12.25,17.61,18.99,15.16,15.25
10.97,12.2,9.72,11.01,12.25,17.61,18.99,15.16,15.25,17.95
12.2,9.72,11.01,12.25,17.61,18.99,15.16,15.25,17.95,16.78
9.72,11.01,12.25,17.61,18.99,15.16,15.25,17.95,16.78,16.71
11.01,12.25,17.61,18.99,15.16,15.25,17.95,16.78,16.71,17.98
12.25,17.61,18.99,15.16,15.25,17.95,16.78,16.71,17.98,19.5
17.61,18.99,15.16,15.25,17.95,16.78,16.71,17.98,19.5,26.21
18.99,15.16,15.25,17.95,16.78,16.71,17.98,19.5,26.21,33.3
15.16,15.25,17.95,16.78,16.71,17.98,19.5,26.21,33.3,27.94
15.25,17.95,16.78,16.71,17.98,19.5,26.21,33.3,27.94,29.21
17.95,16.78,16.71,17.98,19.5,26.21,33.3,27.94,29.21,27.98
16.78,16.71,17.98,19.5,26.21,33.3,27.94,29.21,27.98,23.36
16.71,17.98,19.5,26.21,33.3,27.94,29.21,27.98,23.36,22.32
17.98,19.5,26.21,33.3,27.94,29.21,27.98,23.36,22.32,22.36
19.5,26.21,33.3,27.94,29.21,27.98,23.36,22.32,22.36,19.7
26.21,33.3,27.94,29.21,27.98,23.36,22.32,22.36,19.7,20.27
33.3,27.94,29.21,27.98,23.36,22.32,22.36,19.7,20.27,18.91
27.94,29.21,27.98,23.36,22.32,22.36,19.7,20.27,18.91,17.87
29.21,27.98,23.36,22.32,22.36,19.7,20.27,18.91,17.87,19.05
27.98,23.36,22.32,22.36,19.7,20.27,18.91,17.87,19.05,16.19
23.36,22.32,22.36,19.7,20.27,18.91,17.87,19.05,16.19,14.98
22.32,22.36,19.7,20.27,18.91,17.87,19.05,16.19,14.98,15.96
22.36,19.7,20.27,18.91,17.87,19.05,16.19,14.98,15.96,15.61
19.7,20.27,18.91,17.87,19.05,16.19,14.98,15.96,15.61,19.81
20.27,18.91,17.87,19.05,16.19,14.98,15.96,15.61,19.81,18.33
18.91,17.87,19.05,16.19,14.98,15.96,15.61,19.81,18.33,19.65
17.87,19.05,16.19,14.98,15.96,15.61,19.81,18.33,19.65,20.01
19.05,16.19,14.98,15.96,15.61,19.81,18.33,19.65,20.01,20
16.19,14.98,15.96,15.61,19.81,18.33,19.65,20.01,20,26.6
14.98,15.96,15.61,19.81,18.33,19.65,20.01,20,26.6,38.02
15.96,15.61,19.81,18.33,19.65,20.01,20,26.6,38.02,35.06
15.61,19.81,18.33,19.65,20.01,20,26.6,38.02,35.06,26.79
19.81,18.33,19.65,20.01,20,26.6,38.02,35.06,26.79,25.2
18.33,19.65,20.01,20,26.6,38.02,35.06,26.79,25.2,26.1
19.65,20.01,20,26.6,38.02,35.06,26.79,25.2,26.1,25.85
20.01,20,26.6,38.02,35.06,26.79,25.2,26.1,25.85,27.58
20,26.6,38.02,35.06,26.79,25.2,26.1,25.85,27.58,27.36
26.6,38.02,35.06,26.79,25.2,26.1,25.85,27.58,27.36,28.96
38.02,35.06,26.79,25.2,26.1,25.85,27.58,27.36,28.96,26.18
35.06,26.79,25.2,26.1,25.85,27.58,27.36,28.96,26.18,25.01
26.79,25.2,26.1,25.85,27.58,27.36,28.96,26.18,25.01,20.92
25.2,26.1,25.85,27.58,27.36,28.96,26.18,25.01,20.92,21.08
26.1,25.85,27.58,27.36,28.96,26.18,25.01,20.92,21.08,19.64
25.85,27.58,27.36,28.96,26.18,25.01,20.92,21.08,19.64,19.65
27.58,27.36,28.96,26.18,25.01,20.92,21.08,19.64,19.65,18.38
27.36,28.96,26.18,25.01,20.92,21.08,19.64,19.65,18.38,18.63
28.96,26.18,25.01,20.92,21.08,19.64,19.65,18.38,18.63,17.17
26.18,25.01,20.92,21.08,19.64,19.65,18.38,18.63,17.17,17.36
25.01,20.92,21.08,19.64,19.65,18.38,18.63,17.17,17.36,16.83
20.92,21.08,19.64,19.65,18.38,18.63,17.17,17.36,16.83,16.609
21.08,19.64,19.65,18.38,18.63,17.17,17.36,16.83,16.609,19.031
19.64,19.65,18.38,18.63,17.17,17.36,16.83,16.609,19.031,19.87
19.65,18.38,18.63,17.17,17.36,16.83,16.609,19.031,19.87,20.644
18.38,18.63,17.17,17.36,16.83,16.609,19.031,19.87,20.644,25.124
18.63,17.17,17.36,16.83,16.609,19.031,19.87,20.644,25.124,27.974
17.17,17.36,16.83,16.609,19.031,19.87,20.644,25.124,27.974,33.525
17.36,16.83,16.609,19.031,19.87,20.644,25.124,27.974,33.525,35.053
16.83,16.609,19.031,19.87,20.644,25.124,27.974,33.525,35.053,29.36
16.609,19.031,19.87,20.644,25.124,27.974,33.525,35.053,29.36,31.109
19.031,19.87,20.644,25.124,27.974,33.525,35.053,29.36,31.109,33.118
19.87,20.644,25.124,27.974,33.525,35.053,29.36,31.109,33.118,32.737
20.644,25.124,27.974,33.525,35.053,29.36,31.109,33.118,32.737,31.676
25.124,27.974,33.525,35.053,29.36,31.109,33.118,32.737,31.676,27.139
27.974,33.525,35.053,29.36,31.109,33.118,32.737,31.676,27.139,26.216
33.525,35.053,29.36,31.109,33.118,32.737,31.676,27.139,26.216,25.521
35.053,29.36,31.109,33.118,32.737,31.676,27.139,26.216,25.521,24.36
29.36,31.109,33.118,32.737,31.676,27.139,26.216,25.521,24.36,22.682
31.109,33.118,32.737,31.676,27.139,26.216,25.521,24.36,22.682,22.542
33.118,32.737,31.676,27.139,26.216,25.521,24.36,22.682,22.542,26.285
32.737,31.676,27.139,26.216,25.521,24.36,22.682,22.542,26.285,26.23
31.676,27.139,26.216,25.521,24.36,22.682,22.542,26.285,26.23,23.646
27.139,26.216,25.521,24.36,22.682,22.542,26.285,26.23,23.646,23.579
26.216,25.521,24.36,22.682,22.542,26.285,26.23,23.646,23.579,20.798
25.521,24.36,22.682,22.542,26.285,26.23,23.646,23.579,20.798,19.371
24.36,22.682,22.542,26.285,26.23,23.646,23.579,20.798,19.371,19.579
22.682,22.542,26.285,26.23,23.646,23.579,20.798,19.371,19.579,18.106
22.542,26.285,26.23,23.646,23.579,20.798,19.371,19.579,18.106,17.91
26.285,26.23,23.646,23.579,20.798,19.371,19.579,18.106,17.91,20.574
26.23,23.646,23.579,20.798,19.371,19.579,18.106,17.91,20.574,20.536
23.646,23.579,20.798,19.371,19.579,18.106,17.91,20.574,20.536,20.425
23.579,20.798,19.371,19.579,18.106,17.91,20.574,20.536,20.425,20.306
20.798,19.371,19.579,18.106,17.91,20.574,20.536,20.425,20.306,20.897
19.371,19.579,18.106,17.91,20.574,20.536,20.425,20.306,20.897,20.497
19.579,18.106,17.91,20.574,20.536,20.425,20.306,20.897,20.497,19.582
18.106,17.91,20.574,20.536,20.425,20.306,20.897,20.497,19.582,19.309
17.91,20.574,20.536,20.425,20.306,20.897,20.497,19.582,19.309,20
20.574,20.536,20.425,20.306,20.897,20.497,19.582,19.309,20,18.401
20.536,20.425,20.306,20.897,20.497,19.582,19.309,20,18.401,34.609
20.425,20.306,20.897,20.497,19.582,19.309,20,18.401,34.609,55.259
20.306,20.897,20.497,19.582,19.309,20,18.401,34.609,55.259,49.889
20.897,20.497,19.582,19.309,20,18.401,34.609,55.259,49.889,46.814
20.497,19.582,19.309,20,18.401,34.609,55.259,49.889,46.814,40.841
19.582,19.309,20,18.401,34.609,55.259,49.889,46.814,40.841,36.365
19.309,20,18.401,34.609,55.259,49.889,46.814,40.841,36.365,36.049
20,18.401,34.609,55.259,49.889,46.814,40.841,36.365,36.049,34.851
18.401,34.609,55.259,49.889,46.814,40.841,36.365,36.049,34.851,32.017
34.609,55.259,49.889,46.814,40.841,36.365,36.049,34.851,32.017,31.021
55.259,49.889,46.814,40.841,36.365,36.049,34.851,32.017,31.021,30.286
49.889,46.814,40.841,36.365,36.049,34.851,32.017,31.021,30.286,26.006
46.814,40.841,36.365,36.049,34.851,32.017,31.021,30.286,26.006,24.761
40.841,36.365,36.049,34.851,32.017,31.021,30.286,26.006,24.761,23.318
36.365,36.049,34.851,32.017,31.021,30.286,26.006,24.761,23.318,27.723
36.049,34.851,32.017,31.021,30.286,26.006,24.761,23.318,27.723,30.315
34.851,32.017,31.021,30.286,26.006,24.761,23.318,27.723,30.315,27.721
32.017,31.021,30.286,26.006,24.761,23.318,27.723,30.315,27.721,27.516
31.021,30.286,26.006,24.761,23.318,27.723,30.315,27.721,27.516,26.334
30.286,26.006,24.761,23.318,27.723,30.315,27.721,27.516,26.334,26.267
26.006,24.761,23.318,27.723,30.315,27.721,27.516,26.334,26.267,25.009
24.761,23.318,27.723,30.315,27.721,27.516,26.334,26.267,25.009,24.81
23.318,27.723,30.315,27.721,27.516,26.334,26.267,25.009,24.81,24.849
27.723,30.315,27.721,27.516,26.334,26.267,25.009,24.81,24.849,23.57
30.315,27.721,27.516,26.334,26.267,25.009,24.81,24.849,23.57,23.663
27.721,27.516,26.334,26.267,25.009,24.81,24.849,23.57,23.663,20.092
27.516,26.334,26.267,25.009,24.81,24.849,23.57,23.663,20.092,20.693
26.334,26.267,25.009,24.81,24.849,23.57,23.663,20.092,20.693,20.997
26.267,25.009,24.81,24.849,23.57,23.663,20.092,20.693,20.997,21.281
25.009,24.81,24.849,23.57,23.663,20.092,20.693,20.997,21.281,19.98
24.81,24.849,23.57,23.663,20.092,20.693,20.997,21.281,19.98,20.334
24.849,23.57,23.663,20.092,20.693,20.997,21.281,19.98,20.334,22.871
23.57,23.663,20.092,20.693,20.997,21.281,19.98,20.334,22.871,22.984
23.663,20.092,20.693,20.997,21.281,19.98,20.334,22.871,22.984,20.773
20.092,20.693,20.997,21.281,19.98,20.334,22.871,22.984,20.773,20.868
20.693,20.997,21.281,19.98,20.334,22.871,22.984,20.773,20.868,19.583
20.997,21.281,19.98,20.334,22.871,22.984,20.773,20.868,19.583,22.345
21.281,19.98,20.334,22.871,22.984,20.773,20.868,19.583,22.345,24.892
19.98,20.334,22.871,22.984,20.773,20.868,19.583,22.345,24.892,24.134
20.334,22.871,22.984,20.773,20.868,19.583,22.345,24.892,24.134,26.083
22.871,22.984,20.773,20.868,19.583,22.345,24.892,24.134,26.083,25.199
22.984,20.773,20.868,19.583,22.345,24.892,24.134,26.083,25.199,26.451
20.773,20.868,19.583,22.345,24.892,24.134,26.083,25.199,26.451,26.45
20.868,19.583,22.345,24.892,24.134,26.083,25.199,26.451,26.45,25.028
19.583,22.345,24.892,24.134,26.083,25.199,26.451,26.45,25.028,23.869
22.345,24.892,24.134,26.083,25.199,26.451,26.45,25.028,23.869,21.186
24.892,24.134,26.083,25.199,26.451,26.45,25.028,23.869,21.186,22.479
24.134,26.083,25.199,26.451,26.45,25.028,23.869,21.186,22.479,20.146
26.083,25.199,26.451,26.45,25.028,23.869,21.186,22.479,20.146,18.876
25.199,26.451,26.45,25.028,23.869,21.186,22.479,20.146,18.876,18.648
26.451,26.45,25.028,23.869,21.186,22.479,20.146,18.876,18.648,21.444
26.45,25.028,23.869,21.186,22.479,20.146,18.876,18.648,21.444,19.156
25.028,23.869,21.186,22.479,20.146,18.876,18.648,21.444,19.156,18.854
23.869,21.186,22.479,20.146,18.876,18.648,21.444,19.156,18.854,20.18
21.186,22.479,20.146,18.876,18.648,21.444,19.156,18.854,20.18,17.83
22.479,20.146,18.876,18.648,21.444,19.156,18.854,20.18,17.83,19.124
20.146,18.876,18.648,21.444,19.156,18.854,20.18,17.83,19.124,17.779
18.876,18.648,21.444,19.156,18.854,20.18,17.83,19.124,17.779,16.727
18.648,21.444,19.156,18.854,20.18,17.83,19.124,17.779,16.727,16.731
21.444,19.156,18.854,20.18,17.83,19.124,17.779,16.727,16.731,15.416
19.156,18.854,20.18,17.83,19.124,17.779,16.727,16.731,15.416,14.942
18.854,20.18,17.83,19.124,17.779,16.727,16.731,15.416,14.942,17.941
20.18,17.83,19.124,17.779,16.727,16.731,15.416,14.942,17.941,20.51
17.83,19.124,17.779,16.727,16.731,15.416,14.942,17.941,20.51,20.809
19.124,17.779,16.727,16.731,15.416,14.942,17.941,20.51,20.809,19.409
17.779,16.727,16.731,15.416,14.942,17.941,20.51,20.809,19.409,18.914
16.727,16.731,15.416,14.942,17.941,20.51,20.809,19.409,18.914,18.816
16.731,15.416,14.942,17.941,20.51,20.809,19.409,18.914,18.816,18.72
15.416,14.942,17.941,20.51,20.809,19.409,18.914,18.816,18.72,18.64
14.942,17.941,20.51,20.809,19.409,18.914,18.816,18.72,18.64,18.693
17.941,20.51,20.809,19.409,18.914,18.816,18.72,18.64,18.693,18.121
20.51,20.809,19.409,18.914,18.816,18.72,18.64,18.693,18.121,18.799
20.809,19.409,18.914,18.816,18.72,18.64,18.693,18.121,18.799,19.131
19.409,18.914,18.816,18.72,18.64,18.693,18.121,18.799,19.131,17.805
18.914,18.816,18.72,18.64,18.693,18.121,18.799,19.131,17.805,19.223
18.816,18.72,18.64,18.693,18.121,18.799,19.131,17.805,19.223,18.11
18.72,18.64,18.693,18.121,18.799,19.131,17.805,19.223,18.11,17.924
18.64,18.693,18.121,18.799,19.131,17.805,19.223,18.11,17.924,17.818
18.693,18.121,18.799,19.131,17.805,19.223,18.11,17.924,17.818,15.387
18.121,18.799,19.131,17.805,19.223,18.11,17.924,17.818,15.387,16.6
18.799,19.131,17.805,19.223,18.11,17.924,17.818,15.387,16.6,14.983
19.131,17.805,19.223,18.11,17.924,17.818,15.387,16.6,14.983,16.416
17.805,19.223,18.11,17.924,17.818,15.387,16.6,14.983,16.416,14.995
19.223,18.11,17.924,17.818,15.387,16.6,14.983,16.416,14.995,15.229
18.11,17.924,17.818,15.387,16.6,14.983,16.416,14.995,15.229,14.194
17.924,17.818,15.387,16.6,14.983,16.416,14.995,15.229,14.194,12.856
17.818,15.387,16.6,14.983,16.416,14.995,15.229,14.194,12.856,14.061
15.387,16.6,14.983,16.416,14.995,15.229,14.194,12.856,14.061,12.883
16.6,14.983,16.416,14.995,15.229,14.194,12.856,14.061,12.883,12.93
14.983,16.416,14.995,15.229,14.194,12.856,14.061,12.883,12.93,11.717
16.416,14.995,15.229,14.194,12.856,14.061,12.883,12.93,11.717,12.932
14.995,15.229,14.194,12.856,14.061,12.883,12.93,11.717,12.932,11.833
15.229,14.194,12.856,14.061,12.883,12.93,11.717,12.932,11.833,11.974
14.194,12.856,14.061,12.883,12.93,11.717,12.932,11.833,11.974,10.903
12.856,14.061,12.883,12.93,11.717,12.932,11.833,11.974,10.903,10.957
14.061,12.883,12.93,11.717,12.932,11.833,11.974,10.903,10.957,10.743
12.883,12.93,11.717,12.932,11.833,11.974,10.903,10.957,10.743,10.963
12.93,11.717,12.932,11.833,11.974,10.903,10.957,10.743,10.963,13.076
11.717,12.932,11.833,11.974,10.903,10.957,10.743,10.963,13.076,13.012
12.932,11.833,11.974,10.903,10.957,10.743,10.963,13.076,13.012,13.718
11.833,11.974,10.903,10.957,10.743,10.963,13.076,13.012,13.718,16.578
11.974,10.903,10.957,10.743,10.963,13.076,13.012,13.718,16.578,15.042
10.903,10.957,10.743,10.963,13.076,13.012,13.718,16.578,15.042,13.56
10.957,10.743,10.963,13.076,13.012,13.718,16.578,15.042,13.56,12.306
10.743,10.963,13.076,13.012,13.718,16.578,15.042,13.56,12.306,12.386
10.963,13.076,13.012,13.718,16.578,15.042,13.56,12.306,12.386,13.821
13.076,13.012,13.718,16.578,15.042,13.56,12.306,12.386,13.821,13.826
13.012,13.718,16.578,15.042,13.56,12.306,12.386,13.821,13.826,11.604
13.718,16.578,15.042,13.56,12.306,12.386,13.821,13.826,11.604,13.235
16.578,15.042,13.56,12.306,12.386,13.821,13.826,11.604,13.235,11.633
15.042,13.56,12.306,12.386,13.821,13.826,11.604,13.235,11.633,13.039
13.56,12.306,12.386,13.821,13.826,11.604,13.235,11.633,13.039,11.835
12.306,12.386,13.821,13.826,11.604,13.235,11.633,13.039,11.835,11.621
12.386,13.821,13.826,11.604,13.235,11.633,13.039,11.835,11.621,11.869
13.821,13.826,11.604,13.235,11.633,13.039,11.835,11.621,11.869,11.628
13.826,11.604,13.235,11.633,13.039,11.835,11.621,11.869,11.628,10.419
11.604,13.235,11.633,13.039,11.835,11.621,11.869,11.628,10.419,10.45
13.235,11.633,13.039,11.835,11.621,11.869,11.628,10.419,10.45,10.444
11.633,13.039,11.835,11.621,11.869,11.628,10.419,10.45,10.444,10.483
13.039,11.835,11.621,11.869,11.628,10.419,10.45,10.444,10.483,9.245
11.835,11.621,11.869,11.628,10.419,10.45,10.444,10.483,9.245,9.111
11.621,11.869,11.628,10.419,10.45,10.444,10.483,9.245,9.111,8.481
11.869,11.628,10.419,10.45,10.444,10.483,9.245,9.111,8.481,10.495
11.628,10.419,10.45,10.444,10.483,9.245,9.111,8.481,10.495,10.58
10.419,10.45,10.444,10.483,9.245,9.111,8.481,10.495,10.58,10.599
10.45,10.444,10.483,9.245,9.111,8.481,10.495,10.58,10.599,10.585
10.444,10.483,9.245,9.111,8.481,10.495,10.58,10.599,10.585,10.607
10.483,9.245,9.111,8.481,10.495,10.58,10.599,10.585,10.607,11.899
9.245,9.111,8.481,10.495,10.58,10.599,10.585,10.607,11.899,10.539
9.111,8.481,10.495,10.58,10.599,10.585,10.607,11.899,10.539,10.542
8.481,10.495,10.58,10.599,10.585,10.607,11.899,10.539,10.542,12.013
10.495,10.58,10.599,10.585,10.607,11.899,10.539,10.542,12.013,13.106
10.58,10.599,10.585,10.607,11.899,10.539,10.542,12.013,13.106,11.684
10.599,10.585,10.607,11.899,10.539,10.542,12.013,13.106,11.684,10.467
10.585,10.607,11.899,10.539,10.542,12.013,13.106,11.684,10.467,10.442
10.607,11.899,10.539,10.542,12.013,13.106,11.684,10.467,10.442,10.464
11.899,10.539,10.542,12.013,13.106,11.684,10.467,10.442,10.464,10.477
10.539,10.542,12.013,13.106,11.684,10.467,10.442,10.464,10.477,9.278
10.542,12.013,13.106,11.684,10.467,10.442,10.464,10.477,9.278,9.081
12.013,13.106,11.684,10.467,10.442,10.464,10.477,9.278,9.081,11.945
13.106,11.684,10.467,10.442,10.464,10.477,9.278,9.081,11.945,14.638
11.684,10.467,10.442,10.464,10.477,9.278,9.081,11.945,14.638,13.252
10.467,10.442,10.464,10.477,9.278,9.081,11.945,14.638,13.252,11.828
10.442,10.464,10.477,9.278,9.081,11.945,14.638,13.252,11.828,10.493
10.464,10.477,9.278,9.081,11.945,14.638,13.252,11.828,10.493,13.346
10.477,9.278,9.081,11.945,14.638,13.252,11.828,10.493,13.346,12.111
9.278,9.081,11.945,14.638,13.252,11.828,10.493,13.346,12.111,11.951
9.081,11.945,14.638,13.252,11.828,10.493,13.346,12.111,11.951,10.824
11.945,14.638,13.252,11.828,10.493,13.346,12.111,11.951,10.824,10.76
14.638,13.252,11.828,10.493,13.346,12.111,11.951,10.824,10.76,9.43
13.252,11.828,10.493,13.346,12.111,11.951,10.824,10.76,9.43,10.66
11.828,10.493,13.346,12.111,11.951,10.824,10.76,9.43,10.66,10.652
10.493,13.346,12.111,11.951,10.824,10.76,9.43,10.66,10.652,10.708
13.346,12.111,11.951,10.824,10.76,9.43,10.66,10.652,10.708,11.959
12.111,11.951,10.824,10.76,9.43,10.66,10.652,10.708,11.959,10.752
11.951,10.824,10.76,9.43,10.66,10.652,10.708,11.959,10.752,10.332
10.824,10.76,9.43,10.66,10.652,10.708,11.959,10.752,10.332,10.283
10.76,9.43,10.66,10.652,10.708,11.959,10.752,10.332,10.283,10.233
9.43,10.66,10.652,10.708,11.959,10.752,10.332,10.283,10.233,8.935
10.66,10.652,10.708,11.959,10.752,10.332,10.283,10.233,8.935,10.139
10.652,10.708,11.959,10.752,10.332,10.283,10.233,8.935,10.139,12.878
10.708,11.959,10.752,10.332,10.283,10.233,8.935,10.139,12.878,18.034
11.959,10.752,10.332,10.283,10.233,8.935,10.139,12.878,18.034,12.624
10.752,10.332,10.283,10.233,8.935,10.139,12.878,18.034,12.624,11.421
10.332,10.283,10.233,8.935,10.139,12.878,18.034,12.624,11.421,9.648
10.283,10.233,8.935,10.139,12.878,18.034,12.624,11.421,9.648,10.027
10.233,8.935,10.139,12.878,18.034,12.624,11.421,9.648,10.027,11.517
8.935,10.139,12.878,18.034,12.624,11.421,9.648,10.027,11.517,19.913
10.139,12.878,18.034,12.624,11.421,9.648,10.027,11.517,19.913,15.076
12.878,18.034,12.624,11.421,9.648,10.027,11.517,19.913,15.076,34.309
18.034,12.624,11.421,9.648,10.027,11.517,19.913,15.076,34.309,42.291
12.624,11.421,9.648,10.027,11.517,19.913,15.076,34.309,42.291,41.186
11.421,9.648,10.027,11.517,19.913,15.076,34.309,42.291,41.186,32.412
9.648,10.027,11.517,19.913,15.076,34.309,42.291,41.186,32.412,29.557
10.027,11.517,19.913,15.076,34.309,42.291,41.186,32.412,29.557,23.763
11.517,19.913,15.076,34.309,42.291,41.186,32.412,29.557,23.763,19.598
19.913,15.076,34.309,42.291,41.186,32.412,29.557,23.763,19.598,18.129
15.076,34.309,42.291,41.186,32.412,29.557,23.763,19.598,18.129,16.902
34.309,42.291,41.186,32.412,29.557,23.763,19.598,18.129,16.902,14.044
42.291,41.186,32.412,29.557,23.763,19.598,18.129,16.902,14.044,13.008
41.186,32.412,29.557,23.763,19.598,18.129,16.902,14.044,13.008,14.051
32.412,29.557,23.763,19.598,18.129,16.902,14.044,13.008,14.051,11.514
29.557,23.763,19.598,18.129,16.902,14.044,13.008,14.051,11.514,11.286
23.763,19.598,18.129,16.902,14.044,13.008,14.051,11.514,11.286,10.051
19.598,18.129,16.902,14.044,13.008,14.051,11.514,11.286,10.051,10.054
18.129,16.902,14.044,13.008,14.051,11.514,11.286,10.051,10.054,10.085
16.902,14.044,13.008,14.051,11.514,11.286,10.051,10.054,10.085,8.912
14.044,13.008,14.051,11.514,11.286,10.051,10.054,10.085,8.912,8.709
13.008,14.051,11.514,11.286,10.051,10.054,10.085,8.912,8.709,8.949
14.051,11.514,11.286,10.051,10.054,10.085,8.912,8.709,8.949,8.692
11.514,11.286,10.051,10.054,10.085,8.912,8.709,8.949,8.692,8.891
11.286,10.051,10.054,10.085,8.912,8.709,8.949,8.692,8.891,8.682
10.051,10.054,10.085,8.912,8.709,8.949,8.692,8.891,8.682,7.548
10.054,10.085,8.912,8.709,8.949,8.692,8.891,8.682,7.548,7.492
10.085,8.912,8.709,8.949,8.692,8.891,8.682,7.548,7.492,8.731
8.912,8.709,8.949,8.692,8.891,8.682,7.548,7.492,8.731,7.512
8.709,8.949,8.692,8.891,8.682,7.548,7.492,8.731,7.512,8.993
8.949,8.692,8.891,8.682,7.548,7.492,8.731,7.512,8.993,7.357
8.692,8.891,8.682,7.548,7.492,8.731,7.512,8.993,7.357,10.28
8.891,8.682,7.548,7.492,8.731,7.512,8.993,7.357,10.28,7.57
8.682,7.548,7.492,8.731,7.512,8.993,7.357,10.28,7.57,7.574
7.548,7.492,8.731,7.512,8.993,7.357,10.28,7.57,7.574,7.616
7.492,8.731,7.512,8.993,7.357,10.28,7.57,7.574,7.616,7.661
8.731,7.512,8.993,7.357,10.28,7.57,7.574,7.616,7.661,8.924
7.512,8.993,7.357,10.28,7.57,7.574,7.616,7.661,8.924,9.173
8.993,7.357,10.28,7.57,7.574,7.616,7.661,8.924,9.173,7.697
7.357,10.28,7.57,7.574,7.616,7.661,8.924,9.173,7.697,7.747
10.28,7.57,7.574,7.616,7.661,8.924,9.173,7.697,7.747,4.857
7.57,7.574,7.616,7.661,8.924,9.173,7.697,7.747,4.857,9.246
7.574,7.616,7.661,8.924,9.173,7.697,7.747,4.857,9.246,6.407
7.616,7.661,8.924,9.173,7.697,7.747,4.857,9.246,6.407,6.334
7.661,8.924,9.173,7.697,7.747,4.857,9.246,6.407,6.334,11.568
8.924,9.173,7.697,7.747,4.857,9.246,6.407,6.334,11.568,15.696
9.173,7.697,7.747,4.857,9.246,6.407,6.334,11.568,15.696,22.597
7.697,7.747,4.857,9.246,6.407,6.334,11.568,15.696,22.597,18.637
7.747,4.857,9.246,6.407,6.334,11.568,15.696,22.597,18.637,19.74
4.857,9.246,6.407,6.334,11.568,15.696,22.597,18.637,19.74,15.672
9.246,6.407,6.334,11.568,15.696,22.597,18.637,19.74,15.672,16.096
6.407,6.334,11.568,15.696,22.597,18.637,19.74,15.672,16.096,13.418
6.334,11.568,15.696,22.597,18.637,19.74,15.672,16.096,13.418,10.718
11.568,15.696,22.597,18.637,19.74,15.672,16.096,13.418,10.718,10.69
15.696,22.597,18.637,19.74,15.672,16.096,13.418,10.718,10.69,9.458
22.597,18.637,19.74,15.672,16.096,13.418,10.718,10.69,9.458,7.821
18.637,19.74,15.672,16.096,13.418,10.718,10.69,9.458,7.821,8.045
19.74,15.672,16.096,13.418,10.718,10.69,9.458,7.821,8.045,12.339
15.672,16.096,13.418,10.718,10.69,9.458,7.821,8.045,12.339,14.283
16.096,13.418,10.718,10.69,9.458,7.821,8.045,12.339,14.283,10.317
13.418,10.718,10.69,9.458,7.821,8.045,12.339,14.283,10.317,8.989
10.718,10.69,9.458,7.821,8.045,12.339,14.283,10.317,8.989,9.321
10.69,9.458,7.821,8.045,12.339,14.283,10.317,8.989,9.321,9.171
9.458,7.821,8.045,12.339,14.283,10.317,8.989,9.321,9.171,9.399
7.821,8.045,12.339,14.283,10.317,8.989,9.321,9.171,9.399,12.021
8.045,12.339,14.283,10.317,8.989,9.321,9.171,9.399,12.021,10.733
12.339,14.283,10.317,8.989,9.321,9.171,9.399,12.021,10.733,19.114
14.283,10.317,8.989,9.321,9.171,9.399,12.021,10.733,19.114,17.476
10.317,8.989,9.321,9.171,9.399,12.021,10.733,19.114,17.476,15.001
8.989,9.321,9.171,9.399,12.021,10.733,19.114,17.476,15.001,16.323
9.321,9.171,9.399,12.021,10.733,19.114,17.476,15.001,16.323,12.375
9.171,9.399,12.021,10.733,19.114,17.476,15.001,16.323,12.375,15.127
9.399,12.021,10.733,19.114,17.476,15.001,16.323,12.375,15.127,14.867
12.021,10.733,19.114,17.476,15.001,16.323,12.375,15.127,14.867,16.196
10.733,19.114,17.476,15.001,16.323,12.375,15.127,14.867,16.196,16.398
19.114,17.476,15.001,16.323,12.375,15.127,14.867,16.196,16.398,13.197
17.476,15.001,16.323,12.375,15.127,14.867,16.196,16.398,13.197,13.313
15.001,16.323,12.375,15.127,14.867,16.196,16.398,13.197,13.313,10.613
16.323,12.375,15.127,14.867,16.196,16.398,13.197,13.313,10.613,9.222
12.375,15.127,14.867,16.196,16.398,13.197,13.313,10.613,9.222,9.454
15.127,14.867,16.196,16.398,13.197,13.313,10.613,9.222,9.454,9.328
14.867,16.196,16.398,13.197,13.313,10.613,9.222,9.454,9.328,9.482
16.196,16.398,13.197,13.313,10.613,9.222,9.454,9.328,9.482,8.339
16.398,13.197,13.313,10.613,9.222,9.454,9.328,9.482,8.339,8.457
13.197,13.313,10.613,9.222,9.454,9.328,9.482,8.339,8.457,10.156
13.313,10.613,9.222,9.454,9.328,9.482,8.339,8.457,10.156,9.745
10.613,9.222,9.454,9.328,9.482,8.339,8.457,10.156,9.745,8.72
9.222,9.454,9.328,9.482,8.339,8.457,10.156,9.745,8.72,6.802
9.454,9.328,9.482,8.339,8.457,10.156,9.745,8.72,6.802,6.415
9.328,9.482,8.339,8.457,10.156,9.745,8.72,6.802,6.415,6.126
9.482,8.339,8.457,10.156,9.745,8.72,6.802,6.415,6.126,6.233
8.339,8.457,10.156,9.745,8.72,6.802,6.415,6.126,6.233,7.314
8.457,10.156,9.745,8.72,6.802,6.415,6.126,6.233,7.314,6.22
10.156,9.745,8.72,6.802,6.415,6.126,6.233,7.314,6.22,8.807
9.745,8.72,6.802,6.415,6.126,6.233,7.314,6.22,8.807,11.652
8.72,6.802,6.415,6.126,6.233,7.314,6.22,8.807,11.652,12.885
6.802,6.415,6.126,6.233,7.314,6.22,8.807,11.652,12.885,11.429
6.415,6.126,6.233,7.314,6.22,8.807,11.652,12.885,11.429,10.166
6.126,6.233,7.314,6.22,8.807,11.652,12.885,11.429,10.166,10.217
6.233,7.314,6.22,8.807,11.652,12.885,11.429,10.166,10.217,19.763
7.314,6.22,8.807,11.652,12.885,11.429,10.166,10.217,19.763,14.099
6.22,8.807,11.652,12.885,11.429,10.166,10.217,19.763,14.099,12.916
8.807,11.652,12.885,11.429,10.166,10.217,19.763,14.099,12.916,9.86
11.652,12.885,11.429,10.166,10.217,19.763,14.099,12.916,9.86,9.806
12.885,11.429,10.166,10.217,19.763,14.099,12.916,9.86,9.806,12.782
11.429,10.166,10.217,19.763,14.099,12.916,9.86,9.806,12.782,12.896
10.166,10.217,19.763,14.099,12.916,9.86,9.806,12.782,12.896,20.366
10.217,19.763,14.099,12.916,9.86,9.806,12.782,12.896,20.366,13.906
19.763,14.099,12.916,9.86,9.806,12.782,12.896,20.366,13.906,12.613
14.099,12.916,9.86,9.806,12.782,12.896,20.366,13.906,12.613,13.029
12.916,9.86,9.806,12.782,12.896,20.366,13.906,12.613,13.029,32.855
9.86,9.806,12.782,12.896,20.366,13.906,12.613,13.029,32.855,44.595
9.806,12.782,12.896,20.366,13.906,12.613,13.029,32.855,44.595,29.55
12.782,12.896,20.366,13.906,12.613,13.029,32.855,44.595,29.55,24.913
12.896,20.366,13.906,12.613,13.029,32.855,44.595,29.55,24.913,22.393
20.366,13.906,12.613,13.029,32.855,44.595,29.55,24.913,22.393,20.836
13.906,12.613,13.029,32.855,44.595,29.55,24.913,22.393,20.836,18.026
12.613,13.029,32.855,44.595,29.55,24.913,22.393,20.836,18.026,23.971
13.029,32.855,44.595,29.55,24.913,22.393,20.836,18.026,23.971,24.788
32.855,44.595,29.55,24.913,22.393,20.836,18.026,23.971,24.788,26.006
44.595,29.55,24.913,22.393,20.836,18.026,23.971,24.788,26.006,27.395
29.55,24.913,22.393,20.836,18.026,23.971,24.788,26.006,27.395,30.081
24.913,22.393,20.836,18.026,23.971,24.788,26.006,27.395,30.081,27.703
22.393,20.836,18.026,23.971,24.788,26.006,27.395,30.081,27.703,23.329
20.836,18.026,23.971,24.788,26.006,27.395,30.081,27.703,23.329,23.158
18.026,23.971,24.788,26.006,27.395,30.081,27.703,23.329,23.158,21.766
23.971,24.788,26.006,27.395,30.081,27.703,23.329,23.158,21.766,20.239
24.788,26.006,27.395,30.081,27.703,23.329,23.158,21.766,20.239,20.073
26.006,27.395,30.081,27.703,23.329,23.158,21.766,20.239,20.073,19.952
27.395,30.081,27.703,23.329,23.158,21.766,20.239,20.073,19.952,19.862
30.081,27.703,23.329,23.158,21.766,20.239,20.073,19.952,19.862,18.536
27.703,23.329,23.158,21.766,20.239,20.073,19.952,19.862,18.536,17.571
23.329,23.158,21.766,20.239,20.073,19.952,19.862,18.536,17.571,16.846
23.158,21.766,20.239,20.073,19.952,19.862,18.536,17.571,16.846,16.772
21.766,20.239,20.073,19.952,19.862,18.536,17.571,16.846,16.772,17.091
20.239,20.073,19.952,19.862,18.536,17.571,16.846,16.772,17.091,17.215
20.073,19.952,19.862,18.536,17.571,16.846,16.772,17.091,17.215,15.807
19.952,19.862,18.536,17.571,16.846,16.772,17.091,17.215,15.807,15.486
19.862,18.536,17.571,16.846,16.772,17.091,17.215,15.807,15.486,15.589
18.536,17.571,16.846,16.772,17.091,17.215,15.807,15.486,15.589,15.287
17.571,16.846,16.772,17.091,17.215,15.807,15.486,15.589,15.287,13.928
16.846,16.772,17.091,17.215,15.807,15.486,15.589,15.287,13.928,18.103
16.772,17.091,17.215,15.807,15.486,15.589,15.287,13.928,18.103,17.746
17.091,17.215,15.807,15.486,15.589,15.287,13.928,18.103,17.746,27.912
17.215,15.807,15.486,15.589,15.287,13.928,18.103,17.746,27.912,29.907
15.807,15.486,15.589,15.287,13.928,18.103,17.746,27.912,29.907,30
15.486,15.589,15.287,13.928,18.103,17.746,27.912,29.907,30,29.841
15.589,15.287,13.928,18.103,17.746,27.912,29.907,30,29.841,27.096
15.287,13.928,18.103,17.746,27.912,29.907,30,29.841,27.096,24.184
13.928,18.103,17.746,27.912,29.907,30,29.841,27.096,24.184,22.556
18.103,17.746,27.912,29.907,30,29.841,27.096,24.184,22.556,33.65
17.746,27.912,29.907,30,29.841,27.096,24.184,22.556,33.65,73.908
27.912,29.907,30,29.841,27.096,24.184,22.556,33.65,73.908,63.558
29.907,30,29.841,27.096,24.184,22.556,33.65,73.908,63.558,54.157
30,29.841,27.096,24.184,22.556,33.65,73.908,63.558,54.157,46.552
29.841,27.096,24.184,22.556,33.65,73.908,63.558,54.157,46.552,40.994
27.096,24.184,22.556,33.65,73.908,63.558,54.157,46.552,40.994,33.597
24.184,22.556,33.65,73.908,63.558,54.157,46.552,40.994,33.597,27.33
22.556,33.65,73.908,63.558,54.157,46.552,40.994,33.597,27.33,26.229
33.65,73.908,63.558,54.157,46.552,40.994,33.597,27.33,26.229,26.029
73.908,63.558,54.157,46.552,40.994,33.597,27.33,26.229,26.029,23.447
63.558,54.157,46.552,40.994,33.597,27.33,26.229,26.029,23.447,20.702
54.157,46.552,40.994,33.597,27.33,26.229,26.029,23.447,20.702,23.476
46.552,40.994,33.597,27.33,26.229,26.029,23.447,20.702,23.476,18.98
40.994,33.597,27.33,26.229,26.029,23.447,20.702,23.476,18.98,18.752
33.597,27.33,26.229,26.029,23.447,20.702,23.476,18.98,18.752,18.524
27.33,26.229,26.029,23.447,20.702,23.476,18.98,18.752,18.524,20.019
26.229,26.029,23.447,20.702,23.476,18.98,18.752,18.524,20.019,17.162
26.029,23.447,20.702,23.476,18.98,18.752,18.524,20.019,17.162,18.423
23.447,20.702,23.476,18.98,18.752,18.524,20.019,17.162,18.423,18.398
20.702,23.476,18.98,18.752,18.524,20.019,17.162,18.423,18.398,16.486
23.476,18.98,18.752,18.524,20.019,17.162,18.423,18.398,16.486,18.919
18.98,18.752,18.524,20.019,17.162,18.423,18.398,16.486,18.919,17.585
18.752,18.524,20.019,17.162,18.423,18.398,16.486,18.919,17.585,15.989
18.524,20.019,17.162,18.423,18.398,16.486,18.919,17.585,15.989,14.431
20.019,17.162,18.423,18.398,16.486,18.919,17.585,15.989,14.431,15.928
17.162,18.423,18.398,16.486,18.919,17.585,15.989,14.431,15.928,13.121
18.423,18.398,16.486,18.919,17.585,15.989,14.431,15.928,13.121,23.805
18.398,16.486,18.919,17.585,15.989,14.431,15.928,13.121,23.805,29.416
16.486,18.919,17.585,15.989,14.431,15.928,13.121,23.805,29.416,24.837
18.919,17.585,15.989,14.431,15.928,13.121,23.805,29.416,24.837,20.474
17.585,15.989,14.431,15.928,13.121,23.805,29.416,24.837,20.474,19.791
15.989,14.431,15.928,13.121,23.805,29.416,24.837,20.474,19.791,21.281
14.431,15.928,13.121,23.805,29.416,24.837,20.474,19.791,21.281,18.442
15.928,13.121,23.805,29.416,24.837,20.474,19.791,21.281,18.442,18.396
13.121,23.805,29.416,24.837,20.474,19.791,21.281,18.442,18.396,15.609
23.805,29.416,24.837,20.474,19.791,21.281,18.442,18.396,15.609,15.596
29.416,24.837,20.474,19.791,21.281,18.442,18.396,15.609,15.596,14.54
24.837,20.474,19.791,21.281,18.442,18.396,15.609,15.596,14.54,15.623
20.474,19.791,21.281,18.442,18.396,15.609,15.596,14.54,15.623,12.783
19.791,21.281,18.442,18.396,15.609,15.596,14.54,15.623,12.783,16.248
21.281,18.442,18.396,15.609,15.596,14.54,15.623,12.783,16.248,15.294
18.442,18.396,15.609,15.596,14.54,15.623,12.783,16.248,15.294,16.296
18.396,15.609,15.596,14.54,15.623,12.783,16.248,15.294,16.296,17.006
15.609,15.596,14.54,15.623,12.783,16.248,15.294,16.296,17.006,22.74
15.596,14.54,15.623,12.783,16.248,15.294,16.296,17.006,22.74,19.658
14.54,15.623,12.783,16.248,15.294,16.296,17.006,22.74,19.658,19.416
15.623,12.783,16.248,15.294,16.296,17.006,22.74,19.658,19.416,17.597
12.783,16.248,15.294,16.296,17.006,22.74,19.658,19.416,17.597,14.691
16.248,15.294,16.296,17.006,22.74,19.658,19.416,17.597,14.691,14.886
15.294,16.296,17.006,22.74,19.658,19.416,17.597,14.691,14.886,15.329
16.296,17.006,22.74,19.658,19.416,17.597,14.691,14.886,15.329,20.736
17.006,22.74,19.658,19.416,17.597,14.691,14.886,15.329,20.736,27.833
22.74,19.658,19.416,17.597,14.691,14.886,15.329,20.736,27.833,28.914
19.658,19.416,17.597,14.691,14.886,15.329,20.736,27.833,28.914,33.294
19.416,17.597,14.691,14.886,15.329,20.736,27.833,28.914,33.294,26.348
17.597,14.691,14.886,15.329,20.736,27.833,28.914,33.294,26.348,27.53
14.691,14.886,15.329,20.736,27.833,28.914,33.294,26.348,27.53,30.544
14.886,15.329,20.736,27.833,28.914,33.294,26.348,27.53,30.544,41.568
15.329,20.736,27.833,28.914,33.294,26.348,27.53,30.544,41.568,51.557
20.736,27.833,28.914,33.294,26.348,27.53,30.544,41.568,51.557,48.479
27.833,28.914,33.294,26.348,27.53,30.544,41.568,51.557,48.479,44.351
28.914,33.294,26.348,27.53,30.544,41.568,51.557,48.479,44.351,39.068
33.294,26.348,27.53,30.544,41.568,51.557,48.479,44.351,39.068,37.561
26.348,27.53,30.544,41.568,51.557,48.479,44.351,39.068,37.561,36.271
27.53,30.544,41.568,51.557,48.479,44.351,39.068,37.561,36.271,34.874
30.544,41.568,51.557,48.479,44.351,39.068,37.561,36.271,34.874,32.169
41.568,51.557,48.479,44.351,39.068,37.561,36.271,34.874,32.169,29.385
51.557,48.479,44.351,39.068,37.561,36.271,34.874,32.169,29.385,25.148
48.479,44.351,39.068,37.561,36.271,34.874,32.169,29.385,25.148,25.166
44.351,39.068,37.561,36.271,34.874,32.169,29.385,25.148,25.166,26.633
39.068,37.561,36.271,34.874,32.169,29.385,25.148,25.166,26.633,23.648
37.561,36.271,34.874,32.169,29.385,25.148,25.166,26.633,23.648,26.892
36.271,34.874,32.169,29.385,25.148,25.166,26.633,23.648,26.892,25.142
34.874,32.169,29.385,25.148,25.166,26.633,23.648,26.892,25.142,26.659
32.169,29.385,25.148,25.166,26.633,23.648,26.892,25.142,26.659,25.218
29.385,25.148,25.166,26.633,23.648,26.892,25.142,26.659,25.218,25.319
25.148,25.166,26.633,23.648,26.892,25.142,26.659,25.218,25.319,24.087
25.166,26.633,23.648,26.892,25.142,26.659,25.218,25.319,24.087,26.59
26.633,23.648,26.892,25.142,26.659,25.218,25.319,24.087,26.59,55.357
23.648,26.892,25.142,26.659,25.218,25.319,24.087,26.59,55.357,180.372
26.892,25.142,26.659,25.218,25.319,24.087,26.59,55.357,180.372,151.195
25.142,26.659,25.218,25.319,24.087,26.59,55.357,180.372,151.195,116.195
26.659,25.218,25.319,24.087,26.59,55.357,180.372,151.195,116.195,98.364
25.218,25.319,24.087,26.59,55.357,180.372,151.195,116.195,98.364,88.873
25.319,24.087,26.59,55.357,180.372,151.195,116.195,98.364,88.873,72.828
24.087,26.59,55.357,180.372,151.195,116.195,98.364,88.873,72.828,67.967
26.59,55.357,180.372,151.195,116.195,98.364,88.873,72.828,67.967,63.264
55.357,180.372,151.195,116.195,98.364,88.873,72.828,67.967,63.264,55.672
180.372,151.195,116.195,98.364,88.873,72.828,67.967,63.264,55.672,48.032
151.195,116.195,98.364,88.873,72.828,67.967,63.264,55.672,48.032,45.747
116.195,98.364,88.873,72.828,67.967,63.264,55.672,48.032,45.747,43.265
98.364,88.873,72.828,67.967,63.264,55.672,48.032,45.747,43.265,36.969
88.873,72.828,67.967,63.264,55.672,48.032,45.747,43.265,36.969,35.593
72.828,67.967,63.264,55.672,48.032,45.747,43.265,36.969,35.593,35.214
67.967,63.264,55.672,48.032,45.747,43.265,36.969,35.593,35.214,32.183
63.264,55.672,48.032,45.747,43.265,36.969,35.593,35.214,32.183,30.88
55.672,48.032,45.747,43.265,36.969,35.593,35.214,32.183,30.88,34.322
48.032,45.747,43.265,36.969,35.593,35.214,32.183,30.88,34.322,31.014
45.747,43.265,36.969,35.593,35.214,32.183,30.88,34.322,31.014,30.171
43.265,36.969,35.593,35.214,32.183,30.88,34.322,31.014,30.171,30.156
36.969,35.593,35.214,32.183,30.88,34.322,31.014,30.171,30.156,30.407
35.593,35.214,32.183,30.88,34.322,31.014,30.171,30.156,30.407,28.911
35.214,32.183,30.88,34.322,31.014,30.171,30.156,30.407,28.911,28.68
32.183,30.88,34.322,31.014,30.171,30.156,30.407,28.911,28.68,24.835
30.88,34.322,31.014,30.171,30.156,30.407,28.911,28.68,24.835,24.744
34.322,31.014,30.171,30.156,30.407,28.911,28.68,24.835,24.744,22.069
31.014,30.171,30.156,30.407,28.911,28.68,24.835,24.744,22.069,19.309
30.171,30.156,30.407,28.911,28.68,24.835,24.744,22.069,19.309,19.515
30.156,30.407,28.911,28.68,24.835,24.744,22.069,19.309,19.515,21.912
30.407,28.911,28.68,24.835,24.744,22.069,19.309,19.515,21.912,21.943
28.911,28.68,24.835,24.744,22.069,19.309,19.515,21.912,21.943,23.376
28.68,24.835,24.744,22.069,19.309,19.515,21.912,21.943,23.376,24.922
24.835,24.744,22.069,19.309,19.515,21.912,21.943,23.376,24.922,24.854
24.744,22.069,19.309,19.515,21.912,21.943,23.376,24.922,24.854,23.257
22.069,19.309,19.515,21.912,21.943,23.376,24.922,24.854,23.257,22.333
19.309,19.515,21.912,21.943,23.376,24.922,24.854,23.257,22.333,20.914
19.515,21.912,21.943,23.376,24.922,24.854,23.257,22.333,20.914,20.893
21.912,21.943,23.376,24.922,24.854,23.257,22.333,20.914,20.893,20.791
21.943,23.376,24.922,24.854,23.257,22.333,20.914,20.893,20.791,19.706
23.376,24.922,24.854,23.257,22.333,20.914,20.893,20.791,19.706,19.203
24.922,24.854,23.257,22.333,20.914,20.893,20.791,19.706,19.203,20.799
24.854,23.257,22.333,20.914,20.893,20.791,19.706,19.203,20.799,19.486
23.257,22.333,20.914,20.893,20.791,19.706,19.203,20.799,19.486,19.386
22.333,20.914,20.893,20.791,19.706,19.203,20.799,19.486,19.386,18.073
20.914,20.893,20.791,19.706,19.203,20.799,19.486,19.386,18.073,19.863
20.893,20.791,19.706,19.203,20.799,19.486,19.386,18.073,19.863,18.963
20.791,19.706,19.203,20.799,19.486,19.386,18.073,19.863,18.963,20.129
19.706,19.203,20.799,19.486,19.386,18.073,19.863,18.963,20.129,18.976
19.203,20.799,19.486,19.386,18.073,19.863,18.963,20.129,18.976,18.766
20.799,19.486,19.386,18.073,19.863,18.963,20.129,18.976,18.766,20.183
19.486,19.386,18.073,19.863,18.963,20.129,18.976,18.766,20.183,24.184
19.386,18.073,19.863,18.963,20.129,18.976,18.766,20.183,24.184,24.017
18.073,19.863,18.963,20.129,18.976,18.766,20.183,24.184,24.017,25.602
19.863,18.963,20.129,18.976,18.766,20.183,24.184,24.017,25.602,25.384
18.963,20.129,18.976,18.766,20.183,24.184,24.017,25.602,25.384,22.734
20.129,18.976,18.766,20.183,24.184,24.017,25.602,25.384,22.734,21.235
18.976,18.766,20.183,24.184,24.017,25.602,25.384,22.734,21.235,19.994
18.766,20.183,24.184,24.017,25.602,25.384,22.734,21.235,19.994,20.698
20.183,24.184,24.017,25.602,25.384,22.734,21.235,19.994,20.698,22.014
24.184,24.017,25.602,25.384,22.734,21.235,19.994,20.698,22.014,23.264
24.017,25.602,25.384,22.734,21.235,19.994,20.698,22.014,23.264,23.481
25.602,25.384,22.734,21.235,19.994,20.698,22.014,23.264,23.481,21.728
25.384,22.734,21.235,19.994,20.698,22.014,23.264,23.481,21.728,22.18
22.734,21.235,19.994,20.698,22.014,23.264,23.481,21.728,22.18,23.651
21.235,19.994,20.698,22.014,23.264,23.481,21.728,22.18,23.651,22.135
19.994,20.698,22.014,23.264,23.481,21.728,22.18,23.651,22.135,26.011
20.698,22.014,23.264,23.481,21.728,22.18,23.651,22.135,26.011,28.861
22.014,23.264,23.481,21.728,22.18,23.651,22.135,26.011,28.861,29.231
23.264,23.481,21.728,22.18,23.651,22.135,26.011,28.861,29.231,25.965
23.481,21.728,22.18,23.651,22.135,26.011,28.861,29.231,25.965,24.039
21.728,22.18,23.651,22.135,26.011,28.861,29.231,25.965,24.039,24.12
22.18,23.651,22.135,26.011,28.861,29.231,25.965,24.039,24.12,22.656
23.651,22.135,26.011,28.861,29.231,25.965,24.039,24.12,22.656,22.623
22.135,26.011,28.861,29.231,25.965,24.039,24.12,22.656,22.623,22.6
26.011,28.861,29.231,25.965,24.039,24.12,22.656,22.623,22.6,25.312
28.861,29.231,25.965,24.039,24.12,22.656,22.623,22.6,25.312,24.895
29.231,25.965,24.039,24.12,22.656,22.623,22.6,25.312,24.895,25.397
25.965,24.039,24.12,22.656,22.623,22.6,25.312,24.895,25.397,30.75
24.039,24.12,22.656,22.623,22.6,25.312,24.895,25.397,30.75,55.051
24.12,22.656,22.623,22.6,25.312,24.895,25.397,30.75,55.051,74.109
22.656,22.623,22.6,25.312,24.895,25.397,30.75,55.051,74.109,82.365
22.623,22.6,25.312,24.895,25.397,30.75,55.051,74.109,82.365,80.739
22.6,25.312,24.895,25.397,30.75,55.051,74.109,82.365,80.739,71.648
25.312,24.895,25.397,30.75,55.051,74.109,82.365,80.739,71.648,64.285
24.895,25.397,30.75,55.051,74.109,82.365,80.739,71.648,64.285,53.288
25.397,30.75,55.051,74.109,82.365,80.739,71.648,64.285,53.288,45.131
30.75,55.051,74.109,82.365,80.739,71.648,64.285,53.288,45.131,43.467
55.051,74.109,82.365,80.739,71.648,64.285,53.288,45.131,43.467,40.866
74.109,82.365,80.739,71.648,64.285,53.288,45.131,43.467,40.866,42.038
82.365,80.739,71.648,64.285,53.288,45.131,43.467,40.866,42.038,40.165
80.739,71.648,64.285,53.288,45.131,43.467,40.866,42.038,40.165,40.479
71.648,64.285,53.288,45.131,43.467,40.866,42.038,40.165,40.479,36.488
64.285,53.288,45.131,43.467,40.866,42.038,40.165,40.479,36.488,35.037
53.288,45.131,43.467,40.866,42.038,40.165,40.479,36.488,35.037,33.532
45.131,43.467,40.866,42.038,40.165,40.479,36.488,35.037,33.532,30.822
43.467,40.866,42.038,40.165,40.479,36.488,35.037,33.532,30.822,28.388
40.866,42.038,40.165,40.479,36.488,35.037,33.532,30.822,28.388,28.242
42.038,40.165,40.479,36.488,35.037,33.532,30.822,28.388,28.242,25.403
40.165,40.479,36.488,35.037,33.532,30.822,28.388,28.242,25.403,24.162
40.479,36.488,35.037,33.532,30.822,28.388,28.242,25.403,24.162,21.966
36.488,35.037,33.532,30.822,28.388,28.242,25.403,24.162,21.966,28.396
35.037,33.532,30.822,28.388,28.242,25.403,24.162,21.966,28.396,10.226
33.532,30.822,28.388,28.242,25.403,24.162,21.966,28.396,10.226,18.275
30.822,28.388,28.242,25.403,24.162,21.966,28.396,10.226,18.275,16.88
28.388,28.242,25.403,24.162,21.966,28.396,10.226,18.275,16.88,14.822
28.242,25.403,24.162,21.966,28.396,10.226,18.275,16.88,14.822,14.988
25.403,24.162,21.966,28.396,10.226,18.275,16.88,14.822,14.988,17.882
24.162,21.966,28.396,10.226,18.275,16.88,14.822,14.988,17.882,24.926
21.966,28.396,10.226,18.275,16.88,14.822,14.988,17.882,24.926,27.885
28.396,10.226,18.275,16.88,14.822,14.988,17.882,24.926,27.885,19.692
10.226,18.275,16.88,14.822,14.988,17.882,24.926,27.885,19.692,21.977
18.275,16.88,14.822,14.988,17.882,24.926,27.885,19.692,21.977,19.907
16.88,14.822,14.988,17.882,24.926,27.885,19.692,21.977,19.907,18.589
14.822,14.988,17.882,24.926,27.885,19.692,21.977,19.907,18.589,22.88
14.988,17.882,24.926,27.885,19.692,21.977,19.907,18.589,22.88,21.186
17.882,24.926,27.885,19.692,21.977,19.907,18.589,22.88,21.186,24.298
24.926,27.885,19.692,21.977,19.907,18.589,22.88,21.186,24.298,19.582
27.885,19.692,21.977,19.907,18.589,22.88,21.186,24.298,19.582,16.294
19.692,21.977,19.907,18.589,22.88,21.186,24.298,19.582,16.294,16.712
21.977,19.907,18.589,22.88,21.186,24.298,19.582,16.294,16.712,15.517
19.907,18.589,22.88,21.186,24.298,19.582,16.294,16.712,15.517,15.874
18.589,22.88,21.186,24.298,19.582,16.294,16.712,15.517,15.874,15.651
22.88,21.186,24.298,19.582,16.294,16.712,15.517,15.874,15.651,15.553
21.186,24.298,19.582,16.294,16.712,15.517,15.874,15.651,15.553,14.115
24.298,19.582,16.294,16.712,15.517,15.874,15.651,15.553,14.115,13.114
19.582,16.294,16.712,15.517,15.874,15.651,15.553,14.115,13.114,11.996
16.294,16.712,15.517,15.874,15.651,15.553,14.115,13.114,11.996,11.088
16.712,15.517,15.874,15.651,15.553,14.115,13.114,11.996,11.088,11.895
15.517,15.874,15.651,15.553,14.115,13.114,11.996,11.088,11.895,12.228
15.874,15.651,15.553,14.115,13.114,11.996,11.088,11.895,12.228,12.32
15.651,15.553,14.115,13.114,11.996,11.088,11.895,12.228,12.32,12.366
15.553,14.115,13.114,11.996,11.088,11.895,12.228,12.32,12.366,12.397
14.115,13.114,11.996,11.088,11.895,12.228,12.32,12.366,12.397,12.336
13.114,11.996,11.088,11.895,12.228,12.32,12.366,12.397,12.336,10.886
11.996,11.088,11.895,12.228,12.32,12.366,12.397,12.336,10.886,11.334
11.088,11.895,12.228,12.32,12.366,12.397,12.336,10.886,11.334,11.341
11.895,12.228,12.32,12.366,12.397,12.336,10.886,11.334,11.341,10.111
12.228,12.32,12.366,12.397,12.336,10.886,11.334,11.341,10.111,11.385
12.32,12.366,12.397,12.336,10.886,11.334,11.341,10.111,11.385,9.927
12.366,12.397,12.336,10.886,11.334,11.341,10.111,11.385,9.927,9.845
12.397,12.336,10.886,11.334,11.341,10.111,11.385,9.927,9.845,9.369
12.336,10.886,11.334,11.341,10.111,11.385,9.927,9.845,9.369,9.87
10.886,11.334,11.341,10.111,11.385,9.927,9.845,9.369,9.87,12.162
11.334,11.341,10.111,11.385,9.927,9.845,9.369,9.87,12.162,8.35
11.341,10.111,11.385,9.927,9.845,9.369,9.87,12.162,8.35,6.9
10.111,11.385,9.927,9.845,9.369,9.87,12.162,8.35,6.9,7.698
11.385,9.927,9.845,9.369,9.87,12.162,8.35,6.9,7.698,9.178
9.927,9.845,9.369,9.87,12.162,8.35,6.9,7.698,9.178,9.179
9.845,9.369,9.87,12.162,8.35,6.9,7.698,9.178,9.179,10.491
9.369,9.87,12.162,8.35,6.9,7.698,9.178,9.179,10.491,11.939
9.87,12.162,8.35,6.9,7.698,9.178,9.179,10.491,11.939,12.643
12.162,8.35,6.9,7.698,9.178,9.179,10.491,11.939,12.643,8.884
8.35,6.9,7.698,9.178,9.179,10.491,11.939,12.643,8.884,9.738
6.9,7.698,9.178,9.179,10.491,11.939,12.643,8.884,9.738,12.958
7.698,9.178,9.179,10.491,11.939,12.643,8.884,9.738,12.958,18.836
9.178,9.179,10.491,11.939,12.643,8.884,9.738,12.958,18.836,14.547
9.179,10.491,11.939,12.643,8.884,9.738,12.958,18.836,14.547,10.435
10.491,11.939,12.643,8.884,9.738,12.958,18.836,14.547,10.435,7.923
11.939,12.643,8.884,9.738,12.958,18.836,14.547,10.435,7.923,9.129
12.643,8.884,9.738,12.958,18.836,14.547,10.435,7.923,9.129,10.357
8.884,9.738,12.958,18.836,14.547,10.435,7.923,9.129,10.357,9.183
9.738,12.958,18.836,14.547,10.435,7.923,9.129,10.357,9.183,9.234
12.958,18.836,14.547,10.435,7.923,9.129,10.357,9.183,9.234,10.527
18.836,14.547,10.435,7.923,9.129,10.357,9.183,9.234,10.527,14.348
14.547,10.435,7.923,9.129,10.357,9.183,9.234,10.527,14.348,14.462
10.435,7.923,9.129,10.357,9.183,9.234,10.527,14.348,14.462,12.815
7.923,9.129,10.357,9.183,9.234,10.527,14.348,14.462,12.815,12.978
9.129,10.357,9.183,9.234,10.527,14.348,14.462,12.815,12.978,11.585
10.357,9.183,9.234,10.527,14.348,14.462,12.815,12.978,11.585,10.138
9.183,9.234,10.527,14.348,14.462,12.815,12.978,11.585,10.138,10.339
9.234,10.527,14.348,14.462,12.815,12.978,11.585,10.138,10.339,8.702
10.527,14.348,14.462,12.815,12.978,11.585,10.138,10.339,8.702,7.655
14.348,14.462,12.815,12.978,11.585,10.138,10.339,8.702,7.655,7.358
14.462,12.815,12.978,11.585,10.138,10.339,8.702,7.655,7.358,7.344
12.815,12.978,11.585,10.138,10.339,8.702,7.655,7.358,7.344,6.133
12.978,11.585,10.138,10.339,8.702,7.655,7.358,7.344,6.133,6.193
11.585,10.138,10.339,8.702,7.655,7.358,7.344,6.133,6.193,7.474
10.138,10.339,8.702,7.655,7.358,7.344,6.133,6.193,7.474,8.493
10.339,8.702,7.655,7.358,7.344,6.133,6.193,7.474,8.493,11.435
8.702,7.655,7.358,7.344,6.133,6.193,7.474,8.493,11.435,9.61
7.655,7.358,7.344,6.133,6.193,7.474,8.493,11.435,9.61,6.86
7.358,7.344,6.133,6.193,7.474,8.493,11.435,9.61,6.86,7.558
7.344,6.133,6.193,7.474,8.493,11.435,9.61,6.86,7.558,6.322
6.133,6.193,7.474,8.493,11.435,9.61,6.86,7.558,6.322,6.122
6.193,7.474,8.493,11.435,9.61,6.86,7.558,6.322,6.122,7.298
7.474,8.493,11.435,9.61,6.86,7.558,6.322,6.122,7.298,7.486
8.493,11.435,9.61,6.86,7.558,6.322,6.122,7.298,7.486,7.29
11.435,9.61,6.86,7.558,6.322,6.122,7.298,7.486,7.29,6.053
9.61,6.86,7.558,6.322,6.122,7.298,7.486,7.29,6.053,6.145
6.86,7.558,6.322,6.122,7.298,7.486,7.29,6.053,6.145,6.173
7.558,6.322,6.122,7.298,7.486,7.29,6.053,6.145,6.173,4.702
6.322,6.122,7.298,7.486,7.29,6.053,6.145,6.173,4.702,4.956
6.122,7.298,7.486,7.29,6.053,6.145,6.173,4.702,4.956,4.987
7.298,7.486,7.29,6.053,6.145,6.173,4.702,4.956,4.987,6.457
7.486,7.29,6.053,6.145,6.173,4.702,4.956,4.987,6.457,6.758
7.29,6.053,6.145,6.173,4.702,4.956,4.987,6.457,6.758,5.26
6.053,6.145,6.173,4.702,4.956,4.987,6.457,6.758,5.26,8.198
6.145,6.173,4.702,4.956,4.987,6.457,6.758,5.26,8.198,5.266
6.173,4.702,4.956,4.987,6.457,6.758,5.26,8.198,5.266,4.955
4.702,4.956,4.987,6.457,6.758,5.26,8.198,5.266,4.955,5.256
4.956,4.987,6.457,6.758,5.26,8.198,5.266,4.955,5.256,3.556
4.987,6.457,6.758,5.26,8.198,5.266,4.955,5.256,3.556,5.412
6.457,6.758,5.26,8.198,5.266,4.955,5.256,3.556,5.412,5.235
6.758,5.26,8.198,5.266,4.955,5.256,3.556,5.412,5.235,5.187
5.26,8.198,5.266,4.955,5.256,3.556,5.412,5.235,5.187,5.388
8.198,5.266,4.955,5.256,3.556,5.412,5.235,5.187,5.388,5.025
5.266,4.955,5.256,3.556,5.412,5.235,5.187,5.388,5.025,3.651
4.955,5.256,3.556,5.412,5.235,5.187,5.388,5.025,3.651,3.618
5.256,3.556,5.412,5.235,5.187,5.388,5.025,3.651,3.618,5.021
3.556,5.412,5.235,5.187,5.388,5.025,3.651,3.618,5.021,3.733
5.412,5.235,5.187,5.388,5.025,3.651,3.618,5.021,3.733,5.026
5.235,5.187,5.388,5.025,3.651,3.618,5.021,3.733,5.026,3.113
5.187,5.388,5.025,3.651,3.618,5.021,3.733,5.026,3.113,4.374
5.388,5.025,3.651,3.618,5.021,3.733,5.026,3.113,4.374,4.31
5.025,3.651,3.618,5.021,3.733,5.026,3.113,4.374,4.31,2.704
3.651,3.618,5.021,3.733,5.026,3.113,4.374,4.31,2.704,5.655
3.618,5.021,3.733,5.026,3.113,4.374,4.31,2.704,5.655,5.73
5.021,3.733,5.026,3.113,4.374,4.31,2.704,5.655,5.73,8.613
3.733,5.026,3.113,4.374,4.31,2.704,5.655,5.73,8.613,22.365
5.026,3.113,4.374,4.31,2.704,5.655,5.73,8.613,22.365,27.387
3.113,4.374,4.31,2.704,5.655,5.73,8.613,22.365,27.387,19.235
4.374,4.31,2.704,5.655,5.73,8.613,22.365,27.387,19.235,15.145
4.31,2.704,5.655,5.73,8.613,22.365,27.387,19.235,15.145,10.589
2.704,5.655,5.73,8.613,22.365,27.387,19.235,15.145,10.589,11.09
5.655,5.73,8.613,22.365,27.387,19.235,15.145,10.589,11.09,8.707
5.73,8.613,22.365,27.387,19.235,15.145,10.589,11.09,8.707,10.191
8.613,22.365,27.387,19.235,15.145,10.589,11.09,8.707,10.191,9.213
22.365,27.387,19.235,15.145,10.589,11.09,8.707,10.191,9.213,9.064
27.387,19.235,15.145,10.589,11.09,8.707,10.191,9.213,9.064,8.06
19.235,15.145,10.589,11.09,8.707,10.191,9.213,9.064,8.06,7.892
15.145,10.589,11.09,8.707,10.191,9.213,9.064,8.06,7.892,7.964
10.589,11.09,8.707,10.191,9.213,9.064,8.06,7.892,7.964,8.203
11.09,8.707,10.191,9.213,9.064,8.06,7.892,7.964,8.203,6.799
8.707,10.191,9.213,9.064,8.06,7.892,7.964,8.203,6.799,8.076
10.191,9.213,9.064,8.06,7.892,7.964,8.203,6.799,8.076,8.27
9.213,9.064,8.06,7.892,7.964,8.203,6.799,8.076,8.27,7.311
9.064,8.06,7.892,7.964,8.203,6.799,8.076,8.27,7.311,8.33
8.06,7.892,7.964,8.203,6.799,8.076,8.27,7.311,8.33,7.042
7.892,7.964,8.203,6.799,8.076,8.27,7.311,8.33,7.042,7.091
7.964,8.203,6.799,8.076,8.27,7.311,8.33,7.042,7.091,7.143
8.203,6.799,8.076,8.27,7.311,8.33,7.042,7.091,7.143,8.418
6.799,8.076,8.27,7.311,8.33,7.042,7.091,7.143,8.418,8.466
8.076,8.27,7.311,8.33,7.042,7.091,7.143,8.418,8.466,7.449
8.27,7.311,8.33,7.042,7.091,7.143,8.418,8.466,7.449,7.002
7.311,8.33,7.042,7.091,7.143,8.418,8.466,7.449,7.002,7.752
8.33,7.042,7.091,7.143,8.418,8.466,7.449,7.002,7.752,7.767
7.042,7.091,7.143,8.418,8.466,7.449,7.002,7.752,7.767,6.597
7.091,7.143,8.418,8.466,7.449,7.002,7.752,7.767,6.597,6.656
7.143,8.418,8.466,7.449,7.002,7.752,7.767,6.597,6.656,7.857
8.418,8.466,7.449,7.002,7.752,7.767,6.597,6.656,7.857,6.591
8.466,7.449,7.002,7.752,7.767,6.597,6.656,7.857,6.591,6.419
7.449,7.002,7.752,7.767,6.597,6.656,7.857,6.591,6.419,6.979
7.002,7.752,7.767,6.597,6.656,7.857,6.591,6.419,6.979,5.583
7.752,7.767,6.597,6.656,7.857,6.591,6.419,6.979,5.583,7.06
7.767,6.597,6.656,7.857,6.591,6.419,6.979,5.583,7.06,7.088
6.597,6.656,7.857,6.591,6.419,6.979,5.583,7.06,7.088,8.474
6.656,7.857,6.591,6.419,6.979,5.583,7.06,7.088,8.474,7.055
7.857,6.591,6.419,6.979,5.583,7.06,7.088,8.474,7.055,6.842
6.591,6.419,6.979,5.583,7.06,7.088,8.474,7.055,6.842,5.878
6.419,6.979,5.583,7.06,7.088,8.474,7.055,6.842,5.878,7.098
6.979,5.583,7.06,7.088,8.474,7.055,6.842,5.878,7.098,7.112
5.583,7.06,7.088,8.474,7.055,6.842,5.878,7.098,7.112,6.901
7.06,7.088,8.474,7.055,6.842,5.878,7.098,7.112,6.901,7.08
7.088,8.474,7.055,6.842,5.878,7.098,7.112,6.901,7.08,8.302
8.474,7.055,6.842,5.878,7.098,7.112,6.901,7.08,8.302,6.871
7.055,6.842,5.878,7.098,7.112,6.901,7.08,8.302,6.871,8.06
6.842,5.878,7.098,7.112,6.901,7.08,8.302,6.871,8.06,8.233
5.878,7.098,7.112,6.901,7.08,8.302,6.871,8.06,8.233,8.001
7.098,7.112,6.901,7.08,8.302,6.871,8.06,8.233,8.001,9.428
7.112,6.901,7.08,8.302,6.871,8.06,8.233,8.001,9.428,15.069
6.901,7.08,8.302,6.871,8.06,8.233,8.001,9.428,15.069,11.15
7.08,8.302,6.871,8.06,8.233,8.001,9.428,15.069,11.15,10.93
8.302,6.871,8.06,8.233,8.001,9.428,15.069,11.15,10.93,11.137
6.871,8.06,8.233,8.001,9.428,15.069,11.15,10.93,11.137,10.918
8.06,8.233,8.001,9.428,15.069,11.15,10.93,11.137,10.918,11.108
