h1,h2,h3,h4,h5,h6,h7,h8,h9,h10
0.39,0.297,0.39,0.39,0.39,0.39,0.61,0.61,0.378,0.39
0.297,0.39,0.39,0.39,0.39,0.61,0.61,0.378,0.39,0.618
0.39,0.39,0.39,0.39,0.61,0.61,0.378,0.39,0.618,0.717
0.39,0.39,0.39,0.61,0.61,0.378,0.39,0.618,0.717,0.36
0.39,0.39,0.61,0.61,0.378,0.39,0.618,0.717,0.36,0.46
0.39,0.61,0.61,0.378,0.39,0.618,0.717,0.36,0.46,1.105
0.61,0.61,0.378,0.39,0.618,0.717,0.36,0.46,1.105,0.861
0.61,0.378,0.39,0.618,0.717,0.36,0.46,1.105,0.861,0.098
0.378,0.39,0.618,0.717,0.36,0.46,1.105,0.861,0.098,0.098
0.39,0.618,0.717,0.36,0.46,1.105,0.861,0.098,0.098,0.1
0.618,0.717,0.36,0.46,1.105,0.861,0.098,0.098,0.1,0.631
0.717,0.36,0.46,1.105,0.861,0.098,0.098,0.1,0.631,0.364
0.36,0.46,1.105,0.861,0.098,0.098,0.1,0.631,0.364,0.447
0.46,1.105,0.861,0.098,0.098,0.1,0.631,0.364,0.447,0.3
1.105,0.861,0.098,0.098,0.1,0.631,0.364,0.447,0.3,0.08
0.861,0.098,0.098,0.1,0.631,0.364,0.447,0.3,0.08,0.075
0.098,0.098,0.1,0.631,0.364,0.447,0.3,0.08,0.075,0.3
0.098,0.1,0.631,0.364,0.447,0.3,0.08,0.075,0.3,0.196
0.1,0.631,0.364,0.447,0.3,0.08,0.075,0.3,0.196,1.096
0.631,0.364,0.447,0.3,0.08,0.075,0.3,0.196,1.096,2.653
0.364,0.447,0.3,0.08,0.075,0.3,0.196,1.096,2.653,0.417
0.447,0.3,0.08,0.075,0.3,0.196,1.096,2.653,0.417,2.519
0.3,0.08,0.075,0.3,0.196,1.096,2.653,0.417,2.519,1.94
0.08,0.075,0.3,0.196,1.096,2.653,0.417,2.519,1.94,1.605
0.075,0.3,0.196,1.096,2.653,0.417,2.519,1.94,1.605,1.396
0.3,0.196,1.096,2.653,0.417,2.519,1.94,1.605,1.396,1.133
0.196,1.096,2.653,0.417,2.519,1.94,1.605,1.396,1.133,1.05
1.096,2.653,0.417,2.519,1.94,1.605,1.396,1.133,1.05,0.845
2.653,0.417,2.519,1.94,1.605,1.396,1.133,1.05,0.845,0.903
0.417,2.519,1.94,1.605,1.396,1.133,1.05,0.845,0.903,0.898
2.519,1.94,1.605,1.396,1.133,1.05,0.845,0.903,0.898,0.749
1.94,1.605,1.396,1.133,1.05,0.845,0.903,0.898,0.749,0.9
1.605,1.396,1.133,1.05,0.845,0.903,0.898,0.749,0.9,0.888
1.396,1.133,1.05,0.845,0.903,0.898,0.749,0.9,0.888,0.885
1.133,1.05,0.845,0.903,0.898,0.749,0.9,0.888,0.885,0.903
1.05,0.845,0.903,0.898,0.749,0.9,0.888,0.885,0.903,0.654
0.845,0.903,0.898,0.749,0.9,0.888,0.885,0.903,0.654,0.822
0.903,0.898,0.749,0.9,0.888,0.885,0.903,0.654,0.822,0.704
0.898,0.749,0.9,0.888,0.885,0.903,0.654,0.822,0.704,0.588
0.749,0.9,0.888,0.885,0.903,0.654,0.822,0.704,0.588,0.715
0.9,0.888,0.885,0.903,0.654,0.822,0.704,0.588,0.715,0.693
0.888,0.885,0.903,0.654,0.822,0.704,0.588,0.715,0.693,0.356
0.885,0.903,0.654,0.822,0.704,0.588,0.715,0.693,0.356,0.704
0.903,0.654,0.822,0.704,0.588,0.715,0.693,0.356,0.704,0.589
0.654,0.822,0.704,0.588,0.715,0.693,0.356,0.704,0.589,1.472
0.822,0.704,0.588,0.715,0.693,0.356,0.704,0.589,1.472,7.818
0.704,0.588,0.715,0.693,0.356,0.704,0.589,1.472,7.818,3.892
0.588,0.715,0.693,0.356,0.704,0.589,1.472,7.818,3.892,5.145
0.715,0.693,0.356,0.704,0.589,1.472,7.818,3.892,5.145,13.268
0.693,0.356,0.704,0.589,1.472,7.818,3.892,5.145,13.268,6.115
0.356,0.704,0.589,1.472,7.818,3.892,5.145,13.268,6.115,5.645
0.704,0.589,1.472,7.818,3.892,5.145,13.268,6.115,5.645,6.188
0.589,1.472,7.818,3.892,5.145,13.268,6.115,5.645,6.188,5.818
1.472,7.818,3.892,5.145,13.268,6.115,5.645,6.188,5.818,3.527
7.818,3.892,5.145,13.268,6.115,5.645,6.188,5.818,3.527,2.694
3.892,5.145,13.268,6.115,5.645,6.188,5.818,3.527,2.694,3.32
5.145,13.268,6.115,5.645,6.188,5.818,3.527,2.694,3.32,2.61
13.268,6.115,5.645,6.188,5.818,3.527,2.694,3.32,2.61,2.832
6.115,5.645,6.188,5.818,3.527,2.694,3.32,2.61,2.832,2.453
5.645,6.188,5.818,3.527,2.694,3.32,2.61,2.832,2.453,2.278
6.188,5.818,3.527,2.694,3.32,2.61,2.832,2.453,2.278,1.773
5.818,3.527,2.694,3.32,2.61,2.832,2.453,2.278,1.773,2.066
3.527,2.694,3.32,2.61,2.832,2.453,2.278,1.773,2.066,1.213
2.694,3.32,2.61,2.832,2.453,2.278,1.773,2.066,1.213,1.83
3.32,2.61,2.832,2.453,2.278,1.773,2.066,1.213,1.83,1.946
2.61,2.832,2.453,2.278,1.773,2.066,1.213,1.83,1.946,2.062
2.832,2.453,2.278,1.773,2.066,1.213,1.83,1.946,2.062,1.83
2.453,2.278,1.773,2.066,1.213,1.83,1.946,2.062,1.83,1.529
2.278,1.773,2.066,1.213,1.83,1.946,2.062,1.83,1.529,1.741
1.773,2.066,1.213,1.83,1.946,2.062,1.83,1.529,1.741,2.017
2.066,1.213,1.83,1.946,2.062,1.83,1.529,1.741,2.017,1.659
1.213,1.83,1.946,2.062,1.83,1.529,1.741,2.017,1.659,1.219
1.83,1.946,2.062,1.83,1.529,1.741,2.017,1.659,1.219,1.104
1.946,2.062,1.83,1.529,1.741,2.017,1.659,1.219,1.104,1.53
2.062,1.83,1.529,1.741,2.017,1.659,1.219,1.104,1.53,1.372
1.83,1.529,1.741,2.017,1.659,1.219,1.104,1.53,1.372,1.005
1.529,1.741,2.017,1.659,1.219,1.104,1.53,1.372,1.005,1.242
1.741,2.017,1.659,1.219,1.104,1.53,1.372,1.005,1.242,1.337
2.017,1.659,1.219,1.104,1.53,1.372,1.005,1.242,1.337,2.935
1.659,1.219,1.104,1.53,1.372,1.005,1.242,1.337,2.935,1.378
1.219,1.104,1.53,1.372,1.005,1.242,1.337,2.935,1.378,1.427
1.104,1.53,1.372,1.005,1.242,1.337,2.935,1.378,1.427,1.251
1.53,1.372,1.005,1.242,1.337,2.935,1.378,1.427,1.251,2.876
1.372,1.005,1.242,1.337,2.935,1.378,1.427,1.251,2.876,2.324
1.005,1.242,1.337,2.935,1.378,1.427,1.251,2.876,2.324,1.677
1.242,1.337,2.935,1.378,1.427,1.251,2.876,2.324,1.677,1.466
1.337,2.935,1.378,1.427,1.251,2.876,2.324,1.677,1.466,1.365
2.935,1.378,1.427,1.251,2.876,2.324,1.677,1.466,1.365,1.366
1.378,1.427,1.251,2.876,2.324,1.677,1.466,1.365,1.366,1.001
1.427,1.251,2.876,2.324,1.677,1.466,1.365,1.366,1.001,1.309
1.251,2.876,2.324,1.677,1.466,1.365,1.366,1.001,1.309,1.182
2.876,2.324,1.677,1.466,1.365,1.366,1.001,1.309,1.182,1.032
2.324,1.677,1.466,1.365,1.366,1.001,1.309,1.182,1.032,1.055
1.677,1.466,1.365,1.366,1.001,1.309,1.182,1.032,1.055,1.008
1.466,1.365,1.366,1.001,1.309,1.182,1.032,1.055,1.008,0.918
1.365,1.366,1.001,1.309,1.182,1.032,1.055,1.008,0.918,0.897
1.366,1.001,1.309,1.182,1.032,1.055,1.008,0.918,0.897,0.958
1.001,1.309,1.182,1.032,1.055,1.008,0.918,0.897,0.958,0.789
1.309,1.182,1.032,1.055,1.008,0.918,0.897,0.958,0.789,0.804
1.182,1.032,1.055,1.008,0.918,0.897,0.958,0.789,0.804,1.106
1.032,1.055,1.008,0.918,0.897,0.958,0.789,0.804,1.106,1.348
1.055,1.008,0.918,0.897,0.958,0.789,0.804,1.106,1.348,1.222
1.008,0.918,0.897,0.958,0.789,0.804,1.106,1.348,1.222,1.094
0.918,0.897,0.958,0.789,0.804,1.106,1.348,1.222,1.094,0.955
0.897,0.958,0.789,0.804,1.106,1.348,1.222,1.094,0.955,1.343
0.958,0.789,0.804,1.106,1.348,1.222,1.094,0.955,1.343,2.552
0.789,0.804,1.106,1.348,1.222,1.094,0.955,1.343,2.552,1.592
0.804,1.106,1.348,1.222,1.094,0.955,1.343,2.552,1.592,1.704
1.106,1.348,1.222,1.094,0.955,1.343,2.552,1.592,1.704,2.076
1.348,1.222,1.094,0.955,1.343,2.552,1.592,1.704,2.076,1.38
1.222,1.094,0.955,1.343,2.552,1.592,1.704,2.076,1.38,0.477
1.094,0.955,1.343,2.552,1.592,1.704,2.076,1.38,0.477,1.287
0.955,1.343,2.552,1.592,1.704,2.076,1.38,0.477,1.287,1.376
1.343,2.552,1.592,1.704,2.076,1.38,0.477,1.287,1.376,6.404
2.552,1.592,1.704,2.076,1.38,0.477,1.287,1.376,6.404,4.215
1.592,1.704,2.076,1.38,0.477,1.287,1.376,6.404,4.215,2.418
1.704,2.076,1.38,0.477,1.287,1.376,6.404,4.215,2.418,2.192
2.076,1.38,0.477,1.287,1.376,6.404,4.215,2.418,2.192,1.801
1.38,0.477,1.287,1.376,6.404,4.215,2.418,2.192,1.801,2.119
0.477,1.287,1.376,6.404,4.215,2.418,2.192,1.801,2.119,3.601
1.287,1.376,6.404,4.215,2.418,2.192,1.801,2.119,3.601,1.605
1.376,6.404,4.215,2.418,2.192,1.801,2.119,3.601,1.605,1.592
6.404,4.215,2.418,2.192,1.801,2.119,3.601,1.605,1.592,1.578
4.215,2.418,2.192,1.801,2.119,3.601,1.605,1.592,1.578,1.803
2.418,2.192,1.801,2.119,3.601,1.605,1.592,1.578,1.803,1.54
2.192,1.801,2.119,3.601,1.605,1.592,1.578,1.803,1.54,1.749
1.801,2.119,3.601,1.605,1.592,1.578,1.803,1.54,1.749,1.954
2.119,3.601,1.605,1.592,1.578,1.803,1.54,1.749,1.954,3.063
3.601,1.605,1.592,1.578,1.803,1.54,1.749,1.954,3.063,2.114
1.605,1.592,1.578,1.803,1.54,1.749,1.954,3.063,2.114,3.33
1.592,1.578,1.803,1.54,1.749,1.954,3.063,2.114,3.33,4.271
1.578,1.803,1.54,1.749,1.954,3.063,2.114,3.33,4.271,2.571
1.803,1.54,1.749,1.954,3.063,2.114,3.33,4.271,2.571,2.341
1.54,1.749,1.954,3.063,2.114,3.33,4.271,2.571,2.341,1.741
1.749,1.954,3.063,2.114,3.33,4.271,2.571,2.341,1.741,1.784
1.954,3.063,2.114,3.33,4.271,2.571,2.341,1.741,1.784,1.014
3.063,2.114,3.33,4.271,2.571,2.341,1.741,1.784,1.014,1.919
2.114,3.33,4.271,2.571,2.341,1.741,1.784,1.014,1.919,1.097
3.33,4.271,2.571,2.341,1.741,1.784,1.014,1.919,1.097,1.071
4.271,2.571,2.341,1.741,1.784,1.014,1.919,1.097,1.071,1.497
2.571,2.341,1.741,1.784,1.014,1.919,1.097,1.071,1.497,1.335
2.341,1.741,1.784,1.014,1.919,1.097,1.071,1.497,1.335,1.057
1.741,1.784,1.014,1.919,1.097,1.071,1.497,1.335,1.057,1.23
1.784,1.014,1.919,1.097,1.071,1.497,1.335,1.057,1.23,1.303
1.014,1.919,1.097,1.071,1.497,1.335,1.057,1.23,1.303,0.94
1.919,1.097,1.071,1.497,1.335,1.057,1.23,1.303,0.94,0.444
1.097,1.071,1.497,1.335,1.057,1.23,1.303,0.94,0.444,0.72
1.071,1.497,1.335,1.057,1.23,1.303,0.94,0.444,0.72,4.116
1.497,1.335,1.057,1.23,1.303,0.94,0.444,0.72,4.116,3.966
1.335,1.057,1.23,1.303,0.94,0.444,0.72,4.116,3.966,0.345
1.057,1.23,1.303,0.94,0.444,0.72,4.116,3.966,0.345,0.48
1.23,1.303,0.94,0.444,0.72,4.116,3.966,0.345,0.48,0.583
1.303,0.94,0.444,0.72,4.116,3.966,0.345,0.48,0.583,0.728
0.94,0.444,0.72,4.116,3.966,0.345,0.48,0.583,0.728,0.471
0.444,0.72,4.116,3.966,0.345,0.48,0.583,0.728,0.471,0.5
0.72,4.116,3.966,0.345,0.48,0.583,0.728,0.471,0.5,1.185
4.116,3.966,0.345,0.48,0.583,0.728,0.471,0.5,1.185,0.88
3.966,0.345,0.48,0.583,0.728,0.471,0.5,1.185,0.88,0.32
0.345,0.48,0.583,0.728,0.471,0.5,1.185,0.88,0.32,0.494
0.48,0.583,0.728,0.471,0.5,1.185,0.88,0.32,0.494,0.598
0.583,0.728,0.471,0.5,1.185,0.88,0.32,0.494,0.598,0.507
0.728,0.471,0.5,1.185,0.88,0.32,0.494,0.598,0.507,0.495
0.471,0.5,1.185,0.88,0.32,0.494,0.598,0.507,0.495,0.462
0.5,1.185,0.88,0.32,0.494,0.598,0.507,0.495,0.462,0.431
1.185,0.88,0.32,0.494,0.598,0.507,0.495,0.462,0.431,0.391
0.88,0.32,0.494,0.598,0.507,0.495,0.462,0.431,0.391,0.199
0.32,0.494,0.598,0.507,0.495,0.462,0.431,0.391,0.199,0.209
0.494,0.598,0.507,0.495,0.462,0.431,0.391,0.199,0.209,0.094
0.598,0.507,0.495,0.462,0.431,0.391,0.199,0.209,0.094,0.209
0.507,0.495,0.462,0.431,0.391,0.199,0.209,0.094,0.209,0.221
0.495,0.462,0.431,0.391,0.199,0.209,0.094,0.209,0.221,0.222
0.462,0.431,0.391,0.199,0.209,0.094,0.209,0.221,0.222,0.082
0.431,0.391,0.199,0.209,0.094,0.209,0.221,0.222,0.082,0.618
0.391,0.199,0.209,0.094,0.209,0.221,0.222,0.082,0.618,0.468
0.199,0.209,0.094,0.209,0.221,0.222,0.082,0.618,0.468,1.188
0.209,0.094,0.209,0.221,0.222,0.082,0.618,0.468,1.188,2.901
0.094,0.209,0.221,0.222,0.082,0.618,0.468,1.188,2.901,1.244
0.209,0.221,0.222,0.082,0.618,0.468,1.188,2.901,1.244,0.84
0.221,0.222,0.082,0.618,0.468,1.188,2.901,1.244,0.84,0.849
0.222,0.082,0.618,0.468,1.188,2.901,1.244,0.84,0.849,0.99
0.082,0.618,0.468,1.188,2.901,1.244,0.84,0.849,0.99,0.862
0.618,0.468,1.188,2.901,1.244,0.84,0.849,0.99,0.862,0.733
0.468,1.188,2.901,1.244,0.84,0.849,0.99,0.862,0.733,1.315
1.188,2.901,1.244,0.84,0.849,0.99,0.862,0.733,1.315,0.894
2.901,1.244,0.84,0.849,0.99,0.862,0.733,1.315,0.894,0.085
1.244,0.84,0.849,0.99,0.862,0.733,1.315,0.894,0.085,2.87
0.84,0.849,0.99,0.862,0.733,1.315,0.894,0.085,2.87,0.97
0.849,0.99,0.862,0.733,1.315,0.894,0.085,2.87,0.97,1.192
0.99,0.862,0.733,1.315,0.894,0.085,2.87,0.97,1.192,1.765
0.862,0.733,1.315,0.894,0.085,2.87,0.97,1.192,1.765,1.089
0.733,1.315,0.894,0.085,2.87,0.97,1.192,1.765,1.089,1.231
1.315,0.894,0.085,2.87,0.97,1.192,1.765,1.089,1.231,1.663
0.894,0.085,2.87,0.97,1.192,1.765,1.089,1.231,1.663,0.487
0.085,2.87,0.97,1.192,1.765,1.089,1.231,1.663,0.487,1.93
2.87,0.97,1.192,1.765,1.089,1.231,1.663,0.487,1.93,0.898
0.97,1.192,1.765,1.089,1.231,1.663,0.487,1.93,0.898,0.811
1.192,1.765,1.089,1.231,1.663,0.487,1.93,0.898,0.811,0.907
1.765,1.089,1.231,1.663,0.487,1.93,0.898,0.811,0.907,0.5
1.089,1.231,1.663,0.487,1.93,0.898,0.811,0.907,0.5,0.758
1.231,1.663,0.487,1.93,0.898,0.811,0.907,0.5,0.758,0.451
1.663,0.487,1.93,0.898,0.811,0.907,0.5,0.758,0.451,0.454
0.487,1.93,0.898,0.811,0.907,0.5,0.758,0.451,0.454,0.468
1.93,0.898,0.811,0.907,0.5,0.758,0.451,0.454,0.468,0.266
0.898,0.811,0.907,0.5,0.758,0.451,0.454,0.468,0.266,0.216
0.811,0.907,0.5,0.758,0.451,0.454,0.468,0.266,0.216,0.208
0.907,0.5,0.758,0.451,0.454,0.468,0.266,0.216,0.208,0.187
0.5,0.758,0.451,0.454,0.468,0.266,0.216,0.208,0.187,0.205
0.758,0.451,0.454,0.468,0.266,0.216,0.208,0.187,0.205,0.327
0.451,0.454,0.468,0.266,0.216,0.208,0.187,0.205,0.327,0.226
0.454,0.468,0.266,0.216,0.208,0.187,0.205,0.327,0.226,0.181
0.468,0.266,0.216,0.208,0.187,0.205,0.327,0.226,0.181,0.186
0.266,0.216,0.208,0.187,0.205,0.327,0.226,0.181,0.186,0.068
0.216,0.208,0.187,0.205,0.327,0.226,0.181,0.186,0.068,0.048
0.208,0.187,0.205,0.327,0.226,0.181,0.186,0.068,0.048,0.062
0.187,0.205,0.327,0.226,0.181,0.186,0.068,0.048,0.062,0.059
0.205,0.327,0.226,0.181,0.186,0.068,0.048,0.062,0.059,0.064
0.327,0.226,0.181,0.186,0.068,0.048,0.062,0.059,0.064,0.104
0.226,0.181,0.186,0.068,0.048,0.062,0.059,0.064,0.104,0.076
0.181,0.186,0.068,0.048,0.062,0.059,0.064,0.104,0.076,0.089
0.186,0.068,0.048,0.062,0.059,0.064,0.104,0.076,0.089,0.078
0.068,0.048,0.062,0.059,0.064,0.104,0.076,0.089,0.078,0.086
0.048,0.062,0.059,0.064,0.104,0.076,0.089,0.078,0.086,0.078
0.062,0.059,0.064,0.104,0.076,0.089,0.078,0.086,0.078,0.086
0.059,0.064,0.104,0.076,0.089,0.078,0.086,0.078,0.086,0.058
0.064,0.104,0.076,0.089,0.078,0.086,0.078,0.086,0.058,0.054
0.104,0.076,0.089,0.078,0.086,0.078,0.086,0.058,0.054,0.596
0.076,0.089,0.078,0.086,0.078,0.086,0.058,0.054,0.596,0.336
0.089,0.078,0.086,0.078,0.086,0.058,0.054,0.596,0.336,0.21
0.078,0.086,0.078,0.086,0.058,0.054,0.596,0.336,0.21,0.048
0.086,0.078,0.086,0.058,0.054,0.596,0.336,0.21,0.048,0.076
0.078,0.086,0.058,0.054,0.596,0.336,0.21,0.048,0.076,0.338
0.086,0.058,0.054,0.596,0.336,0.21,0.048,0.076,0.338,1.264
0.058,0.054,0.596,0.336,0.21,0.048,0.076,0.338,1.264,0.617
0.054,0.596,0.336,0.21,0.048,0.076,0.338,1.264,0.617,0.198
0.596,0.336,0.21,0.048,0.076,0.338,1.264,0.617,0.198,0.05
0.336,0.21,0.048,0.076,0.338,1.264,0.617,0.198,0.05,0.085
0.21,0.048,0.076,0.338,1.264,0.617,0.198,0.05,0.085,0.085
0.048,0.076,0.338,1.264,0.617,0.198,0.05,0.085,0.085,0.043
0.076,0.338,1.264,0.617,0.198,0.05,0.085,0.085,0.043,0.087
0.338,1.264,0.617,0.198,0.05,0.085,0.085,0.043,0.087,0.034
1.264,0.617,0.198,0.05,0.085,0.085,0.043,0.087,0.034,0.105
0.617,0.198,0.05,0.085,0.085,0.043,0.087,0.034,0.105,0.043
0.198,0.05,0.085,0.085,0.043,0.087,0.034,0.105,0.043,0.105
0.05,0.085,0.085,0.043,0.087,0.034,0.105,0.043,0.105,0.014
0.085,0.085,0.043,0.087,0.034,0.105,0.043,0.105,0.014,0.042
0.085,0.043,0.087,0.034,0.105,0.043,0.105,0.014,0.042,0.03
0.043,0.087,0.034,0.105,0.043,0.105,0.014,0.042,0.03,0.026
0.087,0.034,0.105,0.043,0.105,0.014,0.042,0.03,0.026,0.109
0.034,0.105,0.043,0.105,0.014,0.042,0.03,0.026,0.109,0.087
0.105,0.043,0.105,0.014,0.042,0.03,0.026,0.109,0.087,0.025
0.043,0.105,0.014,0.042,0.03,0.026,0.109,0.087,0.025,0.102
0.105,0.014,0.042,0.03,0.026,0.109,0.087,0.025,0.102,0.026
0.014,0.042,0.03,0.026,0.109,0.087,0.025,0.102,0.026,0.014
0.042,0.03,0.026,0.109,0.087,0.025,0.102,0.026,0.014,0.104
0.03,0.026,0.109,0.087,0.025,0.102,0.026,0.014,0.104,0.039
0.026,0.109,0.087,0.025,0.102,0.026,0.014,0.104,0.039,0.093
0.109,0.087,0.025,0.102,0.026,0.014,0.104,0.039,0.093,0.026
0.087,0.025,0.102,0.026,0.014,0.104,0.039,0.093,0.026,0.1
0.025,0.102,0.026,0.014,0.104,0.039,0.093,0.026,0.1,0.009
0.102,0.026,0.014,0.104,0.039,0.093,0.026,0.1,0.009,0.142
0.026,0.014,0.104,0.039,0.093,0.026,0.1,0.009,0.142,0.124
0.014,0.104,0.039,0.093,0.026,0.1,0.009,0.142,0.124,0.087
0.104,0.039,0.093,0.026,0.1,0.009,0.142,0.124,0.087,0.309
0.039,0.093,0.026,0.1,0.009,0.142,0.124,0.087,0.309,0.355
0.093,0.026,0.1,0.009,0.142,0.124,0.087,0.309,0.355,0.239
0.026,0.1,0.009,0.142,0.124,0.087,0.309,0.355,0.239,0.253
0.1,0.009,0.142,0.124,0.087,0.309,0.355,0.239,0.253,0.739
0.009,0.142,0.124,0.087,0.309,0.355,0.239,0.253,0.739,0.473
0.142,0.124,0.087,0.309,0.355,0.239,0.253,0.739,0.473,0.243
0.124,0.087,0.309,0.355,0.239,0.253,0.739,0.473,0.243,0.219
0.087,0.309,0.355,0.239,0.253,0.739,0.473,0.243,0.219,0.1
0.309,0.355,0.239,0.253,0.739,0.473,0.243,0.219,0.1,0.218
0.355,0.239,0.253,0.739,0.473,0.243,0.219,0.1,0.218,0.065
0.239,0.253,0.739,0.473,0.243,0.219,0.1,0.218,0.065,0.191
0.253,0.739,0.473,0.243,0.219,0.1,0.218,0.065,0.191,0.193
0.739,0.473,0.243,0.219,0.1,0.218,0.065,0.191,0.193,0.19
0.473,0.243,0.219,0.1,0.218,0.065,0.191,0.193,0.19,0.094
0.243,0.219,0.1,0.218,0.065,0.191,0.193,0.19,0.094,0.105
0.219,0.1,0.218,0.065,0.191,0.193,0.19,0.094,0.105,0.102
0.1,0.218,0.065,0.191,0.193,0.19,0.094,0.105,0.102,0.106
0.218,0.065,0.191,0.193,0.19,0.094,0.105,0.102,0.106,0.105
0.065,0.191,0.193,0.19,0.094,0.105,0.102,0.106,0.105,0.105
0.191,0.193,0.19,0.094,0.105,0.102,0.106,0.105,0.105,0.107
0.193,0.19,0.094,0.105,0.102,0.106,0.105,0.105,0.107,0.102
0.19,0.094,0.105,0.102,0.106,0.105,0.105,0.107,0.102,0.104
0.094,0.105,0.102,0.106,0.105,0.105,0.107,0.102,0.104,0.232
0.105,0.102,0.106,0.105,0.105,0.107,0.102,0.104,0.232,0.36
0.102,0.106,0.105,0.105,0.107,0.102,0.104,0.232,0.36,0.105
0.106,0.105,0.105,0.107,0.102,0.104,0.232,0.36,0.105,0.116
0.105,0.105,0.107,0.102,0.104,0.232,0.36,0.105,0.116,0.246
0.105,0.107,0.102,0.104,0.232,0.36,0.105,0.116,0.246,0.117
0.107,0.102,0.104,0.232,0.36,0.105,0.116,0.246,0.117,0.15
0.102,0.104,0.232,0.36,0.105,0.116,0.246,0.117,0.15,0.4
0.104,0.232,0.36,0.105,0.116,0.246,0.117,0.15,0.4,0.134
0.232,0.36,0.105,0.116,0.246,0.117,0.15,0.4,0.134,0.243
0.36,0.105,0.116,0.246,0.117,0.15,0.4,0.134,0.243,0.347
0.105,0.116,0.246,0.117,0.15,0.4,0.134,0.243,0.347,0.238
0.116,0.246,0.117,0.15,0.4,0.134,0.243,0.347,0.238,0.397
0.246,0.117,0.15,0.4,0.134,0.243,0.347,0.238,0.397,0.167
0.117,0.15,0.4,0.134,0.243,0.347,0.238,0.397,0.167,0.396
0.15,0.4,0.134,0.243,0.347,0.238,0.397,0.167,0.396,0.271
0.4,0.134,0.243,0.347,0.238,0.397,0.167,0.396,0.271,0.281
0.134,0.243,0.347,0.238,0.397,0.167,0.396,0.271,0.281,0.281
0.243,0.347,0.238,0.397,0.167,0.396,0.271,0.281,0.281,0.269
0.347,0.238,0.397,0.167,0.396,0.271,0.281,0.281,0.269,0.166
0.238,0.397,0.167,0.396,0.271,0.281,0.281,0.269,0.166,0.266
0.397,0.167,0.396,0.271,0.281,0.281,0.269,0.166,0.266,0.163
0.167,0.396,0.271,0.281,0.281,0.269,0.166,0.266,0.163,0.234
0.396,0.271,0.281,0.281,0.269,0.166,0.266,0.163,0.234,0.151
0.271,0.281,0.281,0.269,0.166,0.266,0.163,0.234,0.151,0.154
0.281,0.281,0.269,0.166,0.266,0.163,0.234,0.151,0.154,0.153
0.281,0.269,0.166,0.266,0.163,0.234,0.151,0.154,0.153,0.141
0.269,0.166,0.266,0.163,0.234,0.151,0.154,0.153,0.141,0.131
0.166,0.266,0.163,0.234,0.151,0.154,0.153,0.141,0.131,0.135
0.266,0.163,0.234,0.151,0.154,0.153,0.141,0.131,0.135,0.02
0.163,0.234,0.151,0.154,0.153,0.141,0.131,0.135,0.02,0.149
0.234,0.151,0.154,0.153,0.141,0.131,0.135,0.02,0.149,0.135
0.151,0.154,0.153,0.141,0.131,0.135,0.02,0.149,0.135,0.021
0.154,0.153,0.141,0.131,0.135,0.02,0.149,0.135,0.021,0.244
0.153,0.141,0.131,0.135,0.02,0.149,0.135,0.021,0.244,0.009
0.141,0.131,0.135,0.02,0.149,0.135,0.021,0.244,0.009,0.246
0.131,0.135,0.02,0.149,0.135,0.021,0.244,0.009,0.246,0.142
0.135,0.02,0.149,0.135,0.021,0.244,0.009,0.246,0.142,0.127
0.02,0.149,0.135,0.021,0.244,0.009,0.246,0.142,0.127,0.126
0.149,0.135,0.021,0.244,0.009,0.246,0.142,0.127,0.126,0.241
0.135,0.021,0.244,0.009,0.246,0.142,0.127,0.126,0.241,0.126
0.021,0.244,0.009,0.246,0.142,0.127,0.126,0.241,0.126,0.018
0.244,0.009,0.246,0.142,0.127,0.126,0.241,0.126,0.018,0.234
0.009,0.246,0.142,0.127,0.126,0.241,0.126,0.018,0.234,0.256
0.246,0.142,0.127,0.126,0.241,0.126,0.018,0.234,0.256,0.48
0.142,0.127,0.126,0.241,0.126,0.018,0.234,0.256,0.48,0.479
0.127,0.126,0.241,0.126,0.018,0.234,0.256,0.48,0.479,0.363
0.126,0.241,0.126,0.018,0.234,0.256,0.48,0.479,0.363,0.248
0.241,0.126,0.018,0.234,0.256,0.48,0.479,0.363,0.248,0.363
0.126,0.018,0.234,0.256,0.48,0.479,0.363,0.248,0.363,0.243
0.018,0.234,0.256,0.48,0.479,0.363,0.248,0.363,0.243,0.523
0.234,0.256,0.48,0.479,0.363,0.248,0.363,0.243,0.523,0.75
0.256,0.48,0.479,0.363,0.248,0.363,0.243,0.523,0.75,0.759
0.48,0.479,0.363,0.248,0.363,0.243,0.523,0.75,0.759,0.646
0.479,0.363,0.248,0.363,0.243,0.523,0.75,0.759,0.646,0.531
0.363,0.248,0.363,0.243,0.523,0.75,0.759,0.646,0.531,0.528
0.248,0.363,0.243,0.523,0.75,0.759,0.646,0.531,0.528,0.41
0.363,0.243,0.523,0.75,0.759,0.646,0.531,0.528,0.41,0.53
0.243,0.523,0.75,0.759,0.646,0.531,0.528,0.41,0.53,0.644
0.523,0.75,0.759,0.646,0.531,0.528,0.41,0.53,0.644,0.64
0.75,0.759,0.646,0.531,0.528,0.41,0.53,0.644,0.64,0.627
0.759,0.646,0.531,0.528,0.41,0.53,0.644,0.64,0.627,0.403
0.646,0.531,0.528,0.41,0.53,0.644,0.64,0.627,0.403,0.407
0.531,0.528,0.41,0.53,0.644,0.64,0.627,0.403,0.407,0.406
0.528,0.41,0.53,0.644,0.64,0.627,0.403,0.407,0.406,0.406
0.41,0.53,0.644,0.64,0.627,0.403,0.407,0.406,0.406,0.407
0.53,0.644,0.64,0.627,0.403,0.407,0.406,0.406,0.407,0.464
0.644,0.64,0.627,0.403,0.407,0.406,0.406,0.407,0.464,0.464
0.64,0.627,0.403,0.407,0.406,0.406,0.407,0.464,0.464,0.489
0.627,0.403,0.407,0.406,0.406,0.407,0.464,0.464,0.489,0.387
0.403,0.407,0.406,0.406,0.407,0.464,0.464,0.489,0.387,0.374
0.407,0.406,0.406,0.407,0.464,0.464,0.489,0.387,0.374,0.259
0.406,0.406,0.407,0.464,0.464,0.489,0.387,0.374,0.259,0.374
0.406,0.407,0.464,0.464,0.489,0.387,0.374,0.259,0.374,0.259
0.407,0.464,0.464,0.489,0.387,0.374,0.259,0.374,0.259,0.274
0.464,0.464,0.489,0.387,0.374,0.259,0.374,0.259,0.274,0.376
0.464,0.489,0.387,0.374,0.259,0.374,0.259,0.274,0.376,0.234
0.489,0.387,0.374,0.259,0.374,0.259,0.274,0.376,0.234,0.233
0.387,0.374,0.259,0.374,0.259,0.274,0.376,0.234,0.233,0.273
0.374,0.259,0.374,0.259,0.274,0.376,0.234,0.233,0.273,0.262
0.259,0.374,0.259,0.274,0.376,0.234,0.233,0.273,0.262,0.263
0.374,0.259,0.274,0.376,0.234,0.233,0.273,0.262,0.263,0.38
0.259,0.274,0.376,0.234,0.233,0.273,0.262,0.263,0.38,0.275
0.274,0.376,0.234,0.233,0.273,0.262,0.263,0.38,0.275,0.379
0.376,0.234,0.233,0.273,0.262,0.263,0.38,0.275,0.379,0.15
0.234,0.233,0.273,0.262,0.263,0.38,0.275,0.379,0.15,0.275
0.233,0.273,0.262,0.263,0.38,0.275,0.379,0.15,0.275,0.268
0.273,0.262,0.263,0.38,0.275,0.379,0.15,0.275,0.268,0.265
0.262,0.263,0.38,0.275,0.379,0.15,0.275,0.268,0.265,0.274
0.263,0.38,0.275,0.379,0.15,0.275,0.268,0.265,0.274,0.264
0.38,0.275,0.379,0.15,0.275,0.268,0.265,0.274,0.264,0.276
0.275,0.379,0.15,0.275,0.268,0.265,0.274,0.264,0.276,0.474
0.379,0.15,0.275,0.268,0.265,0.274,0.264,0.276,0.474,0.158
0.15,0.275,0.268,0.265,0.274,0.264,0.276,0.474,0.158,0.47
0.275,0.268,0.265,0.274,0.264,0.276,0.474,0.158,0.47,4.278
0.268,0.265,0.274,0.264,0.276,0.474,0.158,0.47,4.278,5.26
0.265,0.274,0.264,0.276,0.474,0.158,0.47,4.278,5.26,2.66
0.274,0.264,0.276,0.474,0.158,0.47,4.278,5.26,2.66,1.872
0.264,0.276,0.474,0.158,0.47,4.278,5.26,2.66,1.872,1.379
0.276,0.474,0.158,0.47,4.278,5.26,2.66,1.872,1.379,0.788
0.474,0.158,0.47,4.278,5.26,2.66,1.872,1.379,0.788,0.661
0.158,0.47,4.278,5.26,2.66,1.872,1.379,0.788,0.661,0.544
0.47,4.278,5.26,2.66,1.872,1.379,0.788,0.661,0.544,0.548
4.278,5.26,2.66,1.872,1.379,0.788,0.661,0.544,0.548,1.035
5.26,2.66,1.872,1.379,0.788,0.661,0.544,0.548,1.035,1.037
2.66,1.872,1.379,0.788,0.661,0.544,0.548,1.035,1.037,0.805
1.872,1.379,0.788,0.661,0.544,0.548,1.035,1.037,0.805,0.699
1.379,0.788,0.661,0.544,0.548,1.035,1.037,0.805,0.699,0.574
0.788,0.661,0.544,0.548,1.035,1.037,0.805,0.699,0.574,0.435
0.661,0.544,0.548,1.035,1.037,0.805,0.699,0.574,0.435,0.689
0.544,0.548,1.035,1.037,0.805,0.699,0.574,0.435,0.689,0.564
0.548,1.035,1.037,0.805,0.699,0.574,0.435,0.689,0.564,0.439
1.035,1.037,0.805,0.699,0.574,0.435,0.689,0.564,0.439,0.567
1.037,0.805,0.699,0.574,0.435,0.689,0.564,0.439,0.567,0.566
0.805,0.699,0.574,0.435,0.689,0.564,0.439,0.567,0.566,0.451
0.699,0.574,0.435,0.689,0.564,0.439,0.567,0.566,0.451,0.444
0.574,0.435,0.689,0.564,0.439,0.567,0.566,0.451,0.444,0.451
0.435,0.689,0.564,0.439,0.567,0.566,0.451,0.444,0.451,0.449
0.689,0.564,0.439,0.567,0.566,0.451,0.444,0.451,0.449,0.324
0.564,0.439,0.567,0.566,0.451,0.444,0.451,0.449,0.324,0.321
0.439,0.567,0.566,0.451,0.444,0.451,0.449,0.324,0.321,0.322
0.567,0.566,0.451,0.444,0.451,0.449,0.324,0.321,0.322,0.208
0.566,0.451,0.444,0.451,0.449,0.324,0.321,0.322,0.208,0.322
0.451,0.444,0.451,0.449,0.324,0.321,0.322,0.208,0.322,0.208
0.444,0.451,0.449,0.324,0.321,0.322,0.208,0.322,0.208,0.209
0.451,0.449,0.324,0.321,0.322,0.208,0.322,0.208,0.209,0.209
0.449,0.324,0.321,0.322,0.208,0.322,0.208,0.209,0.209,0.208
0.324,0.321,0.322,0.208,0.322,0.208,0.209,0.209,0.208,0.22
0.321,0.322,0.208,0.322,0.208,0.209,0.209,0.208,0.22,0.091
0.322,0.208,0.322,0.208,0.209,0.209,0.208,0.22,0.091,0.208
0.208,0.322,0.208,0.209,0.209,0.208,0.22,0.091,0.208,0.219
0.322,0.208,0.209,0.209,0.208,0.22,0.091,0.208,0.219,0.225
0.208,0.209,0.209,0.208,0.22,0.091,0.208,0.219,0.225,0.212
0.209,0.209,0.208,0.22,0.091,0.208,0.219,0.225,0.212,0.145
0.209,0.208,0.22,0.091,0.208,0.219,0.225,0.212,0.145,0.155
0.208,0.22,0.091,0.208,0.219,0.225,0.212,0.145,0.155,0.042
0.22,0.091,0.208,0.219,0.225,0.212,0.145,0.155,0.042,0.149
0.091,0.208,0.219,0.225,0.212,0.145,0.155,0.042,0.149,0.15
0.208,0.219,0.225,0.212,0.145,0.155,0.042,0.149,0.15,0.149
0.219,0.225,0.212,0.145,0.155,0.042,0.149,0.15,0.149,0.163
0.225,0.212,0.145,0.155,0.042,0.149,0.15,0.149,0.163,0.13
0.212,0.145,0.155,0.042,0.149,0.15,0.149,0.163,0.13,0.13
0.145,0.155,0.042,0.149,0.15,0.149,0.163,0.13,0.13,0.13
0.155,0.042,0.149,0.15,0.149,0.163,0.13,0.13,0.13,0.13
0.042,0.149,0.15,0.149,0.163,0.13,0.13,0.13,0.13,0.13
0.149,0.15,0.149,0.163,0.13,0.13,0.13,0.13,0.13,0.13
0.15,0.149,0.163,0.13,0.13,0.13,0.13,0.13,0.13,0.13
0.149,0.163,0.13,0.13,0.13,0.13,0.13,0.13,0.13,0.13
0.163,0.13,0.13,0.13,0.13,0.13,0.13,0.13,0.13,0.13
0.13,0.13,0.13,0.13,0.13,0.13,0.13,0.13,0.13,0.13
0.13,0.13,0.13,0.13,0.13,0.13,0.13,0.13,0.13,0.13
0.13,0.13,0.13,0.13,0.13,0.13,0.13,0.13,0.13,0.13
0.13,0.13,0.13,0.13,0.13,0.13,0.13,0.13,0.13,0.104
0.13,0.13,0.13,0.13,0.13,0.13,0.13,0.13,0.104,0.104
0.13,0.13,0.13,0.13,0.13,0.13,0.13,0.104,0.104,0.21
0.13,0.13,0.13,0.13,0.13,0.13,0.104,0.104,0.21,0.215
0.13,0.13,0.13,0.13,0.13,0.104,0.104,0.21,0.215,0.093
0.13,0.13,0.13,0.13,0.104,0.104,0.21,0.215,0.093,0.083
0.13,0.13,0.13,0.104,0.104,0.21,0.215,0.093,0.083,0.185
0.13,0.13,0.104,0.104,0.21,0.215,0.093,0.083,0.185,0.193
0.13,0.104,0.104,0.21,0.215,0.093,0.083,0.185,0.193,0.078
0.104,0.104,0.21,0.215,0.093,0.083,0.185,0.193,0.078,0.077
0.104,0.21,0.215,0.093,0.083,0.185,0.193,0.078,0.077,0.095
0.21,0.215,0.093,0.083,0.185,0.193,0.078,0.077,0.095,0.218
0.215,0.093,0.083,0.185,0.193,0.078,0.077,0.095,0.218,0.213
0.093,0.083,0.185,0.193,0.078,0.077,0.095,0.218,0.213,0.101
0.083,0.185,0.193,0.078,0.077,0.095,0.218,0.213,0.101,0.215
0.185,0.193,0.078,0.077,0.095,0.218,0.213,0.101,0.215,0.098
0.193,0.078,0.077,0.095,0.218,0.213,0.101,0.215,0.098,0.087
0.078,0.077,0.095,0.218,0.213,0.101,0.215,0.098,0.087,0.132
0.077,0.095,0.218,0.213,0.101,0.215,0.098,0.087,0.132,0.244
0.095,0.218,0.213,0.101,0.215,0.098,0.087,0.132,0.244,0.088
0.218,0.213,0.101,0.215,0.098,0.087,0.132,0.244,0.088,0.196
0.213,0.101,0.215,0.098,0.087,0.132,0.244,0.088,0.196,0.163
0.101,0.215,0.098,0.087,0.132,0.244,0.088,0.196,0.163,0.13
0.215,0.098,0.087,0.132,0.244,0.088,0.196,0.163,0.13,0.13
0.098,0.087,0.132,0.244,0.088,0.196,0.163,0.13,0.13,0.095
0.087,0.132,0.244,0.088,0.196,0.163,0.13,0.13,0.095,0.083
0.132,0.244,0.088,0.196,0.163,0.13,0.13,0.095,0.083,0.197
0.244,0.088,0.196,0.163,0.13,0.13,0.095,0.083,0.197,0.199
0.088,0.196,0.163,0.13,0.13,0.095,0.083,0.197,0.199,0.206
0.196,0.163,0.13,0.13,0.095,0.083,0.197,0.199,0.206,0.65
0.163,0.13,0.13,0.095,0.083,0.197,0.199,0.206,0.65,0.991
0.13,0.13,0.095,0.083,0.197,0.199,0.206,0.65,0.991,1.467
0.13,0.095,0.083,0.197,0.199,0.206,0.65,0.991,1.467,1.398
0.095,0.083,0.197,0.199,0.206,0.65,0.991,1.467,1.398,2.284
0.083,0.197,0.199,0.206,0.65,0.991,1.467,1.398,2.284,3.759
0.197,0.199,0.206,0.65,0.991,1.467,1.398,2.284,3.759,3.179
0.199,0.206,0.65,0.991,1.467,1.398,2.284,3.759,3.179,2.383
0.206,0.65,0.991,1.467,1.398,2.284,3.759,3.179,2.383,1.698
0.65,0.991,1.467,1.398,2.284,3.759,3.179,2.383,1.698,1.593
0.991,1.467,1.398,2.284,3.759,3.179,2.383,1.698,1.593,1.24
1.467,1.398,2.284,3.759,3.179,2.383,1.698,1.593,1.24,1.024
1.398,2.284,3.759,3.179,2.383,1.698,1.593,1.24,1.024,0.514
2.284,3.759,3.179,2.383,1.698,1.593,1.24,1.024,0.514,0.77
3.759,3.179,2.383,1.698,1.593,1.24,1.024,0.514,0.77,0.779
3.179,2.383,1.698,1.593,1.24,1.024,0.514,0.77,0.779,0.772
2.383,1.698,1.593,1.24,1.024,0.514,0.77,0.779,0.772,0.65
1.698,1.593,1.24,1.024,0.514,0.77,0.779,0.772,0.65,0.767
1.593,1.24,1.024,0.514,0.77,0.779,0.772,0.65,0.767,1.682
1.24,1.024,0.514,0.77,0.779,0.772,0.65,0.767,1.682,1.904
1.024,0.514,0.77,0.779,0.772,0.65,0.767,1.682,1.904,1.913
0.514,0.77,0.779,0.772,0.65,0.767,1.682,1.904,1.913,2.027
0.77,0.779,0.772,0.65,0.767,1.682,1.904,1.913,2.027,2.117
0.779,0.772,0.65,0.767,1.682,1.904,1.913,2.027,2.117,2.117
0.772,0.65,0.767,1.682,1.904,1.913,2.027,2.117,2.117,2.013
0.65,0.767,1.682,1.904,1.913,2.027,2.117,2.117,2.013,1.367
0.767,1.682,1.904,1.913,2.027,2.117,2.117,2.013,1.367,1.502
1.682,1.904,1.913,2.027,2.117,2.117,2.013,1.367,1.502,1.252
1.904,1.913,2.027,2.117,2.117,2.013,1.367,1.502,1.252,1.136
1.913,2.027,2.117,2.117,2.013,1.367,1.502,1.252,1.136,1.147
2.027,2.117,2.117,2.013,1.367,1.502,1.252,1.136,1.147,1.02
2.117,2.117,2.013,1.367,1.502,1.252,1.136,1.147,1.02,1.007
2.117,2.013,1.367,1.502,1.252,1.136,1.147,1.02,1.007,0.959
2.013,1.367,1.502,1.252,1.136,1.147,1.02,1.007,0.959,0.876
1.367,1.502,1.252,1.136,1.147,1.02,1.007,0.959,0.876,0.883
1.502,1.252,1.136,1.147,1.02,1.007,0.959,0.876,0.883,0.9
1.252,1.136,1.147,1.02,1.007,0.959,0.876,0.883,0.9,1.014
1.136,1.147,1.02,1.007,0.959,0.876,0.883,0.9,1.014,0.737
1.147,1.02,1.007,0.959,0.876,0.883,0.9,1.014,0.737,0.745
1.02,1.007,0.959,0.876,0.883,0.9,1.014,0.737,0.745,0.62
1.007,0.959,0.876,0.883,0.9,1.014,0.737,0.745,0.62,0.608
0.959,0.876,0.883,0.9,1.014,0.737,0.745,0.62,0.608,0.873
0.876,0.883,0.9,1.014,0.737,0.745,0.62,0.608,0.873,0.734
0.883,0.9,1.014,0.737,0.745,0.62,0.608,0.873,0.734,0.621
0.9,1.014,0.737,0.745,0.62,0.608,0.873,0.734,0.621,0.735
1.014,0.737,0.745,0.62,0.608,0.873,0.734,0.621,0.735,0.472
0.737,0.745,0.62,0.608,0.873,0.734,0.621,0.735,0.472,0.727
0.745,0.62,0.608,0.873,0.734,0.621,0.735,0.472,0.727,0.432
0.62,0.608,0.873,0.734,0.621,0.735,0.472,0.727,0.432,0.481
0.608,0.873,0.734,0.621,0.735,0.472,0.727,0.432,0.481,0.473
0.873,0.734,0.621,0.735,0.472,0.727,0.432,0.481,0.473,0.475
0.734,0.621,0.735,0.472,0.727,0.432,0.481,0.473,0.475,0.847
0.621,0.735,0.472,0.727,0.432,0.481,0.473,0.475,0.847,0.858
0.735,0.472,0.727,0.432,0.481,0.473,0.475,0.847,0.858,0.602
0.472,0.727,0.432,0.481,0.473,0.475,0.847,0.858,0.602,0.605
0.727,0.432,0.481,0.473,0.475,0.847,0.858,0.602,0.605,0.627
0.432,0.481,0.473,0.475,0.847,0.858,0.602,0.605,0.627,0.46
0.481,0.473,0.475,0.847,0.858,0.602,0.605,0.627,0.46,0.488
0.473,0.475,0.847,0.858,0.602,0.605,0.627,0.46,0.488,0.363
0.475,0.847,0.858,0.602,0.605,0.627,0.46,0.488,0.363,0.363
0.847,0.858,0.602,0.605,0.627,0.46,0.488,0.363,0.363,0.235
0.858,0.602,0.605,0.627,0.46,0.488,0.363,0.363,0.235,0.49
0.602,0.605,0.627,0.46,0.488,0.363,0.363,0.235,0.49,0.363
0.605,0.627,0.46,0.488,0.363,0.363,0.235,0.49,0.363,0.361
0.627,0.46,0.488,0.363,0.363,0.235,0.49,0.363,0.361,0.247
0.46,0.488,0.363,0.363,0.235,0.49,0.363,0.361,0.247,0.362
0.488,0.363,0.363,0.235,0.49,0.363,0.361,0.247,0.362,0.356
0.363,0.363,0.235,0.49,0.363,0.361,0.247,0.362,0.356,0.479
0.363,0.235,0.49,0.363,0.361,0.247,0.362,0.356,0.479,0.481
0.235,0.49,0.363,0.361,0.247,0.362,0.356,0.479,0.481,0.606
0.49,0.363,0.361,0.247,0.362,0.356,0.479,0.481,0.606,0.357
0.363,0.361,0.247,0.362,0.356,0.479,0.481,0.606,0.357,0.343
0.361,0.247,0.362,0.356,0.479,0.481,0.606,0.357,0.343,0.223
0.247,0.362,0.356,0.479,0.481,0.606,0.357,0.343,0.223,0.247
0.362,0.356,0.479,0.481,0.606,0.357,0.343,0.223,0.247,0.246
0.356,0.479,0.481,0.606,0.357,0.343,0.223,0.247,0.246,0.245
0.479,0.481,0.606,0.357,0.343,0.223,0.247,0.246,0.245,0.366
0.481,0.606,0.357,0.343,0.223,0.247,0.246,0.245,0.366,0.212
0.606,0.357,0.343,0.223,0.247,0.246,0.245,0.366,0.212,0.1
0.357,0.343,0.223,0.247,0.246,0.245,0.366,0.212,0.1,0.155
0.343,0.223,0.247,0.246,0.245,0.366,0.212,0.1,0.155,0.131
0.223,0.247,0.246,0.245,0.366,0.212,0.1,0.155,0.131,0.027
0.247,0.246,0.245,0.366,0.212,0.1,0.155,0.131,0.027,2.106
0.246,0.245,0.366,0.212,0.1,0.155,0.131,0.027,2.106,0.991
0.245,0.366,0.212,0.1,0.155,0.131,0.027,2.106,0.991,0.747
0.366,0.212,0.1,0.155,0.131,0.027,2.106,0.991,0.747,1.054
0.212,0.1,0.155,0.131,0.027,2.106,0.991,0.747,1.054,0.881
0.1,0.155,0.131,0.027,2.106,0.991,0.747,1.054,0.881,0.659
0.155,0.131,0.027,2.106,0.991,0.747,1.054,0.881,0.659,0.359
0.131,0.027,2.106,0.991,0.747,1.054,0.881,0.659,0.359,0.246
0.027,2.106,0.991,0.747,1.054,0.881,0.659,0.359,0.246,0.238
2.106,0.991,0.747,1.054,0.881,0.659,0.359,0.246,0.238,0.365
0.991,0.747,1.054,0.881,0.659,0.359,0.246,0.238,0.365,0.121
0.747,1.054,0.881,0.659,0.359,0.246,0.238,0.365,0.121,0.366
1.054,0.881,0.659,0.359,0.246,0.238,0.365,0.121,0.366,0.362
0.881,0.659,0.359,0.246,0.238,0.365,0.121,0.366,0.362,0.852
0.659,0.359,0.246,0.238,0.365,0.121,0.366,0.362,0.852,1.11
0.359,0.246,0.238,0.365,0.121,0.366,0.362,0.852,1.11,0.601
0.246,0.238,0.365,0.121,0.366,0.362,0.852,1.11,0.601,0.474
0.238,0.365,0.121,0.366,0.362,0.852,1.11,0.601,0.474,0.476
0.365,0.121,0.366,0.362,0.852,1.11,0.601,0.474,0.476,0.22
0.121,0.366,0.362,0.852,1.11,0.601,0.474,0.476,0.22,0.219
0.366,0.362,0.852,1.11,0.601,0.474,0.476,0.22,0.219,1.21
0.362,0.852,1.11,0.601,0.474,0.476,0.22,0.219,1.21,0.872
0.852,1.11,0.601,0.474,0.476,0.22,0.219,1.21,0.872,0.869
1.11,0.601,0.474,0.476,0.22,0.219,1.21,0.872,0.869,0.603
0.601,0.474,0.476,0.22,0.219,1.21,0.872,0.869,0.603,0.47
0.474,0.476,0.22,0.219,1.21,0.872,0.869,0.603,0.47,0.212
0.476,0.22,0.219,1.21,0.872,0.869,0.603,0.47,0.212,0.721
0.22,0.219,1.21,0.872,0.869,0.603,0.47,0.212,0.721,0.959
0.219,1.21,0.872,0.869,0.603,0.47,0.212,0.721,0.959,0.591
1.21,0.872,0.869,0.603,0.47,0.212,0.721,0.959,0.591,1.354
0.872,0.869,0.603,0.47,0.212,0.721,0.959,0.591,1.354,1.354
0.869,0.603,0.47,0.212,0.721,0.959,0.591,1.354,1.354,0.977
0.603,0.47,0.212,0.721,0.959,0.591,1.354,1.354,0.977,1.102
0.47,0.212,0.721,0.959,0.591,1.354,1.354,0.977,1.102,2.385
0.212,0.721,0.959,0.591,1.354,1.354,0.977,1.102,2.385,1.145
0.721,0.959,0.591,1.354,1.354,0.977,1.102,2.385,1.145,0.731
0.959,0.591,1.354,1.354,0.977,1.102,2.385,1.145,0.731,0.604
0.591,1.354,1.354,0.977,1.102,2.385,1.145,0.731,0.604,0.615
1.354,1.354,0.977,1.102,2.385,1.145,0.731,0.604,0.615,0.471
1.354,0.977,1.102,2.385,1.145,0.731,0.604,0.615,0.471,0.337
0.977,1.102,2.385,1.145,0.731,0.604,0.615,0.471,0.337,0.348
1.102,2.385,1.145,0.731,0.604,0.615,0.471,0.337,0.348,0.341
2.385,1.145,0.731,0.604,0.615,0.471,0.337,0.348,0.341,0.218
1.145,0.731,0.604,0.615,0.471,0.337,0.348,0.341,0.218,0.223
0.731,0.604,0.615,0.471,0.337,0.348,0.341,0.218,0.223,0.336
0.604,0.615,0.471,0.337,0.348,0.341,0.218,0.223,0.336,0.348
0.615,0.471,0.337,0.348,0.341,0.218,0.223,0.336,0.348,0.469
0.471,0.337,0.348,0.341,0.218,0.223,0.336,0.348,0.469,0.457
0.337,0.348,0.341,0.218,0.223,0.336,0.348,0.469,0.457,0.332
0.348,0.341,0.218,0.223,0.336,0.348,0.469,0.457,0.332,0.195
0.341,0.218,0.223,0.336,0.348,0.469,0.457,0.332,0.195,0.329
0.218,0.223,0.336,0.348,0.469,0.457,0.332,0.195,0.329,0.449
0.223,0.336,0.348,0.469,0.457,0.332,0.195,0.329,0.449,0.331
0.336,0.348,0.469,0.457,0.332,0.195,0.329,0.449,0.331,0.208
0.348,0.469,0.457,0.332,0.195,0.329,0.449,0.331,0.208,0.204
0.469,0.457,0.332,0.195,0.329,0.449,0.331,0.208,0.204,0.466
0.457,0.332,0.195,0.329,0.449,0.331,0.208,0.204,0.466,0.218
0.332,0.195,0.329,0.449,0.331,0.208,0.204,0.466,0.218,0.085
0.195,0.329,0.449,0.331,0.208,0.204,0.466,0.218,0.085,0.087
0.329,0.449,0.331,0.208,0.204,0.466,0.218,0.085,0.087,0.218
0.449,0.331,0.208,0.204,0.466,0.218,0.085,0.087,0.218,0.099
0.331,0.208,0.204,0.466,0.218,0.085,0.087,0.218,0.099,0.05
0.208,0.204,0.466,0.218,0.085,0.087,0.218,0.099,0.05,0.05
0.204,0.466,0.218,0.085,0.087,0.218,0.099,0.05,0.05,0.242
0.466,0.218,0.085,0.087,0.218,0.099,0.05,0.05,0.242,0.625
0.218,0.085,0.087,0.218,0.099,0.05,0.05,0.242,0.625,0.612
0.085,0.087,0.218,0.099,0.05,0.05,0.242,0.625,0.612,0.584
0.087,0.218,0.099,0.05,0.05,0.242,0.625,0.612,0.584,0.484
0.218,0.099,0.05,0.05,0.242,0.625,0.612,0.584,0.484,0.604
0.099,0.05,0.05,0.242,0.625,0.612,0.584,0.484,0.604,0.478
0.05,0.05,0.242,0.625,0.612,0.584,0.484,0.604,0.478,0.479
0.05,0.242,0.625,0.612,0.584,0.484,0.604,0.478,0.479,0.222
0.242,0.625,0.612,0.584,0.484,0.604,0.478,0.479,0.222,0.104
0.625,0.612,0.584,0.484,0.604,0.478,0.479,0.222,0.104,0.22
0.612,0.584,0.484,0.604,0.478,0.479,0.222,0.104,0.22,0.091
0.584,0.484,0.604,0.478,0.479,0.222,0.104,0.22,0.091,0.218
0.484,0.604,0.478,0.479,0.222,0.104,0.22,0.091,0.218,0.092
0.604,0.478,0.479,0.222,0.104,0.22,0.091,0.218,0.092,0.229
0.478,0.479,0.222,0.104,0.22,0.091,0.218,0.092,0.229,0.47
0.479,0.222,0.104,0.22,0.091,0.218,0.092,0.229,0.47,0.341
0.222,0.104,0.22,0.091,0.218,0.092,0.229,0.47,0.341,0.84
0.104,0.22,0.091,0.218,0.092,0.229,0.47,0.341,0.84,0.596
0.22,0.091,0.218,0.092,0.229,0.47,0.341,0.84,0.596,0.341
0.091,0.218,0.092,0.229,0.47,0.341,0.84,0.596,0.341,0.379
0.218,0.092,0.229,0.47,0.341,0.84,0.596,0.341,0.379,0.212
0.092,0.229,0.47,0.341,0.84,0.596,0.341,0.379,0.212,0.217
0.229,0.47,0.341,0.84,0.596,0.341,0.379,0.212,0.217,0.122
0.47,0.341,0.84,0.596,0.341,0.379,0.212,0.217,0.122,0.123
0.341,0.84,0.596,0.341,0.379,0.212,0.217,0.122,0.123,0.122
0.84,0.596,0.341,0.379,0.212,0.217,0.122,0.123,0.122,0.13
0.596,0.341,0.379,0.212,0.217,0.122,0.123,0.122,0.13,0.228
0.341,0.379,0.212,0.217,0.122,0.123,0.122,0.13,0.228,0.182
0.379,0.212,0.217,0.122,0.123,0.122,0.13,0.228,0.182,0.242
0.212,0.217,0.122,0.123,0.122,0.13,0.228,0.182,0.242,0.11
0.217,0.122,0.123,0.122,0.13,0.228,0.182,0.242,0.11,0.123
0.122,0.123,0.122,0.13,0.228,0.182,0.242,0.11,0.123,0.243
0.123,0.122,0.13,0.228,0.182,0.242,0.11,0.123,0.243,0.483
0.122,0.13,0.228,0.182,0.242,0.11,0.123,0.243,0.483,0.717
0.13,0.228,0.182,0.242,0.11,0.123,0.243,0.483,0.717,0.465
0.228,0.182,0.242,0.11,0.123,0.243,0.483,0.717,0.465,0.473
0.182,0.242,0.11,0.123,0.243,0.483,0.717,0.465,0.473,0.345
0.242,0.11,0.123,0.243,0.483,0.717,0.465,0.473,0.345,0.358
0.11,0.123,0.243,0.483,0.717,0.465,0.473,0.345,0.358,0.225
0.123,0.243,0.483,0.717,0.465,0.473,0.345,0.358,0.225,0.356
0.243,0.483,0.717,0.465,0.473,0.345,0.358,0.225,0.356,0.611
0.483,0.717,0.465,0.473,0.345,0.358,0.225,0.356,0.611,0.483
0.717,0.465,0.473,0.345,0.358,0.225,0.356,0.611,0.483,0.482
0.465,0.473,0.345,0.358,0.225,0.356,0.611,0.483,0.482,0.357
0.473,0.345,0.358,0.225,0.356,0.611,0.483,0.482,0.357,0.367
0.345,0.358,0.225,0.356,0.611,0.483,0.482,0.357,0.367,0.355
0.358,0.225,0.356,0.611,0.483,0.482,0.357,0.367,0.355,0.316
0.225,0.356,0.611,0.483,0.482,0.357,0.367,0.355,0.316,0.353
0.356,0.611,0.483,0.482,0.357,0.367,0.355,0.316,0.353,0.367
0.611,0.483,0.482,0.357,0.367,0.355,0.316,0.353,0.367,0.229
0.483,0.482,0.357,0.367,0.355,0.316,0.353,0.367,0.229,0.354
0.482,0.357,0.367,0.355,0.316,0.353,0.367,0.229,0.354,0.164
0.357,0.367,0.355,0.316,0.353,0.367,0.229,0.354,0.164,0.27
0.367,0.355,0.316,0.353,0.367,0.229,0.354,0.164,0.27,0.141
0.355,0.316,0.353,0.367,0.229,0.354,0.164,0.27,0.141,0.397
0.316,0.353,0.367,0.229,0.354,0.164,0.27,0.141,0.397,0.156
0.353,0.367,0.229,0.354,0.164,0.27,0.141,0.397,0.156,0.4
0.367,0.229,0.354,0.164,0.27,0.141,0.397,0.156,0.4,0.145
0.229,0.354,0.164,0.27,0.141,0.397,0.156,0.4,0.145,0.283
0.354,0.164,0.27,0.141,0.397,0.156,0.4,0.145,0.283,0.146
0.164,0.27,0.141,0.397,0.156,0.4,0.145,0.283,0.146,0.1
0.27,0.141,0.397,0.156,0.4,0.145,0.283,0.146,0.1,0.073
0.141,0.397,0.156,0.4,0.145,0.283,0.146,0.1,0.073,0.109
0.397,0.156,0.4,0.145,0.283,0.146,0.1,0.073,0.109,0.136
0.156,0.4,0.145,0.283,0.146,0.1,0.073,0.109,0.136,0.137
0.4,0.145,0.283,0.146,0.1,0.073,0.109,0.136,0.137,0.127
0.145,0.283,0.146,0.1,0.073,0.109,0.136,0.137,0.127,0.139
0.283,0.146,0.1,0.073,0.109,0.136,0.137,0.127,0.139,0.313
0.146,0.1,0.073,0.109,0.136,0.137,0.127,0.139,0.313,0.105
0.1,0.073,0.109,0.136,0.137,0.127,0.139,0.313,0.105,0.622
0.073,0.109,0.136,0.137,0.127,0.139,0.313,0.105,0.622,2.957
0.109,0.136,0.137,0.127,0.139,0.313,0.105,0.622,2.957,1.629
0.136,0.137,0.127,0.139,0.313,0.105,0.622,2.957,1.629,1.082
0.137,0.127,0.139,0.313,0.105,0.622,2.957,1.629,1.082,0.856
0.127,0.139,0.313,0.105,0.622,2.957,1.629,1.082,0.856,0.653
0.139,0.313,0.105,0.622,2.957,1.629,1.082,0.856,0.653,0.726
0.313,0.105,0.622,2.957,1.629,1.082,0.856,0.653,0.726,0.752
0.105,0.622,2.957,1.629,1.082,0.856,0.653,0.726,0.752,0.721
0.622,2.957,1.629,1.082,0.856,0.653,0.726,0.752,0.721,0.829
2.957,1.629,1.082,0.856,0.653,0.726,0.752,0.721,0.829,0.733
1.629,1.082,0.856,0.653,0.726,0.752,0.721,0.829,0.733,0.716
1.082,0.856,0.653,0.726,0.752,0.721,0.829,0.733,0.716,0.724
0.856,0.653,0.726,0.752,0.721,0.829,0.733,0.716,0.724,0.768
0.653,0.726,0.752,0.721,0.829,0.733,0.716,0.724,0.768,0.502
0.726,0.752,0.721,0.829,0.733,0.716,0.724,0.768,0.502,0.703
0.752,0.721,0.829,0.733,0.716,0.724,0.768,0.502,0.703,0.54
0.721,0.829,0.733,0.716,0.724,0.768,0.502,0.703,0.54,0.457
0.829,0.733,0.716,0.724,0.768,0.502,0.703,0.54,0.457,0.764
0.733,0.716,0.724,0.768,0.502,0.703,0.54,0.457,0.764,1.027
0.716,0.724,0.768,0.502,0.703,0.54,0.457,0.764,1.027,0.787
0.724,0.768,0.502,0.703,0.54,0.457,0.764,1.027,0.787,0.788
0.768,0.502,0.703,0.54,0.457,0.764,1.027,0.787,0.788,0.648
0.502,0.703,0.54,0.457,0.764,1.027,0.787,0.788,0.648,0.696
0.703,0.54,0.457,0.764,1.027,0.787,0.788,0.648,0.696,0.581
0.54,0.457,0.764,1.027,0.787,0.788,0.648,0.696,0.581,0.681
0.457,0.764,1.027,0.787,0.788,0.648,0.696,0.581,0.681,0.54
0.764,1.027,0.787,0.788,0.648,0.696,0.581,0.681,0.54,0.787
1.027,0.787,0.788,0.648,0.696,0.581,0.681,0.54,0.787,0.402
0.787,0.788,0.648,0.696,0.581,0.681,0.54,0.787,0.402,0.647
0.788,0.648,0.696,0.581,0.681,0.54,0.787,0.402,0.647,0.512
0.648,0.696,0.581,0.681,0.54,0.787,0.402,0.647,0.512,0.751
0.696,0.581,0.681,0.54,0.787,0.402,0.647,0.512,0.751,0.495
0.581,0.681,0.54,0.787,0.402,0.647,0.512,0.751,0.495,0.495
0.681,0.54,0.787,0.402,0.647,0.512,0.751,0.495,0.495,0.382
0.54,0.787,0.402,0.647,0.512,0.751,0.495,0.495,0.382,0.51
0.787,0.402,0.647,0.512,0.751,0.495,0.495,0.382,0.51,0.326
0.402,0.647,0.512,0.751,0.495,0.495,0.382,0.51,0.326,0.35
0.647,0.512,0.751,0.495,0.495,0.382,0.51,0.326,0.35,0.503
0.512,0.751,0.495,0.495,0.382,0.51,0.326,0.35,0.503,0.25
0.751,0.495,0.495,0.382,0.51,0.326,0.35,0.503,0.25,0.504
0.495,0.495,0.382,0.51,0.326,0.35,0.503,0.25,0.504,0.343
0.495,0.382,0.51,0.326,0.35,0.503,0.25,0.504,0.343,0.357
0.382,0.51,0.326,0.35,0.503,0.25,0.504,0.343,0.357,0.353
0.51,0.326,0.35,0.503,0.25,0.504,0.343,0.357,0.353,0.481
0.326,0.35,0.503,0.25,0.504,0.343,0.357,0.353,0.481,0.483
0.35,0.503,0.25,0.504,0.343,0.357,0.353,0.481,0.483,0.329
0.503,0.25,0.504,0.343,0.357,0.353,0.481,0.483,0.329,0.317
0.25,0.504,0.343,0.357,0.353,0.481,0.483,0.329,0.317,0.335
0.504,0.343,0.357,0.353,0.481,0.483,0.329,0.317,0.335,0.335
0.343,0.357,0.353,0.481,0.483,0.329,0.317,0.335,0.335,0.349
0.357,0.353,0.481,0.483,0.329,0.317,0.335,0.335,0.349,0.214
0.353,0.481,0.483,0.329,0.317,0.335,0.335,0.349,0.214,0.343
0.481,0.483,0.329,0.317,0.335,0.335,0.349,0.214,0.343,0.217
0.483,0.329,0.317,0.335,0.335,0.349,0.214,0.343,0.217,0.345
0.329,0.317,0.335,0.335,0.349,0.214,0.343,0.217,0.345,0.217
0.317,0.335,0.335,0.349,0.214,0.343,0.217,0.345,0.217,0.226
0.335,0.335,0.349,0.214,0.343,0.217,0.345,0.217,0.226,0.344
0.335,0.349,0.214,0.343,0.217,0.345,0.217,0.226,0.344,0.344
0.349,0.214,0.343,0.217,0.345,0.217,0.226,0.344,0.344,0.218
0.214,0.343,0.217,0.345,0.217,0.226,0.344,0.344,0.218,0.853
0.343,0.217,0.345,0.217,0.226,0.344,0.344,0.218,0.853,0.969
0.217,0.345,0.217,0.226,0.344,0.344,0.218,0.853,0.969,0.471
0.345,0.217,0.226,0.344,0.344,0.218,0.853,0.969,0.471,0.345
0.217,0.226,0.344,0.344,0.218,0.853,0.969,0.471,0.345,0.535
0.226,0.344,0.344,0.218,0.853,0.969,0.471,0.345,0.535,0.42
0.344,0.344,0.218,0.853,0.969,0.471,0.345,0.535,0.42,0.535
0.344,0.218,0.853,0.969,0.471,0.345,0.535,0.42,0.535,0.152
0.218,0.853,0.969,0.471,0.345,0.535,0.42,0.535,0.152,0.28
0.853,0.969,0.471,0.345,0.535,0.42,0.535,0.152,0.28,0.294
0.969,0.471,0.345,0.535,0.42,0.535,0.152,0.28,0.294,0.28
0.471,0.345,0.535,0.42,0.535,0.152,0.28,0.294,0.28,0.163
0.345,0.535,0.42,0.535,0.152,0.28,0.294,0.28,0.163,0.186
0.535,0.42,0.535,0.152,0.28,0.294,0.28,0.163,0.186,0.187
0.42,0.535,0.152,0.28,0.294,0.28,0.163,0.186,0.187,0.175
0.535,0.152,0.28,0.294,0.28,0.163,0.186,0.187,0.175,0.193
0.152,0.28,0.294,0.28,0.163,0.186,0.187,0.175,0.193,0.439
0.28,0.294,0.28,0.163,0.186,0.187,0.175,0.193,0.439,0.324
0.294,0.28,0.163,0.186,0.187,0.175,0.193,0.439,0.324,0.195
0.28,0.163,0.186,0.187,0.175,0.193,0.439,0.324,0.195,0.314
0.163,0.186,0.187,0.175,0.193,0.439,0.324,0.195,0.314,0.323
0.186,0.187,0.175,0.193,0.439,0.324,0.195,0.314,0.323,0.209
0.187,0.175,0.193,0.439,0.324,0.195,0.314,0.323,0.209,0.297
0.175,0.193,0.439,0.324,0.195,0.314,0.323,0.209,0.297,0.185
0.193,0.439,0.324,0.195,0.314,0.323,0.209,0.297,0.185,0.306
0.439,0.324,0.195,0.314,0.323,0.209,0.297,0.185,0.306,0.308
0.324,0.195,0.314,0.323,0.209,0.297,0.185,0.306,0.308,0.12
0.195,0.314,0.323,0.209,0.297,0.185,0.306,0.308,0.12,0.18
0.314,0.323,0.209,0.297,0.185,0.306,0.308,0.12,0.18,0.304
0.323,0.209,0.297,0.185,0.306,0.308,0.12,0.18,0.304,0.185
0.209,0.297,0.185,0.306,0.308,0.12,0.18,0.304,0.185,0.186
0.297,0.185,0.306,0.308,0.12,0.18,0.304,0.185,0.186,0.197
0.185,0.306,0.308,0.12,0.18,0.304,0.185,0.186,0.197,0.15
0.306,0.308,0.12,0.18,0.304,0.185,0.186,0.197,0.15,0.15
0.308,0.12,0.18,0.304,0.185,0.186,0.197,0.15,0.15,0.141
0.12,0.18,0.304,0.185,0.186,0.197,0.15,0.15,0.141,0.155
0.18,0.304,0.185,0.186,0.197,0.15,0.15,0.141,0.155,0.165
0.304,0.185,0.186,0.197,0.15,0.15,0.141,0.155,0.165,0.15
0.185,0.186,0.197,0.15,0.15,0.141,0.155,0.165,0.15,0.173
0.186,0.197,0.15,0.15,0.141,0.155,0.165,0.15,0.173,0.215
0.197,0.15,0.15,0.141,0.155,0.165,0.15,0.173,0.215,0.215
0.15,0.15,0.141,0.155,0.165,0.15,0.173,0.215,0.215,0.216
0.15,0.141,0.155,0.165,0.15,0.173,0.215,0.215,0.216,0.213
0.141,0.155,0.165,0.15,0.173,0.215,0.215,0.216,0.213,0.216
0.155,0.165,0.15,0.173,0.215,0.215,0.216,0.213,0.216,0.227
0.165,0.15,0.173,0.215,0.215,0.216,0.213,0.216,0.227,0.219
0.15,0.173,0.215,0.215,0.216,0.213,0.216,0.227,0.219,0.221
0.173,0.215,0.215,0.216,0.213,0.216,0.227,0.219,0.221,0.118
0.215,0.215,0.216,0.213,0.216,0.227,0.219,0.221,0.118,0.347
0.215,0.216,0.213,0.216,0.227,0.219,0.221,0.118,0.347,0.12
0.216,0.213,0.216,0.227,0.219,0.221,0.118,0.347,0.12,0.224
0.213,0.216,0.227,0.219,0.221,0.118,0.347,0.12,0.224,0.219
0.216,0.227,0.219,0.221,0.118,0.347,0.12,0.224,0.219,0.334
0.227,0.219,0.221,0.118,0.347,0.12,0.224,0.219,0.334,0.348
0.219,0.221,0.118,0.347,0.12,0.224,0.219,0.334,0.348,1.246
0.221,0.118,0.347,0.12,0.224,0.219,0.334,0.348,1.246,4.811
0.118,0.347,0.12,0.224,0.219,0.334,0.348,1.246,4.811,6.346
0.347,0.12,0.224,0.219,0.334,0.348,1.246,4.811,6.346,2.388
0.12,0.224,0.219,0.334,0.348,1.246,4.811,6.346,2.388,1.947
0.224,0.219,0.334,0.348,1.246,4.811,6.346,2.388,1.947,1.442
0.219,0.334,0.348,1.246,4.811,6.346,2.388,1.947,1.442,1.337
0.334,0.348,1.246,4.811,6.346,2.388,1.947,1.442,1.337,1.597
0.348,1.246,4.811,6.346,2.388,1.947,1.442,1.337,1.597,1.579
1.246,4.811,6.346,2.388,1.947,1.442,1.337,1.597,1.579,1.638
4.811,6.346,2.388,1.947,1.442,1.337,1.597,1.579,1.638,2.882
6.346,2.388,1.947,1.442,1.337,1.597,1.579,1.638,2.882,5.219
2.388,1.947,1.442,1.337,1.597,1.579,1.638,2.882,5.219,3.059
1.947,1.442,1.337,1.597,1.579,1.638,2.882,5.219,3.059,2.829
1.442,1.337,1.597,1.579,1.638,2.882,5.219,3.059,2.829,4.671
1.337,1.597,1.579,1.638,2.882,5.219,3.059,2.829,4.671,6.534
1.597,1.579,1.638,2.882,5.219,3.059,2.829,4.671,6.534,3.72
1.579,1.638,2.882,5.219,3.059,2.829,4.671,6.534,3.72,2.77
1.638,2.882,5.219,3.059,2.829,4.671,6.534,3.72,2.77,2.389
2.882,5.219,3.059,2.829,4.671,6.534,3.72,2.77,2.389,2.251
5.219,3.059,2.829,4.671,6.534,3.72,2.77,2.389,2.251,2.13
3.059,2.829,4.671,6.534,3.72,2.77,2.389,2.251,2.13,1.641
2.829,4.671,6.534,3.72,2.77,2.389,2.251,2.13,1.641,1.655
4.671,6.534,3.72,2.77,2.389,2.251,2.13,1.641,1.655,1.496
6.534,3.72,2.77,2.389,2.251,2.13,1.641,1.655,1.496,1.517
3.72,2.77,2.389,2.251,2.13,1.641,1.655,1.496,1.517,1.246
2.77,2.389,2.251,2.13,1.641,1.655,1.496,1.517,1.246,1.247
2.389,2.251,2.13,1.641,1.655,1.496,1.517,1.246,1.247,1.121
2.251,2.13,1.641,1.655,1.496,1.517,1.246,1.247,1.121,0.993
2.13,1.641,1.655,1.496,1.517,1.246,1.247,1.121,0.993,0.952
1.641,1.655,1.496,1.517,1.246,1.247,1.121,0.993,0.952,0.962
1.655,1.496,1.517,1.246,1.247,1.121,0.993,0.952,0.962,0.825
1.496,1.517,1.246,1.247,1.121,0.993,0.952,0.962,0.825,1.089
1.517,1.246,1.247,1.121,0.993,0.952,0.962,0.825,1.089,1.931
1.246,1.247,1.121,0.993,0.952,0.962,0.825,1.089,1.931,2.196
1.247,1.121,0.993,0.952,0.962,0.825,1.089,1.931,2.196,1.49
1.121,0.993,0.952,0.962,0.825,1.089,1.931,2.196,1.49,1.882
0.993,0.952,0.962,0.825,1.089,1.931,2.196,1.49,1.882,1.627
0.952,0.962,0.825,1.089,1.931,2.196,1.49,1.882,1.627,1.361
0.962,0.825,1.089,1.931,2.196,1.49,1.882,1.627,1.361,1.353
0.825,1.089,1.931,2.196,1.49,1.882,1.627,1.361,1.353,1.354
1.089,1.931,2.196,1.49,1.882,1.627,1.361,1.353,1.354,1.222
1.931,2.196,1.49,1.882,1.627,1.361,1.353,1.354,1.222,1.159
2.196,1.49,1.882,1.627,1.361,1.353,1.354,1.222,1.159,1.436
1.49,1.882,1.627,1.361,1.353,1.354,1.222,1.159,1.436,1.297
1.882,1.627,1.361,1.353,1.354,1.222,1.159,1.436,1.297,1.811
1.627,1.361,1.353,1.354,1.222,1.159,1.436,1.297,1.811,1.831
1.361,1.353,1.354,1.222,1.159,1.436,1.297,1.811,1.831,1.97
1.353,1.354,1.222,1.159,1.436,1.297,1.811,1.831,1.97,1.692
1.354,1.222,1.159,1.436,1.297,1.811,1.831,1.97,1.692,1.436
1.222,1.159,1.436,1.297,1.811,1.831,1.97,1.692,1.436,1.42
1.159,1.436,1.297,1.811,1.831,1.97,1.692,1.436,1.42,1.234
1.436,1.297,1.811,1.831,1.97,1.692,1.436,1.42,1.234,1.221
1.297,1.811,1.831,1.97,1.692,1.436,1.42,1.234,1.221,1.77
1.811,1.831,1.97,1.692,1.436,1.42,1.234,1.221,1.77,3.036
1.831,1.97,1.692,1.436,1.42,1.234,1.221,1.77,3.036,1.783
1.97,1.692,1.436,1.42,1.234,1.221,1.77,3.036,1.783,1.637
1.692,1.436,1.42,1.234,1.221,1.77,3.036,1.783,1.637,1.241
1.436,1.42,1.234,1.221,1.77,3.036,1.783,1.637,1.241,0.963
1.42,1.234,1.221,1.77,3.036,1.783,1.637,1.241,0.963,1.244
1.234,1.221,1.77,3.036,1.783,1.637,1.241,0.963,1.244,0.309
1.221,1.77,3.036,1.783,1.637,1.241,0.963,1.244,0.309,0.98
1.77,3.036,1.783,1.637,1.241,0.963,1.244,0.309,0.98,2.131
3.036,1.783,1.637,1.241,0.963,1.244,0.309,0.98,2.131,1.332
1.783,1.637,1.241,0.963,1.244,0.309,0.98,2.131,1.332,1.333
1.637,1.241,0.963,1.244,0.309,0.98,2.131,1.332,1.333,1.214
1.241,0.963,1.244,0.309,0.98,2.131,1.332,1.333,1.214,1.036
0.963,1.244,0.309,0.98,2.131,1.332,1.333,1.214,1.036,0.877
1.244,0.309,0.98,2.131,1.332,1.333,1.214,1.036,0.877,0.879
0.309,0.98,2.131,1.332,1.333,1.214,1.036,0.877,0.879,0.735
0.98,2.131,1.332,1.333,1.214,1.036,0.877,0.879,0.735,0.544
2.131,1.332,1.333,1.214,1.036,0.877,0.879,0.735,0.544,0.683
1.332,1.333,1.214,1.036,0.877,0.879,0.735,0.544,0.683,0.672
1.333,1.214,1.036,0.877,0.879,0.735,0.544,0.683,0.672,0.548
1.214,1.036,0.877,0.879,0.735,0.544,0.683,0.672,0.548,0.956
1.036,0.877,0.879,0.735,0.544,0.683,0.672,0.548,0.956,0.954
0.877,0.879,0.735,0.544,0.683,0.672,0.548,0.956,0.954,0.942
0.879,0.735,0.544,0.683,0.672,0.548,0.956,0.954,0.942,0.875
0.735,0.544,0.683,0.672,0.548,0.956,0.954,0.942,0.875,0.88
0.544,0.683,0.672,0.548,0.956,0.954,0.942,0.875,0.88,0.72
0.683,0.672,0.548,0.956,0.954,0.942,0.875,0.88,0.72,0.589
0.672,0.548,0.956,0.954,0.942,0.875,0.88,0.72,0.589,0.59
0.548,0.956,0.954,0.942,0.875,0.88,0.72,0.589,0.59,0.46
0.956,0.954,0.942,0.875,0.88,0.72,0.589,0.59,0.46,0.46
0.954,0.942,0.875,0.88,0.72,0.589,0.59,0.46,0.46,0.543
0.942,0.875,0.88,0.72,0.589,0.59,0.46,0.46,0.543,0.54
0.875,0.88,0.72,0.589,0.59,0.46,0.46,0.543,0.54,0.542
0.88,0.72,0.589,0.59,0.46,0.46,0.543,0.54,0.542,0.275
0.72,0.589,0.59,0.46,0.46,0.543,0.54,0.542,0.275,0.402
0.589,0.59,0.46,0.46,0.543,0.54,0.542,0.275,0.402,0.411
0.59,0.46,0.46,0.543,0.54,0.542,0.275,0.402,0.411,0.276
0.46,0.46,0.543,0.54,0.542,0.275,0.402,0.411,0.276,0.54
0.46,0.543,0.54,0.542,0.275,0.402,0.411,0.276,0.54,0.541
0.543,0.54,0.542,0.275,0.402,0.411,0.276,0.54,0.541,0.274
0.54,0.542,0.275,0.402,0.411,0.276,0.54,0.541,0.274,0.309
0.542,0.275,0.402,0.411,0.276,0.54,0.541,0.274,0.309,0.152
0.275,0.402,0.411,0.276,0.54,0.541,0.274,0.309,0.152,0.142
0.402,0.411,0.276,0.54,0.541,0.274,0.309,0.152,0.142,0.121
0.411,0.276,0.54,0.541,0.274,0.309,0.152,0.142,0.121,0.527
0.276,0.54,0.541,0.274,0.309,0.152,0.142,0.121,0.527,0.399
0.54,0.541,0.274,0.309,0.152,0.142,0.121,0.527,0.399,0.26
0.541,0.274,0.309,0.152,0.142,0.121,0.527,0.399,0.26,0.134
0.274,0.309,0.152,0.142,0.121,0.527,0.399,0.26,0.134,0.194
0.309,0.152,0.142,0.121,0.527,0.399,0.26,0.134,0.194,0.092
0.152,0.142,0.121,0.527,0.399,0.26,0.134,0.194,0.092,0.105
0.142,0.121,0.527,0.399,0.26,0.134,0.194,0.092,0.105,0.117
0.121,0.527,0.399,0.26,0.134,0.194,0.092,0.105,0.117,0.118
0.527,0.399,0.26,0.134,0.194,0.092,0.105,0.117,0.118,0.045
0.399,0.26,0.134,0.194,0.092,0.105,0.117,0.118,0.045,0.045
0.26,0.134,0.194,0.092,0.105,0.117,0.118,0.045,0.045,0.045
0.134,0.194,0.092,0.105,0.117,0.118,0.045,0.045,0.045,0.045
0.194,0.092,0.105,0.117,0.118,0.045,0.045,0.045,0.045,0.045
0.092,0.105,0.117,0.118,0.045,0.045,0.045,0.045,0.045,0.045
0.105,0.117,0.118,0.045,0.045,0.045,0.045,0.045,0.045,0.045
0.117,0.118,0.045,0.045,0.045,0.045,0.045,0.045,0.045,0.045
0.118,0.045,0.045,0.045,0.045,0.045,0.045,0.045,0.045,0.045
0.045,0.045,0.045,0.045,0.045,0.045,0.045,0.045,0.045,0.045
0.045,0.045,0.045,0.045,0.045,0.045,0.045,0.045,0.045,0.045
0.045,0.045,0.045,0.045,0.045,0.045,0.045,0.045,0.045,0.045
0.045,0.045,0.045,0.045,0.045,0.045,0.045,0.045,0.045,0.045
0.045,0.045,0.045,0.045,0.045,0.045,0.045,0.045,0.045,0.045
0.045,0.045,0.045,0.045,0.045,0.045,0.045,0.045,0.045,0.045
0.045,0.045,0.045,0.045,0.045,0.045,0.045,0.045,0.045,0.045
0.045,0.045,0.045,0.045,0.045,0.045,0.045,0.045,0.045,0.045
0.045,0.045,0.045,0.045,0.045,0.045,0.045,0.045,0.045,0.045
0.045,0.045,0.045,0.045,0.045,0.045,0.045,0.045,0.045,0.045
0.045,0.045,0.045,0.045,0.045,0.045,0.045,0.045,0.045,0.045
0.045,0.045,0.045,0.045,0.045,0.045,0.045,0.045,0.045,0.045
0.045,0.045,0.045,0.045,0.045,0.045,0.045,0.045,0.045,0.045
0.045,0.045,0.045,0.045,0.045,0.045,0.045,0.045,0.045,0.045
0.045,0.045,0.045,0.045,0.045,0.045,0.045,0.045,0.045,0.045
0.045,0.045,0.045,0.045,0.045,0.045,0.045,0.045,0.045,0.045
0.045,0.045,0.045,0.045,0.045,0.045,0.045,0.045,0.045,0.045
0.045,0.045,0.045,0.045,0.045,0.045,0.045,0.045,0.045,0.045
0.045,0.045,0.045,0.045,0.045,0.045,0.045,0.045,0.045,0.045
0.045,0.045,0.045,0.045,0.045,0.045,0.045,0.045,0.045,0.045
0.045,0.045,0.045,0.045,0.045,0.045,0.045,0.045,0.045,0.045
0.045,0.045,0.045,0.045,0.045,0.045,0.045,0.045,0.045,0.045
0.045,0.045,0.045,0.045,0.045,0.045,0.045,0.045,0.045,0.045
0.045,0.045,0.045,0.045,0.045,0.045,0.045,0.045,0.045,0.045
0.045,0.045,0.045,0.045,0.045,0.045,0.045,0.045,0.045,0.045
0.045,0.045,0.045,0.045,0.045,0.045,0.045,0.045,0.045,0.045
0.045,0.045,0.045,0.045,0.045,0.045,0.045,0.045,0.045,0.045
0.045,0.045,0.045,0.045,0.045,0.045,0.045,0.045,0.045,0.045
0.045,0.045,0.045,0.045,0.045,0.045,0.045,0.045,0.045,0.045
0.045,0.045,0.045,0.045,0.045,0.045,0.045,0.045,0.045,0.045
0.045,0.045,0.045,0.045,0.045,0.045,0.045,0.045,0.045,0.045
0.045,0.045,0.045,0.045,0.045,0.045,0.045,0.045,0.045,0.045
0.045,0.045,0.045,0.045,0.045,0.045,0.045,0.045,0.045,0.045
0.045,0.045,0.045,0.045,0.045,0.045,0.045,0.045,0.045,0.045
0.045,0.045,0.045,0.045,0.045,0.045,0.045,0.045,0.045,0.045
0.045,0.045,0.045,0.045,0.045,0.045,0.045,0.045,0.045,0.045
0.045,0.045,0.045,0.045,0.045,0.045,0.045,0.045,0.045,0.045
0.045,0.045,0.045,0.045,0.045,0.045,0.045,0.045,0.045,0.045
0.045,0.045,0.045,0.045,0.045,0.045,0.045,0.045,0.045,0.045
0.045,0.045,0.045,0.045,0.045,0.045,0.045,0.045,0.045,0.045
0.045,0.045,0.045,0.045,0.045,0.045,0.045,0.045,0.045,0.106
0.045,0.045,0.045,0.045,0.045,0.045,0.045,0.045,0.106,0.117
0.045,0.045,0.045,0.045,0.045,0.045,0.045,0.106,0.117,0.171
0.045,0.045,0.045,0.045,0.045,0.045,0.106,0.117,0.171,0.476
0.045,0.045,0.045,0.045,0.045,0.106,0.117,0.171,0.476,0.43
0.045,0.045,0.045,0.045,0.106,0.117,0.171,0.476,0.43,0.231
0.045,0.045,0.045,0.106,0.117,0.171,0.476,0.43,0.231,0.711
0.045,0.045,0.106,0.117,0.171,0.476,0.43,0.231,0.711,0.583
0.045,0.106,0.117,0.171,0.476,0.43,0.231,0.711,0.583,0.471
0.106,0.117,0.171,0.476,0.43,0.231,0.711,0.583,0.471,0.354
0.117,0.171,0.476,0.43,0.231,0.711,0.583,0.471,0.354,0.108
0.171,0.476,0.43,0.231,0.711,0.583,0.471,0.354,0.108,0.098
0.476,0.43,0.231,0.711,0.583,0.471,0.354,0.108,0.098,0.11
0.43,0.231,0.711,0.583,0.471,0.354,0.108,0.098,0.11,0.11
0.231,0.711,0.583,0.471,0.354,0.108,0.098,0.11,0.11,0.105
0.711,0.583,0.471,0.354,0.108,0.098,0.11,0.11,0.105,0.093
0.583,0.471,0.354,0.108,0.098,0.11,0.11,0.105,0.093,0.036
0.471,0.354,0.108,0.098,0.11,0.11,0.105,0.093,0.036,0.036
0.354,0.108,0.098,0.11,0.11,0.105,0.093,0.036,0.036,0.036
0.108,0.098,0.11,0.11,0.105,0.093,0.036,0.036,0.036,0.036
0.098,0.11,0.11,0.105,0.093,0.036,0.036,0.036,0.036,0.036
0.11,0.11,0.105,0.093,0.036,0.036,0.036,0.036,0.036,0.036
0.11,0.105,0.093,0.036,0.036,0.036,0.036,0.036,0.036,0.036
0.105,0.093,0.036,0.036,0.036,0.036,0.036,0.036,0.036,0.036
0.093,0.036,0.036,0.036,0.036,0.036,0.036,0.036,0.036,0.036
0.036,0.036,0.036,0.036,0.036,0.036,0.036,0.036,0.036,0.036
0.036,0.036,0.036,0.036,0.036,0.036,0.036,0.036,0.036,0.036
0.036,0.036,0.036,0.036,0.036,0.036,0.036,0.036,0.036,0.036
0.036,0.036,0.036,0.036,0.036,0.036,0.036,0.036,0.036,0.036
0.036,0.036,0.036,0.036,0.036,0.036,0.036,0.036,0.036,0.036
0.036,0.036,0.036,0.036,0.036,0.036,0.036,0.036,0.036,0.036
0.036,0.036,0.036,0.036,0.036,0.036,0.036,0.036,0.036,0.036
0.036,0.036,0.036,0.036,0.036,0.036,0.036,0.036,0.036,0.036
0.036,0.036,0.036,0.036,0.036,0.036,0.036,0.036,0.036,0.036
0.036,0.036,0.036,0.036,0.036,0.036,0.036,0.036,0.036,0.036
0.036,0.036,0.036,0.036,0.036,0.036,0.036,0.036,0.036,0.036
0.036,0.036,0.036,0.036,0.036,0.036,0.036,0.036,0.036,0.036
0.036,0.036,0.036,0.036,0.036,0.036,0.036,0.036,0.036,0.036
0.036,0.036,0.036,0.036,0.036,0.036,0.036,0.036,0.036,0.036
0.036,0.036,0.036,0.036,0.036,0.036,0.036,0.036,0.036,0.036
0.036,0.036,0.036,0.036,0.036,0.036,0.036,0.036,0.036,0.036
0.036,0.036,0.036,0.036,0.036,0.036,0.036,0.036,0.036,0.036
0.036,0.036,0.036,0.036,0.036,0.036,0.036,0.036,0.036,0.036
0.036,0.036,0.036,0.036,0.036,0.036,0.036,0.036,0.036,0.036
0.036,0.036,0.036,0.036,0.036,0.036,0.036,0.036,0.036,0.036
0.036,0.036,0.036,0.036,0.036,0.036,0.036,0.036,0.036,0.036
0.036,0.036,0.036,0.036,0.036,0.036,0.036,0.036,0.036,0.036
0.036,0.036,0.036,0.036,0.036,0.036,0.036,0.036,0.036,0.036
0.036,0.036,0.036,0.036,0.036,0.036,0.036,0.036,0.036,0.036
0.036,0.036,0.036,0.036,0.036,0.036,0.036,0.036,0.036,0.036
0.036,0.036,0.036,0.036,0.036,0.036,0.036,0.036,0.036,0.036
0.036,0.036,0.036,0.036,0.036,0.036,0.036,0.036,0.036,0.036
0.036,0.036,0.036,0.036,0.036,0.036,0.036,0.036,0.036,0.036
0.036,0.036,0.036,0.036,0.036,0.036,0.036,0.036,0.036,0.036
0.036,0.036,0.036,0.036,0.036,0.036,0.036,0.036,0.036,0.036
0.036,0.036,0.036,0.036,0.036,0.036,0.036,0.036,0.036,0.036
0.036,0.036,0.036,0.036,0.036,0.036,0.036,0.036,0.036,0.036
0.036,0.036,0.036,0.036,0.036,0.036,0.036,0.036,0.036,0.036
0.036,0.036,0.036,0.036,0.036,0.036,0.036,0.036,0.036,0.036
0.036,0.036,0.036,0.036,0.036,0.036,0.036,0.036,0.036,0.036
0.036,0.036,0.036,0.036,0.036,0.036,0.036,0.036,0.036,0.036
0.036,0.036,0.036,0.036,0.036,0.036,0.036,0.036,0.036,0.036
0.036,0.036,0.036,0.036,0.036,0.036,0.036,0.036,0.036,0.036
0.036,0.036,0.036,0.036,0.036,0.036,0.036,0.036,0.036,0.036
0.036,0.036,0.036,0.036,0.036,0.036,0.036,0.036,0.036,0.036
0.036,0.036,0.036,0.036,0.036,0.036,0.036,0.036,0.036,0.036
0.036,0.036,0.036,0.036,0.036,0.036,0.036,0.036,0.036,0.036
0.036,0.036,0.036,0.036,0.036,0.036,0.036,0.036,0.036,0.036
0.036,0.036,0.036,0.036,0.036,0.036,0.036,0.036,0.036,0.036
0.036,0.036,0.036,0.036,0.036,0.036,0.036,0.036,0.036,0.036
0.036,0.036,0.036,0.036,0.036,0.036,0.036,0.036,0.036,0.036
0.036,0.036,0.036,0.036,0.036,0.036,0.036,0.036,0.036,0.036
0.036,0.036,0.036,0.036,0.036,0.036,0.036,0.036,0.036,0.036
0.036,0.036,0.036,0.036,0.036,0.036,0.036,0.036,0.036,0.036
0.036,0.036,0.036,0.036,0.036,0.036,0.036,0.036,0.036,0.036
0.036,0.036,0.036,0.036,0.036,0.036,0.036,0.036,0.036,0.036
0.036,0.036,0.036,0.036,0.036,0.036,0.036,0.036,0.036,0.036
0.036,0.036,0.036,0.036,0.036,0.036,0.036,0.036,0.036,0.036
0.036,0.036,0.036,0.036,0.036,0.036,0.036,0.036,0.036,0.036
0.036,0.036,0.036,0.036,0.036,0.036,0.036,0.036,0.036,0.036
0.036,0.036,0.036,0.036,0.036,0.036,0.036,0.036,0.036,0.036
0.036,0.036,0.036,0.036,0.036,0.036,0.036,0.036,0.036,0.036
0.036,0.036,0.036,0.036,0.036,0.036,0.036,0.036,0.036,0.036
0.036,0.036,0.036,0.036,0.036,0.036,0.036,0.036,0.036,0.036
0.036,0.036,0.036,0.036,0.036,0.036,0.036,0.036,0.036,0.036
0.036,0.036,0.036,0.036,0.036,0.036,0.036,0.036,0.036,0.39
0.036,0.036,0.036,0.036,0.036,0.036,0.036,0.036,0.39,0.182
0.036,0.036,0.036,0.036,0.036,0.036,0.036,0.39,0.182,0.181
0.036,0.036,0.036,0.036,0.036,0.036,0.39,0.182,0.181,0.18
0.036,0.036,0.036,0.036,0.036,0.39,0.182,0.181,0.18,0.184
0.036,0.036,0.036,0.036,0.39,0.182,0.181,0.18,0.184,0.287
0.036,0.036,0.036,0.39,0.182,0.181,0.18,0.184,0.287,0.18
0.036,0.036,0.39,0.182,0.181,0.18,0.184,0.287,0.18,0.184
0.036,0.39,0.182,0.181,0.18,0.184,0.287,0.18,0.184,0.186
0.39,0.182,0.181,0.18,0.184,0.287,0.18,0.184,0.186,0.181
0.182,0.181,0.18,0.184,0.287,0.18,0.184,0.186,0.181,0.079
0.181,0.18,0.184,0.287,0.18,0.184,0.186,0.181,0.079,0.057
0.18,0.184,0.287,0.18,0.184,0.186,0.181,0.079,0.057,0.057
0.184,0.287,0.18,0.184,0.186,0.181,0.079,0.057,0.057,0.057
0.287,0.18,0.184,0.186,0.181,0.079,0.057,0.057,0.057,0.057
0.18,0.184,0.186,0.181,0.079,0.057,0.057,0.057,0.057,0.057
0.184,0.186,0.181,0.079,0.057,0.057,0.057,0.057,0.057,0.057
0.186,0.181,0.079,0.057,0.057,0.057,0.057,0.057,0.057,0.057
0.181,0.079,0.057,0.057,0.057,0.057,0.057,0.057,0.057,0.057
0.079,0.057,0.057,0.057,0.057,0.057,0.057,0.057,0.057,0.057
0.057,0.057,0.057,0.057,0.057,0.057,0.057,0.057,0.057,0.057
0.057,0.057,0.057,0.057,0.057,0.057,0.057,0.057,0.057,0.057
0.057,0.057,0.057,0.057,0.057,0.057,0.057,0.057,0.057,0.057
0.057,0.057,0.057,0.057,0.057,0.057,0.057,0.057,0.057,0.057
0.057,0.057,0.057,0.057,0.057,0.057,0.057,0.057,0.057,0.057
0.057,0.057,0.057,0.057,0.057,0.057,0.057,0.057,0.057,0.057
0.057,0.057,0.057,0.057,0.057,0.057,0.057,0.057,0.057,0.057
0.057,0.057,0.057,0.057,0.057,0.057,0.057,0.057,0.057,0.057
0.057,0.057,0.057,0.057,0.057,0.057,0.057,0.057,0.057,0.057
0.057,0.057,0.057,0.057,0.057,0.057,0.057,0.057,0.057,0.057
0.057,0.057,0.057,0.057,0.057,0.057,0.057,0.057,0.057,0.057
0.057,0.057,0.057,0.057,0.057,0.057,0.057,0.057,0.057,0.057
0.057,0.057,0.057,0.057,0.057,0.057,0.057,0.057,0.057,0.057
0.057,0.057,0.057,0.057,0.057,0.057,0.057,0.057,0.057,0.057
0.057,0.057,0.057,0.057,0.057,0.057,0.057,0.057,0.057,0.057
0.057,0.057,0.057,0.057,0.057,0.057,0.057,0.057,0.057,0.057
0.057,0.057,0.057,0.057,0.057,0.057,0.057,0.057,0.057,0.219
0.057,0.057,0.057,0.057,0.057,0.057,0.057,0.057,0.219,0.309
0.057,0.057,0.057,0.057,0.057,0.057,0.057,0.219,0.309,0.203
0.057,0.057,0.057,0.057,0.057,0.057,0.219,0.309,0.203,0.101
0.057,0.057,0.057,0.057,0.057,0.219,0.309,0.203,0.101,0.101
0.057,0.057,0.057,0.057,0.219,0.309,0.203,0.101,0.101,0.101
0.057,0.057,0.057,0.219,0.309,0.203,0.101,0.101,0.101,0.101
0.057,0.057,0.219,0.309,0.203,0.101,0.101,0.101,0.101,0.101
0.057,0.219,0.309,0.203,0.101,0.101,0.101,0.101,0.101,0.101
0.219,0.309,0.203,0.101,0.101,0.101,0.101,0.101,0.101,0.101
0.309,0.203,0.101,0.101,0.101,0.101,0.101,0.101,0.101,0.101
0.203,0.101,0.101,0.101,0.101,0.101,0.101,0.101,0.101,0.101
0.101,0.101,0.101,0.101,0.101,0.101,0.101,0.101,0.101,0.101
0.101,0.101,0.101,0.101,0.101,0.101,0.101,0.101,0.101,0.101
0.101,0.101,0.101,0.101,0.101,0.101,0.101,0.101,0.101,0.101
0.101,0.101,0.101,0.101,0.101,0.101,0.101,0.101,0.101,0.101
0.101,0.101,0.101,0.101,0.101,0.101,0.101,0.101,0.101,0.101
0.101,0.101,0.101,0.101,0.101,0.101,0.101,0.101,0.101,0.101
0.101,0.101,0.101,0.101,0.101,0.101,0.101,0.101,0.101,0.101
0.101,0.101,0.101,0.101,0.101,0.101,0.101,0.101,0.101,0.101
0.101,0.101,0.101,0.101,0.101,0.101,0.101,0.101,0.101,0.101
0.101,0.101,0.101,0.101,0.101,0.101,0.101,0.101,0.101,0.101
0.101,0.101,0.101,0.101,0.101,0.101,0.101,0.101,0.101,0.101
0.101,0.101,0.101,0.101,0.101,0.101,0.101,0.101,0.101,0.101
0.101,0.101,0.101,0.101,0.101,0.101,0.101,0.101,0.101,0.101
0.101,0.101,0.101,0.101,0.101,0.101,0.101,0.101,0.101,0.265
0.101,0.101,0.101,0.101,0.101,0.101,0.101,0.101,0.265,0.549
0.101,0.101,0.101,0.101,0.101,0.101,0.101,0.265,0.549,1.608
0.101,0.101,0.101,0.101,0.101,0.101,0.265,0.549,1.608,0.923
0.101,0.101,0.101,0.101,0.101,0.265,0.549,1.608,0.923,0.747
0.101,0.101,0.101,0.101,0.265,0.549,1.608,0.923,0.747,0.551
0.101,0.101,0.101,0.265,0.549,1.608,0.923,0.747,0.551,0.294
0.101,0.101,0.265,0.549,1.608,0.923,0.747,0.551,0.294,0.282
0.101,0.265,0.549,1.608,0.923,0.747,0.551,0.294,0.282,0.28
0.265,0.549,1.608,0.923,0.747,0.551,0.294,0.282,0.28,0.391
0.549,1.608,0.923,0.747,0.551,0.294,0.282,0.28,0.391,0.194
1.608,0.923,0.747,0.551,0.294,0.282,0.28,0.391,0.194,0.354
0.923,0.747,0.551,0.294,0.282,0.28,0.391,0.194,0.354,0.298
0.747,0.551,0.294,0.282,0.28,0.391,0.194,0.354,0.298,0.227
0.551,0.294,0.282,0.28,0.391,0.194,0.354,0.298,0.227,0.459
0.294,0.282,0.28,0.391,0.194,0.354,0.298,0.227,0.459,1.025
0.282,0.28,0.391,0.194,0.354,0.298,0.227,0.459,1.025,0.932
0.28,0.391,0.194,0.354,0.298,0.227,0.459,1.025,0.932,0.726
0.391,0.194,0.354,0.298,0.227,0.459,1.025,0.932,0.726,0.625
0.194,0.354,0.298,0.227,0.459,1.025,0.932,0.726,0.625,0.635
0.354,0.298,0.227,0.459,1.025,0.932,0.726,0.625,0.635,0.321
0.298,0.227,0.459,1.025,0.932,0.726,0.625,0.635,0.321,0.425
0.227,0.459,1.025,0.932,0.726,0.625,0.635,0.321,0.425,0.364
0.459,1.025,0.932,0.726,0.625,0.635,0.321,0.425,0.364,0.562
1.025,0.932,0.726,0.625,0.635,0.321,0.425,0.364,0.562,0.53
0.932,0.726,0.625,0.635,0.321,0.425,0.364,0.562,0.53,0.62
0.726,0.625,0.635,0.321,0.425,0.364,0.562,0.53,0.62,0.629
0.625,0.635,0.321,0.425,0.364,0.562,0.53,0.62,0.629,0.625
0.635,0.321,0.425,0.364,0.562,0.53,0.62,0.629,0.625,0.909
0.321,0.425,0.364,0.562,0.53,0.62,0.629,0.625,0.909,0.543
0.425,0.364,0.562,0.53,0.62,0.629,0.625,0.909,0.543,0.478
0.364,0.562,0.53,0.62,0.629,0.625,0.909,0.543,0.478,0.566
0.562,0.53,0.62,0.629,0.625,0.909,0.543,0.478,0.566,0.576
0.53,0.62,0.629,0.625,0.909,0.543,0.478,0.566,0.576,0.379
0.62,0.629,0.625,0.909,0.543,0.478,0.566,0.576,0.379,0.46
0.629,0.625,0.909,0.543,0.478,0.566,0.576,0.379,0.46,0.288
0.625,0.909,0.543,0.478,0.566,0.576,0.379,0.46,0.288,0.303
0.909,0.543,0.478,0.566,0.576,0.379,0.46,0.288,0.303,0.64
0.543,0.478,0.566,0.576,0.379,0.46,0.288,0.303,0.64,0.472
0.478,0.566,0.576,0.379,0.46,0.288,0.303,0.64,0.472,0.539
0.566,0.576,0.379,0.46,0.288,0.303,0.64,0.472,0.539,0.496
0.576,0.379,0.46,0.288,0.303,0.64,0.472,0.539,0.496,0.53
0.379,0.46,0.288,0.303,0.64,0.472,0.539,0.496,0.53,0.484
0.46,0.288,0.303,0.64,0.472,0.539,0.496,0.53,0.484,0.478
0.288,0.303,0.64,0.472,0.539,0.496,0.53,0.484,0.478,0.369
0.303,0.64,0.472,0.539,0.496,0.53,0.484,0.478,0.369,0.367
0.64,0.472,0.539,0.496,0.53,0.484,0.478,0.369,0.367,0.254
0.472,0.539,0.496,0.53,0.484,0.478,0.369,0.367,0.254,0.242
0.539,0.496,0.53,0.484,0.478,0.369,0.367,0.254,0.242,0.279
0.496,0.53,0.484,0.478,0.369,0.367,0.254,0.242,0.279,0.162
0.53,0.484,0.478,0.369,0.367,0.254,0.242,0.279,0.162,0.186
0.484,0.478,0.369,0.367,0.254,0.242,0.279,0.162,0.186,0.336
0.478,0.369,0.367,0.254,0.242,0.279,0.162,0.186,0.336,0.263
0.369,0.367,0.254,0.242,0.279,0.162,0.186,0.336,0.263,0.078
0.367,0.254,0.242,0.279,0.162,0.186,0.336,0.263,0.078,0.17
0.254,0.242,0.279,0.162,0.186,0.336,0.263,0.078,0.17,0.184
0.242,0.279,0.162,0.186,0.336,0.263,0.078,0.17,0.184,0.174
0.279,0.162,0.186,0.336,0.263,0.078,0.17,0.184,0.174,0.172
0.162,0.186,0.336,0.263,0.078,0.17,0.184,0.174,0.172,0.172
0.186,0.336,0.263,0.078,0.17,0.184,0.174,0.172,0.172,0.154
0.336,0.263,0.078,0.17,0.184,0.174,0.172,0.172,0.154,0.242
0.263,0.078,0.17,0.184,0.174,0.172,0.172,0.154,0.242,0.153
0.078,0.17,0.184,0.174,0.172,0.172,0.154,0.242,0.153,0.168
0.17,0.184,0.174,0.172,0.172,0.154,0.242,0.153,0.168,0.291
0.184,0.174,0.172,0.172,0.154,0.242,0.153,0.168,0.291,0.265
0.174,0.172,0.172,0.154,0.242,0.153,0.168,0.291,0.265,0.659
0.172,0.172,0.154,0.242,0.153,0.168,0.291,0.265,0.659,0.742
0.172,0.154,0.242,0.153,0.168,0.291,0.265,0.659,0.742,0.6
0.154,0.242,0.153,0.168,0.291,0.265,0.659,0.742,0.6,0.744
0.242,0.153,0.168,0.291,0.265,0.659,0.742,0.6,0.744,0.632
0.153,0.168,0.291,0.265,0.659,0.742,0.6,0.744,0.632,0.463
0.168,0.291,0.265,0.659,0.742,0.6,0.744,0.632,0.463,0.556
0.291,0.265,0.659,0.742,0.6,0.744,0.632,0.463,0.556,0.279
0.265,0.659,0.742,0.6,0.744,0.632,0.463,0.556,0.279,0.462
0.659,0.742,0.6,0.744,0.632,0.463,0.556,0.279,0.462,0.465
0.742,0.6,0.744,0.632,0.463,0.556,0.279,0.462,0.465,0.557
0.6,0.744,0.632,0.463,0.556,0.279,0.462,0.465,0.557,0.437
0.744,0.632,0.463,0.556,0.279,0.462,0.465,0.557,0.437,0.452
0.632,0.463,0.556,0.279,0.462,0.465,0.557,0.437,0.452,0.361
0.463,0.556,0.279,0.462,0.465,0.557,0.437,0.452,0.361,0.458
0.556,0.279,0.462,0.465,0.557,0.437,0.452,0.361,0.458,0.428
0.279,0.462,0.465,0.557,0.437,0.452,0.361,0.458,0.428,0.452
0.462,0.465,0.557,0.437,0.452,0.361,0.458,0.428,0.452,0.547
0.465,0.557,0.437,0.452,0.361,0.458,0.428,0.452,0.547,0.65
0.557,0.437,0.452,0.361,0.458,0.428,0.452,0.547,0.65,0.722
0.437,0.452,0.361,0.458,0.428,0.452,0.547,0.65,0.722,0.835
0.452,0.361,0.458,0.428,0.452,0.547,0.65,0.722,0.835,1.427
0.361,0.458,0.428,0.452,0.547,0.65,0.722,0.835,1.427,2.754
0.458,0.428,0.452,0.547,0.65,0.722,0.835,1.427,2.754,1.601
0.428,0.452,0.547,0.65,0.722,0.835,1.427,2.754,1.601,1.346
0.452,0.547,0.65,0.722,0.835,1.427,2.754,1.601,1.346,0.943
0.547,0.65,0.722,0.835,1.427,2.754,1.601,1.346,0.943,1.112
0.65,0.722,0.835,1.427,2.754,1.601,1.346,0.943,1.112,0.927
0.722,0.835,1.427,2.754,1.601,1.346,0.943,1.112,0.927,0.889
0.835,1.427,2.754,1.601,1.346,0.943,1.112,0.927,0.889,0.997
1.427,2.754,1.601,1.346,0.943,1.112,0.927,0.889,0.997,1.009
2.754,1.601,1.346,0.943,1.112,0.927,0.889,0.997,1.009,1.037
1.601,1.346,0.943,1.112,0.927,0.889,0.997,1.009,1.037,1.009
1.346,0.943,1.112,0.927,0.889,0.997,1.009,1.037,1.009,0.916
0.943,1.112,0.927,0.889,0.997,1.009,1.037,1.009,0.916,0.89
1.112,0.927,0.889,0.997,1.009,1.037,1.009,0.916,0.89,0.693
0.927,0.889,0.997,1.009,1.037,1.009,0.916,0.89,0.693,0.751
0.889,0.997,1.009,1.037,1.009,0.916,0.89,0.693,0.751,0.67
0.997,1.009,1.037,1.009,0.916,0.89,0.693,0.751,0.67,0.554
1.009,1.037,1.009,0.916,0.89,0.693,0.751,0.67,0.554,0.551
1.037,1.009,0.916,0.89,0.693,0.751,0.67,0.554,0.551,0.572
1.009,0.916,0.89,0.693,0.751,0.67,0.554,0.551,0.572,0.382
0.916,0.89,0.693,0.751,0.67,0.554,0.551,0.572,0.382,0.557
0.89,0.693,0.751,0.67,0.554,0.551,0.572,0.382,0.557,0.592
0.693,0.751,0.67,0.554,0.551,0.572,0.382,0.557,0.592,0.57
0.751,0.67,0.554,0.551,0.572,0.382,0.557,0.592,0.57,0.352
0.67,0.554,0.551,0.572,0.382,0.557,0.592,0.57,0.352,0.458
0.554,0.551,0.572,0.382,0.557,0.592,0.57,0.352,0.458,0.389
0.551,0.572,0.382,0.557,0.592,0.57,0.352,0.458,0.389,0.774
0.572,0.382,0.557,0.592,0.57,0.352,0.458,0.389,0.774,0.769
0.382,0.557,0.592,0.57,0.352,0.458,0.389,0.774,0.769,0.573
0.557,0.592,0.57,0.352,0.458,0.389,0.774,0.769,0.573,0.441
0.592,0.57,0.352,0.458,0.389,0.774,0.769,0.573,0.441,0.466
0.57,0.352,0.458,0.389,0.774,0.769,0.573,0.441,0.466,0.453
0.352,0.458,0.389,0.774,0.769,0.573,0.441,0.466,0.453,0.351
0.458,0.389,0.774,0.769,0.573,0.441,0.466,0.453,0.351,0.467
0.389,0.774,0.769,0.573,0.441,0.466,0.453,0.351,0.467,0.454
0.774,0.769,0.573,0.441,0.466,0.453,0.351,0.467,0.454,0.492
0.769,0.573,0.441,0.466,0.453,0.351,0.467,0.454,0.492,1.403
0.573,0.441,0.466,0.453,0.351,0.467,0.454,0.492,1.403,1.027
0.441,0.466,0.453,0.351,0.467,0.454,0.492,1.403,1.027,0.665
0.466,0.453,0.351,0.467,0.454,0.492,1.403,1.027,0.665,0.375
0.453,0.351,0.467,0.454,0.492,1.403,1.027,0.665,0.375,0.55
0.351,0.467,0.454,0.492,1.403,1.027,0.665,0.375,0.55,0.352
0.467,0.454,0.492,1.403,1.027,0.665,0.375,0.55,0.352,0.349
0.454,0.492,1.403,1.027,0.665,0.375,0.55,0.352,0.349,0.351
0.492,1.403,1.027,0.665,0.375,0.55,0.352,0.349,0.351,0.244
1.403,1.027,0.665,0.375,0.55,0.352,0.349,0.351,0.244,0.235
1.027,0.665,0.375,0.55,0.352,0.349,0.351,0.244,0.235,0.349
0.665,0.375,0.55,0.352,0.349,0.351,0.244,0.235,0.349,0.258
0.375,0.55,0.352,0.349,0.351,0.244,0.235,0.349,0.258,0.234
0.55,0.352,0.349,0.351,0.244,0.235,0.349,0.258,0.234,0.246
0.352,0.349,0.351,0.244,0.235,0.349,0.258,0.234,0.246,0.235
0.349,0.351,0.244,0.235,0.349,0.258,0.234,0.246,0.235,0.245
0.351,0.244,0.235,0.349,0.258,0.234,0.246,0.235,0.245,0.241
0.244,0.235,0.349,0.258,0.234,0.246,0.235,0.245,0.241,0.151
0.235,0.349,0.258,0.234,0.246,0.235,0.245,0.241,0.151,0.143
0.349,0.258,0.234,0.246,0.235,0.245,0.241,0.151,0.143,0.143
0.258,0.234,0.246,0.235,0.245,0.241,0.151,0.143,0.143,0.56
0.234,0.246,0.235,0.245,0.241,0.151,0.143,0.143,0.56,0.78
0.246,0.235,0.245,0.241,0.151,0.143,0.143,0.56,0.78,0.464
0.235,0.245,0.241,0.151,0.143,0.143,0.56,0.78,0.464,0.35
0.245,0.241,0.151,0.143,0.143,0.56,0.78,0.464,0.35,0.322
0.241,0.151,0.143,0.143,0.56,0.78,0.464,0.35,0.322,0.142
0.151,0.143,0.143,0.56,0.78,0.464,0.35,0.322,0.142,0.332
0.143,0.143,0.56,0.78,0.464,0.35,0.322,0.142,0.332,0.05
0.143,0.56,0.78,0.464,0.35,0.322,0.142,0.332,0.05,0.204
0.56,0.78,0.464,0.35,0.322,0.142,0.332,0.05,0.204,0.106
0.78,0.464,0.35,0.322,0.142,0.332,0.05,0.204,0.106,0.016
0.464,0.35,0.322,0.142,0.332,0.05,0.204,0.106,0.016,0.031
0.35,0.322,0.142,0.332,0.05,0.204,0.106,0.016,0.031,0.036
0.322,0.142,0.332,0.05,0.204,0.106,0.016,0.031,0.036,0.03
0.142,0.332,0.05,0.204,0.106,0.016,0.031,0.036,0.03,0.03
0.332,0.05,0.204,0.106,0.016,0.031,0.036,0.03,0.03,0.03
0.05,0.204,0.106,0.016,0.031,0.036,0.03,0.03,0.03,0.03
0.204,0.106,0.016,0.031,0.036,0.03,0.03,0.03,0.03,0.03
0.106,0.016,0.031,0.036,0.03,0.03,0.03,0.03,0.03,0.03
0.016,0.031,0.036,0.03,0.03,0.03,0.03,0.03,0.03,0.03
0.031,0.036,0.03,0.03,0.03,0.03,0.03,0.03,0.03,0.03
0.036,0.03,0.03,0.03,0.03,0.03,0.03,0.03,0.03,0.03
0.03,0.03,0.03,0.03,0.03,0.03,0.03,0.03,0.03,0.03
0.03,0.03,0.03,0.03,0.03,0.03,0.03,0.03,0.03,0.145
0.03,0.03,0.03,0.03,0.03,0.03,0.03,0.03,0.145,0.123
0.03,0.03,0.03,0.03,0.03,0.03,0.03,0.145,0.123,0.046
0.03,0.03,0.03,0.03,0.03,0.03,0.145,0.123,0.046,0.058
0.03,0.03,0.03,0.03,0.03,0.145,0.123,0.046,0.058,0.045
0.03,0.03,0.03,0.03,0.145,0.123,0.046,0.058,0.045,0.045
0.03,0.03,0.03,0.145,0.123,0.046,0.058,0.045,0.045,0.075
0.03,0.03,0.145,0.123,0.046,0.058,0.045,0.045,0.075,0.02
0.03,0.145,0.123,0.046,0.058,0.045,0.045,0.075,0.02,0.042
0.145,0.123,0.046,0.058,0.045,0.045,0.075,0.02,0.042,0.029
0.123,0.046,0.058,0.045,0.045,0.075,0.02,0.042,0.029,0.023
0.046,0.058,0.045,0.045,0.075,0.02,0.042,0.029,0.023,0.024
0.058,0.045,0.045,0.075,0.02,0.042,0.029,0.023,0.024,0.029
0.045,0.045,0.075,0.02,0.042,0.029,0.023,0.024,0.029,0.029
0.045,0.075,0.02,0.042,0.029,0.023,0.024,0.029,0.029,0.023
0.075,0.02,0.042,0.029,0.023,0.024,0.029,0.029,0.023,0.124
0.02,0.042,0.029,0.023,0.024,0.029,0.029,0.023,0.124,0.044
0.042,0.029,0.023,0.024,0.029,0.029,0.023,0.124,0.044,0.27
0.029,0.023,0.024,0.029,0.029,0.023,0.124,0.044,0.27,0.468
0.023,0.024,0.029,0.029,0.023,0.124,0.044,0.27,0.468,0.338
0.024,0.029,0.029,0.023,0.124,0.044,0.27,0.468,0.338,0.079
0.029,0.029,0.023,0.124,0.044,0.27,0.468,0.338,0.079,0.219
0.029,0.023,0.124,0.044,0.27,0.468,0.338,0.079,0.219,0.03
0.023,0.124,0.044,0.27,0.468,0.338,0.079,0.219,0.03,0.14
0.124,0.044,0.27,0.468,0.338,0.079,0.219,0.03,0.14,0.224
0.044,0.27,0.468,0.338,0.079,0.219,0.03,0.14,0.224,0.057
0.27,0.468,0.338,0.079,0.219,0.03,0.14,0.224,0.057,0.138
0.468,0.338,0.079,0.219,0.03,0.14,0.224,0.057,0.138,0.034
0.338,0.079,0.219,0.03,0.14,0.224,0.057,0.138,0.034,0.03
0.079,0.219,0.03,0.14,0.224,0.057,0.138,0.034,0.03,0.03
0.219,0.03,0.14,0.224,0.057,0.138,0.034,0.03,0.03,0.03
0.03,0.14,0.224,0.057,0.138,0.034,0.03,0.03,0.03,0.03
0.14,0.224,0.057,0.138,0.034,0.03,0.03,0.03,0.03,0.131
0.224,0.057,0.138,0.034,0.03,0.03,0.03,0.03,0.131,0.058
0.057,0.138,0.034,0.03,0.03,0.03,0.03,0.131,0.058,0.026
0.138,0.034,0.03,0.03,0.03,0.03,0.131,0.058,0.026,0.026
0.034,0.03,0.03,0.03,0.03,0.131,0.058,0.026,0.026,0.026
0.03,0.03,0.03,0.03,0.131,0.058,0.026,0.026,0.026,0.026
0.03,0.03,0.03,0.131,0.058,0.026,0.026,0.026,0.026,0.026
0.03,0.03,0.131,0.058,0.026,0.026,0.026,0.026,0.026,0.026
0.03,0.131,0.058,0.026,0.026,0.026,0.026,0.026,0.026,0.026
0.131,0.058,0.026,0.026,0.026,0.026,0.026,0.026,0.026,0.14
0.058,0.026,0.026,0.026,0.026,0.026,0.026,0.026,0.14,0.257
0.026,0.026,0.026,0.026,0.026,0.026,0.026,0.14,0.257,0.231
0.026,0.026,0.026,0.026,0.026,0.026,0.14,0.257,0.231,0.253
0.026,0.026,0.026,0.026,0.026,0.14,0.257,0.231,0.253,0.895
0.026,0.026,0.026,0.026,0.14,0.257,0.231,0.253,0.895,0.344
0.026,0.026,0.026,0.14,0.257,0.231,0.253,0.895,0.344,0.407
0.026,0.026,0.14,0.257,0.231,0.253,0.895,0.344,0.407,0.852
0.026,0.14,0.257,0.231,0.253,0.895,0.344,0.407,0.852,0.516
0.14,0.257,0.231,0.253,0.895,0.344,0.407,0.852,0.516,0.327
0.257,0.231,0.253,0.895,0.344,0.407,0.852,0.516,0.327,0.315
0.231,0.253,0.895,0.344,0.407,0.852,0.516,0.327,0.315,0.14
0.253,0.895,0.344,0.407,0.852,0.516,0.327,0.315,0.14,0.326
0.895,0.344,0.407,0.852,0.516,0.327,0.315,0.14,0.326,0.236
0.344,0.407,0.852,0.516,0.327,0.315,0.14,0.326,0.236,0.216
0.407,0.852,0.516,0.327,0.315,0.14,0.326,0.236,0.216,0.116
0.852,0.516,0.327,0.315,0.14,0.326,0.236,0.216,0.116,0.185
0.516,0.327,0.315,0.14,0.326,0.236,0.216,0.116,0.185,0.152
0.327,0.315,0.14,0.326,0.236,0.216,0.116,0.185,0.152,0.218
0.315,0.14,0.326,0.236,0.216,0.116,0.185,0.152,0.218,0.538
0.14,0.326,0.236,0.216,0.116,0.185,0.152,0.218,0.538,0.228
0.326,0.236,0.216,0.116,0.185,0.152,0.218,0.538,0.228,0.156
0.236,0.216,0.116,0.185,0.152,0.218,0.538,0.228,0.156,0.206
0.216,0.116,0.185,0.152,0.218,0.538,0.228,0.156,0.206,0.168
0.116,0.185,0.152,0.218,0.538,0.228,0.156,0.206,0.168,0.413
0.185,0.152,0.218,0.538,0.228,0.156,0.206,0.168,0.413,0.331
0.152,0.218,0.538,0.228,0.156,0.206,0.168,0.413,0.331,0.136
0.218,0.538,0.228,0.156,0.206,0.168,0.413,0.331,0.136,0.034
0.538,0.228,0.156,0.206,0.168,0.413,0.331,0.136,0.034,0.024
0.228,0.156,0.206,0.168,0.413,0.331,0.136,0.034,0.024,0.024
0.156,0.206,0.168,0.413,0.331,0.136,0.034,0.024,0.024,0.024
0.206,0.168,0.413,0.331,0.136,0.034,0.024,0.024,0.024,0.024
0.168,0.413,0.331,0.136,0.034,0.024,0.024,0.024,0.024,0.024
0.413,0.331,0.136,0.034,0.024,0.024,0.024,0.024,0.024,0.024
0.331,0.136,0.034,0.024,0.024,0.024,0.024,0.024,0.024,0.024
0.136,0.034,0.024,0.024,0.024,0.024,0.024,0.024,0.024,0.024
0.034,0.024,0.024,0.024,0.024,0.024,0.024,0.024,0.024,0.024
0.024,0.024,0.024,0.024,0.024,0.024,0.024,0.024,0.024,0.024
0.024,0.024,0.024,0.024,0.024,0.024,0.024,0.024,0.024,0.036
0.024,0.024,0.024,0.024,0.024,0.024,0.024,0.024,0.036,0.194
0.024,0.024,0.024,0.024,0.024,0.024,0.024,0.036,0.194,0.024
0.024,0.024,0.024,0.024,0.024,0.024,0.036,0.194,0.024,0.014
0.024,0.024,0.024,0.024,0.024,0.036,0.194,0.024,0.014,0.014
0.024,0.024,0.024,0.024,0.036,0.194,0.024,0.014,0.014,0.014
0.024,0.024,0.024,0.036,0.194,0.024,0.014,0.014,0.014,0.014
0.024,0.024,0.036,0.194,0.024,0.014,0.014,0.014,0.014,0.014
0.024,0.036,0.194,0.024,0.014,0.014,0.014,0.014,0.014,0.014
0.036,0.194,0.024,0.014,0.014,0.014,0.014,0.014,0.014,0.014
0.194,0.024,0.014,0.014,0.014,0.014,0.014,0.014,0.014,0.014
0.024,0.014,0.014,0.014,0.014,0.014,0.014,0.014,0.014,0.014
0.014,0.014,0.014,0.014,0.014,0.014,0.014,0.014,0.014,0.014
0.014,0.014,0.014,0.014,0.014,0.014,0.014,0.014,0.014,0.014
0.014,0.014,0.014,0.014,0.014,0.014,0.014,0.014,0.014,0.014
0.014,0.014,0.014,0.014,0.014,0.014,0.014,0.014,0.014,0.014
0.014,0.014,0.014,0.014,0.014,0.014,0.014,0.014,0.014,0.014
0.014,0.014,0.014,0.014,0.014,0.014,0.014,0.014,0.014,0.014
0.014,0.014,0.014,0.014,0.014,0.014,0.014,0.014,0.014,0.014
0.014,0.014,0.014,0.014,0.014,0.014,0.014,0.014,0.014,0.014
0.014,0.014,0.014,0.014,0.014,0.014,0.014,0.014,0.014,0.014
0.014,0.014,0.014,0.014,0.014,0.014,0.014,0.014,0.014,0.014
0.014,0.014,0.014,0.014,0.014,0.014,0.014,0.014,0.014,0.23
0.014,0.014,0.014,0.014,0.014,0.014,0.014,0.014,0.23,0.139
0.014,0.014,0.014,0.014,0.014,0.014,0.014,0.23,0.139,0.328
0.014,0.014,0.014,0.014,0.014,0.014,0.23,0.139,0.328,0.522
0.014,0.014,0.014,0.014,0.014,0.23,0.139,0.328,0.522,0.516
0.014,0.014,0.014,0.014,0.23,0.139,0.328,0.522,0.516,0.249
0.014,0.014,0.014,0.23,0.139,0.328,0.522,0.516,0.249,0.156
0.014,0.014,0.23,0.139,0.328,0.522,0.516,0.249,0.156,0.237
0.014,0.23,0.139,0.328,0.522,0.516,0.249,0.156,0.237,0.341
0.23,0.139,0.328,0.522,0.516,0.249,0.156,0.237,0.341,1.73
0.139,0.328,0.522,0.516,0.249,0.156,0.237,0.341,1.73,0.895
0.328,0.522,0.516,0.249,0.156,0.237,0.341,1.73,0.895,0.793
0.522,0.516,0.249,0.156,0.237,0.341,1.73,0.895,0.793,3.004
0.516,0.249,0.156,0.237,0.341,1.73,0.895,0.793,3.004,2.841
0.249,0.156,0.237,0.341,1.73,0.895,0.793,3.004,2.841,2.431
0.156,0.237,0.341,1.73,0.895,0.793,3.004,2.841,2.431,1.796
0.237,0.341,1.73,0.895,0.793,3.004,2.841,2.431,1.796,1.401
0.341,1.73,0.895,0.793,3.004,2.841,2.431,1.796,1.401,1.095
1.73,0.895,0.793,3.004,2.841,2.431,1.796,1.401,1.095,0.825
0.895,0.793,3.004,2.841,2.431,1.796,1.401,1.095,0.825,0.875
0.793,3.004,2.841,2.431,1.796,1.401,1.095,0.825,0.875,0.958
3.004,2.841,2.431,1.796,1.401,1.095,0.825,0.875,0.958,0.657
2.841,2.431,1.796,1.401,1.095,0.825,0.875,0.958,0.657,0.587
2.431,1.796,1.401,1.095,0.825,0.875,0.958,0.657,0.587,0.567
1.796,1.401,1.095,0.825,0.875,0.958,0.657,0.587,0.567,0.553
1.401,1.095,0.825,0.875,0.958,0.657,0.587,0.567,0.553,0.565
1.095,0.825,0.875,0.958,0.657,0.587,0.567,0.553,0.565,0.565
0.825,0.875,0.958,0.657,0.587,0.567,0.553,0.565,0.565,0.366
0.875,0.958,0.657,0.587,0.567,0.553,0.565,0.565,0.366,0.967
0.958,0.657,0.587,0.567,0.553,0.565,0.565,0.366,0.967,1.42
0.657,0.587,0.567,0.553,0.565,0.565,0.366,0.967,1.42,0.889
0.587,0.567,0.553,0.565,0.565,0.366,0.967,1.42,0.889,0.683
0.567,0.553,0.565,0.565,0.366,0.967,1.42,0.889,0.683,0.671
0.553,0.565,0.565,0.366,0.967,1.42,0.889,0.683,0.671,0.67
0.565,0.565,0.366,0.967,1.42,0.889,0.683,0.671,0.67,1.812
0.565,0.366,0.967,1.42,0.889,0.683,0.671,0.67,1.812,3.272
0.366,0.967,1.42,0.889,0.683,0.671,0.67,1.812,3.272,2.277
0.967,1.42,0.889,0.683,0.671,0.67,1.812,3.272,2.277,1.583
1.42,0.889,0.683,0.671,0.67,1.812,3.272,2.277,1.583,1.484
0.889,0.683,0.671,0.67,1.812,3.272,2.277,1.583,1.484,2.04
0.683,0.671,0.67,1.812,3.272,2.277,1.583,1.484,2.04,3.037
0.671,0.67,1.812,3.272,2.277,1.583,1.484,2.04,3.037,1.968
0.67,1.812,3.272,2.277,1.583,1.484,2.04,3.037,1.968,2.367
1.812,3.272,2.277,1.583,1.484,2.04,3.037,1.968,2.367,1.827
3.272,2.277,1.583,1.484,2.04,3.037,1.968,2.367,1.827,1.599
2.277,1.583,1.484,2.04,3.037,1.968,2.367,1.827,1.599,1.39
1.583,1.484,2.04,3.037,1.968,2.367,1.827,1.599,1.39,1.477
1.484,2.04,3.037,1.968,2.367,1.827,1.599,1.39,1.477,1.172
2.04,3.037,1.968,2.367,1.827,1.599,1.39,1.477,1.172,1.125
3.037,1.968,2.367,1.827,1.599,1.39,1.477,1.172,1.125,1.115
1.968,2.367,1.827,1.599,1.39,1.477,1.172,1.125,1.115,0.988
2.367,1.827,1.599,1.39,1.477,1.172,1.125,1.115,0.988,1.261
1.827,1.599,1.39,1.477,1.172,1.125,1.115,0.988,1.261,2.264
1.599,1.39,1.477,1.172,1.125,1.115,0.988,1.261,2.264,1.498
1.39,1.477,1.172,1.125,1.115,0.988,1.261,2.264,1.498,1.718
1.477,1.172,1.125,1.115,0.988,1.261,2.264,1.498,1.718,5.006
1.172,1.125,1.115,0.988,1.261,2.264,1.498,1.718,5.006,6.27
1.125,1.115,0.988,1.261,2.264,1.498,1.718,5.006,6.27,5.89
1.115,0.988,1.261,2.264,1.498,1.718,5.006,6.27,5.89,4.384
0.988,1.261,2.264,1.498,1.718,5.006,6.27,5.89,4.384,8.888
1.261,2.264,1.498,1.718,5.006,6.27,5.89,4.384,8.888,5.171
2.264,1.498,1.718,5.006,6.27,5.89,4.384,8.888,5.171,4.988
1.498,1.718,5.006,6.27,5.89,4.384,8.888,5.171,4.988,4.056
1.718,5.006,6.27,5.89,4.384,8.888,5.171,4.988,4.056,3.075
5.006,6.27,5.89,4.384,8.888,5.171,4.988,4.056,3.075,2.38
6.27,5.89,4.384,8.888,5.171,4.988,4.056,3.075,2.38,2.508
5.89,4.384,8.888,5.171,4.988,4.056,3.075,2.38,2.508,2.01
4.384,8.888,5.171,4.988,4.056,3.075,2.38,2.508,2.01,2.542
8.888,5.171,4.988,4.056,3.075,2.38,2.508,2.01,2.542,3.11
5.171,4.988,4.056,3.075,2.38,2.508,2.01,2.542,3.11,2.541
4.988,4.056,3.075,2.38,2.508,2.01,2.542,3.11,2.541,2.293
4.056,3.075,2.38,2.508,2.01,2.542,3.11,2.541,2.293,1.774
3.075,2.38,2.508,2.01,2.542,3.11,2.541,2.293,1.774,1.787
2.38,2.508,2.01,2.542,3.11,2.541,2.293,1.774,1.787,1.782
2.508,2.01,2.542,3.11,2.541,2.293,1.774,1.787,1.782,1.504
2.01,2.542,3.11,2.541,2.293,1.774,1.787,1.782,1.504,1.504
2.542,3.11,2.541,2.293,1.774,1.787,1.782,1.504,1.504,1.377
3.11,2.541,2.293,1.774,1.787,1.782,1.504,1.504,1.377,1.125
2.541,2.293,1.774,1.787,1.782,1.504,1.504,1.377,1.125,1.357
2.293,1.774,1.787,1.782,1.504,1.504,1.377,1.125,1.357,0.809
1.774,1.787,1.782,1.504,1.504,1.377,1.125,1.357,0.809,0.705
1.787,1.782,1.504,1.504,1.377,1.125,1.357,0.809,0.705,1.078
1.782,1.504,1.504,1.377,1.125,1.357,0.809,0.705,1.078,0.926
1.504,1.504,1.377,1.125,1.357,0.809,0.705,1.078,0.926,0.705
1.504,1.377,1.125,1.357,0.809,0.705,1.078,0.926,0.705,0.914
1.377,1.125,1.357,0.809,0.705,1.078,0.926,0.705,0.914,0.704
1.125,1.357,0.809,0.705,1.078,0.926,0.705,0.914,0.704,0.832
1.357,0.809,0.705,1.078,0.926,0.705,0.914,0.704,0.832,0.707
0.809,0.705,1.078,0.926,0.705,0.914,0.704,0.832,0.707,0.682
0.705,1.078,0.926,0.705,0.914,0.704,0.832,0.707,0.682,0.565
1.078,0.926,0.705,0.914,0.704,0.832,0.707,0.682,0.565,0.569
0.926,0.705,0.914,0.704,0.832,0.707,0.682,0.565,0.569,0.566
0.705,0.914,0.704,0.832,0.707,0.682,0.565,0.569,0.566,0.568
0.914,0.704,0.832,0.707,0.682,0.565,0.569,0.566,0.568,0.561
0.704,0.832,0.707,0.682,0.565,0.569,0.566,0.568,0.561,0.555
0.832,0.707,0.682,0.565,0.569,0.566,0.568,0.561,0.555,0.44
0.707,0.682,0.565,0.569,0.566,0.568,0.561,0.555,0.44,0.416
0.682,0.565,0.569,0.566,0.568,0.561,0.555,0.44,0.416,0.426
0.565,0.569,0.566,0.568,0.561,0.555,0.44,0.416,0.426,0.416
0.569,0.566,0.568,0.561,0.555,0.44,0.416,0.426,0.416,0.301
0.566,0.568,0.561,0.555,0.44,0.416,0.426,0.416,0.301,0.44
0.568,0.561,0.555,0.44,0.416,0.426,0.416,0.301,0.44,1.37
0.561,0.555,0.44,0.416,0.426,0.416,0.301,0.44,1.37,3.024
0.555,0.44,0.416,0.426,0.416,0.301,0.44,1.37,3.024,3.658
0.44,0.416,0.426,0.416,0.301,0.44,1.37,3.024,3.658,2.606
0.416,0.426,0.416,0.301,0.44,1.37,3.024,3.658,2.606,1.7
0.426,0.416,0.301,0.44,1.37,3.024,3.658,2.606,1.7,1.453
0.416,0.301,0.44,1.37,3.024,3.658,2.606,1.7,1.453,1.6
0.301,0.44,1.37,3.024,3.658,2.606,1.7,1.453,1.6,1.249
0.44,1.37,3.024,3.658,2.606,1.7,1.453,1.6,1.249,1.482
1.37,3.024,3.658,2.606,1.7,1.453,1.6,1.249,1.482,0.982
3.024,3.658,2.606,1.7,1.453,1.6,1.249,1.482,0.982,0.815
3.658,2.606,1.7,1.453,1.6,1.249,1.482,0.982,0.815,1.056
2.606,1.7,1.453,1.6,1.249,1.482,0.982,0.815,1.056,0.899
1.7,1.453,1.6,1.249,1.482,0.982,0.815,1.056,0.899,1.388
1.453,1.6,1.249,1.482,0.982,0.815,1.056,0.899,1.388,1.145
1.6,1.249,1.482,0.982,0.815,1.056,0.899,1.388,1.145,1.266
1.249,1.482,0.982,0.815,1.056,0.899,1.388,1.145,1.266,0.768
1.482,0.982,0.815,1.056,0.899,1.388,1.145,1.266,0.768,1.158
0.982,0.815,1.056,0.899,1.388,1.145,1.266,0.768,1.158,0.643
0.815,1.056,0.899,1.388,1.145,1.266,0.768,1.158,0.643,0.851
1.056,0.899,1.388,1.145,1.266,0.768,1.158,0.643,0.851,0.6
0.899,1.388,1.145,1.266,0.768,1.158,0.643,0.851,0.6,0.722
1.388,1.145,1.266,0.768,1.158,0.643,0.851,0.6,0.722,1.111
1.145,1.266,0.768,1.158,0.643,0.851,0.6,0.722,1.111,1.116
1.266,0.768,1.158,0.643,0.851,0.6,0.722,1.111,1.116,0.817
0.768,1.158,0.643,0.851,0.6,0.722,1.111,1.116,0.817,1.159
1.158,0.643,0.851,0.6,0.722,1.111,1.116,0.817,1.159,1.549
0.643,0.851,0.6,0.722,1.111,1.116,0.817,1.159,1.549,1.401
0.851,0.6,0.722,1.111,1.116,0.817,1.159,1.549,1.401,1.165
0.6,0.722,1.111,1.116,0.817,1.159,1.549,1.401,1.165,1.023
0.722,1.111,1.116,0.817,1.159,1.549,1.401,1.165,1.023,0.888
1.111,1.116,0.817,1.159,1.549,1.401,1.165,1.023,0.888,0.992
1.116,0.817,1.159,1.549,1.401,1.165,1.023,0.888,0.992,0.755
0.817,1.159,1.549,1.401,1.165,1.023,0.888,0.992,0.755,1.266
1.159,1.549,1.401,1.165,1.023,0.888,0.992,0.755,1.266,1.141
1.549,1.401,1.165,1.023,0.888,0.992,0.755,1.266,1.141,1.161
1.401,1.165,1.023,0.888,0.992,0.755,1.266,1.141,1.161,0.74
1.165,1.023,0.888,0.992,0.755,1.266,1.141,1.161,0.74,1.035
1.023,0.888,0.992,0.755,1.266,1.141,1.161,0.74,1.035,0.782
0.888,0.992,0.755,1.266,1.141,1.161,0.74,1.035,0.782,0.608
0.992,0.755,1.266,1.141,1.161,0.74,1.035,0.782,0.608,0.695
0.755,1.266,1.141,1.161,0.74,1.035,0.782,0.608,0.695,0.79
1.266,1.141,1.161,0.74,1.035,0.782,0.608,0.695,0.79,0.809
1.141,1.161,0.74,1.035,0.782,0.608,0.695,0.79,0.809,1.313
1.161,0.74,1.035,0.782,0.608,0.695,0.79,0.809,1.313,1.567
0.74,1.035,0.782,0.608,0.695,0.79,0.809,1.313,1.567,1.786
1.035,0.782,0.608,0.695,0.79,0.809,1.313,1.567,1.786,1.378
0.782,0.608,0.695,0.79,0.809,1.313,1.567,1.786,1.378,1.1
0.608,0.695,0.79,0.809,1.313,1.567,1.786,1.378,1.1,1.248
0.695,0.79,0.809,1.313,1.567,1.786,1.378,1.1,1.248,0.981
0.79,0.809,1.313,1.567,1.786,1.378,1.1,1.248,0.981,0.96
0.809,1.313,1.567,1.786,1.378,1.1,1.248,0.981,0.96,0.953
1.313,1.567,1.786,1.378,1.1,1.248,0.981,0.96,0.953,0.814
1.567,1.786,1.378,1.1,1.248,0.981,0.96,0.953,0.814,2.497
1.786,1.378,1.1,1.248,0.981,0.96,0.953,0.814,2.497,3.651
1.378,1.1,1.248,0.981,0.96,0.953,0.814,2.497,3.651,1.641
1.1,1.248,0.981,0.96,0.953,0.814,2.497,3.651,1.641,1.767
1.248,0.981,0.96,0.953,0.814,2.497,3.651,1.641,1.767,1.417
0.981,0.96,0.953,0.814,2.497,3.651,1.641,1.767,1.417,1.243
0.96,0.953,0.814,2.497,3.651,1.641,1.767,1.417,1.243,0.974
0.953,0.814,2.497,3.651,1.641,1.767,1.417,1.243,0.974,0.755
0.814,2.497,3.651,1.641,1.767,1.417,1.243,0.974,0.755,1.103
2.497,3.651,1.641,1.767,1.417,1.243,0.974,0.755,1.103,0.974
3.651,1.641,1.767,1.417,1.243,0.974,0.755,1.103,0.974,0.965
1.641,1.767,1.417,1.243,0.974,0.755,1.103,0.974,0.965,0.999
1.767,1.417,1.243,0.974,0.755,1.103,0.974,0.965,0.999,0.86
1.417,1.243,0.974,0.755,1.103,0.974,0.965,0.999,0.86,0.993
1.243,0.974,0.755,1.103,0.974,0.965,0.999,0.86,0.993,0.864
0.974,0.755,1.103,0.974,0.965,0.999,0.86,0.993,0.864,1.237
0.755,1.103,0.974,0.965,0.999,0.86,0.993,0.864,1.237,3.523
1.103,0.974,0.965,0.999,0.86,0.993,0.864,1.237,3.523,2.958
0.974,0.965,0.999,0.86,0.993,0.864,1.237,3.523,2.958,2.441
0.965,0.999,0.86,0.993,0.864,1.237,3.523,2.958,2.441,1.979
0.999,0.86,0.993,0.864,1.237,3.523,2.958,2.441,1.979,1.84
0.86,0.993,0.864,1.237,3.523,2.958,2.441,1.979,1.84,1.334
0.993,0.864,1.237,3.523,2.958,2.441,1.979,1.84,1.334,1.506
0.864,1.237,3.523,2.958,2.441,1.979,1.84,1.334,1.506,1.524
1.237,3.523,2.958,2.441,1.979,1.84,1.334,1.506,1.524,1.875
3.523,2.958,2.441,1.979,1.84,1.334,1.506,1.524,1.875,3.486
2.958,2.441,1.979,1.84,1.334,1.506,1.524,1.875,3.486,14.856
2.441,1.979,1.84,1.334,1.506,1.524,1.875,3.486,14.856,12.383
1.979,1.84,1.334,1.506,1.524,1.875,3.486,14.856,12.383,6.972
1.84,1.334,1.506,1.524,1.875,3.486,14.856,12.383,6.972,5.452
1.334,1.506,1.524,1.875,3.486,14.856,12.383,6.972,5.452,4.179
1.506,1.524,1.875,3.486,14.856,12.383,6.972,5.452,4.179,3.479
1.524,1.875,3.486,14.856,12.383,6.972,5.452,4.179,3.479,2.755
1.875,3.486,14.856,12.383,6.972,5.452,4.179,3.479,2.755,3.102
3.486,14.856,12.383,6.972,5.452,4.179,3.479,2.755,3.102,2.74
14.856,12.383,6.972,5.452,4.179,3.479,2.755,3.102,2.74,2.74
12.383,6.972,5.452,4.179,3.479,2.755,3.102,2.74,2.74,2.368
6.972,5.452,4.179,3.479,2.755,3.102,2.74,2.74,2.368,2.017
5.452,4.179,3.479,2.755,3.102,2.74,2.74,2.368,2.017,2.185
4.179,3.479,2.755,3.102,2.74,2.74,2.368,2.017,2.185,1.962
3.479,2.755,3.102,2.74,2.74,2.368,2.017,2.185,1.962,1.794
2.755,3.102,2.74,2.74,2.368,2.017,2.185,1.962,1.794,1.405
3.102,2.74,2.74,2.368,2.017,2.185,1.962,1.794,1.405,1.382
2.74,2.74,2.368,2.017,2.185,1.962,1.794,1.405,1.382,1.221
2.74,2.368,2.017,2.185,1.962,1.794,1.405,1.382,1.221,1.546
2.368,2.017,2.185,1.962,1.794,1.405,1.382,1.221,1.546,1.173
2.017,2.185,1.962,1.794,1.405,1.382,1.221,1.546,1.173,1.127
2.185,1.962,1.794,1.405,1.382,1.221,1.546,1.173,1.127,1.147
1.962,1.794,1.405,1.382,1.221,1.546,1.173,1.127,1.147,1.235
1.794,1.405,1.382,1.221,1.546,1.173,1.127,1.147,1.235,0.969
1.405,1.382,1.221,1.546,1.173,1.127,1.147,1.235,0.969,0.988
1.382,1.221,1.546,1.173,1.127,1.147,1.235,0.969,0.988,0.838
1.221,1.546,1.173,1.127,1.147,1.235,0.969,0.988,0.838,0.854
1.546,1.173,1.127,1.147,1.235,0.969,0.988,0.838,0.854,0.704
1.173,1.127,1.147,1.235,0.969,0.988,0.838,0.854,0.704,0.702
1.127,1.147,1.235,0.969,0.988,0.838,0.854,0.704,0.702,0.631
1.147,1.235,0.969,0.988,0.838,0.854,0.704,0.702,0.631,0.854
1.235,0.969,0.988,0.838,0.854,0.704,0.702,0.631,0.854,0.608
0.969,0.988,0.838,0.854,0.704,0.702,0.631,0.854,0.608,0.602
0.988,0.838,0.854,0.704,0.702,0.631,0.854,0.608,0.602,0.481
0.838,0.854,0.704,0.702,0.631,0.854,0.608,0.602,0.481,0.71
0.854,0.704,0.702,0.631,0.854,0.608,0.602,0.481,0.71,0.301
0.704,0.702,0.631,0.854,0.608,0.602,0.481,0.71,0.301,0.563
0.702,0.631,0.854,0.608,0.602,0.481,0.71,0.301,0.563,0.482
0.631,0.854,0.608,0.602,0.481,0.71,0.301,0.563,0.482,0.69
0.854,0.608,0.602,0.481,0.71,0.301,0.563,0.482,0.69,0.337
0.608,0.602,0.481,0.71,0.301,0.563,0.482,0.69,0.337,0.567
0.602,0.481,0.71,0.301,0.563,0.482,0.69,0.337,0.567,0.451
0.481,0.71,0.301,0.563,0.482,0.69,0.337,0.567,0.451,0.44
0.71,0.301,0.563,0.482,0.69,0.337,0.567,0.451,0.44,0.464
0.301,0.563,0.482,0.69,0.337,0.567,0.451,0.44,0.464,0.582
0.563,0.482,0.69,0.337,0.567,0.451,0.44,0.464,0.582,0.727
0.482,0.69,0.337,0.567,0.451,0.44,0.464,0.582,0.727,0.837
0.69,0.337,0.567,0.451,0.44,0.464,0.582,0.727,0.837,0.599
0.337,0.567,0.451,0.44,0.464,0.582,0.727,0.837,0.599,0.596
0.567,0.451,0.44,0.464,0.582,0.727,0.837,0.599,0.596,0.479
0.451,0.44,0.464,0.582,0.727,0.837,0.599,0.596,0.479,0.856
0.44,0.464,0.582,0.727,0.837,0.599,0.596,0.479,0.856,0.723
0.464,0.582,0.727,0.837,0.599,0.596,0.479,0.856,0.723,0.613
0.582,0.727,0.837,0.599,0.596,0.479,0.856,0.723,0.613,0.613
0.727,0.837,0.599,0.596,0.479,0.856,0.723,0.613,0.613,0.755
0.837,0.599,0.596,0.479,0.856,0.723,0.613,0.613,0.755,0.618
0.599,0.596,0.479,0.856,0.723,0.613,0.613,0.755,0.618,0.482
0.596,0.479,0.856,0.723,0.613,0.613,0.755,0.618,0.482,0.366
0.479,0.856,0.723,0.613,0.613,0.755,0.618,0.482,0.366,0.491
0.856,0.723,0.613,0.613,0.755,0.618,0.482,0.366,0.491,0.344
0.723,0.613,0.613,0.755,0.618,0.482,0.366,0.491,0.344,0.777
0.613,0.613,0.755,0.618,0.482,0.366,0.491,0.344,0.777,1.04
0.613,0.755,0.618,0.482,0.366,0.491,0.344,0.777,1.04,0.648
0.755,0.618,0.482,0.366,0.491,0.344,0.777,1.04,0.648,0.365
0.618,0.482,0.366,0.491,0.344,0.777,1.04,0.648,0.365,0.365
0.482,0.366,0.491,0.344,0.777,1.04,0.648,0.365,0.365,0.237
0.366,0.491,0.344,0.777,1.04,0.648,0.365,0.365,0.237,0.38
0.491,0.344,0.777,1.04,0.648,0.365,0.365,0.237,0.38,0.385
0.344,0.777,1.04,0.648,0.365,0.365,0.237,0.38,0.385,0.361
0.777,1.04,0.648,0.365,0.365,0.237,0.38,0.385,0.361,0.336
1.04,0.648,0.365,0.365,0.237,0.38,0.385,0.361,0.336,0.236
0.648,0.365,0.365,0.237,0.38,0.385,0.361,0.336,0.236,0.213
0.365,0.365,0.237,0.38,0.385,0.361,0.336,0.236,0.213,0.354
0.365,0.237,0.38,0.385,0.361,0.336,0.236,0.213,0.354,0.235
0.237,0.38,0.385,0.361,0.336,0.236,0.213,0.354,0.235,0.326
0.38,0.385,0.361,0.336,0.236,0.213,0.354,0.235,0.326,0.244
0.385,0.361,0.336,0.236,0.213,0.354,0.235,0.326,0.244,0.114
0.361,0.336,0.236,0.213,0.354,0.235,0.326,0.244,0.114,0.114
0.336,0.236,0.213,0.354,0.235,0.326,0.244,0.114,0.114,0.114
0.236,0.213,0.354,0.235,0.326,0.244,0.114,0.114,0.114,0.187
0.213,0.354,0.235,0.326,0.244,0.114,0.114,0.114,0.187,0.316
0.354,0.235,0.326,0.244,0.114,0.114,0.114,0.187,0.316,0.418
0.235,0.326,0.244,0.114,0.114,0.114,0.187,0.316,0.418,0.398
0.326,0.244,0.114,0.114,0.114,0.187,0.316,0.418,0.398,0.161
0.244,0.114,0.114,0.114,0.187,0.316,0.418,0.398,0.161,0.166
0.114,0.114,0.114,0.187,0.316,0.418,0.398,0.161,0.166,0.041
0.114,0.114,0.187,0.316,0.418,0.398,0.161,0.166,0.041,0.265
0.114,0.187,0.316,0.418,0.398,0.161,0.166,0.041,0.265,0.054
0.187,0.316,0.418,0.398,0.161,0.166,0.041,0.265,0.054,0.182
0.316,0.418,0.398,0.161,0.166,0.041,0.265,0.054,0.182,0.152
0.418,0.398,0.161,0.166,0.041,0.265,0.054,0.182,0.152,0.041
0.398,0.161,0.166,0.041,0.265,0.054,0.182,0.152,0.041,0.051
0.161,0.166,0.041,0.265,0.054,0.182,0.152,0.041,0.051,0.461
0.166,0.041,0.265,0.054,0.182,0.152,0.041,0.051,0.461,0.223
0.041,0.265,0.054,0.182,0.152,0.041,0.051,0.461,0.223,0.417
0.265,0.054,0.182,0.152,0.041,0.051,0.461,0.223,0.417,0.1
0.054,0.182,0.152,0.041,0.051,0.461,0.223,0.417,0.1,0.204
0.182,0.152,0.041,0.051,0.461,0.223,0.417,0.1,0.204,0.089
0.152,0.041,0.051,0.461,0.223,0.417,0.1,0.204,0.089,0.203
0.041,0.051,0.461,0.223,0.417,0.1,0.204,0.089,0.203,0.198
0.051,0.461,0.223,0.417,0.1,0.204,0.089,0.203,0.198,0.055
0.461,0.223,0.417,0.1,0.204,0.089,0.203,0.198,0.055,0.182
0.223,0.417,0.1,0.204,0.089,0.203,0.198,0.055,0.182,0.049
0.417,0.1,0.204,0.089,0.203,0.198,0.055,0.182,0.049,0.049
0.1,0.204,0.089,0.203,0.198,0.055,0.182,0.049,0.049,0.049
0.204,0.089,0.203,0.198,0.055,0.182,0.049,0.049,0.049,0.054
0.089,0.203,0.198,0.055,0.182,0.049,0.049,0.049,0.054,0.031
0.203,0.198,0.055,0.182,0.049,0.049,0.049,0.054,0.031,0.202
0.198,0.055,0.182,0.049,0.049,0.049,0.054,0.031,0.202,0.053
0.055,0.182,0.049,0.049,0.049,0.054,0.031,0.202,0.053,0.053
0.182,0.049,0.049,0.049,0.054,0.031,0.202,0.053,0.053,0.128
0.049,0.049,0.049,0.054,0.031,0.202,0.053,0.053,0.128,0.16
0.049,0.049,0.054,0.031,0.202,0.053,0.053,0.128,0.16,0.169
0.049,0.054,0.031,0.202,0.053,0.053,0.128,0.16,0.169,0.055
0.054,0.031,0.202,0.053,0.053,0.128,0.16,0.169,0.055,0.04
0.031,0.202,0.053,0.053,0.128,0.16,0.169,0.055,0.04,0.04
0.202,0.053,0.053,0.128,0.16,0.169,0.055,0.04,0.04,0.045
0.053,0.053,0.128,0.16,0.169,0.055,0.04,0.04,0.045,0.161
0.053,0.128,0.16,0.169,0.055,0.04,0.04,0.045,0.161,0.134
0.128,0.16,0.169,0.055,0.04,0.04,0.045,0.161,0.134,0.046
0.16,0.169,0.055,0.04,0.04,0.045,0.161,0.134,0.046,0.416
0.169,0.055,0.04,0.04,0.045,0.161,0.134,0.046,0.416,0.167
0.055,0.04,0.04,0.045,0.161,0.134,0.046,0.416,0.167,0.167
0.04,0.04,0.045,0.161,0.134,0.046,0.416,0.167,0.167,0.167
0.04,0.045,0.161,0.134,0.046,0.416,0.167,0.167,0.167,0.15
0.045,0.161,0.134,0.046,0.416,0.167,0.167,0.167,0.15,0.067
0.161,0.134,0.046,0.416,0.167,0.167,0.167,0.15,0.067,0.497
0.134,0.046,0.416,0.167,0.167,0.167,0.15,0.067,0.497,0.322
0.046,0.416,0.167,0.167,0.167,0.15,0.067,0.497,0.322,0.296
0.416,0.167,0.167,0.167,0.15,0.067,0.497,0.322,0.296,0.172
0.167,0.167,0.167,0.15,0.067,0.497,0.322,0.296,0.172,0.382
0.167,0.167,0.15,0.067,0.497,0.322,0.296,0.172,0.382,0.047
0.167,0.15,0.067,0.497,0.322,0.296,0.172,0.382,0.047,0.389
0.15,0.067,0.497,0.322,0.296,0.172,0.382,0.047,0.389,0.289
0.067,0.497,0.322,0.296,0.172,0.382,0.047,0.389,0.289,0.622
0.497,0.322,0.296,0.172,0.382,0.047,0.389,0.289,0.622,0.531
0.322,0.296,0.172,0.382,0.047,0.389,0.289,0.622,0.531,0.496
0.296,0.172,0.382,0.047,0.389,0.289,0.622,0.531,0.496,0.174
0.172,0.382,0.047,0.389,0.289,0.622,0.531,0.496,0.174,0.15
0.382,0.047,0.389,0.289,0.622,0.531,0.496,0.174,0.15,0.138
0.047,0.389,0.289,0.622,0.531,0.496,0.174,0.15,0.138,0.138
0.389,0.289,0.622,0.531,0.496,0.174,0.15,0.138,0.138,0.057
0.289,0.622,0.531,0.496,0.174,0.15,0.138,0.138,0.057,0.034
0.622,0.531,0.496,0.174,0.15,0.138,0.138,0.057,0.034,0.005
0.531,0.496,0.174,0.15,0.138,0.138,0.057,0.034,0.005,0.005
0.496,0.174,0.15,0.138,0.138,0.057,0.034,0.005,0.005,0.005
0.174,0.15,0.138,0.138,0.057,0.034,0.005,0.005,0.005,0.005
0.15,0.138,0.138,0.057,0.034,0.005,0.005,0.005,0.005,0.005
0.138,0.138,0.057,0.034,0.005,0.005,0.005,0.005,0.005,0.005
0.138,0.057,0.034,0.005,0.005,0.005,0.005,0.005,0.005,0.005
0.057,0.034,0.005,0.005,0.005,0.005,0.005,0.005,0.005,0.005
0.034,0.005,0.005,0.005,0.005,0.005,0.005,0.005,0.005,0.005
0.005,0.005,0.005,0.005,0.005,0.005,0.005,0.005,0.005,0.005
0.005,0.005,0.005,0.005,0.005,0.005,0.005,0.005,0.005,0.005
0.005,0.005,0.005,0.005,0.005,0.005,0.005,0.005,0.005,0.005
0.005,0.005,0.005,0.005,0.005,0.005,0.005,0.005,0.005,0.005
0.005,0.005,0.005,0.005,0.005,0.005,0.005,0.005,0.005,0.005
0.005,0.005,0.005,0.005,0.005,0.005,0.005,0.005,0.005,0.005
0.005,0.005,0.005,0.005,0.005,0.005,0.005,0.005,0.005,0.005
0.005,0.005,0.005,0.005,0.005,0.005,0.005,0.005,0.005,0.005
0.005,0.005,0.005,0.005,0.005,0.005,0.005,0.005,0.005,0.199
0.005,0.005,0.005,0.005,0.005,0.005,0.005,0.005,0.199,0.162
0.005,0.005,0.005,0.005,0.005,0.005,0.005,0.199,0.162,0.005
0.005,0.005,0.005,0.005,0.005,0.005,0.199,0.162,0.005,0.005
0.005,0.005,0.005,0.005,0.005,0.199,0.162,0.005,0.005,0.005
0.005,0.005,0.005,0.005,0.199,0.162,0.005,0.005,0.005,0.005
0.005,0.005,0.005,0.199,0.162,0.005,0.005,0.005,0.005,0.005
0.005,0.005,0.199,0.162,0.005,0.005,0.005,0.005,0.005,0.164
0.005,0.199,0.162,0.005,0.005,0.005,0.005,0.005,0.164,0.003
0.199,0.162,0.005,0.005,0.005,0.005,0.005,0.164,0.003,0.03
0.162,0.005,0.005,0.005,0.005,0.005,0.164,0.003,0.03,0.006
0.005,0.005,0.005,0.005,0.005,0.164,0.003,0.03,0.006,0.006
0.005,0.005,0.005,0.005,0.164,0.003,0.03,0.006,0.006,0.006
0.005,0.005,0.005,0.164,0.003,0.03,0.006,0.006,0.006,0.006
0.005,0.005,0.164,0.003,0.03,0.006,0.006,0.006,0.006,0.006
0.005,0.164,0.003,0.03,0.006,0.006,0.006,0.006,0.006,0.006
0.164,0.003,0.03,0.006,0.006,0.006,0.006,0.006,0.006,0.006
0.003,0.03,0.006,0.006,0.006,0.006,0.006,0.006,0.006,0.006
0.03,0.006,0.006,0.006,0.006,0.006,0.006,0.006,0.006,0.006
0.006,0.006,0.006,0.006,0.006,0.006,0.006,0.006,0.006,0.006
0.006,0.006,0.006,0.006,0.006,0.006,0.006,0.006,0.006,0.001
0.006,0.006,0.006,0.006,0.006,0.006,0.006,0.006,0.001,0.001
0.006,0.006,0.006,0.006,0.006,0.006,0.006,0.001,0.001,0.001
0.006,0.006,0.006,0.006,0.006,0.006,0.001,0.001,0.001,0.001
0.006,0.006,0.006,0.006,0.006,0.001,0.001,0.001,0.001,0.001
0.006,0.006,0.006,0.006,0.001,0.001,0.001,0.001,0.001,0.001
0.006,0.006,0.006,0.001,0.001,0.001,0.001,0.001,0.001,0.001
0.006,0.006,0.001,0.001,0.001,0.001,0.001,0.001,0.001,0.001
0.006,0.001,0.001,0.001,0.001,0.001,0.001,0.001,0.001,0.001
0.001,0.001,0.001,0.001,0.001,0.001,0.001,0.001,0.001,0.001
0.001,0.001,0.001,0.001,0.001,0.001,0.001,0.001,0.001,0.001
0.001,0.001,0.001,0.001,0.001,0.001,0.001,0.001,0.001,0.001
0.001,0.001,0.001,0.001,0.001,0.001,0.001,0.001,0.001,0.001
0.001,0.001,0.001,0.001,0.001,0.001,0.001,0.001,0.001,0.001
0.001,0.001,0.001,0.001,0.001,0.001,0.001,0.001,0.001,0.001
0.001,0.001,0.001,0.001,0.001,0.001,0.001,0.001,0.001,0.001
0.001,0.001,0.001,0.001,0.001,0.001,0.001,0.001,0.001,0.001
0.001,0.001,0.001,0.001,0.001,0.001,0.001,0.001,0.001,0.001
0.001,0.001,0.001,0.001,0.001,0.001,0.001,0.001,0.001,0.001
0.001,0.001,0.001,0.001,0.001,0.001,0.001,0.001,0.001,0.105
0.001,0.001,0.001,0.001,0.001,0.001,0.001,0.001,0.105,0.205
0.001,0.001,0.001,0.001,0.001,0.001,0.001,0.105,0.205,0.083
0.001,0.001,0.001,0.001,0.001,0.001,0.105,0.205,0.083,0.05
0.001,0.001,0.001,0.001,0.001,0.105,0.205,0.083,0.05,0.05
0.001,0.001,0.001,0.001,0.105,0.205,0.083,0.05,0.05,0.066
0.001,0.001,0.001,0.105,0.205,0.083,0.05,0.05,0.066,0.053
0.001,0.001,0.105,0.205,0.083,0.05,0.05,0.066,0.053,0.053
0.001,0.105,0.205,0.083,0.05,0.05,0.066,0.053,0.053,0.075
0.105,0.205,0.083,0.05,0.05,0.066,0.053,0.053,0.075,0.041
0.205,0.083,0.05,0.05,0.066,0.053,0.053,0.075,0.041,0.054
0.083,0.05,0.05,0.066,0.053,0.053,0.075,0.041,0.054,0.054
0.05,0.05,0.066,0.053,0.053,0.075,0.041,0.054,0.054,0.146
0.05,0.066,0.053,0.053,0.075,0.041,0.054,0.054,0.146,0.058
0.066,0.053,0.053,0.075,0.041,0.054,0.054,0.146,0.058,0.045
0.053,0.053,0.075,0.041,0.054,0.054,0.146,0.058,0.045,0.045
0.053,0.075,0.041,0.054,0.054,0.146,0.058,0.045,0.045,0.068
0.075,0.041,0.054,0.054,0.146,0.058,0.045,0.045,0.068,0.062
0.041,0.054,0.054,0.146,0.058,0.045,0.045,0.068,0.062,0.067
0.054,0.054,0.146,0.058,0.045,0.045,0.068,0.062,0.067,0.025
0.054,0.146,0.058,0.045,0.045,0.068,0.062,0.067,0.025,0.025
0.146,0.058,0.045,0.045,0.068,0.062,0.067,0.025,0.025,0.074
0.058,0.045,0.045,0.068,0.062,0.067,0.025,0.025,0.074,0.084
0.045,0.045,0.068,0.062,0.067,0.025,0.025,0.074,0.084,0.292
0.045,0.068,0.062,0.067,0.025,0.025,0.074,0.084,0.292,0.186
0.068,0.062,0.067,0.025,0.025,0.074,0.084,0.292,0.186,0.066
0.062,0.067,0.025,0.025,0.074,0.084,0.292,0.186,0.066,0.061
0.067,0.025,0.025,0.074,0.084,0.292,0.186,0.066,0.061,0.061
0.025,0.025,0.074,0.084,0.292,0.186,0.066,0.061,0.061,0.055
0.025,0.074,0.084,0.292,0.186,0.066,0.061,0.061,0.055,0.06
0.074,0.084,0.292,0.186,0.066,0.061,0.061,0.055,0.06,0.042
0.084,0.292,0.186,0.066,0.061,0.061,0.055,0.06,0.042,0.042
0.292,0.186,0.066,0.061,0.061,0.055,0.06,0.042,0.042,0.042
0.186,0.066,0.061,0.061,0.055,0.06,0.042,0.042,0.042,0.042
0.066,0.061,0.061,0.055,0.06,0.042,0.042,0.042,0.042,0.042
0.061,0.061,0.055,0.06,0.042,0.042,0.042,0.042,0.042,0.042
0.061,0.055,0.06,0.042,0.042,0.042,0.042,0.042,0.042,0.063
0.055,0.06,0.042,0.042,0.042,0.042,0.042,0.042,0.063,0.075
0.06,0.042,0.042,0.042,0.042,0.042,0.042,0.063,0.075,0.075
0.042,0.042,0.042,0.042,0.042,0.042,0.063,0.075,0.075,0.155
0.042,0.042,0.042,0.042,0.042,0.063,0.075,0.075,0.155,0.172
0.042,0.042,0.042,0.042,0.063,0.075,0.075,0.155,0.172,0.077
0.042,0.042,0.042,0.063,0.075,0.075,0.155,0.172,0.077,0.192
0.042,0.042,0.063,0.075,0.075,0.155,0.172,0.077,0.192,0.068
0.042,0.063,0.075,0.075,0.155,0.172,0.077,0.192,0.068,0.098
0.063,0.075,0.075,0.155,0.172,0.077,0.192,0.068,0.098,0.088
0.075,0.075,0.155,0.172,0.077,0.192,0.068,0.098,0.088,0.085
0.075,0.155,0.172,0.077,0.192,0.068,0.098,0.088,0.085,0.085
0.155,0.172,0.077,0.192,0.068,0.098,0.088,0.085,0.085,0.074
0.172,0.077,0.192,0.068,0.098,0.088,0.085,0.085,0.074,0.074
0.077,0.192,0.068,0.098,0.088,0.085,0.085,0.074,0.074,0.097
0.192,0.068,0.098,0.088,0.085,0.085,0.074,0.074,0.097,0.262
0.068,0.098,0.088,0.085,0.085,0.074,0.074,0.097,0.262,0.179
0.098,0.088,0.085,0.085,0.074,0.074,0.097,0.262,0.179,0.499
0.088,0.085,0.085,0.074,0.074,0.097,0.262,0.179,0.499,0.515
0.085,0.085,0.074,0.074,0.097,0.262,0.179,0.499,0.515,0.573
0.085,0.074,0.074,0.097,0.262,0.179,0.499,0.515,0.573,0.387
0.074,0.074,0.097,0.262,0.179,0.499,0.515,0.573,0.387,0.299
0.074,0.097,0.262,0.179,0.499,0.515,0.573,0.387,0.299,0.273
0.097,0.262,0.179,0.499,0.515,0.573,0.387,0.299,0.273,0.277
0.262,0.179,0.499,0.515,0.573,0.387,0.299,0.273,0.277,0.179
0.179,0.499,0.515,0.573,0.387,0.299,0.273,0.277,0.179,0.179
0.499,0.515,0.573,0.387,0.299,0.273,0.277,0.179,0.179,0.179
0.515,0.573,0.387,0.299,0.273,0.277,0.179,0.179,0.179,0.157
0.573,0.387,0.299,0.273,0.277,0.179,0.179,0.179,0.157,0.179
0.387,0.299,0.273,0.277,0.179,0.179,0.179,0.157,0.179,0.128
0.299,0.273,0.277,0.179,0.179,0.179,0.157,0.179,0.128,0.128
0.273,0.277,0.179,0.179,0.179,0.157,0.179,0.128,0.128,0.139
0.277,0.179,0.179,0.179,0.157,0.179,0.128,0.128,0.139,0.139
0.179,0.179,0.179,0.157,0.179,0.128,0.128,0.139,0.139,0.156
0.179,0.179,0.157,0.179,0.128,0.128,0.139,0.139,0.156,0.156
0.179,0.157,0.179,0.128,0.128,0.139,0.139,0.156,0.156,0.157
0.157,0.179,0.128,0.128,0.139,0.139,0.156,0.156,0.157,0.157
0.179,0.128,0.128,0.139,0.139,0.156,0.156,0.157,0.157,0.171
0.128,0.128,0.139,0.139,0.156,0.156,0.157,0.157,0.171,0.171
0.128,0.139,0.139,0.156,0.156,0.157,0.157,0.171,0.171,0.243
0.139,0.139,0.156,0.156,0.157,0.157,0.171,0.171,0.243,0.243
0.139,0.156,0.156,0.157,0.157,0.171,0.171,0.243,0.243,0.24
0.156,0.156,0.157,0.157,0.171,0.171,0.243,0.243,0.24,0.122
0.156,0.157,0.157,0.171,0.171,0.243,0.243,0.24,0.122,0.303
0.157,0.157,0.171,0.171,0.243,0.243,0.24,0.122,0.303,0.115
0.157,0.171,0.171,0.243,0.243,0.24,0.122,0.303,0.115,0.392
0.171,0.171,0.243,0.243,0.24,0.122,0.303,0.115,0.392,0.313
0.171,0.243,0.243,0.24,0.122,0.303,0.115,0.392,0.313,0.207
0.243,0.243,0.24,0.122,0.303,0.115,0.392,0.313,0.207,0.314
0.243,0.24,0.122,0.303,0.115,0.392,0.313,0.207,0.314,0.213
0.24,0.122,0.303,0.115,0.392,0.313,0.207,0.314,0.213,0.235
0.122,0.303,0.115,0.392,0.313,0.207,0.314,0.213,0.235,0.31
0.303,0.115,0.392,0.313,0.207,0.314,0.213,0.235,0.31,0.411
0.115,0.392,0.313,0.207,0.314,0.213,0.235,0.31,0.411,0.297
0.392,0.313,0.207,0.314,0.213,0.235,0.31,0.411,0.297,0.188
0.313,0.207,0.314,0.213,0.235,0.31,0.411,0.297,0.188,0.187
0.207,0.314,0.213,0.235,0.31,0.411,0.297,0.188,0.187,0.29
0.314,0.213,0.235,0.31,0.411,0.297,0.188,0.187,0.29,0.188
0.213,0.235,0.31,0.411,0.297,0.188,0.187,0.29,0.188,0.183
0.235,0.31,0.411,0.297,0.188,0.187,0.29,0.188,0.183,0.188
0.31,0.411,0.297,0.188,0.187,0.29,0.188,0.183,0.188,0.093
0.411,0.297,0.188,0.187,0.29,0.188,0.183,0.188,0.093,0.116
0.297,0.188,0.187,0.29,0.188,0.183,0.188,0.093,0.116,0.12
0.188,0.187,0.29,0.188,0.183,0.188,0.093,0.116,0.12,0.32
0.187,0.29,0.188,0.183,0.188,0.093,0.116,0.12,0.32,0.415
0.29,0.188,0.183,0.188,0.093,0.116,0.12,0.32,0.415,0.414
0.188,0.183,0.188,0.093,0.116,0.12,0.32,0.415,0.414,0.311
0.183,0.188,0.093,0.116,0.12,0.32,0.415,0.414,0.311,0.207
0.188,0.093,0.116,0.12,0.32,0.415,0.414,0.311,0.207,0.213
0.093,0.116,0.12,0.32,0.415,0.414,0.311,0.207,0.213,0.33
0.116,0.12,0.32,0.415,0.414,0.311,0.207,0.213,0.33,0.235
0.12,0.32,0.415,0.414,0.311,0.207,0.213,0.33,0.235,0.211
0.32,0.415,0.414,0.311,0.207,0.213,0.33,0.235,0.211,0.224
0.415,0.414,0.311,0.207,0.213,0.33,0.235,0.211,0.224,0.282
0.414,0.311,0.207,0.213,0.33,0.235,0.211,0.224,0.282,0.453
0.311,0.207,0.213,0.33,0.235,0.211,0.224,0.282,0.453,0.641
0.207,0.213,0.33,0.235,0.211,0.224,0.282,0.453,0.641,0.42
0.213,0.33,0.235,0.211,0.224,0.282,0.453,0.641,0.42,0.436
0.33,0.235,0.211,0.224,0.282,0.453,0.641,0.42,0.436,0.44
0.235,0.211,0.224,0.282,0.453,0.641,0.42,0.436,0.44,0.535
0.211,0.224,0.282,0.453,0.641,0.42,0.436,0.44,0.535,0.532
0.224,0.282,0.453,0.641,0.42,0.436,0.44,0.535,0.532,0.342
0.282,0.453,0.641,0.42,0.436,0.44,0.535,0.532,0.342,0.324
0.453,0.641,0.42,0.436,0.44,0.535,0.532,0.342,0.324,0.315
0.641,0.42,0.436,0.44,0.535,0.532,0.342,0.324,0.315,0.205
0.42,0.436,0.44,0.535,0.532,0.342,0.324,0.315,0.205,0.306
0.436,0.44,0.535,0.532,0.342,0.324,0.315,0.205,0.306,0.784
0.44,0.535,0.532,0.342,0.324,0.315,0.205,0.306,0.784,2.889
0.535,0.532,0.342,0.324,0.315,0.205,0.306,0.784,2.889,1.412
0.532,0.342,0.324,0.315,0.205,0.306,0.784,2.889,1.412,1.057
0.342,0.324,0.315,0.205,0.306,0.784,2.889,1.412,1.057,0.767
0.324,0.315,0.205,0.306,0.784,2.889,1.412,1.057,0.767,0.879
0.315,0.205,0.306,0.784,2.889,1.412,1.057,0.767,0.879,0.619
0.205,0.306,0.784,2.889,1.412,1.057,0.767,0.879,0.619,0.604
0.306,0.784,2.889,1.412,1.057,0.767,0.879,0.619,0.604,0.556
0.784,2.889,1.412,1.057,0.767,0.879,0.619,0.604,0.556,0.643
2.889,1.412,1.057,0.767,0.879,0.619,0.604,0.556,0.643,0.548
1.412,1.057,0.767,0.879,0.619,0.604,0.556,0.643,0.548,0.542
1.057,0.767,0.879,0.619,0.604,0.556,0.643,0.548,0.542,1.106
0.767,0.879,0.619,0.604,0.556,0.643,0.548,0.542,1.106,4.489
0.879,0.619,0.604,0.556,0.643,0.548,0.542,1.106,4.489,7.455
0.619,0.604,0.556,0.643,0.548,0.542,1.106,4.489,7.455,4.566
0.604,0.556,0.643,0.548,0.542,1.106,4.489,7.455,4.566,3.457
0.556,0.643,0.548,0.542,1.106,4.489,7.455,4.566,3.457,2.5
0.643,0.548,0.542,1.106,4.489,7.455,4.566,3.457,2.5,3.2
0.548,0.542,1.106,4.489,7.455,4.566,3.457,2.5,3.2,2.1
0.542,1.106,4.489,7.455,4.566,3.457,2.5,3.2,2.1,1.75
1.106,4.489,7.455,4.566,3.457,2.5,3.2,2.1,1.75,1.64
4.489,7.455,4.566,3.457,2.5,3.2,2.1,1.75,1.64,1.702
7.455,4.566,3.457,2.5,3.2,2.1,1.75,1.64,1.702,1.823
4.566,3.457,2.5,3.2,2.1,1.75,1.64,1.702,1.823,1.513
3.457,2.5,3.2,2.1,1.75,1.64,1.702,1.823,1.513,1.389
2.5,3.2,2.1,1.75,1.64,1.702,1.823,1.513,1.389,1.344
3.2,2.1,1.75,1.64,1.702,1.823,1.513,1.389,1.344,1.217
2.1,1.75,1.64,1.702,1.823,1.513,1.389,1.344,1.217,1.176
1.75,1.64,1.702,1.823,1.513,1.389,1.344,1.217,1.176,1.598
1.64,1.702,1.823,1.513,1.389,1.344,1.217,1.176,1.598,2.121
1.702,1.823,1.513,1.389,1.344,1.217,1.176,1.598,2.121,1.566
1.823,1.513,1.389,1.344,1.217,1.176,1.598,2.121,1.566,1.384
1.513,1.389,1.344,1.217,1.176,1.598,2.121,1.566,1.384,1.528
1.389,1.344,1.217,1.176,1.598,2.121,1.566,1.384,1.528,1.428
1.344,1.217,1.176,1.598,2.121,1.566,1.384,1.528,1.428,1.208
1.217,1.176,1.598,2.121,1.566,1.384,1.528,1.428,1.208,1.222
1.176,1.598,2.121,1.566,1.384,1.528,1.428,1.208,1.222,1.003
1.598,2.121,1.566,1.384,1.528,1.428,1.208,1.222,1.003,1.504
2.121,1.566,1.384,1.528,1.428,1.208,1.222,1.003,1.504,3.383
1.566,1.384,1.528,1.428,1.208,1.222,1.003,1.504,3.383,2.03
1.384,1.528,1.428,1.208,1.222,1.003,1.504,3.383,2.03,1.644
1.528,1.428,1.208,1.222,1.003,1.504,3.383,2.03,1.644,1.513
1.428,1.208,1.222,1.003,1.504,3.383,2.03,1.644,1.513,1.653
1.208,1.222,1.003,1.504,3.383,2.03,1.644,1.513,1.653,1.901
1.222,1.003,1.504,3.383,2.03,1.644,1.513,1.653,1.901,1.904
1.003,1.504,3.383,2.03,1.644,1.513,1.653,1.901,1.904,1.921
1.504,3.383,2.03,1.644,1.513,1.653,1.901,1.904,1.921,2.048
3.383,2.03,1.644,1.513,1.653,1.901,1.904,1.921,2.048,1.668
2.03,1.644,1.513,1.653,1.901,1.904,1.921,2.048,1.668,1.545
1.644,1.513,1.653,1.901,1.904,1.921,2.048,1.668,1.545,2.27
1.513,1.653,1.901,1.904,1.921,2.048,1.668,1.545,2.27,3.544
1.653,1.901,1.904,1.921,2.048,1.668,1.545,2.27,3.544,6.358
1.901,1.904,1.921,2.048,1.668,1.545,2.27,3.544,6.358,5.93
1.904,1.921,2.048,1.668,1.545,2.27,3.544,6.358,5.93,6.846
1.921,2.048,1.668,1.545,2.27,3.544,6.358,5.93,6.846,4.508
2.048,1.668,1.545,2.27,3.544,6.358,5.93,6.846,4.508,3.739
1.668,1.545,2.27,3.544,6.358,5.93,6.846,4.508,3.739,4.327
1.545,2.27,3.544,6.358,5.93,6.846,4.508,3.739,4.327,4.496
2.27,3.544,6.358,5.93,6.846,4.508,3.739,4.327,4.496,3.631
3.544,6.358,5.93,6.846,4.508,3.739,4.327,4.496,3.631,6.099
6.358,5.93,6.846,4.508,3.739,4.327,4.496,3.631,6.099,4.338
5.93,6.846,4.508,3.739,4.327,4.496,3.631,6.099,4.338,3.587
6.846,4.508,3.739,4.327,4.496,3.631,6.099,4.338,3.587,3.025
4.508,3.739,4.327,4.496,3.631,6.099,4.338,3.587,3.025,2.651
3.739,4.327,4.496,3.631,6.099,4.338,3.587,3.025,2.651,2.473
4.327,4.496,3.631,6.099,4.338,3.587,3.025,2.651,2.473,2.173
4.496,3.631,6.099,4.338,3.587,3.025,2.651,2.473,2.173,2.371
3.631,6.099,4.338,3.587,3.025,2.651,2.473,2.173,2.371,1.998
6.099,4.338,3.587,3.025,2.651,2.473,2.173,2.371,1.998,2.102
4.338,3.587,3.025,2.651,2.473,2.173,2.371,1.998,2.102,2.562
3.587,3.025,2.651,2.473,2.173,2.371,1.998,2.102,2.562,2.133
3.025,2.651,2.473,2.173,2.371,1.998,2.102,2.562,2.133,2.014
2.651,2.473,2.173,2.371,1.998,2.102,2.562,2.133,2.014,6.686
2.473,2.173,2.371,1.998,2.102,2.562,2.133,2.014,6.686,4.105
2.173,2.371,1.998,2.102,2.562,2.133,2.014,6.686,4.105,3.027
2.371,1.998,2.102,2.562,2.133,2.014,6.686,4.105,3.027,2.623
1.998,2.102,2.562,2.133,2.014,6.686,4.105,3.027,2.623,2.096
2.102,2.562,2.133,2.014,6.686,4.105,3.027,2.623,2.096,2.143
2.562,2.133,2.014,6.686,4.105,3.027,2.623,2.096,2.143,1.97
2.133,2.014,6.686,4.105,3.027,2.623,2.096,2.143,1.97,1.382
2.014,6.686,4.105,3.027,2.623,2.096,2.143,1.97,1.382,1.527
6.686,4.105,3.027,2.623,2.096,2.143,1.97,1.382,1.527,1.251
4.105,3.027,2.623,2.096,2.143,1.97,1.382,1.527,1.251,1.259
3.027,2.623,2.096,2.143,1.97,1.382,1.527,1.251,1.259,1.246
2.623,2.096,2.143,1.97,1.382,1.527,1.251,1.259,1.246,1.333
2.096,2.143,1.97,1.382,1.527,1.251,1.259,1.246,1.333,1.478
2.143,1.97,1.382,1.527,1.251,1.259,1.246,1.333,1.478,1.454
1.97,1.382,1.527,1.251,1.259,1.246,1.333,1.478,1.454,1.18
1.382,1.527,1.251,1.259,1.246,1.333,1.478,1.454,1.18,1.05
1.527,1.251,1.259,1.246,1.333,1.478,1.454,1.18,1.05,0.903
1.251,1.259,1.246,1.333,1.478,1.454,1.18,1.05,0.903,0.76
1.259,1.246,1.333,1.478,1.454,1.18,1.05,0.903,0.76,0.813
1.246,1.333,1.478,1.454,1.18,1.05,0.903,0.76,0.813,0.644
1.333,1.478,1.454,1.18,1.05,0.903,0.76,0.813,0.644,0.621
1.478,1.454,1.18,1.05,0.903,0.76,0.813,0.644,0.621,0.59
1.454,1.18,1.05,0.903,0.76,0.813,0.644,0.621,0.59,0.462
1.18,1.05,0.903,0.76,0.813,0.644,0.621,0.59,0.462,0.472
1.05,0.903,0.76,0.813,0.644,0.621,0.59,0.462,0.472,0.469
0.903,0.76,0.813,0.644,0.621,0.59,0.462,0.472,0.469,0.469
0.76,0.813,0.644,0.621,0.59,0.462,0.472,0.469,0.469,0.364
0.813,0.644,0.621,0.59,0.462,0.472,0.469,0.469,0.364,0.192
0.644,0.621,0.59,0.462,0.472,0.469,0.469,0.364,0.192,0.373
0.621,0.59,0.462,0.472,0.469,0.469,0.364,0.192,0.373,0.347
0.59,0.462,0.472,0.469,0.469,0.364,0.192,0.373,0.347,0.211
0.462,0.472,0.469,0.469,0.364,0.192,0.373,0.347,0.211,0.464
0.472,0.469,0.469,0.364,0.192,0.373,0.347,0.211,0.464,0.298
0.469,0.469,0.364,0.192,0.373,0.347,0.211,0.464,0.298,0.308
0.469,0.364,0.192,0.373,0.347,0.211,0.464,0.298,0.308,0.181
0.364,0.192,0.373,0.347,0.211,0.464,0.298,0.308,0.181,0.178
0.192,0.373,0.347,0.211,0.464,0.298,0.308,0.181,0.178,0.176
0.373,0.347,0.211,0.464,0.298,0.308,0.181,0.178,0.176,0.093
0.347,0.211,0.464,0.298,0.308,0.181,0.178,0.176,0.093,0.093
0.211,0.464,0.298,0.308,0.181,0.178,0.176,0.093,0.093,0.093
0.464,0.298,0.308,0.181,0.178,0.176,0.093,0.093,0.093,0.093
0.298,0.308,0.181,0.178,0.176,0.093,0.093,0.093,0.093,0.071
0.308,0.181,0.178,0.176,0.093,0.093,0.093,0.093,0.071,0.071
0.181,0.178,0.176,0.093,0.093,0.093,0.093,0.071,0.071,0.071
0.178,0.176,0.093,0.093,0.093,0.093,0.071,0.071,0.071,0.054
0.176,0.093,0.093,0.093,0.093,0.071,0.071,0.071,0.054,0.054
0.093,0.093,0.093,0.093,0.071,0.071,0.071,0.054,0.054,0.054
0.093,0.093,0.093,0.071,0.071,0.071,0.054,0.054,0.054,0.172
0.093,0.093,0.071,0.071,0.071,0.054,0.054,0.054,0.172,0.047
0.093,0.071,0.071,0.071,0.054,0.054,0.054,0.172,0.047,0.153
0.071,0.071,0.071,0.054,0.054,0.054,0.172,0.047,0.153,0.299
0.071,0.071,0.054,0.054,0.054,0.172,0.047,0.153,0.299,0.169
0.071,0.054,0.054,0.054,0.172,0.047,0.153,0.299,0.169,0.292
0.054,0.054,0.054,0.172,0.047,0.153,0.299,0.169,0.292,0.156
0.054,0.054,0.172,0.047,0.153,0.299,0.169,0.292,0.156,0.056
0.054,0.172,0.047,0.153,0.299,0.169,0.292,0.156,0.056,0.056
0.172,0.047,0.153,0.299,0.169,0.292,0.156,0.056,0.056,0.093
0.047,0.153,0.299,0.169,0.292,0.156,0.056,0.056,0.093,0.073
0.153,0.299,0.169,0.292,0.156,0.056,0.056,0.093,0.073,0.053
0.299,0.169,0.292,0.156,0.056,0.056,0.093,0.073,0.053,0.032
0.169,0.292,0.156,0.056,0.056,0.093,0.073,0.053,0.032,0.153
0.292,0.156,0.056,0.056,0.093,0.073,0.053,0.032,0.153,0.132
0.156,0.056,0.056,0.093,0.073,0.053,0.032,0.153,0.132,0.027
0.056,0.056,0.093,0.073,0.053,0.032,0.153,0.132,0.027,0.005
0.056,0.093,0.073,0.053,0.032,0.153,0.132,0.027,0.005,0.005
0.093,0.073,0.053,0.032,0.153,0.132,0.027,0.005,0.005,0.035
0.073,0.053,0.032,0.153,0.132,0.027,0.005,0.005,0.035,0.433
0.053,0.032,0.153,0.132,0.027,0.005,0.005,0.035,0.433,0.16
0.032,0.153,0.132,0.027,0.005,0.005,0.035,0.433,0.16,0.291
0.153,0.132,0.027,0.005,0.005,0.035,0.433,0.16,0.291,0.232
0.132,0.027,0.005,0.005,0.035,0.433,0.16,0.291,0.232,0.232
0.027,0.005,0.005,0.035,0.433,0.16,0.291,0.232,0.232,0.232
0.005,0.005,0.035,0.433,0.16,0.291,0.232,0.232,0.232,0.394
0.005,0.035,0.433,0.16,0.291,0.232,0.232,0.232,0.394,0.294
0.035,0.433,0.16,0.291,0.232,0.232,0.232,0.394,0.294,0.194
0.433,0.16,0.291,0.232,0.232,0.232,0.394,0.294,0.194,0.457
0.16,0.291,0.232,0.232,0.232,0.394,0.294,0.194,0.457,0.427
0.291,0.232,0.232,0.232,0.394,0.294,0.194,0.457,0.427,0.19
0.232,0.232,0.232,0.394,0.294,0.194,0.457,0.427,0.19,0.07
0.232,0.232,0.394,0.294,0.194,0.457,0.427,0.19,0.07,0.04
0.232,0.394,0.294,0.194,0.457,0.427,0.19,0.07,0.04,0.04
0.394,0.294,0.194,0.457,0.427,0.19,0.07,0.04,0.04,0.03
0.294,0.194,0.457,0.427,0.19,0.07,0.04,0.04,0.03,0.058
0.194,0.457,0.427,0.19,0.07,0.04,0.04,0.03,0.058,0.077
0.457,0.427,0.19,0.07,0.04,0.04,0.03,0.058,0.077,0.08
0.427,0.19,0.07,0.04,0.04,0.03,0.058,0.077,0.08,0.07
0.19,0.07,0.04,0.04,0.03,0.058,0.077,0.08,0.07,0.172
0.07,0.04,0.04,0.03,0.058,0.077,0.08,0.07,0.172,0.04
0.04,0.04,0.03,0.058,0.077,0.08,0.07,0.172,0.04,0.04
0.04,0.03,0.058,0.077,0.08,0.07,0.172,0.04,0.04,0.03
0.03,0.058,0.077,0.08,0.07,0.172,0.04,0.04,0.03,0.05
0.058,0.077,0.08,0.07,0.172,0.04,0.04,0.03,0.05,0.05
0.077,0.08,0.07,0.172,0.04,0.04,0.03,0.05,0.05,0.05
0.08,0.07,0.172,0.04,0.04,0.03,0.05,0.05,0.05,0.061
0.07,0.172,0.04,0.04,0.03,0.05,0.05,0.05,0.061,0.077
0.172,0.04,0.04,0.03,0.05,0.05,0.05,0.061,0.077,0.06
0.04,0.04,0.03,0.05,0.05,0.05,0.061,0.077,0.06,0.067
0.04,0.03,0.05,0.05,0.05,0.061,0.077,0.06,0.067,0.035
0.03,0.05,0.05,0.05,0.061,0.077,0.06,0.067,0.035,0.032
0.05,0.05,0.05,0.061,0.077,0.06,0.067,0.035,0.032,0.288
0.05,0.05,0.061,0.077,0.06,0.067,0.035,0.032,0.288,0.037
0.05,0.061,0.077,0.06,0.067,0.035,0.032,0.288,0.037,0.154
0.061,0.077,0.06,0.067,0.035,0.032,0.288,0.037,0.154,0.066
0.077,0.06,0.067,0.035,0.032,0.288,0.037,0.154,0.066,0.048
0.06,0.067,0.035,0.032,0.288,0.037,0.154,0.066,0.048,0.01
0.067,0.035,0.032,0.288,0.037,0.154,0.066,0.048,0.01,0.183
0.035,0.032,0.288,0.037,0.154,0.066,0.048,0.01,0.183,0.061
0.032,0.288,0.037,0.154,0.066,0.048,0.01,0.183,0.061,0.061
0.288,0.037,0.154,0.066,0.048,0.01,0.183,0.061,0.061,0.045
0.037,0.154,0.066,0.048,0.01,0.183,0.061,0.061,0.045,0.045
0.154,0.066,0.048,0.01,0.183,0.061,0.061,0.045,0.045,0.045
0.066,0.048,0.01,0.183,0.061,0.061,0.045,0.045,0.045,0.045
0.048,0.01,0.183,0.061,0.061,0.045,0.045,0.045,0.045,0.045
0.01,0.183,0.061,0.061,0.045,0.045,0.045,0.045,0.045,0.045
0.183,0.061,0.061,0.045,0.045,0.045,0.045,0.045,0.045,0.07
0.061,0.061,0.045,0.045,0.045,0.045,0.045,0.045,0.07,0.436
0.061,0.045,0.045,0.045,0.045,0.045,0.045,0.07,0.436,0.065
0.045,0.045,0.045,0.045,0.045,0.045,0.07,0.436,0.065,0.162
0.045,0.045,0.045,0.045,0.045,0.07,0.436,0.065,0.162,0.067
0.045,0.045,0.045,0.045,0.07,0.436,0.065,0.162,0.067,0.114
0.045,0.045,0.045,0.07,0.436,0.065,0.162,0.067,0.114,0.114
0.045,0.045,0.07,0.436,0.065,0.162,0.067,0.114,0.114,0.182
0.045,0.07,0.436,0.065,0.162,0.067,0.114,0.114,0.182,0.05
0.07,0.436,0.065,0.162,0.067,0.114,0.114,0.182,0.05,0.06
0.436,0.065,0.162,0.067,0.114,0.114,0.182,0.05,0.06,0.05
0.065,0.162,0.067,0.114,0.114,0.182,0.05,0.06,0.05,0.069
0.162,0.067,0.114,0.114,0.182,0.05,0.06,0.05,0.069,0.07
0.067,0.114,0.114,0.182,0.05,0.06,0.05,0.069,0.07,0.069
0.114,0.114,0.182,0.05,0.06,0.05,0.069,0.07,0.069,0.185
0.114,0.182,0.05,0.06,0.05,0.069,0.07,0.069,0.185,0.128
0.182,0.05,0.06,0.05,0.069,0.07,0.069,0.185,0.128,0.11
0.05,0.06,0.05,0.069,0.07,0.069,0.185,0.128,0.11,0.054
0.06,0.05,0.069,0.07,0.069,0.185,0.128,0.11,0.054,0.083
0.05,0.069,0.07,0.069,0.185,0.128,0.11,0.054,0.083,0.066
0.069,0.07,0.069,0.185,0.128,0.11,0.054,0.083,0.066,0.04
0.07,0.069,0.185,0.128,0.11,0.054,0.083,0.066,0.04,0.074
0.069,0.185,0.128,0.11,0.054,0.083,0.066,0.04,0.074,0.059
0.185,0.128,0.11,0.054,0.083,0.066,0.04,0.074,0.059,0.075
0.128,0.11,0.054,0.083,0.066,0.04,0.074,0.059,0.075,0.02
0.11,0.054,0.083,0.066,0.04,0.074,0.059,0.075,0.02,0.01
0.054,0.083,0.066,0.04,0.074,0.059,0.075,0.02,0.01,0.01
0.083,0.066,0.04,0.074,0.059,0.075,0.02,0.01,0.01,0.01
0.066,0.04,0.074,0.059,0.075,0.02,0.01,0.01,0.01,0.01
0.04,0.074,0.059,0.075,0.02,0.01,0.01,0.01,0.01,0.223
0.074,0.059,0.075,0.02,0.01,0.01,0.01,0.01,0.223,0.116
0.059,0.075,0.02,0.01,0.01,0.01,0.01,0.223,0.116,0.016
0.075,0.02,0.01,0.01,0.01,0.01,0.223,0.116,0.016,0.013
0.02,0.01,0.01,0.01,0.01,0.223,0.116,0.016,0.013,0.01
0.01,0.01,0.01,0.01,0.223,0.116,0.016,0.013,0.01,0.05
0.01,0.01,0.01,0.223,0.116,0.016,0.013,0.01,0.05,0.073
0.01,0.01,0.223,0.116,0.016,0.013,0.01,0.05,0.073,0.323
0.01,0.223,0.116,0.016,0.013,0.01,0.05,0.073,0.323,0.067
0.223,0.116,0.016,0.013,0.01,0.05,0.073,0.323,0.067,0.067
0.116,0.016,0.013,0.01,0.05,0.073,0.323,0.067,0.067,0.368
0.016,0.013,0.01,0.05,0.073,0.323,0.067,0.067,0.368,0.232
0.013,0.01,0.05,0.073,0.323,0.067,0.067,0.368,0.232,0.328
0.01,0.05,0.073,0.323,0.067,0.067,0.368,0.232,0.328,0.225
0.05,0.073,0.323,0.067,0.067,0.368,0.232,0.328,0.225,0.094
0.073,0.323,0.067,0.067,0.368,0.232,0.328,0.225,0.094,0.11
0.323,0.067,0.067,0.368,0.232,0.328,0.225,0.094,0.11,0.217
0.067,0.067,0.368,0.232,0.328,0.225,0.094,0.11,0.217,0.097
0.067,0.368,0.232,0.328,0.225,0.094,0.11,0.217,0.097,0.1
0.368,0.232,0.328,0.225,0.094,0.11,0.217,0.097,0.1,0.1
0.232,0.328,0.225,0.094,0.11,0.217,0.097,0.1,0.1,0.1
0.328,0.225,0.094,0.11,0.217,0.097,0.1,0.1,0.1,0.094
0.225,0.094,0.11,0.217,0.097,0.1,0.1,0.1,0.094,0.061
0.094,0.11,0.217,0.097,0.1,0.1,0.1,0.094,0.061,0.061
0.11,0.217,0.097,0.1,0.1,0.1,0.094,0.061,0.061,0.061
0.217,0.097,0.1,0.1,0.1,0.094,0.061,0.061,0.061,0.061
0.097,0.1,0.1,0.1,0.094,0.061,0.061,0.061,0.061,0.116
0.1,0.1,0.1,0.094,0.061,0.061,0.061,0.061,0.116,0.105
0.1,0.1,0.094,0.061,0.061,0.061,0.061,0.116,0.105,0.035
0.1,0.094,0.061,0.061,0.061,0.061,0.116,0.105,0.035,0.035
0.094,0.061,0.061,0.061,0.061,0.116,0.105,0.035,0.035,0.035
0.061,0.061,0.061,0.061,0.116,0.105,0.035,0.035,0.035,0.109
0.061,0.061,0.061,0.116,0.105,0.035,0.035,0.035,0.109,0.109
0.061,0.061,0.116,0.105,0.035,0.035,0.035,0.109,0.109,0.094
0.061,0.116,0.105,0.035,0.035,0.035,0.109,0.109,0.094,0.059
0.116,0.105,0.035,0.035,0.035,0.109,0.109,0.094,0.059,0.054
0.105,0.035,0.035,0.035,0.109,0.109,0.094,0.059,0.054,0.037
0.035,0.035,0.035,0.109,0.109,0.094,0.059,0.054,0.037,0.036
0.035,0.035,0.109,0.109,0.094,0.059,0.054,0.037,0.036,0.044
0.035,0.109,0.109,0.094,0.059,0.054,0.037,0.036,0.044,0.065
0.109,0.109,0.094,0.059,0.054,0.037,0.036,0.044,0.065,0.065
0.109,0.094,0.059,0.054,0.037,0.036,0.044,0.065,0.065,0.375
0.094,0.059,0.054,0.037,0.036,0.044,0.065,0.065,0.375,0.505
0.059,0.054,0.037,0.036,0.044,0.065,0.065,0.375,0.505,0.181
0.054,0.037,0.036,0.044,0.065,0.065,0.375,0.505,0.181,0.121
0.037,0.036,0.044,0.065,0.065,0.375,0.505,0.181,0.121,0.121
0.036,0.044,0.065,0.065,0.375,0.505,0.181,0.121,0.121,0.184
0.044,0.065,0.065,0.375,0.505,0.181,0.121,0.121,0.184,0.738
0.065,0.065,0.375,0.505,0.181,0.121,0.121,0.184,0.738,0.645
0.065,0.375,0.505,0.181,0.121,0.121,0.184,0.738,0.645,0.4
0.375,0.505,0.181,0.121,0.121,0.184,0.738,0.645,0.4,0.345
0.505,0.181,0.121,0.121,0.184,0.738,0.645,0.4,0.345,0.349
0.181,0.121,0.121,0.184,0.738,0.645,0.4,0.345,0.349,0.227
0.121,0.121,0.184,0.738,0.645,0.4,0.345,0.349,0.227,0.215
0.121,0.184,0.738,0.645,0.4,0.345,0.349,0.227,0.215,0.216
0.184,0.738,0.645,0.4,0.345,0.349,0.227,0.215,0.216,0.217
0.738,0.645,0.4,0.345,0.349,0.227,0.215,0.216,0.217,0.215
0.645,0.4,0.345,0.349,0.227,0.215,0.216,0.217,0.215,0.22
0.4,0.345,0.349,0.227,0.215,0.216,0.217,0.215,0.22,0.321
0.345,0.349,0.227,0.215,0.216,0.217,0.215,0.22,0.321,0.219
0.349,0.227,0.215,0.216,0.217,0.215,0.22,0.321,0.219,0.108
0.227,0.215,0.216,0.217,0.215,0.22,0.321,0.219,0.108,0.128
0.215,0.216,0.217,0.215,0.22,0.321,0.219,0.108,0.128,0.11
0.216,0.217,0.215,0.22,0.321,0.219,0.108,0.128,0.11,0.11
0.217,0.215,0.22,0.321,0.219,0.108,0.128,0.11,0.11,0.228
0.215,0.22,0.321,0.219,0.108,0.128,0.11,0.11,0.228,0.126
0.22,0.321,0.219,0.108,0.128,0.11,0.11,0.228,0.126,0.122
0.321,0.219,0.108,0.128,0.11,0.11,0.228,0.126,0.122,0.223
0.219,0.108,0.128,0.11,0.11,0.228,0.126,0.122,0.223,0.103
0.108,0.128,0.11,0.11,0.228,0.126,0.122,0.223,0.103,0.143
0.128,0.11,0.11,0.228,0.126,0.122,0.223,0.103,0.143,0.154
0.11,0.11,0.228,0.126,0.122,0.223,0.103,0.143,0.154,0.148
0.11,0.228,0.126,0.122,0.223,0.103,0.143,0.154,0.148,0.148
0.228,0.126,0.122,0.223,0.103,0.143,0.154,0.148,0.148,0.207
0.126,0.122,0.223,0.103,0.143,0.154,0.148,0.148,0.207,0.21
0.122,0.223,0.103,0.143,0.154,0.148,0.148,0.207,0.21,0.139
0.223,0.103,0.143,0.154,0.148,0.148,0.207,0.21,0.139,0.139
0.103,0.143,0.154,0.148,0.148,0.207,0.21,0.139,0.139,0.141
0.143,0.154,0.148,0.148,0.207,0.21,0.139,0.139,0.141,0.141
0.154,0.148,0.148,0.207,0.21,0.139,0.139,0.141,0.141,0.201
0.148,0.148,0.207,0.21,0.139,0.139,0.141,0.141,0.201,0.202
0.148,0.207,0.21,0.139,0.139,0.141,0.141,0.201,0.202,0.203
0.207,0.21,0.139,0.139,0.141,0.141,0.201,0.202,0.203,0.123
0.21,0.139,0.139,0.141,0.141,0.201,0.202,0.203,0.123,0.123
0.139,0.139,0.141,0.141,0.201,0.202,0.203,0.123,0.123,0.123
0.139,0.141,0.141,0.201,0.202,0.203,0.123,0.123,0.123,0.123
0.141,0.141,0.201,0.202,0.203,0.123,0.123,0.123,0.123,0.123
0.141,0.201,0.202,0.203,0.123,0.123,0.123,0.123,0.123,0.206
0.201,0.202,0.203,0.123,0.123,0.123,0.123,0.123,0.206,0.208
0.202,0.203,0.123,0.123,0.123,0.123,0.123,0.206,0.208,0.207
0.203,0.123,0.123,0.123,0.123,0.123,0.206,0.208,0.207,0.205
0.123,0.123,0.123,0.123,0.123,0.206,0.208,0.207,0.205,0.205
0.123,0.123,0.123,0.123,0.206,0.208,0.207,0.205,0.205,0.208
0.123,0.123,0.123,0.206,0.208,0.207,0.205,0.205,0.208,0.308
0.123,0.123,0.206,0.208,0.207,0.205,0.205,0.208,0.308,0.207
0.123,0.206,0.208,0.207,0.205,0.205,0.208,0.308,0.207,0.207
0.206,0.208,0.207,0.205,0.205,0.208,0.308,0.207,0.207,0.53
0.208,0.207,0.205,0.205,0.208,0.308,0.207,0.207,0.53,0.427
0.207,0.205,0.205,0.208,0.308,0.207,0.207,0.53,0.427,0.426
0.205,0.205,0.208,0.308,0.207,0.207,0.53,0.427,0.426,0.434
0.205,0.208,0.308,0.207,0.207,0.53,0.427,0.426,0.434,0.577
0.208,0.308,0.207,0.207,0.53,0.427,0.426,0.434,0.577,0.47
0.308,0.207,0.207,0.53,0.427,0.426,0.434,0.577,0.47,0.349
0.207,0.207,0.53,0.427,0.426,0.434,0.577,0.47,0.349,0.462
0.207,0.53,0.427,0.426,0.434,0.577,0.47,0.349,0.462,0.351
0.53,0.427,0.426,0.434,0.577,0.47,0.349,0.462,0.351,0.335
0.427,0.426,0.434,0.577,0.47,0.349,0.462,0.351,0.335,0.352
0.426,0.434,0.577,0.47,0.349,0.462,0.351,0.335,0.352,0.241
0.434,0.577,0.47,0.349,0.462,0.351,0.335,0.352,0.241,0.241
0.577,0.47,0.349,0.462,0.351,0.335,0.352,0.241,0.241,0.241
0.47,0.349,0.462,0.351,0.335,0.352,0.241,0.241,0.241,0.241
0.349,0.462,0.351,0.335,0.352,0.241,0.241,0.241,0.241,0.216
0.462,0.351,0.335,0.352,0.241,0.241,0.241,0.241,0.216,0.433
0.351,0.335,0.352,0.241,0.241,0.241,0.241,0.216,0.433,0.519
0.335,0.352,0.241,0.241,0.241,0.241,0.216,0.433,0.519,0.449
0.352,0.241,0.241,0.241,0.241,0.216,0.433,0.519,0.449,0.438
0.241,0.241,0.241,0.241,0.216,0.433,0.519,0.449,0.438,0.673
0.241,0.241,0.241,0.216,0.433,0.519,0.449,0.438,0.673,0.541
0.241,0.241,0.216,0.433,0.519,0.449,0.438,0.673,0.541,0.439
0.241,0.216,0.433,0.519,0.449,0.438,0.673,0.541,0.439,0.436
0.216,0.433,0.519,0.449,0.438,0.673,0.541,0.439,0.436,0.438
0.433,0.519,0.449,0.438,0.673,0.541,0.439,0.436,0.438,0.32
0.519,0.449,0.438,0.673,0.541,0.439,0.436,0.438,0.32,0.336
0.449,0.438,0.673,0.541,0.439,0.436,0.438,0.32,0.336,0.32
0.438,0.673,0.541,0.439,0.436,0.438,0.32,0.336,0.32,0.22
0.673,0.541,0.439,0.436,0.438,0.32,0.336,0.32,0.22,0.231
0.541,0.439,0.436,0.438,0.32,0.336,0.32,0.22,0.231,0.337
0.439,0.436,0.438,0.32,0.336,0.32,0.22,0.231,0.337,0.202
0.436,0.438,0.32,0.336,0.32,0.22,0.231,0.337,0.202,0.336
0.438,0.32,0.336,0.32,0.22,0.231,0.337,0.202,0.336,0.22
0.32,0.336,0.32,0.22,0.231,0.337,0.202,0.336,0.22,0.25
0.336,0.32,0.22,0.231,0.337,0.202,0.336,0.22,0.25,0.25
0.32,0.22,0.231,0.337,0.202,0.336,0.22,0.25,0.25,0.251
0.22,0.231,0.337,0.202,0.336,0.22,0.25,0.25,0.251,0.134
0.231,0.337,0.202,0.336,0.22,0.25,0.25,0.251,0.134,0.3
0.337,0.202,0.336,0.22,0.25,0.25,0.251,0.134,0.3,0.219
0.202,0.336,0.22,0.25,0.25,0.251,0.134,0.3,0.219,0.219
0.336,0.22,0.25,0.25,0.251,0.134,0.3,0.219,0.219,0.538
0.22,0.25,0.25,0.251,0.134,0.3,0.219,0.219,0.538,1.548
0.25,0.25,0.251,0.134,0.3,0.219,0.219,0.538,1.548,1.236
0.25,0.251,0.134,0.3,0.219,0.219,0.538,1.548,1.236,0.628
0.251,0.134,0.3,0.219,0.219,0.538,1.548,1.236,0.628,0.397
0.134,0.3,0.219,0.219,0.538,1.548,1.236,0.628,0.397,0.75
0.3,0.219,0.219,0.538,1.548,1.236,0.628,0.397,0.75,0.555
0.219,0.219,0.538,1.548,1.236,0.628,0.397,0.75,0.555,0.428
0.219,0.538,1.548,1.236,0.628,0.397,0.75,0.555,0.428,0.448
0.538,1.548,1.236,0.628,0.397,0.75,0.555,0.428,0.448,0.327
1.548,1.236,0.628,0.397,0.75,0.555,0.428,0.448,0.327,0.247
1.236,0.628,0.397,0.75,0.555,0.428,0.448,0.327,0.247,0.319
0.628,0.397,0.75,0.555,0.428,0.448,0.327,0.247,0.319,0.346
0.397,0.75,0.555,0.428,0.448,0.327,0.247,0.319,0.346,0.404
0.75,0.555,0.428,0.448,0.327,0.247,0.319,0.346,0.404,0.077
0.555,0.428,0.448,0.327,0.247,0.319,0.346,0.404,0.077,0.177
0.428,0.448,0.327,0.247,0.319,0.346,0.404,0.077,0.177,0.286
0.448,0.327,0.247,0.319,0.346,0.404,0.077,0.177,0.286,0.078
0.327,0.247,0.319,0.346,0.404,0.077,0.177,0.286,0.078,0.23
0.247,0.319,0.346,0.404,0.077,0.177,0.286,0.078,0.23,0.064
0.319,0.346,0.404,0.077,0.177,0.286,0.078,0.23,0.064,0.447
0.346,0.404,0.077,0.177,0.286,0.078,0.23,0.064,0.447,0.184
0.404,0.077,0.177,0.286,0.078,0.23,0.064,0.447,0.184,0.351
0.077,0.177,0.286,0.078,0.23,0.064,0.447,0.184,0.351,0.181
0.177,0.286,0.078,0.23,0.064,0.447,0.184,0.351,0.181,0.353
0.286,0.078,0.23,0.064,0.447,0.184,0.351,0.181,0.353,0.324
0.078,0.23,0.064,0.447,0.184,0.351,0.181,0.353,0.324,0.349
0.23,0.064,0.447,0.184,0.351,0.181,0.353,0.324,0.349,0.061
0.064,0.447,0.184,0.351,0.181,0.353,0.324,0.349,0.061,0.146
0.447,0.184,0.351,0.181,0.353,0.324,0.349,0.061,0.146,0.448
0.184,0.351,0.181,0.353,0.324,0.349,0.061,0.146,0.448,0.442
0.351,0.181,0.353,0.324,0.349,0.061,0.146,0.448,0.442,2.289
0.181,0.353,0.324,0.349,0.061,0.146,0.448,0.442,2.289,4.323
0.353,0.324,0.349,0.061,0.146,0.448,0.442,2.289,4.323,2.414
0.324,0.349,0.061,0.146,0.448,0.442,2.289,4.323,2.414,1.783
0.349,0.061,0.146,0.448,0.442,2.289,4.323,2.414,1.783,1.348
0.061,0.146,0.448,0.442,2.289,4.323,2.414,1.783,1.348,1.279
0.146,0.448,0.442,2.289,4.323,2.414,1.783,1.348,1.279,1.251
0.448,0.442,2.289,4.323,2.414,1.783,1.348,1.279,1.251,1.064
0.442,2.289,4.323,2.414,1.783,1.348,1.279,1.251,1.064,1.145
2.289,4.323,2.414,1.783,1.348,1.279,1.251,1.064,1.145,1.044
4.323,2.414,1.783,1.348,1.279,1.251,1.064,1.145,1.044,0.804
2.414,1.783,1.348,1.279,1.251,1.064,1.145,1.044,0.804,0.727
1.783,1.348,1.279,1.251,1.064,1.145,1.044,0.804,0.727,0.92
1.348,1.279,1.251,1.064,1.145,1.044,0.804,0.727,0.92,0.591
1.279,1.251,1.064,1.145,1.044,0.804,0.727,0.92,0.591,0.424
1.251,1.064,1.145,1.044,0.804,0.727,0.92,0.591,0.424,0.59
1.064,1.145,1.044,0.804,0.727,0.92,0.591,0.424,0.59,0.508
1.145,1.044,0.804,0.727,0.92,0.591,0.424,0.59,0.508,0.727
1.044,0.804,0.727,0.92,0.591,0.424,0.59,0.508,0.727,0.662
0.804,0.727,0.92,0.591,0.424,0.59,0.508,0.727,0.662,0.299
0.727,0.92,0.591,0.424,0.59,0.508,0.727,0.662,0.299,0.206
0.92,0.591,0.424,0.59,0.508,0.727,0.662,0.299,0.206,0.566
0.591,0.424,0.59,0.508,0.727,0.662,0.299,0.206,0.566,0.453
0.424,0.59,0.508,0.727,0.662,0.299,0.206,0.566,0.453,0.189
0.59,0.508,0.727,0.662,0.299,0.206,0.566,0.453,0.189,0.29
0.508,0.727,0.662,0.299,0.206,0.566,0.453,0.189,0.29,0.454
0.727,0.662,0.299,0.206,0.566,0.453,0.189,0.29,0.454,0.569
0.662,0.299,0.206,0.566,0.453,0.189,0.29,0.454,0.569,0.312
0.299,0.206,0.566,0.453,0.189,0.29,0.454,0.569,0.312,0.295
0.206,0.566,0.453,0.189,0.29,0.454,0.569,0.312,0.295,0.573
0.566,0.453,0.189,0.29,0.454,0.569,0.312,0.295,0.573,0.709
0.453,0.189,0.29,0.454,0.569,0.312,0.295,0.573,0.709,0.995
0.189,0.29,0.454,0.569,0.312,0.295,0.573,0.709,0.995,2.618
0.29,0.454,0.569,0.312,0.295,0.573,0.709,0.995,2.618,1.943
0.454,0.569,0.312,0.295,0.573,0.709,0.995,2.618,1.943,1.972
0.569,0.312,0.295,0.573,0.709,0.995,2.618,1.943,1.972,2.047
0.312,0.295,0.573,0.709,0.995,2.618,1.943,1.972,2.047,2.796
0.295,0.573,0.709,0.995,2.618,1.943,1.972,2.047,2.796,2.034
0.573,0.709,0.995,2.618,1.943,1.972,2.047,2.796,2.034,2.376
0.709,0.995,2.618,1.943,1.972,2.047,2.796,2.034,2.376,2.528
0.995,2.618,1.943,1.972,2.047,2.796,2.034,2.376,2.528,2.086
2.618,1.943,1.972,2.047,2.796,2.034,2.376,2.528,2.086,2.476
1.943,1.972,2.047,2.796,2.034,2.376,2.528,2.086,2.476,2.454
1.972,2.047,2.796,2.034,2.376,2.528,2.086,2.476,2.454,1.608
2.047,2.796,2.034,2.376,2.528,2.086,2.476,2.454,1.608,1.617
2.796,2.034,2.376,2.528,2.086,2.476,2.454,1.608,1.617,3.899
2.034,2.376,2.528,2.086,2.476,2.454,1.608,1.617,3.899,6.67
2.376,2.528,2.086,2.476,2.454,1.608,1.617,3.899,6.67,4.486
2.528,2.086,2.476,2.454,1.608,1.617,3.899,6.67,4.486,5.656
2.086,2.476,2.454,1.608,1.617,3.899,6.67,4.486,5.656,4.764
2.476,2.454,1.608,1.617,3.899,6.67,4.486,5.656,4.764,3.274
2.454,1.608,1.617,3.899,6.67,4.486,5.656,4.764,3.274,2.747
1.608,1.617,3.899,6.67,4.486,5.656,4.764,3.274,2.747,2.349
1.617,3.899,6.67,4.486,5.656,4.764,3.274,2.747,2.349,2.174
3.899,6.67,4.486,5.656,4.764,3.274,2.747,2.349,2.174,1.893
6.67,4.486,5.656,4.764,3.274,2.747,2.349,2.174,1.893,1.579
4.486,5.656,4.764,3.274,2.747,2.349,2.174,1.893,1.579,1.37
5.656,4.764,3.274,2.747,2.349,2.174,1.893,1.579,1.37,1.331
4.764,3.274,2.747,2.349,2.174,1.893,1.579,1.37,1.331,1.6
3.274,2.747,2.349,2.174,1.893,1.579,1.37,1.331,1.6,1.22
2.747,2.349,2.174,1.893,1.579,1.37,1.331,1.6,1.22,1.13
2.349,2.174,1.893,1.579,1.37,1.331,1.6,1.22,1.13,1.726
2.174,1.893,1.579,1.37,1.331,1.6,1.22,1.13,1.726,1.88
1.893,1.579,1.37,1.331,1.6,1.22,1.13,1.726,1.88,1.235
1.579,1.37,1.331,1.6,1.22,1.13,1.726,1.88,1.235,1.088
1.37,1.331,1.6,1.22,1.13,1.726,1.88,1.235,1.088,1.276
1.331,1.6,1.22,1.13,1.726,1.88,1.235,1.088,1.276,1.059
1.6,1.22,1.13,1.726,1.88,1.235,1.088,1.276,1.059,0.91
1.22,1.13,1.726,1.88,1.235,1.088,1.276,1.059,0.91,0.734
1.13,1.726,1.88,1.235,1.088,1.276,1.059,0.91,0.734,0.94
1.726,1.88,1.235,1.088,1.276,1.059,0.91,0.734,0.94,1.857
1.88,1.235,1.088,1.276,1.059,0.91,0.734,0.94,1.857,1.096
1.235,1.088,1.276,1.059,0.91,0.734,0.94,1.857,1.096,0.949
1.088,1.276,1.059,0.91,0.734,0.94,1.857,1.096,0.949,0.944
1.276,1.059,0.91,0.734,0.94,1.857,1.096,0.949,0.944,1.052
1.059,0.91,0.734,0.94,1.857,1.096,0.949,0.944,1.052,1.197
0.91,0.734,0.94,1.857,1.096,0.949,0.944,1.052,1.197,1.34
0.734,0.94,1.857,1.096,0.949,0.944,1.052,1.197,1.34,1.125
0.94,1.857,1.096,0.949,0.944,1.052,1.197,1.34,1.125,0.7
1.857,1.096,0.949,0.944,1.052,1.197,1.34,1.125,0.7,0.752
1.096,0.949,0.944,1.052,1.197,1.34,1.125,0.7,0.752,0.601
0.949,0.944,1.052,1.197,1.34,1.125,0.7,0.752,0.601,0.537
0.944,1.052,1.197,1.34,1.125,0.7,0.752,0.601,0.537,1.042
1.052,1.197,1.34,1.125,0.7,0.752,0.601,0.537,1.042,0.615
1.197,1.34,1.125,0.7,0.752,0.601,0.537,1.042,0.615,0.451
1.34,1.125,0.7,0.752,0.601,0.537,1.042,0.615,0.451,0.314
1.125,0.7,0.752,0.601,0.537,1.042,0.615,0.451,0.314,0.746
0.7,0.752,0.601,0.537,1.042,0.615,0.451,0.314,0.746,0.208
0.752,0.601,0.537,1.042,0.615,0.451,0.314,0.746,0.208,0.624
0.601,0.537,1.042,0.615,0.451,0.314,0.746,0.208,0.624,0.721
0.537,1.042,0.615,0.451,0.314,0.746,0.208,0.624,0.721,1.094
1.042,0.615,0.451,0.314,0.746,0.208,0.624,0.721,1.094,0.375
0.615,0.451,0.314,0.746,0.208,0.624,0.721,1.094,0.375,0.74
0.451,0.314,0.746,0.208,0.624,0.721,1.094,0.375,0.74,0.314
0.314,0.746,0.208,0.624,0.721,1.094,0.375,0.74,0.314,0.581
0.746,0.208,0.624,0.721,1.094,0.375,0.74,0.314,0.581,0.217
0.208,0.624,0.721,1.094,0.375,0.74,0.314,0.581,0.217,0.313
0.624,0.721,1.094,0.375,0.74,0.314,0.581,0.217,0.313,0.336
0.721,1.094,0.375,0.74,0.314,0.581,0.217,0.313,0.336,0.289
1.094,0.375,0.74,0.314,0.581,0.217,0.313,0.336,0.289,0.33
0.375,0.74,0.314,0.581,0.217,0.313,0.336,0.289,0.33,0.22
0.74,0.314,0.581,0.217,0.313,0.336,0.289,0.33,0.22,0.345
0.314,0.581,0.217,0.313,0.336,0.289,0.33,0.22,0.345,0.239
0.581,0.217,0.313,0.336,0.289,0.33,0.22,0.345,0.239,0.462
0.217,0.313,0.336,0.289,0.33,0.22,0.345,0.239,0.462,0.309
0.313,0.336,0.289,0.33,0.22,0.345,0.239,0.462,0.309,0.232
0.336,0.289,0.33,0.22,0.345,0.239,0.462,0.309,0.232,0.338
0.289,0.33,0.22,0.345,0.239,0.462,0.309,0.232,0.338,0.066
0.33,0.22,0.345,0.239,0.462,0.309,0.232,0.338,0.066,0.173
0.22,0.345,0.239,0.462,0.309,0.232,0.338,0.066,0.173,0.05
0.345,0.239,0.462,0.309,0.232,0.338,0.066,0.173,0.05,0.179
0.239,0.462,0.309,0.232,0.338,0.066,0.173,0.05,0.179,0
0.462,0.309,0.232,0.338,0.066,0.173,0.05,0.179,0,0.31
0.309,0.232,0.338,0.066,0.173,0.05,0.179,0,0.31,0.123
0.232,0.338,0.066,0.173,0.05,0.179,0,0.31,0.123,0.168
0.338,0.066,0.173,0.05,0.179,0,0.31,0.123,0.168,0.045
0.066,0.173,0.05,0.179,0,0.31,0.123,0.168,0.045,0.027
0.173,0.05,0.179,0,0.31,0.123,0.168,0.045,0.027,0.324
0.05,0.179,0,0.31,0.123,0.168,0.045,0.027,0.324,0.176
0.179,0,0.31,0.123,0.168,0.045,0.027,0.324,0.176,0.172
0,0.31,0.123,0.168,0.045,0.027,0.324,0.176,0.172,0.271
0.31,0.123,0.168,0.045,0.027,0.324,0.176,0.172,0.271,0.054
0.123,0.168,0.045,0.027,0.324,0.176,0.172,0.271,0.054,0.148
0.168,0.045,0.027,0.324,0.176,0.172,0.271,0.054,0.148,0.174
0.045,0.027,0.324,0.176,0.172,0.271,0.054,0.148,0.174,0.03
0.027,0.324,0.176,0.172,0.271,0.054,0.148,0.174,0.03,0.41
0.324,0.176,0.172,0.271,0.054,0.148,0.174,0.03,0.41,0.079
0.176,0.172,0.271,0.054,0.148,0.174,0.03,0.41,0.079,0.171
0.172,0.271,0.054,0.148,0.174,0.03,0.41,0.079,0.171,0.148
0.271,0.054,0.148,0.174,0.03,0.41,0.079,0.171,0.148,0.145
0.054,0.148,0.174,0.03,0.41,0.079,0.171,0.148,0.145,0.154
0.148,0.174,0.03,0.41,0.079,0.171,0.148,0.145,0.154,0.113
0.174,0.03,0.41,0.079,0.171,0.148,0.145,0.154,0.113,0.124
0.03,0.41,0.079,0.171,0.148,0.145,0.154,0.113,0.124,0.162
0.41,0.079,0.171,0.148,0.145,0.154,0.113,0.124,0.162,0.17
0.079,0.171,0.148,0.145,0.154,0.113,0.124,0.162,0.17,0.028
0.171,0.148,0.145,0.154,0.113,0.124,0.162,0.17,0.028,0.171
0.148,0.145,0.154,0.113,0.124,0.162,0.17,0.028,0.171,0.051
0.145,0.154,0.113,0.124,0.162,0.17,0.028,0.171,0.051,0.031
0.154,0.113,0.124,0.162,0.17,0.028,0.171,0.051,0.031,0.029
0.113,0.124,0.162,0.17,0.028,0.171,0.051,0.031,0.029,0.038
0.124,0.162,0.17,0.028,0.171,0.051,0.031,0.029,0.038,0.026
0.162,0.17,0.028,0.171,0.051,0.031,0.029,0.038,0.026,0.109
0.17,0.028,0.171,0.051,0.031,0.029,0.038,0.026,0.109,0.109
0.028,0.171,0.051,0.031,0.029,0.038,0.026,0.109,0.109,0.059
0.171,0.051,0.031,0.029,0.038,0.026,0.109,0.109,0.059,0.032
0.051,0.031,0.029,0.038,0.026,0.109,0.109,0.059,0.032,0.032
0.031,0.029,0.038,0.026,0.109,0.109,0.059,0.032,0.032,0.032
0.029,0.038,0.026,0.109,0.109,0.059,0.032,0.032,0.032,0.032
0.038,0.026,0.109,0.109,0.059,0.032,0.032,0.032,0.032,0.032
0.026,0.109,0.109,0.059,0.032,0.032,0.032,0.032,0.032,0.032
0.109,0.109,0.059,0.032,0.032,0.032,0.032,0.032,0.032,0.032
0.109,0.059,0.032,0.032,0.032,0.032,0.032,0.032,0.032,0.907
0.059,0.032,0.032,0.032,0.032,0.032,0.032,0.032,0.907,0.46
0.032,0.032,0.032,0.032,0.032,0.032,0.032,0.907,0.46,0.197
0.032,0.032,0.032,0.032,0.032,0.032,0.907,0.46,0.197,0.01
0.032,0.032,0.032,0.032,0.032,0.907,0.46,0.197,0.01,0.192
0.032,0.032,0.032,0.032,0.907,0.46,0.197,0.01,0.192,0.167
0.032,0.032,0.032,0.907,0.46,0.197,0.01,0.192,0.167,0.209
0.032,0.032,0.907,0.46,0.197,0.01,0.192,0.167,0.209,0.01
0.032,0.907,0.46,0.197,0.01,0.192,0.167,0.209,0.01,0.7
0.907,0.46,0.197,0.01,0.192,0.167,0.209,0.01,0.7,0.586
0.46,0.197,0.01,0.192,0.167,0.209,0.01,0.7,0.586,0.45
0.197,0.01,0.192,0.167,0.209,0.01,0.7,0.586,0.45,0.181
0.01,0.192,0.167,0.209,0.01,0.7,0.586,0.45,0.181,0.2
0.192,0.167,0.209,0.01,0.7,0.586,0.45,0.181,0.2,0.082
0.167,0.209,0.01,0.7,0.586,0.45,0.181,0.2,0.082,0.185
0.209,0.01,0.7,0.586,0.45,0.181,0.2,0.082,0.185,0.01
0.01,0.7,0.586,0.45,0.181,0.2,0.082,0.185,0.01,0.124
0.7,0.586,0.45,0.181,0.2,0.082,0.185,0.01,0.124,0.038
0.586,0.45,0.181,0.2,0.082,0.185,0.01,0.124,0.038,0.047
0.45,0.181,0.2,0.082,0.185,0.01,0.124,0.038,0.047,0.01
0.181,0.2,0.082,0.185,0.01,0.124,0.038,0.047,0.01,0.196
0.2,0.082,0.185,0.01,0.124,0.038,0.047,0.01,0.196,0.01
0.082,0.185,0.01,0.124,0.038,0.047,0.01,0.196,0.01,0.085
0.185,0.01,0.124,0.038,0.047,0.01,0.196,0.01,0.085,0.069
0.01,0.124,0.038,0.047,0.01,0.196,0.01,0.085,0.069,0.087
0.124,0.038,0.047,0.01,0.196,0.01,0.085,0.069,0.087,0
0.038,0.047,0.01,0.196,0.01,0.085,0.069,0.087,0,0
0.047,0.01,0.196,0.01,0.085,0.069,0.087,0,0,0.01
0.01,0.196,0.01,0.085,0.069,0.087,0,0,0.01,0.187
0.196,0.01,0.085,0.069,0.087,0,0,0.01,0.187,0
0.01,0.085,0.069,0.087,0,0,0.01,0.187,0,0.145
0.085,0.069,0.087,0,0,0.01,0.187,0,0.145,0
0.069,0.087,0,0,0.01,0.187,0,0.145,0,0.057
0.087,0,0,0.01,0.187,0,0.145,0,0.057,0.048
0,0,0.01,0.187,0,0.145,0,0.057,0.048,0.085
0,0.01,0.187,0,0.145,0,0.057,0.048,0.085,0.01
0.01,0.187,0,0.145,0,0.057,0.048,0.085,0.01,0.055
0.187,0,0.145,0,0.057,0.048,0.085,0.01,0.055,0.066
0,0.145,0,0.057,0.048,0.085,0.01,0.055,0.066,0
0.145,0,0.057,0.048,0.085,0.01,0.055,0.066,0,0
0,0.057,0.048,0.085,0.01,0.055,0.066,0,0,0.088
0.057,0.048,0.085,0.01,0.055,0.066,0,0,0.088,0.278
0.048,0.085,0.01,0.055,0.066,0,0,0.088,0.278,0
0.085,0.01,0.055,0.066,0,0,0.088,0.278,0,0.189
0.01,0.055,0.066,0,0,0.088,0.278,0,0.189,0.1
0.055,0.066,0,0,0.088,0.278,0,0.189,0.1,0
0.066,0,0,0.088,0.278,0,0.189,0.1,0,0
0,0,0.088,0.278,0,0.189,0.1,0,0,0.203
0,0.088,0.278,0,0.189,0.1,0,0,0.203,0
0.088,0.278,0,0.189,0.1,0,0,0.203,0,0
0.278,0,0.189,0.1,0,0,0.203,0,0,0.066
0,0.189,0.1,0,0,0.203,0,0,0.066,0
0.189,0.1,0,0,0.203,0,0,0.066,0,0
0.1,0,0,0.203,0,0,0.066,0,0,0
0,0,0.203,0,0,0.066,0,0,0,0.106
0,0.203,0,0,0.066,0,0,0,0.106,0.01
0.203,0,0,0.066,0,0,0,0.106,0.01,0.303
0,0,0.066,0,0,0,0.106,0.01,0.303,0.089
0,0.066,0,0,0,0.106,0.01,0.303,0.089,0.067
0.066,0,0,0,0.106,0.01,0.303,0.089,0.067,0.01
0,0,0,0.106,0.01,0.303,0.089,0.067,0.01,0.093
0,0,0.106,0.01,0.303,0.089,0.067,0.01,0.093,0.114
0,0.106,0.01,0.303,0.089,0.067,0.01,0.093,0.114,0.09
0.106,0.01,0.303,0.089,0.067,0.01,0.093,0.114,0.09,0.011
0.01,0.303,0.089,0.067,0.01,0.093,0.114,0.09,0.011,0.207
0.303,0.089,0.067,0.01,0.093,0.114,0.09,0.011,0.207,0.223
0.089,0.067,0.01,0.093,0.114,0.09,0.011,0.207,0.223,0.126
0.067,0.01,0.093,0.114,0.09,0.011,0.207,0.223,0.126,0.229
0.01,0.093,0.114,0.09,0.011,0.207,0.223,0.126,0.229,0.158
0.093,0.114,0.09,0.011,0.207,0.223,0.126,0.229,0.158,0.201
0.114,0.09,0.011,0.207,0.223,0.126,0.229,0.158,0.201,0.108
0.09,0.011,0.207,0.223,0.126,0.229,0.158,0.201,0.108,0.325
0.011,0.207,0.223,0.126,0.229,0.158,0.201,0.108,0.325,0.335
0.207,0.223,0.126,0.229,0.158,0.201,0.108,0.325,0.335,0.214
0.223,0.126,0.229,0.158,0.201,0.108,0.325,0.335,0.214,0.251
0.126,0.229,0.158,0.201,0.108,0.325,0.335,0.214,0.251,0.378
0.229,0.158,0.201,0.108,0.325,0.335,0.214,0.251,0.378,0.37
0.158,0.201,0.108,0.325,0.335,0.214,0.251,0.378,0.37,0.248
0.201,0.108,0.325,0.335,0.214,0.251,0.378,0.37,0.248,0.231
0.108,0.325,0.335,0.214,0.251,0.378,0.37,0.248,0.231,0.095
0.325,0.335,0.214,0.251,0.378,0.37,0.248,0.231,0.095,0.433
0.335,0.214,0.251,0.378,0.37,0.248,0.231,0.095,0.433,0.116
0.214,0.251,0.378,0.37,0.248,0.231,0.095,0.433,0.116,0.427
0.251,0.378,0.37,0.248,0.231,0.095,0.433,0.116,0.427,0.105
0.378,0.37,0.248,0.231,0.095,0.433,0.116,0.427,0.105,0.297
0.37,0.248,0.231,0.095,0.433,0.116,0.427,0.105,0.297,0.219
0.248,0.231,0.095,0.433,0.116,0.427,0.105,0.297,0.219,0.305
0.231,0.095,0.433,0.116,0.427,0.105,0.297,0.219,0.305,0.195
0.095,0.433,0.116,0.427,0.105,0.297,0.219,0.305,0.195,0.208
0.433,0.116,0.427,0.105,0.297,0.219,0.305,0.195,0.208,0.227
0.116,0.427,0.105,0.297,0.219,0.305,0.195,0.208,0.227,0.417
0.427,0.105,0.297,0.219,0.305,0.195,0.208,0.227,0.417,0.222
0.105,0.297,0.219,0.305,0.195,0.208,0.227,0.417,0.222,0.315
0.297,0.219,0.305,0.195,0.208,0.227,0.417,0.222,0.315,0.205
0.219,0.305,0.195,0.208,0.227,0.417,0.222,0.315,0.205,0.099
0.305,0.195,0.208,0.227,0.417,0.222,0.315,0.205,0.099,0.099
0.195,0.208,0.227,0.417,0.222,0.315,0.205,0.099,0.099,0.203
0.208,0.227,0.417,0.222,0.315,0.205,0.099,0.099,0.203,0.01
0.227,0.417,0.222,0.315,0.205,0.099,0.099,0.203,0.01,0.089
0.417,0.222,0.315,0.205,0.099,0.099,0.203,0.01,0.089,0.149
0.222,0.315,0.205,0.099,0.099,0.203,0.01,0.089,0.149,0.168
0.315,0.205,0.099,0.099,0.203,0.01,0.089,0.149,0.168,0.09
0.205,0.099,0.099,0.203,0.01,0.089,0.149,0.168,0.09,0.11
0.099,0.099,0.203,0.01,0.089,0.149,0.168,0.09,0.11,0.107
0.099,0.203,0.01,0.089,0.149,0.168,0.09,0.11,0.107,0.108
0.203,0.01,0.089,0.149,0.168,0.09,0.11,0.107,0.108,0.097
0.01,0.089,0.149,0.168,0.09,0.11,0.107,0.108,0.097,0.303
0.089,0.149,0.168,0.09,0.11,0.107,0.108,0.097,0.303,0.22
0.149,0.168,0.09,0.11,0.107,0.108,0.097,0.303,0.22,0.099
0.168,0.09,0.11,0.107,0.108,0.097,0.303,0.22,0.099,0.102
0.09,0.11,0.107,0.108,0.097,0.303,0.22,0.099,0.102,0.196
0.11,0.107,0.108,0.097,0.303,0.22,0.099,0.102,0.196,0.094
0.107,0.108,0.097,0.303,0.22,0.099,0.102,0.196,0.094,0.209
0.108,0.097,0.303,0.22,0.099,0.102,0.196,0.094,0.209,0.215
0.097,0.303,0.22,0.099,0.102,0.196,0.094,0.209,0.215,0.09
0.303,0.22,0.099,0.102,0.196,0.094,0.209,0.215,0.09,0.195
0.22,0.099,0.102,0.196,0.094,0.209,0.215,0.09,0.195,0.258
0.099,0.102,0.196,0.094,0.209,0.215,0.09,0.195,0.258,0.15
0.102,0.196,0.094,0.209,0.215,0.09,0.195,0.258,0.15,0.212
0.196,0.094,0.209,0.215,0.09,0.195,0.258,0.15,0.212,0.071
0.094,0.209,0.215,0.09,0.195,0.258,0.15,0.212,0.071,0.294
0.209,0.215,0.09,0.195,0.258,0.15,0.212,0.071,0.294,0.097
0.215,0.09,0.195,0.258,0.15,0.212,0.071,0.294,0.097,0.212
0.09,0.195,0.258,0.15,0.212,0.071,0.294,0.097,0.212,0.234
0.195,0.258,0.15,0.212,0.071,0.294,0.097,0.212,0.234,1.018
0.258,0.15,0.212,0.071,0.294,0.097,0.212,0.234,1.018,0.501
0.15,0.212,0.071,0.294,0.097,0.212,0.234,1.018,0.501,0.363
0.212,0.071,0.294,0.097,0.212,0.234,1.018,0.501,0.363,0.341
0.071,0.294,0.097,0.212,0.234,1.018,0.501,0.363,0.341,0.391
0.294,0.097,0.212,0.234,1.018,0.501,0.363,0.341,0.391,0.3
0.097,0.212,0.234,1.018,0.501,0.363,0.341,0.391,0.3,0.28
0.212,0.234,1.018,0.501,0.363,0.341,0.391,0.3,0.28,0.27
0.234,1.018,0.501,0.363,0.341,0.391,0.3,0.28,0.27,0.288
1.018,0.501,0.363,0.341,0.391,0.3,0.28,0.27,0.288,0.232
0.501,0.363,0.341,0.391,0.3,0.28,0.27,0.288,0.232,0.3
0.363,0.341,0.391,0.3,0.28,0.27,0.288,0.232,0.3,0.373
0.341,0.391,0.3,0.28,0.27,0.288,0.232,0.3,0.373,0.281
0.391,0.3,0.28,0.27,0.288,0.232,0.3,0.373,0.281,0.392
0.3,0.28,0.27,0.288,0.232,0.3,0.373,0.281,0.392,0.711
0.28,0.27,0.288,0.232,0.3,0.373,0.281,0.392,0.711,0.432
0.27,0.288,0.232,0.3,0.373,0.281,0.392,0.711,0.432,0.653
0.288,0.232,0.3,0.373,0.281,0.392,0.711,0.432,0.653,0.225
0.232,0.3,0.373,0.281,0.392,0.711,0.432,0.653,0.225,0.669
0.3,0.373,0.281,0.392,0.711,0.432,0.653,0.225,0.669,1.358
0.373,0.281,0.392,0.711,0.432,0.653,0.225,0.669,1.358,1.56
0.281,0.392,0.711,0.432,0.653,0.225,0.669,1.358,1.56,0.891
0.392,0.711,0.432,0.653,0.225,0.669,1.358,1.56,0.891,1.228
0.711,0.432,0.653,0.225,0.669,1.358,1.56,0.891,1.228,0.915
0.432,0.653,0.225,0.669,1.358,1.56,0.891,1.228,0.915,0.921
0.653,0.225,0.669,1.358,1.56,0.891,1.228,0.915,0.921,0.578
0.225,0.669,1.358,1.56,0.891,1.228,0.915,0.921,0.578,0.798
0.669,1.358,1.56,0.891,1.228,0.915,0.921,0.578,0.798,1.016
1.358,1.56,0.891,1.228,0.915,0.921,0.578,0.798,1.016,1.761
1.56,0.891,1.228,0.915,0.921,0.578,0.798,1.016,1.761,1.293
0.891,1.228,0.915,0.921,0.578,0.798,1.016,1.761,1.293,1.065
1.228,0.915,0.921,0.578,0.798,1.016,1.761,1.293,1.065,0.808
0.915,0.921,0.578,0.798,1.016,1.761,1.293,1.065,0.808,0.814
0.921,0.578,0.798,1.016,1.761,1.293,1.065,0.808,0.814,0.814
0.578,0.798,1.016,1.761,1.293,1.065,0.808,0.814,0.814,0.773
0.798,1.016,1.761,1.293,1.065,0.808,0.814,0.814,0.773,0.401
1.016,1.761,1.293,1.065,0.808,0.814,0.814,0.773,0.401,0.531
1.761,1.293,1.065,0.808,0.814,0.814,0.773,0.401,0.531,0.354
1.293,1.065,0.808,0.814,0.814,0.773,0.401,0.531,0.354,0.667
1.065,0.808,0.814,0.814,0.773,0.401,0.531,0.354,0.667,0.573
0.808,0.814,0.814,0.773,0.401,0.531,0.354,0.667,0.573,0.573
0.814,0.814,0.773,0.401,0.531,0.354,0.667,0.573,0.573,0.595
0.814,0.773,0.401,0.531,0.354,0.667,0.573,0.573,0.595,0.479
0.773,0.401,0.531,0.354,0.667,0.573,0.573,0.595,0.479,0.493
0.401,0.531,0.354,0.667,0.573,0.573,0.595,0.479,0.493,0.8
0.531,0.354,0.667,0.573,0.573,0.595,0.479,0.493,0.8,0.458
0.354,0.667,0.573,0.573,0.595,0.479,0.493,0.8,0.458,0.442
0.667,0.573,0.573,0.595,0.479,0.493,0.8,0.458,0.442,0.558
0.573,0.573,0.595,0.479,0.493,0.8,0.458,0.442,0.558,0.485
0.573,0.595,0.479,0.493,0.8,0.458,0.442,0.558,0.485,0.451
0.595,0.479,0.493,0.8,0.458,0.442,0.558,0.485,0.451,0.58
0.479,0.493,0.8,0.458,0.442,0.558,0.485,0.451,0.58,0.94
0.493,0.8,0.458,0.442,0.558,0.485,0.451,0.58,0.94,0.811
0.8,0.458,0.442,0.558,0.485,0.451,0.58,0.94,0.811,0.503
0.458,0.442,0.558,0.485,0.451,0.58,0.94,0.811,0.503,0.503
0.442,0.558,0.485,0.451,0.58,0.94,0.811,0.503,0.503,0.479
0.558,0.485,0.451,0.58,0.94,0.811,0.503,0.503,0.479,0.465
0.485,0.451,0.58,0.94,0.811,0.503,0.503,0.479,0.465,0.383
0.451,0.58,0.94,0.811,0.503,0.503,0.479,0.465,0.383,0.477
0.58,0.94,0.811,0.503,0.503,0.479,0.465,0.383,0.477,0.455
0.94,0.811,0.503,0.503,0.479,0.465,0.383,0.477,0.455,0.358
0.811,0.503,0.503,0.479,0.465,0.383,0.477,0.455,0.358,0.377
0.503,0.503,0.479,0.465,0.383,0.477,0.455,0.358,0.377,0.482
0.503,0.479,0.465,0.383,0.477,0.455,0.358,0.377,0.482,0.387
0.479,0.465,0.383,0.477,0.455,0.358,0.377,0.482,0.387,0.386
0.465,0.383,0.477,0.455,0.358,0.377,0.482,0.387,0.386,0.3
0.383,0.477,0.455,0.358,0.377,0.482,0.387,0.386,0.3,0.379
0.477,0.455,0.358,0.377,0.482,0.387,0.386,0.3,0.379,0.394
0.455,0.358,0.377,0.482,0.387,0.386,0.3,0.379,0.394,0.313
0.358,0.377,0.482,0.387,0.386,0.3,0.379,0.394,0.313,0.313
0.377,0.482,0.387,0.386,0.3,0.379,0.394,0.313,0.313,0.38
0.482,0.387,0.386,0.3,0.379,0.394,0.313,0.313,0.38,0.349
0.387,0.386,0.3,0.379,0.394,0.313,0.313,0.38,0.349,0.482
0.386,0.3,0.379,0.394,0.313,0.313,0.38,0.349,0.482,0.695
0.3,0.379,0.394,0.313,0.313,0.38,0.349,0.482,0.695,4.195
0.379,0.394,0.313,0.313,0.38,0.349,0.482,0.695,4.195,4.627
0.394,0.313,0.313,0.38,0.349,0.482,0.695,4.195,4.627,4.83
0.313,0.313,0.38,0.349,0.482,0.695,4.195,4.627,4.83,5.89
0.313,0.38,0.349,0.482,0.695,4.195,4.627,4.83,5.89,5.738
0.38,0.349,0.482,0.695,4.195,4.627,4.83,5.89,5.738,5.185
0.349,0.482,0.695,4.195,4.627,4.83,5.89,5.738,5.185,7.795
0.482,0.695,4.195,4.627,4.83,5.89,5.738,5.185,7.795,5.016
0.695,4.195,4.627,4.83,5.89,5.738,5.185,7.795,5.016,4.633
4.195,4.627,4.83,5.89,5.738,5.185,7.795,5.016,4.633,4.082
4.627,4.83,5.89,5.738,5.185,7.795,5.016,4.633,4.082,2.87
4.83,5.89,5.738,5.185,7.795,5.016,4.633,4.082,2.87,2.532
5.89,5.738,5.185,7.795,5.016,4.633,4.082,2.87,2.532,2.477
5.738,5.185,7.795,5.016,4.633,4.082,2.87,2.532,2.477,1.972
5.185,7.795,5.016,4.633,4.082,2.87,2.532,2.477,1.972,1.858
7.795,5.016,4.633,4.082,2.87,2.532,2.477,1.972,1.858,1.781
5.016,4.633,4.082,2.87,2.532,2.477,1.972,1.858,1.781,1.648
4.633,4.082,2.87,2.532,2.477,1.972,1.858,1.781,1.648,1.748
4.082,2.87,2.532,2.477,1.972,1.858,1.781,1.648,1.748,1.607
2.87,2.532,2.477,1.972,1.858,1.781,1.648,1.748,1.607,1.756
2.532,2.477,1.972,1.858,1.781,1.648,1.748,1.607,1.756,2.617
2.477,1.972,1.858,1.781,1.648,1.748,1.607,1.756,2.617,2.076
1.972,1.858,1.781,1.648,1.748,1.607,1.756,2.617,2.076,3.834
1.858,1.781,1.648,1.748,1.607,1.756,2.617,2.076,3.834,7.981
1.781,1.648,1.748,1.607,1.756,2.617,2.076,3.834,7.981,4.089
1.648,1.748,1.607,1.756,2.617,2.076,3.834,7.981,4.089,2.135
1.748,1.607,1.756,2.617,2.076,3.834,7.981,4.089,2.135,2.409
1.607,1.756,2.617,2.076,3.834,7.981,4.089,2.135,2.409,2.248
1.756,2.617,2.076,3.834,7.981,4.089,2.135,2.409,2.248,1.985
2.617,2.076,3.834,7.981,4.089,2.135,2.409,2.248,1.985,1.723
2.076,3.834,7.981,4.089,2.135,2.409,2.248,1.985,1.723,2.606
3.834,7.981,4.089,2.135,2.409,2.248,1.985,1.723,2.606,1.854
7.981,4.089,2.135,2.409,2.248,1.985,1.723,2.606,1.854,1.831
4.089,2.135,2.409,2.248,1.985,1.723,2.606,1.854,1.831,2.244
2.135,2.409,2.248,1.985,1.723,2.606,1.854,1.831,2.244,1.837
2.409,2.248,1.985,1.723,2.606,1.854,1.831,2.244,1.837,2.527
2.248,1.985,1.723,2.606,1.854,1.831,2.244,1.837,2.527,8.692
1.985,1.723,2.606,1.854,1.831,2.244,1.837,2.527,8.692,6.023
1.723,2.606,1.854,1.831,2.244,1.837,2.527,8.692,6.023,3.893
2.606,1.854,1.831,2.244,1.837,2.527,8.692,6.023,3.893,2.961
1.854,1.831,2.244,1.837,2.527,8.692,6.023,3.893,2.961,2.675
1.831,2.244,1.837,2.527,8.692,6.023,3.893,2.961,2.675,2.369
2.244,1.837,2.527,8.692,6.023,3.893,2.961,2.675,2.369,1.913
1.837,2.527,8.692,6.023,3.893,2.961,2.675,2.369,1.913,1.897
2.527,8.692,6.023,3.893,2.961,2.675,2.369,1.913,1.897,1.913
8.692,6.023,3.893,2.961,2.675,2.369,1.913,1.897,1.913,2.488
6.023,3.893,2.961,2.675,2.369,1.913,1.897,1.913,2.488,1.819
3.893,2.961,2.675,2.369,1.913,1.897,1.913,2.488,1.819,1.513
2.961,2.675,2.369,1.913,1.897,1.913,2.488,1.819,1.513,1.46
2.675,2.369,1.913,1.897,1.913,2.488,1.819,1.513,1.46,1.167
2.369,1.913,1.897,1.913,2.488,1.819,1.513,1.46,1.167,1.148
1.913,1.897,1.913,2.488,1.819,1.513,1.46,1.167,1.148,1.175
1.897,1.913,2.488,1.819,1.513,1.46,1.167,1.148,1.175,1.035
1.913,2.488,1.819,1.513,1.46,1.167,1.148,1.175,1.035,0.9
2.488,1.819,1.513,1.46,1.167,1.148,1.175,1.035,0.9,1.021
1.819,1.513,1.46,1.167,1.148,1.175,1.035,0.9,1.021,0.868
1.513,1.46,1.167,1.148,1.175,1.035,0.9,1.021,0.868,1.029
1.46,1.167,1.148,1.175,1.035,0.9,1.021,0.868,1.029,1.039
1.167,1.148,1.175,1.035,0.9,1.021,0.868,1.029,1.039,2.41
1.148,1.175,1.035,0.9,1.021,0.868,1.029,1.039,2.41,3.13
1.175,1.035,0.9,1.021,0.868,1.029,1.039,2.41,3.13,3.074
1.035,0.9,1.021,0.868,1.029,1.039,2.41,3.13,3.074,2.333
0.9,1.021,0.868,1.029,1.039,2.41,3.13,3.074,2.333,2.074
1.021,0.868,1.029,1.039,2.41,3.13,3.074,2.333,2.074,1.695
0.868,1.029,1.039,2.41,3.13,3.074,2.333,2.074,1.695,1.625
1.029,1.039,2.41,3.13,3.074,2.333,2.074,1.695,1.625,1.361
1.039,2.41,3.13,3.074,2.333,2.074,1.695,1.625,1.361,1.475
2.41,3.13,3.074,2.333,2.074,1.695,1.625,1.361,1.475,1.309
3.13,3.074,2.333,2.074,1.695,1.625,1.361,1.475,1.309,1.052
3.074,2.333,2.074,1.695,1.625,1.361,1.475,1.309,1.052,1.345
2.333,2.074,1.695,1.625,1.361,1.475,1.309,1.052,1.345,0.934
2.074,1.695,1.625,1.361,1.475,1.309,1.052,1.345,0.934,0.935
1.695,1.625,1.361,1.475,1.309,1.052,1.345,0.934,0.935,0.945
1.625,1.361,1.475,1.309,1.052,1.345,0.934,0.935,0.945,0.748
1.361,1.475,1.309,1.052,1.345,0.934,0.935,0.945,0.748,0.748
1.475,1.309,1.052,1.345,0.934,0.935,0.945,0.748,0.748,0.756
1.309,1.052,1.345,0.934,0.935,0.945,0.748,0.748,0.756,0.714
1.052,1.345,0.934,0.935,0.945,0.748,0.748,0.756,0.714,0.742
1.345,0.934,0.935,0.945,0.748,0.748,0.756,0.714,0.742,0.595
0.934,0.935,0.945,0.748,0.748,0.756,0.714,0.742,0.595,0.589
0.935,0.945,0.748,0.748,0.756,0.714,0.742,0.595,0.589,0.595
0.945,0.748,0.748,0.756,0.714,0.742,0.595,0.589,0.595,0.526
0.748,0.748,0.756,0.714,0.742,0.595,0.589,0.595,0.526,0.526
0.748,0.756,0.714,0.742,0.595,0.589,0.595,0.526,0.526,0.346
0.756,0.714,0.742,0.595,0.589,0.595,0.526,0.526,0.346,0.295
0.714,0.742,0.595,0.589,0.595,0.526,0.526,0.346,0.295,0.365
0.742,0.595,0.589,0.595,0.526,0.526,0.346,0.295,0.365,0.295
0.595,0.589,0.595,0.526,0.526,0.346,0.295,0.365,0.295,0.334
0.589,0.595,0.526,0.526,0.346,0.295,0.365,0.295,0.334,0.336
0.595,0.526,0.526,0.346,0.295,0.365,0.295,0.334,0.336,0.466
0.526,0.526,0.346,0.295,0.365,0.295,0.334,0.336,0.466,0.329
0.526,0.346,0.295,0.365,0.295,0.334,0.336,0.466,0.329,0.329
0.346,0.295,0.365,0.295,0.334,0.336,0.466,0.329,0.329,0.318
0.295,0.365,0.295,0.334,0.336,0.466,0.329,0.329,0.318,0.443
0.365,0.295,0.334,0.336,0.466,0.329,0.329,0.318,0.443,0.311
0.295,0.334,0.336,0.466,0.329,0.329,0.318,0.443,0.311,0.388
0.334,0.336,0.466,0.329,0.329,0.318,0.443,0.311,0.388,0.482
0.336,0.466,0.329,0.329,0.318,0.443,0.311,0.388,0.482,0.457
0.466,0.329,0.329,0.318,0.443,0.311,0.388,0.482,0.457,0.334
0.329,0.329,0.318,0.443,0.311,0.388,0.482,0.457,0.334,0.207
0.329,0.318,0.443,0.311,0.388,0.482,0.457,0.334,0.207,0.2
0.318,0.443,0.311,0.388,0.482,0.457,0.334,0.207,0.2,0.2
0.443,0.311,0.388,0.482,0.457,0.334,0.207,0.2,0.2,0.273
0.311,0.388,0.482,0.457,0.334,0.207,0.2,0.2,0.273,0.202
0.388,0.482,0.457,0.334,0.207,0.2,0.2,0.273,0.202,0.182
0.482,0.457,0.334,0.207,0.2,0.2,0.273,0.202,0.182,0.321
0.457,0.334,0.207,0.2,0.2,0.273,0.202,0.182,0.321,0.189
0.334,0.207,0.2,0.2,0.273,0.202,0.182,0.321,0.189,0.311
0.207,0.2,0.2,0.273,0.202,0.182,0.321,0.189,0.311,0.169
0.2,0.2,0.273,0.202,0.182,0.321,0.189,0.311,0.169,0.35
0.2,0.273,0.202,0.182,0.321,0.189,0.311,0.169,0.35,0.233
0.273,0.202,0.182,0.321,0.189,0.311,0.169,0.35,0.233,0.518
0.202,0.182,0.321,0.189,0.311,0.169,0.35,0.233,0.518,0.34
0.182,0.321,0.189,0.311,0.169,0.35,0.233,0.518,0.34,0.21
0.321,0.189,0.311,0.169,0.35,0.233,0.518,0.34,0.21,0.21
0.189,0.311,0.169,0.35,0.233,0.518,0.34,0.21,0.21,0.068
0.311,0.169,0.35,0.233,0.518,0.34,0.21,0.21,0.068,0.076
0.169,0.35,0.233,0.518,0.34,0.21,0.21,0.068,0.076,0.192
0.35,0.233,0.518,0.34,0.21,0.21,0.068,0.076,0.192,0.176
0.233,0.518,0.34,0.21,0.21,0.068,0.076,0.192,0.176,0.196
0.518,0.34,0.21,0.21,0.068,0.076,0.192,0.176,0.196,0.166
0.34,0.21,0.21,0.068,0.076,0.192,0.176,0.196,0.166,0.166
0.21,0.21,0.068,0.076,0.192,0.176,0.196,0.166,0.166,0.2
0.21,0.068,0.076,0.192,0.176,0.196,0.166,0.166,0.2,0.318
0.068,0.076,0.192,0.176,0.196,0.166,0.166,0.2,0.318,0.337
0.076,0.192,0.176,0.196,0.166,0.166,0.2,0.318,0.337,0.474
0.192,0.176,0.196,0.166,0.166,0.2,0.318,0.337,0.474,0.332
0.176,0.196,0.166,0.166,0.2,0.318,0.337,0.474,0.332,0.345
0.196,0.166,0.166,0.2,0.318,0.337,0.474,0.332,0.345,0.225
0.166,0.166,0.2,0.318,0.337,0.474,0.332,0.345,0.225,0.158
0.166,0.2,0.318,0.337,0.474,0.332,0.345,0.225,0.158,0.074
0.2,0.318,0.337,0.474,0.332,0.345,0.225,0.158,0.074,0.074
0.318,0.337,0.474,0.332,0.345,0.225,0.158,0.074,0.074,0.074
0.337,0.474,0.332,0.345,0.225,0.158,0.074,0.074,0.074,0.074
0.474,0.332,0.345,0.225,0.158,0.074,0.074,0.074,0.074,0.074
0.332,0.345,0.225,0.158,0.074,0.074,0.074,0.074,0.074,0.074
0.345,0.225,0.158,0.074,0.074,0.074,0.074,0.074,0.074,0.29
0.225,0.158,0.074,0.074,0.074,0.074,0.074,0.074,0.29,1.219
0.158,0.074,0.074,0.074,0.074,0.074,0.074,0.29,1.219,1.226
0.074,0.074,0.074,0.074,0.074,0.074,0.29,1.219,1.226,0.834
0.074,0.074,0.074,0.074,0.074,0.29,1.219,1.226,0.834,0.687
0.074,0.074,0.074,0.074,0.29,1.219,1.226,0.834,0.687,0.4
0.074,0.074,0.074,0.29,1.219,1.226,0.834,0.687,0.4,0.251
0.074,0.074,0.29,1.219,1.226,0.834,0.687,0.4,0.251,0.273
0.074,0.29,1.219,1.226,0.834,0.687,0.4,0.251,0.273,0.107
0.29,1.219,1.226,0.834,0.687,0.4,0.251,0.273,0.107,0.537
1.219,1.226,0.834,0.687,0.4,0.251,0.273,0.107,0.537,0.412
1.226,0.834,0.687,0.4,0.251,0.273,0.107,0.537,0.412,0.142
0.834,0.687,0.4,0.251,0.273,0.107,0.537,0.412,0.142,0.143
0.687,0.4,0.251,0.273,0.107,0.537,0.412,0.142,0.143,0.189
0.4,0.251,0.273,0.107,0.537,0.412,0.142,0.143,0.189,0.567
0.251,0.273,0.107,0.537,0.412,0.142,0.143,0.189,0.567,0.233
0.273,0.107,0.537,0.412,0.142,0.143,0.189,0.567,0.233,0.233
0.107,0.537,0.412,0.142,0.143,0.189,0.567,0.233,0.233,0.233
0.537,0.412,0.142,0.143,0.189,0.567,0.233,0.233,0.233,0.044
0.412,0.142,0.143,0.189,0.567,0.233,0.233,0.233,0.044,0.044
0.142,0.143,0.189,0.567,0.233,0.233,0.233,0.044,0.044,0.044
0.143,0.189,0.567,0.233,0.233,0.233,0.044,0.044,0.044,0.044
0.189,0.567,0.233,0.233,0.233,0.044,0.044,0.044,0.044,0.044
0.567,0.233,0.233,0.233,0.044,0.044,0.044,0.044,0.044,0.044
0.233,0.233,0.233,0.044,0.044,0.044,0.044,0.044,0.044,0.039
0.233,0.233,0.044,0.044,0.044,0.044,0.044,0.044,0.039,0.039
0.233,0.044,0.044,0.044,0.044,0.044,0.044,0.039,0.039,0.039
0.044,0.044,0.044,0.044,0.044,0.044,0.039,0.039,0.039,0.039
0.044,0.044,0.044,0.044,0.044,0.039,0.039,0.039,0.039,0.039
0.044,0.044,0.044,0.044,0.039,0.039,0.039,0.039,0.039,0.039
0.044,0.044,0.044,0.039,0.039,0.039,0.039,0.039,0.039,0.039
0.044,0.044,0.039,0.039,0.039,0.039,0.039,0.039,0.039,0.039
0.044,0.039,0.039,0.039,0.039,0.039,0.039,0.039,0.039,0.039
0.039,0.039,0.039,0.039,0.039,0.039,0.039,0.039,0.039,0.039
0.039,0.039,0.039,0.039,0.039,0.039,0.039,0.039,0.039,0.039
0.039,0.039,0.039,0.039,0.039,0.039,0.039,0.039,0.039,0.039
0.039,0.039,0.039,0.039,0.039,0.039,0.039,0.039,0.039,0.039
0.039,0.039,0.039,0.039,0.039,0.039,0.039,0.039,0.039,0.039
0.039,0.039,0.039,0.039,0.039,0.039,0.039,0.039,0.039,0.039
0.039,0.039,0.039,0.039,0.039,0.039,0.039,0.039,0.039,0.039
0.039,0.039,0.039,0.039,0.039,0.039,0.039,0.039,0.039,0.039
0.039,0.039,0.039,0.039,0.039,0.039,0.039,0.039,0.039,0.039
0.039,0.039,0.039,0.039,0.039,0.039,0.039,0.039,0.039,0.039
0.039,0.039,0.039,0.039,0.039,0.039,0.039,0.039,0.039,0.039
0.039,0.039,0.039,0.039,0.039,0.039,0.039,0.039,0.039,0.039
0.039,0.039,0.039,0.039,0.039,0.039,0.039,0.039,0.039,0.039
0.039,0.039,0.039,0.039,0.039,0.039,0.039,0.039,0.039,0.034
0.039,0.039,0.039,0.039,0.039,0.039,0.039,0.039,0.034,0.034
0.039,0.039,0.039,0.039,0.039,0.039,0.039,0.034,0.034,0.034
0.039,0.039,0.039,0.039,0.039,0.039,0.034,0.034,0.034,0.034
0.039,0.039,0.039,0.039,0.039,0.034,0.034,0.034,0.034,0.034
0.039,0.039,0.039,0.039,0.034,0.034,0.034,0.034,0.034,0.034
0.039,0.039,0.039,0.034,0.034,0.034,0.034,0.034,0.034,0.034
0.039,0.039,0.034,0.034,0.034,0.034,0.034,0.034,0.034,0.034
0.039,0.034,0.034,0.034,0.034,0.034,0.034,0.034,0.034,0.026
0.034,0.034,0.034,0.034,0.034,0.034,0.034,0.034,0.026,0.026
0.034,0.034,0.034,0.034,0.034,0.034,0.034,0.026,0.026,0.026
0.034,0.034,0.034,0.034,0.034,0.034,0.026,0.026,0.026,0.026
0.034,0.034,0.034,0.034,0.034,0.026,0.026,0.026,0.026,0.026
0.034,0.034,0.034,0.034,0.026,0.026,0.026,0.026,0.026,0.117
0.034,0.034,0.034,0.026,0.026,0.026,0.026,0.026,0.117,0.035
0.034,0.034,0.026,0.026,0.026,0.026,0.026,0.117,0.035,0.035
0.034,0.026,0.026,0.026,0.026,0.026,0.117,0.035,0.035,0.505
0.026,0.026,0.026,0.026,0.026,0.117,0.035,0.035,0.505,0.481
0.026,0.026,0.026,0.026,0.117,0.035,0.035,0.505,0.481,0.352
0.026,0.026,0.026,0.117,0.035,0.035,0.505,0.481,0.352,0.111
0.026,0.026,0.117,0.035,0.035,0.505,0.481,0.352,0.111,0.477
0.026,0.117,0.035,0.035,0.505,0.481,0.352,0.111,0.477,11.366
0.117,0.035,0.035,0.505,0.481,0.352,0.111,0.477,11.366,3.903
0.035,0.035,0.505,0.481,0.352,0.111,0.477,11.366,3.903,1.993
0.035,0.505,0.481,0.352,0.111,0.477,11.366,3.903,1.993,1.324
0.505,0.481,0.352,0.111,0.477,11.366,3.903,1.993,1.324,1.196
0.481,0.352,0.111,0.477,11.366,3.903,1.993,1.324,1.196,0.797
0.352,0.111,0.477,11.366,3.903,1.993,1.324,1.196,0.797,0.648
0.111,0.477,11.366,3.903,1.993,1.324,1.196,0.797,0.648,0.532
0.477,11.366,3.903,1.993,1.324,1.196,0.797,0.648,0.532,0.536
11.366,3.903,1.993,1.324,1.196,0.797,0.648,0.532,0.536,0.419
3.903,1.993,1.324,1.196,0.797,0.648,0.532,0.536,0.419,0.534
1.993,1.324,1.196,0.797,0.648,0.532,0.536,0.419,0.534,0.396
1.324,1.196,0.797,0.648,0.532,0.536,0.419,0.534,0.396,0.283
1.196,0.797,0.648,0.532,0.536,0.419,0.534,0.396,0.283,0.203
0.797,0.648,0.532,0.536,0.419,0.534,0.396,0.283,0.203,0.203
0.648,0.532,0.536,0.419,0.534,0.396,0.283,0.203,0.203,0.203
0.532,0.536,0.419,0.534,0.396,0.283,0.203,0.203,0.203,0.272
0.536,0.419,0.534,0.396,0.283,0.203,0.203,0.203,0.272,0.248
0.419,0.534,0.396,0.283,0.203,0.203,0.203,0.272,0.248,0.77
0.534,0.396,0.283,0.203,0.203,0.203,0.272,0.248,0.77,0.509
0.396,0.283,0.203,0.203,0.203,0.272,0.248,0.77,0.509,0.253
0.283,0.203,0.203,0.203,0.272,0.248,0.77,0.509,0.253,0.209
0.203,0.203,0.203,0.272,0.248,0.77,0.509,0.253,0.209,0.209
0.203,0.203,0.272,0.248,0.77,0.509,0.253,0.209,0.209,0.209
0.203,0.272,0.248,0.77,0.509,0.253,0.209,0.209,0.209,3.251
0.272,0.248,0.77,0.509,0.253,0.209,0.209,0.209,3.251,1.365
0.248,0.77,0.509,0.253,0.209,0.209,0.209,3.251,1.365,0.693
0.77,0.509,0.253,0.209,0.209,0.209,3.251,1.365,0.693,0.745
0.509,0.253,0.209,0.209,0.209,3.251,1.365,0.693,0.745,0.658
0.253,0.209,0.209,0.209,3.251,1.365,0.693,0.745,0.658,0.691
0.209,0.209,0.209,3.251,1.365,0.693,0.745,0.658,0.691,0.518
0.209,0.209,3.251,1.365,0.693,0.745,0.658,0.691,0.518,0.66
0.209,3.251,1.365,0.693,0.745,0.658,0.691,0.518,0.66,0.385
3.251,1.365,0.693,0.745,0.658,0.691,0.518,0.66,0.385,0.406
1.365,0.693,0.745,0.658,0.691,0.518,0.66,0.385,0.406,0.259
0.693,0.745,0.658,0.691,0.518,0.66,0.385,0.406,0.259,0.26
0.745,0.658,0.691,0.518,0.66,0.385,0.406,0.259,0.26,0.249
0.658,0.691,0.518,0.66,0.385,0.406,0.259,0.26,0.249,0.26
0.691,0.518,0.66,0.385,0.406,0.259,0.26,0.249,0.26,0.249
0.518,0.66,0.385,0.406,0.259,0.26,0.249,0.26,0.249,0.257
0.66,0.385,0.406,0.259,0.26,0.249,0.26,0.249,0.257,0.256
0.385,0.406,0.259,0.26,0.249,0.26,0.249,0.257,0.256,0.259
0.406,0.259,0.26,0.249,0.26,0.249,0.257,0.256,0.259,0.396
0.259,0.26,0.249,0.26,0.249,0.257,0.256,0.259,0.396,0.406
0.26,0.249,0.26,0.249,0.257,0.256,0.259,0.396,0.406,0.546
0.249,0.26,0.249,0.257,0.256,0.259,0.396,0.406,0.546,0.409
0.26,0.249,0.257,0.256,0.259,0.396,0.406,0.546,0.409,0.544
0.249,0.257,0.256,0.259,0.396,0.406,0.546,0.409,0.544,0.278
0.257,0.256,0.259,0.396,0.406,0.546,0.409,0.544,0.278,0.407
0.256,0.259,0.396,0.406,0.546,0.409,0.544,0.278,0.407,0.253
0.259,0.396,0.406,0.546,0.409,0.544,0.278,0.407,0.253,0.367
0.396,0.406,0.546,0.409,0.544,0.278,0.407,0.253,0.367,0.249
0.406,0.546,0.409,0.544,0.278,0.407,0.253,0.367,0.249,0.252
0.546,0.409,0.544,0.278,0.407,0.253,0.367,0.249,0.252,0.249
0.409,0.544,0.278,0.407,0.253,0.367,0.249,0.252,0.249,0.257
0.544,0.278,0.407,0.253,0.367,0.249,0.252,0.249,0.257,0.392
0.278,0.407,0.253,0.367,0.249,0.252,0.249,0.257,0.392,0.28
0.407,0.253,0.367,0.249,0.252,0.249,0.257,0.392,0.28,0.269
0.253,0.367,0.249,0.252,0.249,0.257,0.392,0.28,0.269,0.119
0.367,0.249,0.252,0.249,0.257,0.392,0.28,0.269,0.119,0.26
0.249,0.252,0.249,0.257,0.392,0.28,0.269,0.119,0.26,0.259
0.252,0.249,0.257,0.392,0.28,0.269,0.119,0.26,0.259,0.124
0.249,0.257,0.392,0.28,0.269,0.119,0.26,0.259,0.124,0.253
0.257,0.392,0.28,0.269,0.119,0.26,0.259,0.124,0.253,0.259
0.392,0.28,0.269,0.119,0.26,0.259,0.124,0.253,0.259,0.268
0.28,0.269,0.119,0.26,0.259,0.124,0.253,0.259,0.268,0.383
0.269,0.119,0.26,0.259,0.124,0.253,0.259,0.268,0.383,0.463
0.119,0.26,0.259,0.124,0.253,0.259,0.268,0.383,0.463,0.401
0.26,0.259,0.124,0.253,0.259,0.268,0.383,0.463,0.401,0.417
0.259,0.124,0.253,0.259,0.268,0.383,0.463,0.401,0.417,0.273
0.124,0.253,0.259,0.268,0.383,0.463,0.401,0.417,0.273,0.286
0.253,0.259,0.268,0.383,0.463,0.401,0.417,0.273,0.286,0.418
0.259,0.268,0.383,0.463,0.401,0.417,0.273,0.286,0.418,0.795
0.268,0.383,0.463,0.401,0.417,0.273,0.286,0.418,0.795,0.693
0.383,0.463,0.401,0.417,0.273,0.286,0.418,0.795,0.693,1.105
0.463,0.401,0.417,0.273,0.286,0.418,0.795,0.693,1.105,2.711
0.401,0.417,0.273,0.286,0.418,0.795,0.693,1.105,2.711,2.105
0.417,0.273,0.286,0.418,0.795,0.693,1.105,2.711,2.105,1.594
0.273,0.286,0.418,0.795,0.693,1.105,2.711,2.105,1.594,1.344
0.286,0.418,0.795,0.693,1.105,2.711,2.105,1.594,1.344,1.334
0.418,0.795,0.693,1.105,2.711,2.105,1.594,1.344,1.334,1.318
0.795,0.693,1.105,2.711,2.105,1.594,1.344,1.334,1.318,1.062
0.693,1.105,2.711,2.105,1.594,1.344,1.334,1.318,1.062,2.281
1.105,2.711,2.105,1.594,1.344,1.334,1.318,1.062,2.281,2.959
2.711,2.105,1.594,1.344,1.334,1.318,1.062,2.281,2.959,2.983
2.105,1.594,1.344,1.334,1.318,1.062,2.281,2.959,2.983,1.953
1.594,1.344,1.334,1.318,1.062,2.281,2.959,2.983,1.953,1.47
1.344,1.334,1.318,1.062,2.281,2.959,2.983,1.953,1.47,1.4
1.334,1.318,1.062,2.281,2.959,2.983,1.953,1.47,1.4,1.235
1.318,1.062,2.281,2.959,2.983,1.953,1.47,1.4,1.235,3.151
1.062,2.281,2.959,2.983,1.953,1.47,1.4,1.235,3.151,2.471
2.281,2.959,2.983,1.953,1.47,1.4,1.235,3.151,2.471,4.783
2.959,2.983,1.953,1.47,1.4,1.235,3.151,2.471,4.783,3.459
2.983,1.953,1.47,1.4,1.235,3.151,2.471,4.783,3.459,2.38
1.953,1.47,1.4,1.235,3.151,2.471,4.783,3.459,2.38,2.099
1.47,1.4,1.235,3.151,2.471,4.783,3.459,2.38,2.099,1.824
1.4,1.235,3.151,2.471,4.783,3.459,2.38,2.099,1.824,1.432
1.235,3.151,2.471,4.783,3.459,2.38,2.099,1.824,1.432,1.417
3.151,2.471,4.783,3.459,2.38,2.099,1.824,1.432,1.417,1.673
2.471,4.783,3.459,2.38,2.099,1.824,1.432,1.417,1.673,5.664
4.783,3.459,2.38,2.099,1.824,1.432,1.417,1.673,5.664,3.337
3.459,2.38,2.099,1.824,1.432,1.417,1.673,5.664,3.337,2.295
2.38,2.099,1.824,1.432,1.417,1.673,5.664,3.337,2.295,2.763
2.099,1.824,1.432,1.417,1.673,5.664,3.337,2.295,2.763,4.558
1.824,1.432,1.417,1.673,5.664,3.337,2.295,2.763,4.558,2.579
1.432,1.417,1.673,5.664,3.337,2.295,2.763,4.558,2.579,2.186
1.417,1.673,5.664,3.337,2.295,2.763,4.558,2.579,2.186,2.211
1.673,5.664,3.337,2.295,2.763,4.558,2.579,2.186,2.211,3.222
5.664,3.337,2.295,2.763,4.558,2.579,2.186,2.211,3.222,2.406
3.337,2.295,2.763,4.558,2.579,2.186,2.211,3.222,2.406,2.353
2.295,2.763,4.558,2.579,2.186,2.211,3.222,2.406,2.353,3.041
2.763,4.558,2.579,2.186,2.211,3.222,2.406,2.353,3.041,2.423
4.558,2.579,2.186,2.211,3.222,2.406,2.353,3.041,2.423,2.139
2.579,2.186,2.211,3.222,2.406,2.353,3.041,2.423,2.139,2.126
2.186,2.211,3.222,2.406,2.353,3.041,2.423,2.139,2.126,1.99
2.211,3.222,2.406,2.353,3.041,2.423,2.139,2.126,1.99,1.853
3.222,2.406,2.353,3.041,2.423,2.139,2.126,1.99,1.853,1.467
2.406,2.353,3.041,2.423,2.139,2.126,1.99,1.853,1.467,1.617
2.353,3.041,2.423,2.139,2.126,1.99,1.853,1.467,1.617,1.05
3.041,2.423,2.139,2.126,1.99,1.853,1.467,1.617,1.05,0.758
2.423,2.139,2.126,1.99,1.853,1.467,1.617,1.05,0.758,0.762
2.139,2.126,1.99,1.853,1.467,1.617,1.05,0.758,0.762,0.483
2.126,1.99,1.853,1.467,1.617,1.05,0.758,0.762,0.483,0.752
1.99,1.853,1.467,1.617,1.05,0.758,0.762,0.483,0.752,0.499
1.853,1.467,1.617,1.05,0.758,0.762,0.483,0.752,0.499,0.635
1.467,1.617,1.05,0.758,0.762,0.483,0.752,0.499,0.635,0.614
1.617,1.05,0.758,0.762,0.483,0.752,0.499,0.635,0.614,0.617
1.05,0.758,0.762,0.483,0.752,0.499,0.635,0.614,0.617,0.633
0.758,0.762,0.483,0.752,0.499,0.635,0.614,0.617,0.633,0.615
0.762,0.483,0.752,0.499,0.635,0.614,0.617,0.633,0.615,0.502
0.483,0.752,0.499,0.635,0.614,0.617,0.633,0.615,0.502,0.482
0.752,0.499,0.635,0.614,0.617,0.633,0.615,0.502,0.482,0.494
0.499,0.635,0.614,0.617,0.633,0.615,0.502,0.482,0.494,0.898
0.635,0.614,0.617,0.633,0.615,0.502,0.482,0.494,0.898,1.384
0.614,0.617,0.633,0.615,0.502,0.482,0.494,0.898,1.384,0.885
0.617,0.633,0.615,0.502,0.482,0.494,0.898,1.384,0.885,0.618
0.633,0.615,0.502,0.482,0.494,0.898,1.384,0.885,0.618,0.498
0.615,0.502,0.482,0.494,0.898,1.384,0.885,0.618,0.498,0.615
0.502,0.482,0.494,0.898,1.384,0.885,0.618,0.498,0.615,0.496
0.482,0.494,0.898,1.384,0.885,0.618,0.498,0.615,0.496,2.34
0.494,0.898,1.384,0.885,0.618,0.498,0.615,0.496,2.34,15.943
0.898,1.384,0.885,0.618,0.498,0.615,0.496,2.34,15.943,8.625
1.384,0.885,0.618,0.498,0.615,0.496,2.34,15.943,8.625,5.05
0.885,0.618,0.498,0.615,0.496,2.34,15.943,8.625,5.05,9.906
0.618,0.498,0.615,0.496,2.34,15.943,8.625,5.05,9.906,7.307
0.498,0.615,0.496,2.34,15.943,8.625,5.05,9.906,7.307,4.965
0.615,0.496,2.34,15.943,8.625,5.05,9.906,7.307,4.965,3.063
0.496,2.34,15.943,8.625,5.05,9.906,7.307,4.965,3.063,2.566
2.34,15.943,8.625,5.05,9.906,7.307,4.965,3.063,2.566,1.926
15.943,8.625,5.05,9.906,7.307,4.965,3.063,2.566,1.926,1.326
8.625,5.05,9.906,7.307,4.965,3.063,2.566,1.926,1.326,1.204
5.05,9.906,7.307,4.965,3.063,2.566,1.926,1.326,1.204,1.173
9.906,7.307,4.965,3.063,2.566,1.926,1.326,1.204,1.173,0.931
7.307,4.965,3.063,2.566,1.926,1.326,1.204,1.173,0.931,0.798
4.965,3.063,2.566,1.926,1.326,1.204,1.173,0.931,0.798,1.109
3.063,2.566,1.926,1.326,1.204,1.173,0.931,0.798,1.109,1.079
2.566,1.926,1.326,1.204,1.173,0.931,0.798,1.109,1.079,1.196
1.926,1.326,1.204,1.173,0.931,0.798,1.109,1.079,1.196,0.965
1.326,1.204,1.173,0.931,0.798,1.109,1.079,1.196,0.965,0.935
1.204,1.173,0.931,0.798,1.109,1.079,1.196,0.965,0.935,0.8
1.173,0.931,0.798,1.109,1.079,1.196,0.965,0.935,0.8,0.924
0.931,0.798,1.109,1.079,1.196,0.965,0.935,0.8,0.924,0.798
0.798,1.109,1.079,1.196,0.965,0.935,0.8,0.924,0.798,0.786
1.109,1.079,1.196,0.965,0.935,0.8,0.924,0.798,0.786,0.669
1.079,1.196,0.965,0.935,0.8,0.924,0.798,0.786,0.669,0.78
1.196,0.965,0.935,0.8,0.924,0.798,0.786,0.669,0.78,0.608
0.965,0.935,0.8,0.924,0.798,0.786,0.669,0.78,0.608,0.662
0.935,0.8,0.924,0.798,0.786,0.669,0.78,0.608,0.662,0.645
0.8,0.924,0.798,0.786,0.669,0.78,0.608,0.662,0.645,0.935
0.924,0.798,0.786,0.669,0.78,0.608,0.662,0.645,0.935,1.954
0.798,0.786,0.669,0.78,0.608,0.662,0.645,0.935,1.954,0.937
0.786,0.669,0.78,0.608,0.662,0.645,0.935,1.954,0.937,0.795
0.669,0.78,0.608,0.662,0.645,0.935,1.954,0.937,0.795,0.672
0.78,0.608,0.662,0.645,0.935,1.954,0.937,0.795,0.672,0.531
0.608,0.662,0.645,0.935,1.954,0.937,0.795,0.672,0.531,0.53
0.662,0.645,0.935,1.954,0.937,0.795,0.672,0.531,0.53,0.775
0.645,0.935,1.954,0.937,0.795,0.672,0.531,0.53,0.775,0.778
0.935,1.954,0.937,0.795,0.672,0.531,0.53,0.775,0.778,0.53
1.954,0.937,0.795,0.672,0.531,0.53,0.775,0.778,0.53,0.525
0.937,0.795,0.672,0.531,0.53,0.775,0.778,0.53,0.525,0.536
0.795,0.672,0.531,0.53,0.775,0.778,0.53,0.525,0.536,0.541
0.672,0.531,0.53,0.775,0.778,0.53,0.525,0.536,0.541,0.425
0.531,0.53,0.775,0.778,0.53,0.525,0.536,0.541,0.425,0.401
0.53,0.775,0.778,0.53,0.525,0.536,0.541,0.425,0.401,0.412
0.775,0.778,0.53,0.525,0.536,0.541,0.425,0.401,0.412,0.297
0.778,0.53,0.525,0.536,0.541,0.425,0.401,0.412,0.297,0.293
0.53,0.525,0.536,0.541,0.425,0.401,0.412,0.297,0.293,0.304
0.525,0.536,0.541,0.425,0.401,0.412,0.297,0.293,0.304,0.429
0.536,0.541,0.425,0.401,0.412,0.297,0.293,0.304,0.429,0.262
0.541,0.425,0.401,0.412,0.297,0.293,0.304,0.429,0.262,0.278
0.425,0.401,0.412,0.297,0.293,0.304,0.429,0.262,0.278,0.279
0.401,0.412,0.297,0.293,0.304,0.429,0.262,0.278,0.279,0.313
0.412,0.297,0.293,0.304,0.429,0.262,0.278,0.279,0.313,0.281
0.297,0.293,0.304,0.429,0.262,0.278,0.279,0.313,0.281,0.216
0.293,0.304,0.429,0.262,0.278,0.279,0.313,0.281,0.216,0.294
0.304,0.429,0.262,0.278,0.279,0.313,0.281,0.216,0.294,0.287
0.429,0.262,0.278,0.279,0.313,0.281,0.216,0.294,0.287,0.2
0.262,0.278,0.279,0.313,0.281,0.216,0.294,0.287,0.2,0.178
0.278,0.279,0.313,0.281,0.216,0.294,0.287,0.2,0.178,0.314
0.279,0.313,0.281,0.216,0.294,0.287,0.2,0.178,0.314,0.172
0.313,0.281,0.216,0.294,0.287,0.2,0.178,0.314,0.172,0.297
0.281,0.216,0.294,0.287,0.2,0.178,0.314,0.172,0.297,0.545
0.216,0.294,0.287,0.2,0.178,0.314,0.172,0.297,0.545,1.032
0.294,0.287,0.2,0.178,0.314,0.172,0.297,0.545,1.032,1.675
0.287,0.2,0.178,0.314,0.172,0.297,0.545,1.032,1.675,1.893
0.2,0.178,0.314,0.172,0.297,0.545,1.032,1.675,1.893,1.558
0.178,0.314,0.172,0.297,0.545,1.032,1.675,1.893,1.558,0.939
0.314,0.172,0.297,0.545,1.032,1.675,1.893,1.558,0.939,1.157
0.172,0.297,0.545,1.032,1.675,1.893,1.558,0.939,1.157,0.929
0.297,0.545,1.032,1.675,1.893,1.558,0.939,1.157,0.929,1.049
0.545,1.032,1.675,1.893,1.558,0.939,1.157,0.929,1.049,1.188
1.032,1.675,1.893,1.558,0.939,1.157,0.929,1.049,1.188,1.57
1.675,1.893,1.558,0.939,1.157,0.929,1.049,1.188,1.57,1.754
1.893,1.558,0.939,1.157,0.929,1.049,1.188,1.57,1.754,1.226
1.558,0.939,1.157,0.929,1.049,1.188,1.57,1.754,1.226,0.975
0.939,1.157,0.929,1.049,1.188,1.57,1.754,1.226,0.975,0.833
1.157,0.929,1.049,1.188,1.57,1.754,1.226,0.975,0.833,0.82
0.929,1.049,1.188,1.57,1.754,1.226,0.975,0.833,0.82,0.822
1.049,1.188,1.57,1.754,1.226,0.975,0.833,0.82,0.822,0.688
1.188,1.57,1.754,1.226,0.975,0.833,0.82,0.822,0.688,0.664
1.57,1.754,1.226,0.975,0.833,0.82,0.822,0.688,0.664,0.686
1.754,1.226,0.975,0.833,0.82,0.822,0.688,0.664,0.686,0.682
1.226,0.975,0.833,0.82,0.822,0.688,0.664,0.686,0.682,0.419
0.975,0.833,0.82,0.822,0.688,0.664,0.686,0.682,0.419,0.552
0.833,0.82,0.822,0.688,0.664,0.686,0.682,0.419,0.552,0.576
0.82,0.822,0.688,0.664,0.686,0.682,0.419,0.552,0.576,0.439
0.822,0.688,0.664,0.686,0.682,0.419,0.552,0.576,0.439,0.575
0.688,0.664,0.686,0.682,0.419,0.552,0.576,0.439,0.575,0.567
0.664,0.686,0.682,0.419,0.552,0.576,0.439,0.575,0.567,0.324
0.686,0.682,0.419,0.552,0.576,0.439,0.575,0.567,0.324,0.556
0.682,0.419,0.552,0.576,0.439,0.575,0.567,0.324,0.556,0.581
0.419,0.552,0.576,0.439,0.575,0.567,0.324,0.556,0.581,0.559
0.552,0.576,0.439,0.575,0.567,0.324,0.556,0.581,0.559,0.439
0.576,0.439,0.575,0.567,0.324,0.556,0.581,0.559,0.439,0.721
0.439,0.575,0.567,0.324,0.556,0.581,0.559,0.439,0.721,0.699
0.575,0.567,0.324,0.556,0.581,0.559,0.439,0.721,0.699,0.429
0.567,0.324,0.556,0.581,0.559,0.439,0.721,0.699,0.429,0.412
0.324,0.556,0.581,0.559,0.439,0.721,0.699,0.429,0.412,0.542
0.556,0.581,0.559,0.439,0.721,0.699,0.429,0.412,0.542,0.288
0.581,0.559,0.439,0.721,0.699,0.429,0.412,0.542,0.288,0.399
0.559,0.439,0.721,0.699,0.429,0.412,0.542,0.288,0.399,0.281
0.439,0.721,0.699,0.429,0.412,0.542,0.288,0.399,0.281,0.531
0.721,0.699,0.429,0.412,0.542,0.288,0.399,0.281,0.531,0.402
0.699,0.429,0.412,0.542,0.288,0.399,0.281,0.531,0.402,0.541
0.429,0.412,0.542,0.288,0.399,0.281,0.531,0.402,0.541,0.42
0.412,0.542,0.288,0.399,0.281,0.531,0.402,0.541,0.42,0.271
0.542,0.288,0.399,0.281,0.531,0.402,0.541,0.42,0.271,0.538
0.288,0.399,0.281,0.531,0.402,0.541,0.42,0.271,0.538,0.464
0.399,0.281,0.531,0.402,0.541,0.42,0.271,0.538,0.464,0.399
0.281,0.531,0.402,0.541,0.42,0.271,0.538,0.464,0.399,0.539
0.531,0.402,0.541,0.42,0.271,0.538,0.464,0.399,0.539,1.18
0.402,0.541,0.42,0.271,0.538,0.464,0.399,0.539,1.18,0.93
0.541,0.42,0.271,0.538,0.464,0.399,0.539,1.18,0.93,0.654
0.42,0.271,0.538,0.464,0.399,0.539,1.18,0.93,0.654,0.545
0.271,0.538,0.464,0.399,0.539,1.18,0.93,0.654,0.545,0.288
0.538,0.464,0.399,0.539,1.18,0.93,0.654,0.545,0.288,0.424
0.464,0.399,0.539,1.18,0.93,0.654,0.545,0.288,0.424,0.17
0.399,0.539,1.18,0.93,0.654,0.545,0.288,0.424,0.17,0.396
0.539,1.18,0.93,0.654,0.545,0.288,0.424,0.17,0.396,0.425
1.18,0.93,0.654,0.545,0.288,0.424,0.17,0.396,0.425,0.291
0.93,0.654,0.545,0.288,0.424,0.17,0.396,0.425,0.291,0.294
0.654,0.545,0.288,0.424,0.17,0.396,0.425,0.291,0.294,0.279
0.545,0.288,0.424,0.17,0.396,0.425,0.291,0.294,0.279,0.258
0.288,0.424,0.17,0.396,0.425,0.291,0.294,0.279,0.258,0.028
0.424,0.17,0.396,0.425,0.291,0.294,0.279,0.258,0.028,0.16
0.17,0.396,0.425,0.291,0.294,0.279,0.258,0.028,0.16,0.142
0.396,0.425,0.291,0.294,0.279,0.258,0.028,0.16,0.142,0.15
0.425,0.291,0.294,0.279,0.258,0.028,0.16,0.142,0.15,0.171
0.291,0.294,0.279,0.258,0.028,0.16,0.142,0.15,0.171,0.039
0.294,0.279,0.258,0.028,0.16,0.142,0.15,0.171,0.039,0.057
0.279,0.258,0.028,0.16,0.142,0.15,0.171,0.039,0.057,0.199
0.258,0.028,0.16,0.142,0.15,0.171,0.039,0.057,0.199,0.17
0.028,0.16,0.142,0.15,0.171,0.039,0.057,0.199,0.17,0.059
0.16,0.142,0.15,0.171,0.039,0.057,0.199,0.17,0.059,0.17
0.142,0.15,0.171,0.039,0.057,0.199,0.17,0.059,0.17,0.151
0.15,0.171,0.039,0.057,0.199,0.17,0.059,0.17,0.151,0.16
0.171,0.039,0.057,0.199,0.17,0.059,0.17,0.151,0.16,0.02
0.039,0.057,0.199,0.17,0.059,0.17,0.151,0.16,0.02,0.16
0.057,0.199,0.17,0.059,0.17,0.151,0.16,0.02,0.16,0.031
0.199,0.17,0.059,0.17,0.151,0.16,0.02,0.16,0.031,0.142
0.17,0.059,0.17,0.151,0.16,0.02,0.16,0.031,0.142,0.393
0.059,0.17,0.151,0.16,0.02,0.16,0.031,0.142,0.393,0.425
0.17,0.151,0.16,0.02,0.16,0.031,0.142,0.393,0.425,0.158
0.151,0.16,0.02,0.16,0.031,0.142,0.393,0.425,0.158,0.172
0.16,0.02,0.16,0.031,0.142,0.393,0.425,0.158,0.172,0.034
0.02,0.16,0.031,0.142,0.393,0.425,0.158,0.172,0.034,0.193
0.16,0.031,0.142,0.393,0.425,0.158,0.172,0.034,0.193,1.385
0.031,0.142,0.393,0.425,0.158,0.172,0.034,0.193,1.385,1.641
0.142,0.393,0.425,0.158,0.172,0.034,0.193,1.385,1.641,0.642
0.393,0.425,0.158,0.172,0.034,0.193,1.385,1.641,0.642,0.495
0.425,0.158,0.172,0.034,0.193,1.385,1.641,0.642,0.495,0.207
0.158,0.172,0.034,0.193,1.385,1.641,0.642,0.495,0.207,0.117
0.172,0.034,0.193,1.385,1.641,0.642,0.495,0.207,0.117,0.117
0.034,0.193,1.385,1.641,0.642,0.495,0.207,0.117,0.117,0.117
0.193,1.385,1.641,0.642,0.495,0.207,0.117,0.117,0.117,0.159
1.385,1.641,0.642,0.495,0.207,0.117,0.117,0.117,0.159,0.067
1.641,0.642,0.495,0.207,0.117,0.117,0.117,0.159,0.067,0.18
0.642,0.495,0.207,0.117,0.117,0.117,0.159,0.067,0.18,0.083
0.495,0.207,0.117,0.117,0.117,0.159,0.067,0.18,0.083,0.036
0.207,0.117,0.117,0.117,0.159,0.067,0.18,0.083,0.036,0.114
0.117,0.117,0.117,0.159,0.067,0.18,0.083,0.036,0.114,0.098
0.117,0.117,0.159,0.067,0.18,0.083,0.036,0.114,0.098,0.075
0.117,0.159,0.067,0.18,0.083,0.036,0.114,0.098,0.075,0.015
0.159,0.067,0.18,0.083,0.036,0.114,0.098,0.075,0.015,0.015
0.067,0.18,0.083,0.036,0.114,0.098,0.075,0.015,0.015,0.137
0.18,0.083,0.036,0.114,0.098,0.075,0.015,0.015,0.137,0.071
0.083,0.036,0.114,0.098,0.075,0.015,0.015,0.137,0.071,0.026
0.036,0.114,0.098,0.075,0.015,0.015,0.137,0.071,0.026,0.026
0.114,0.098,0.075,0.015,0.015,0.137,0.071,0.026,0.026,0.01
0.098,0.075,0.015,0.015,0.137,0.071,0.026,0.026,0.01,0.01
0.075,0.015,0.015,0.137,0.071,0.026,0.026,0.01,0.01,0.01
0.015,0.015,0.137,0.071,0.026,0.026,0.01,0.01,0.01,0.01
0.015,0.137,0.071,0.026,0.026,0.01,0.01,0.01,0.01,0.004
0.137,0.071,0.026,0.026,0.01,0.01,0.01,0.01,0.004,0.004
0.071,0.026,0.026,0.01,0.01,0.01,0.01,0.004,0.004,0.004
0.026,0.026,0.01,0.01,0.01,0.01,0.004,0.004,0.004,0.004
0.026,0.01,0.01,0.01,0.01,0.004,0.004,0.004,0.004,0.004
0.01,0.01,0.01,0.01,0.004,0.004,0.004,0.004,0.004,0.004
0.01,0.01,0.01,0.004,0.004,0.004,0.004,0.004,0.004,0.004
0.01,0.01,0.004,0.004,0.004,0.004,0.004,0.004,0.004,0.004
0.01,0.004,0.004,0.004,0.004,0.004,0.004,0.004,0.004,0.004
0.004,0.004,0.004,0.004,0.004,0.004,0.004,0.004,0.004,0.004
0.004,0.004,0.004,0.004,0.004,0.004,0.004,0.004,0.004,0.082
0.004,0.004,0.004,0.004,0.004,0.004,0.004,0.004,0.082,0.204
0.004,0.004,0.004,0.004,0.004,0.004,0.004,0.082,0.204,0.047
0.004,0.004,0.004,0.004,0.004,0.004,0.082,0.204,0.047,0.071
0.004,0.004,0.004,0.004,0.004,0.082,0.204,0.047,0.071,0.077
0.004,0.004,0.004,0.004,0.082,0.204,0.047,0.071,0.077,0.047
0.004,0.004,0.004,0.082,0.204,0.047,0.071,0.077,0.047,0.009
0.004,0.004,0.082,0.204,0.047,0.071,0.077,0.047,0.009,0.009
0.004,0.082,0.204,0.047,0.071,0.077,0.047,0.009,0.009,0.009
0.082,0.204,0.047,0.071,0.077,0.047,0.009,0.009,0.009,0.009
0.204,0.047,0.071,0.077,0.047,0.009,0.009,0.009,0.009,0
0.047,0.071,0.077,0.047,0.009,0.009,0.009,0.009,0,0
0.071,0.077,0.047,0.009,0.009,0.009,0.009,0,0,0
0.077,0.047,0.009,0.009,0.009,0.009,0,0,0,0
0.047,0.009,0.009,0.009,0.009,0,0,0,0,0
0.009,0.009,0.009,0.009,0,0,0,0,0,0
0.009,0.009,0.009,0,0,0,0,0,0,0
0.009,0.009,0,0,0,0,0,0,0,0
0.009,0,0,0,0,0,0,0,0,0
0,0,0,0,0,0,0,0,0,0
0,0,0,0,0,0,0,0,0,0
0,0,0,0,0,0,0,0,0,0
0,0,0,0,0,0,0,0,0,0
0,0,0,0,0,0,0,0,0,0
0,0,0,0,0,0,0,0,0,0
0,0,0,0,0,0,0,0,0,0
0,0,0,0,0,0,0,0,0,0
0,0,0,0,0,0,0,0,0,0
0,0,0,0,0,0,0,0,0,0
0,0,0,0,0,0,0,0,0,0.197
0,0,0,0,0,0,0,0,0.197,0.082
0,0,0,0,0,0,0,0.197,0.082,0
0,0,0,0,0,0,0.197,0.082,0,0
0,0,0,0,0,0.197,0.082,0,0,0
0,0,0,0,0.197,0.082,0,0,0,0
0,0,0,0.197,0.082,0,0,0,0,0
0,0,0.197,0.082,0,0,0,0,0,0
0,0.197,0.082,0,0,0,0,0,0,0
0.197,0.082,0,0,0,0,0,0,0,0
0.082,0,0,0,0,0,0,0,0,0
0,0,0,0,0,0,0,0,0,0
0,0,0,0,0,0,0,0,0,0
0,0,0,0,0,0,0,0,0,0
0,0,0,0,0,0,0,0,0,0
0,0,0,0,0,0,0,0,0,0
0,0,0,0,0,0,0,0,0,0
0,0,0,0,0,0,0,0,0,0
0,0,0,0,0,0,0,0,0,0
0,0,0,0,0,0,0,0,0,0
0,0,0,0,0,0,0,0,0,0
0,0,0,0,0,0,0,0,0,0.164
0,0,0,0,0,0,0,0,0.164,0
0,0,0,0,0,0,0,0.164,0,0
0,0,0,0,0,0,0.164,0,0,0
0,0,0,0,0,0.164,0,0,0,0
0,0,0,0,0.164,0,0,0,0,0
0,0,0,0.164,0,0,0,0,0,0
0,0,0.164,0,0,0,0,0,0,0
0,0.164,0,0,0,0,0,0,0,0
0.164,0,0,0,0,0,0,0,0,0
0,0,0,0,0,0,0,0,0,0
0,0,0,0,0,0,0,0,0,0.035
0,0,0,0,0,0,0,0,0.035,0
0,0,0,0,0,0,0,0.035,0,0
0,0,0,0,0,0,0.035,0,0,0
0,0,0,0,0,0.035,0,0,0,0
0,0,0,0,0.035,0,0,0,0,0
0,0,0,0.035,0,0,0,0,0,0
0,0,0.035,0,0,0,0,0,0,0
0,0.035,0,0,0,0,0,0,0,0
0.035,0,0,0,0,0,0,0,0,0
0,0,0,0,0,0,0,0,0,0
0,0,0,0,0,0,0,0,0,0
0,0,0,0,0,0,0,0,0,0.149
0,0,0,0,0,0,0,0,0.149,0.026
0,0,0,0,0,0,0,0.149,0.026,0
0,0,0,0,0,0,0.149,0.026,0,0
0,0,0,0,0,0.149,0.026,0,0,0
0,0,0,0,0.149,0.026,0,0,0,0
0,0,0,0.149,0.026,0,0,0,0,0
0,0,0.149,0.026,0,0,0,0,0,0
0,0.149,0.026,0,0,0,0,0,0,0
0.149,0.026,0,0,0,0,0,0,0,0
0.026,0,0,0,0,0,0,0,0,0
0,0,0,0,0,0,0,0,0,0
0,0,0,0,0,0,0,0,0,0
0,0,0,0,0,0,0,0,0,0
0,0,0,0,0,0,0,0,0,0
0,0,0,0,0,0,0,0,0,0
0,0,0,0,0,0,0,0,0,0.02
0,0,0,0,0,0,0,0,0.02,0.048
0,0,0,0,0,0,0,0.02,0.048,0.033
0,0,0,0,0,0,0.02,0.048,0.033,0.023
0,0,0,0,0,0.02,0.048,0.033,0.023,0.035
0,0,0,0,0.02,0.048,0.033,0.023,0.035,0.069
0,0,0,0.02,0.048,0.033,0.023,0.035,0.069,0.044
0,0,0.02,0.048,0.033,0.023,0.035,0.069,0.044,0.017
0,0.02,0.048,0.033,0.023,0.035,0.069,0.044,0.017,0.03
0.02,0.048,0.033,0.023,0.035,0.069,0.044,0.017,0.03,0.017
0.048,0.033,0.023,0.035,0.069,0.044,0.017,0.03,0.017,0.031
0.033,0.023,0.035,0.069,0.044,0.017,0.03,0.017,0.031,0.17
0.023,0.035,0.069,0.044,0.017,0.03,0.017,0.031,0.17,0.15
0.035,0.069,0.044,0.017,0.03,0.017,0.031,0.17,0.15,0.045
0.069,0.044,0.017,0.03,0.017,0.031,0.17,0.15,0.045,0.058
0.044,0.017,0.03,0.017,0.031,0.17,0.15,0.045,0.058,0.024
0.017,0.03,0.017,0.031,0.17,0.15,0.045,0.058,0.024,0
0.03,0.017,0.031,0.17,0.15,0.045,0.058,0.024,0,0
0.017,0.031,0.17,0.15,0.045,0.058,0.024,0,0,0
0.031,0.17,0.15,0.045,0.058,0.024,0,0,0,0
0.17,0.15,0.045,0.058,0.024,0,0,0,0,0
0.15,0.045,0.058,0.024,0,0,0,0,0,0
0.045,0.058,0.024,0,0,0,0,0,0,0
0.058,0.024,0,0,0,0,0,0,0,0.018
0.024,0,0,0,0,0,0,0,0.018,0.034
0,0,0,0,0,0,0,0.018,0.034,0.029
0,0,0,0,0,0,0.018,0.034,0.029,0.028
0,0,0,0,0,0.018,0.034,0.029,0.028,0.012
0,0,0,0,0.018,0.034,0.029,0.028,0.012,0.012
0,0,0,0.018,0.034,0.029,0.028,0.012,0.012,0.012
0,0,0.018,0.034,0.029,0.028,0.012,0.012,0.012,0.012
0,0.018,0.034,0.029,0.028,0.012,0.012,0.012,0.012,0.012
0.018,0.034,0.029,0.028,0.012,0.012,0.012,0.012,0.012,0.012
0.034,0.029,0.028,0.012,0.012,0.012,0.012,0.012,0.012,0.017
0.029,0.028,0.012,0.012,0.012,0.012,0.012,0.012,0.017,0.008
0.028,0.012,0.012,0.012,0.012,0.012,0.012,0.017,0.008,0.012
0.012,0.012,0.012,0.012,0.012,0.012,0.017,0.008,0.012,0.008
0.012,0.012,0.012,0.012,0.012,0.017,0.008,0.012,0.008,0.018
0.012,0.012,0.012,0.012,0.017,0.008,0.012,0.008,0.018,0.036
0.012,0.012,0.012,0.017,0.008,0.012,0.008,0.018,0.036,0.015
0.012,0.012,0.017,0.008,0.012,0.008,0.018,0.036,0.015,0.012
0.012,0.017,0.008,0.012,0.008,0.018,0.036,0.015,0.012,0.005
0.017,0.008,0.012,0.008,0.018,0.036,0.015,0.012,0.005,0.005
0.008,0.012,0.008,0.018,0.036,0.015,0.012,0.005,0.005,0.005
0.012,0.008,0.018,0.036,0.015,0.012,0.005,0.005,0.005,0.005
0.008,0.018,0.036,0.015,0.012,0.005,0.005,0.005,0.005,0.005
0.018,0.036,0.015,0.012,0.005,0.005,0.005,0.005,0.005,0.005
0.036,0.015,0.012,0.005,0.005,0.005,0.005,0.005,0.005,0.005
0.015,0.012,0.005,0.005,0.005,0.005,0.005,0.005,0.005,0.014
0.012,0.005,0.005,0.005,0.005,0.005,0.005,0.005,0.014,0.014
0.005,0.005,0.005,0.005,0.005,0.005,0.005,0.014,0.014,0.014
0.005,0.005,0.005,0.005,0.005,0.005,0.014,0.014,0.014,0.043
0.005,0.005,0.005,0.005,0.005,0.014,0.014,0.014,0.043,0.039
0.005,0.005,0.005,0.005,0.014,0.014,0.014,0.043,0.039,0.039
0.005,0.005,0.005,0.014,0.014,0.014,0.043,0.039,0.039,0.025
0.005,0.005,0.014,0.014,0.014,0.043,0.039,0.039,0.025,0.026
0.005,0.014,0.014,0.014,0.043,0.039,0.039,0.025,0.026,0.039
0.014,0.014,0.014,0.043,0.039,0.039,0.025,0.026,0.039,0.025
0.014,0.014,0.043,0.039,0.039,0.025,0.026,0.039,0.025,0.01
0.014,0.043,0.039,0.039,0.025,0.026,0.039,0.025,0.01,0.01
0.043,0.039,0.039,0.025,0.026,0.039,0.025,0.01,0.01,0.066
0.039,0.039,0.025,0.026,0.039,0.025,0.01,0.01,0.066,0.03
0.039,0.025,0.026,0.039,0.025,0.01,0.01,0.066,0.03,0.016
0.025,0.026,0.039,0.025,0.01,0.01,0.066,0.03,0.016,0.113
0.026,0.039,0.025,0.01,0.01,0.066,0.03,0.016,0.113,0.009
0.039,0.025,0.01,0.01,0.066,0.03,0.016,0.113,0.009,0.009
0.025,0.01,0.01,0.066,0.03,0.016,0.113,0.009,0.009,0.105
0.01,0.01,0.066,0.03,0.016,0.113,0.009,0.009,0.105,0.022
0.01,0.066,0.03,0.016,0.113,0.009,0.009,0.105,0.022,0.011
0.066,0.03,0.016,0.113,0.009,0.009,0.105,0.022,0.011,0.079
0.03,0.016,0.113,0.009,0.009,0.105,0.022,0.011,0.079,0.153
0.016,0.113,0.009,0.009,0.105,0.022,0.011,0.079,0.153,0.03
0.113,0.009,0.009,0.105,0.022,0.011,0.079,0.153,0.03,0.032
0.009,0.009,0.105,0.022,0.011,0.079,0.153,0.03,0.032,0.045
0.009,0.105,0.022,0.011,0.079,0.153,0.03,0.032,0.045,0.021
0.105,0.022,0.011,0.079,0.153,0.03,0.032,0.045,0.021,0.025
0.022,0.011,0.079,0.153,0.03,0.032,0.045,0.021,0.025,0.013
0.011,0.079,0.153,0.03,0.032,0.045,0.021,0.025,0.013,0.257
0.079,0.153,0.03,0.032,0.045,0.021,0.025,0.013,0.257,0.292
0.153,0.03,0.032,0.045,0.021,0.025,0.013,0.257,0.292,0.204
0.03,0.032,0.045,0.021,0.025,0.013,0.257,0.292,0.204,0.115
0.032,0.045,0.021,0.025,0.013,0.257,0.292,0.204,0.115,0.198
0.045,0.021,0.025,0.013,0.257,0.292,0.204,0.115,0.198,0.027
0.021,0.025,0.013,0.257,0.292,0.204,0.115,0.198,0.027,0.022
0.025,0.013,0.257,0.292,0.204,0.115,0.198,0.027,0.022,0.022
0.013,0.257,0.292,0.204,0.115,0.198,0.027,0.022,0.022,0.228
0.257,0.292,0.204,0.115,0.198,0.027,0.022,0.022,0.228,0.252
0.292,0.204,0.115,0.198,0.027,0.022,0.022,0.228,0.252,0.044
0.204,0.115,0.198,0.027,0.022,0.022,0.228,0.252,0.044,0.209
0.115,0.198,0.027,0.022,0.022,0.228,0.252,0.044,0.209,0.109
0.198,0.027,0.022,0.022,0.228,0.252,0.044,0.209,0.109,0.017
0.027,0.022,0.022,0.228,0.252,0.044,0.209,0.109,0.017,0.017
0.022,0.022,0.228,0.252,0.044,0.209,0.109,0.017,0.017,0.017
0.022,0.228,0.252,0.044,0.209,0.109,0.017,0.017,0.017,0.017
0.228,0.252,0.044,0.209,0.109,0.017,0.017,0.017,0.017,0.017
0.252,0.044,0.209,0.109,0.017,0.017,0.017,0.017,0.017,0.035
0.044,0.209,0.109,0.017,0.017,0.017,0.017,0.017,0.035,0.109
0.209,0.109,0.017,0.017,0.017,0.017,0.017,0.035,0.109,0.014
0.109,0.017,0.017,0.017,0.017,0.017,0.035,0.109,0.014,0.006
0.017,0.017,0.017,0.017,0.017,0.035,0.109,0.014,0.006,0.118
0.017,0.017,0.017,0.017,0.035,0.109,0.014,0.006,0.118,0.059
0.017,0.017,0.017,0.035,0.109,0.014,0.006,0.118,0.059,0.142
0.017,0.017,0.035,0.109,0.014,0.006,0.118,0.059,0.142,0.08
0.017,0.035,0.109,0.014,0.006,0.118,0.059,0.142,0.08,0.06
0.035,0.109,0.014,0.006,0.118,0.059,0.142,0.08,0.06,0.036
0.109,0.014,0.006,0.118,0.059,0.142,0.08,0.06,0.036,0.048
0.014,0.006,0.118,0.059,0.142,0.08,0.06,0.036,0.048,0.142
0.006,0.118,0.059,0.142,0.08,0.06,0.036,0.048,0.142,0.309
0.118,0.059,0.142,0.08,0.06,0.036,0.048,0.142,0.309,0.549
0.059,0.142,0.08,0.06,0.036,0.048,0.142,0.309,0.549,0.8
0.142,0.08,0.06,0.036,0.048,0.142,0.309,0.549,0.8,0.667
0.08,0.06,0.036,0.048,0.142,0.309,0.549,0.8,0.667,0.492
0.06,0.036,0.048,0.142,0.309,0.549,0.8,0.667,0.492,0.323
0.036,0.048,0.142,0.309,0.549,0.8,0.667,0.492,0.323,0.321
0.048,0.142,0.309,0.549,0.8,0.667,0.492,0.323,0.321,0.32
0.142,0.309,0.549,0.8,0.667,0.492,0.323,0.321,0.32,0.298
0.309,0.549,0.8,0.667,0.492,0.323,0.321,0.32,0.298,0.29
0.549,0.8,0.667,0.492,0.323,0.321,0.32,0.298,0.29,0.206
0.8,0.667,0.492,0.323,0.321,0.32,0.298,0.29,0.206,0.303
0.667,0.492,0.323,0.321,0.32,0.298,0.29,0.206,0.303,0.278
0.492,0.323,0.321,0.32,0.298,0.29,0.206,0.303,0.278,0.218
0.323,0.321,0.32,0.298,0.29,0.206,0.303,0.278,0.218,0.138
0.321,0.32,0.298,0.29,0.206,0.303,0.278,0.218,0.138,0.216
0.32,0.298,0.29,0.206,0.303,0.278,0.218,0.138,0.216,0.131
0.298,0.29,0.206,0.303,0.278,0.218,0.138,0.216,0.131,0.213
0.29,0.206,0.303,0.278,0.218,0.138,0.216,0.131,0.213,0.157
0.206,0.303,0.278,0.218,0.138,0.216,0.131,0.213,0.157,0.16
0.303,0.278,0.218,0.138,0.216,0.131,0.213,0.157,0.16,1.047
0.278,0.218,0.138,0.216,0.131,0.213,0.157,0.16,1.047,4.607
0.218,0.138,0.216,0.131,0.213,0.157,0.16,1.047,4.607,5.444
0.138,0.216,0.131,0.213,0.157,0.16,1.047,4.607,5.444,3.386
0.216,0.131,0.213,0.157,0.16,1.047,4.607,5.444,3.386,2.602
0.131,0.213,0.157,0.16,1.047,4.607,5.444,3.386,2.602,1.968
0.213,0.157,0.16,1.047,4.607,5.444,3.386,2.602,1.968,1.601
0.157,0.16,1.047,4.607,5.444,3.386,2.602,1.968,1.601,1.599
0.16,1.047,4.607,5.444,3.386,2.602,1.968,1.601,1.599,1.248
1.047,4.607,5.444,3.386,2.602,1.968,1.601,1.599,1.248,1.183
4.607,5.444,3.386,2.602,1.968,1.601,1.599,1.248,1.183,0.991
5.444,3.386,2.602,1.968,1.601,1.599,1.248,1.183,0.991,0.98
3.386,2.602,1.968,1.601,1.599,1.248,1.183,0.991,0.98,0.972
2.602,1.968,1.601,1.599,1.248,1.183,0.991,0.98,0.972,1.351
1.968,1.601,1.599,1.248,1.183,0.991,0.98,0.972,1.351,1.538
1.601,1.599,1.248,1.183,0.991,0.98,0.972,1.351,1.538,1.278
1.599,1.248,1.183,0.991,0.98,0.972,1.351,1.538,1.278,1.077
1.248,1.183,0.991,0.98,0.972,1.351,1.538,1.278,1.077,1.092
1.183,0.991,0.98,0.972,1.351,1.538,1.278,1.077,1.092,0.889
0.991,0.98,0.972,1.351,1.538,1.278,1.077,1.092,0.889,0.701
0.98,0.972,1.351,1.538,1.278,1.077,1.092,0.889,0.701,0.687
0.972,1.351,1.538,1.278,1.077,1.092,0.889,0.701,0.687,0.787
1.351,1.538,1.278,1.077,1.092,0.889,0.701,0.687,0.787,0.618
1.538,1.278,1.077,1.092,0.889,0.701,0.687,0.787,0.618,0.515
1.278,1.077,1.092,0.889,0.701,0.687,0.787,0.618,0.515,0.605
1.077,1.092,0.889,0.701,0.687,0.787,0.618,0.515,0.605,0.507
1.092,0.889,0.701,0.687,0.787,0.618,0.515,0.605,0.507,0.515
0.889,0.701,0.687,0.787,0.618,0.515,0.605,0.507,0.515,0.494
0.701,0.687,0.787,0.618,0.515,0.605,0.507,0.515,0.494,0.405
0.687,0.787,0.618,0.515,0.605,0.507,0.515,0.494,0.405,0.512
0.787,0.618,0.515,0.605,0.507,0.515,0.494,0.405,0.512,0.38
0.618,0.515,0.605,0.507,0.515,0.494,0.405,0.512,0.38,0.424
0.515,0.605,0.507,0.515,0.494,0.405,0.512,0.38,0.424,0.353
0.605,0.507,0.515,0.494,0.405,0.512,0.38,0.424,0.353,0.39
0.507,0.515,0.494,0.405,0.512,0.38,0.424,0.353,0.39,0.361
0.515,0.494,0.405,0.512,0.38,0.424,0.353,0.39,0.361,0.366
0.494,0.405,0.512,0.38,0.424,0.353,0.39,0.361,0.366,0.265
0.405,0.512,0.38,0.424,0.353,0.39,0.361,0.366,0.265,0.367
0.512,0.38,0.424,0.353,0.39,0.361,0.366,0.265,0.367,0.358
0.38,0.424,0.353,0.39,0.361,0.366,0.265,0.367,0.358,0.274
0.424,0.353,0.39,0.361,0.366,0.265,0.367,0.358,0.274,0.361
0.353,0.39,0.361,0.366,0.265,0.367,0.358,0.274,0.361,0.346
0.39,0.361,0.366,0.265,0.367,0.358,0.274,0.361,0.346,0.75
0.361,0.366,0.265,0.367,0.358,0.274,0.361,0.346,0.75,0.933
0.366,0.265,0.367,0.358,0.274,0.361,0.346,0.75,0.933,1.597
0.265,0.367,0.358,0.274,0.361,0.346,0.75,0.933,1.597,1.246
0.367,0.358,0.274,0.361,0.346,0.75,0.933,1.597,1.246,1.075
0.358,0.274,0.361,0.346,0.75,0.933,1.597,1.246,1.075,0.936
0.274,0.361,0.346,0.75,0.933,1.597,1.246,1.075,0.936,0.993
0.361,0.346,0.75,0.933,1.597,1.246,1.075,0.936,0.993,1.06
0.346,0.75,0.933,1.597,1.246,1.075,0.936,0.993,1.06,0.797
0.75,0.933,1.597,1.246,1.075,0.936,0.993,1.06,0.797,0.916
0.933,1.597,1.246,1.075,0.936,0.993,1.06,0.797,0.916,1.093
1.597,1.246,1.075,0.936,0.993,1.06,0.797,0.916,1.093,1.062
1.246,1.075,0.936,0.993,1.06,0.797,0.916,1.093,1.062,0.894
1.075,0.936,0.993,1.06,0.797,0.916,1.093,1.062,0.894,0.753
0.936,0.993,1.06,0.797,0.916,1.093,1.062,0.894,0.753,0.867
0.993,1.06,0.797,0.916,1.093,1.062,0.894,0.753,0.867,0.87
1.06,0.797,0.916,1.093,1.062,0.894,0.753,0.867,0.87,0.766
0.797,0.916,1.093,1.062,0.894,0.753,0.867,0.87,0.766,0.766
0.916,1.093,1.062,0.894,0.753,0.867,0.87,0.766,0.766,0.687
1.093,1.062,0.894,0.753,0.867,0.87,0.766,0.766,0.687,0.567
1.062,0.894,0.753,0.867,0.87,0.766,0.766,0.687,0.567,0.563
0.894,0.753,0.867,0.87,0.766,0.766,0.687,0.567,0.563,0.578
0.753,0.867,0.87,0.766,0.766,0.687,0.567,0.563,0.578,0.554
0.867,0.87,0.766,0.766,0.687,0.567,0.563,0.578,0.554,0.563
0.87,0.766,0.766,0.687,0.567,0.563,0.578,0.554,0.563,0.56
0.766,0.766,0.687,0.567,0.563,0.578,0.554,0.563,0.56,0.542
0.766,0.687,0.567,0.563,0.578,0.554,0.563,0.56,0.542,0.444
0.687,0.567,0.563,0.578,0.554,0.563,0.56,0.542,0.444,0.449
0.567,0.563,0.578,0.554,0.563,0.56,0.542,0.444,0.449,0.464
0.563,0.578,0.554,0.563,0.56,0.542,0.444,0.449,0.464,0.484
0.578,0.554,0.563,0.56,0.542,0.444,0.449,0.464,0.484,0.467
0.554,0.563,0.56,0.542,0.444,0.449,0.464,0.484,0.467,0.446
0.563,0.56,0.542,0.444,0.449,0.464,0.484,0.467,0.446,0.465
0.56,0.542,0.444,0.449,0.464,0.484,0.467,0.446,0.465,0.467
0.542,0.444,0.449,0.464,0.484,0.467,0.446,0.465,0.467,0.378
0.444,0.449,0.464,0.484,0.467,0.446,0.465,0.467,0.378,0.479
0.449,0.464,0.484,0.467,0.446,0.465,0.467,0.378,0.479,0.365
0.464,0.484,0.467,0.446,0.465,0.467,0.378,0.479,0.365,0.264
0.484,0.467,0.446,0.465,0.467,0.378,0.479,0.365,0.264,0.26
0.467,0.446,0.465,0.467,0.378,0.479,0.365,0.264,0.26,0.261
0.446,0.465,0.467,0.378,0.479,0.365,0.264,0.26,0.261,1.408
0.465,0.467,0.378,0.479,0.365,0.264,0.26,0.261,1.408,1.214
0.467,0.378,0.479,0.365,0.264,0.26,0.261,1.408,1.214,0.699
0.378,0.479,0.365,0.264,0.26,0.261,1.408,1.214,0.699,0.683
0.479,0.365,0.264,0.26,0.261,1.408,1.214,0.699,0.683,0.461
0.365,0.264,0.26,0.261,1.408,1.214,0.699,0.683,0.461,0.459
0.264,0.26,0.261,1.408,1.214,0.699,0.683,0.461,0.459,0.461
0.26,0.261,1.408,1.214,0.699,0.683,0.461,0.459,0.461,0.247
0.261,1.408,1.214,0.699,0.683,0.461,0.459,0.461,0.247,0.373
1.408,1.214,0.699,0.683,0.461,0.459,0.461,0.247,0.373,0.369
1.214,0.699,0.683,0.461,0.459,0.461,0.247,0.373,0.369,0.258
0.699,0.683,0.461,0.459,0.461,0.247,0.373,0.369,0.258,0.27
0.683,0.461,0.459,0.461,0.247,0.373,0.369,0.258,0.27,0.494
0.461,0.459,0.461,0.247,0.373,0.369,0.258,0.27,0.494,0.931
0.459,0.461,0.247,0.373,0.369,0.258,0.27,0.494,0.931,1.663
0.461,0.247,0.373,0.369,0.258,0.27,0.494,0.931,1.663,0.921
0.247,0.373,0.369,0.258,0.27,0.494,0.931,1.663,0.921,0.71
0.373,0.369,0.258,0.27,0.494,0.931,1.663,0.921,0.71,1.011
0.369,0.258,0.27,0.494,0.931,1.663,0.921,0.71,1.011,3.594
0.258,0.27,0.494,0.931,1.663,0.921,0.71,1.011,3.594,1.846
0.27,0.494,0.931,1.663,0.921,0.71,1.011,3.594,1.846,1.38
0.494,0.931,1.663,0.921,0.71,1.011,3.594,1.846,1.38,1.161
0.931,1.663,0.921,0.71,1.011,3.594,1.846,1.38,1.161,0.974
1.663,0.921,0.71,1.011,3.594,1.846,1.38,1.161,0.974,0.866
0.921,0.71,1.011,3.594,1.846,1.38,1.161,0.974,0.866,0.833
0.71,1.011,3.594,1.846,1.38,1.161,0.974,0.866,0.833,0.697
1.011,3.594,1.846,1.38,1.161,0.974,0.866,0.833,0.697,0.594
3.594,1.846,1.38,1.161,0.974,0.866,0.833,0.697,0.594,0.479
1.846,1.38,1.161,0.974,0.866,0.833,0.697,0.594,0.479,0.928
1.38,1.161,0.974,0.866,0.833,0.697,0.594,0.479,0.928,0.695
1.161,0.974,0.866,0.833,0.697,0.594,0.479,0.928,0.695,0.723
0.974,0.866,0.833,0.697,0.594,0.479,0.928,0.695,0.723,0.673
0.866,0.833,0.697,0.594,0.479,0.928,0.695,0.723,0.673,0.59
0.833,0.697,0.594,0.479,0.928,0.695,0.723,0.673,0.59,0.478
0.697,0.594,0.479,0.928,0.695,0.723,0.673,0.59,0.478,0.348
0.594,0.479,0.928,0.695,0.723,0.673,0.59,0.478,0.348,0.369
0.479,0.928,0.695,0.723,0.673,0.59,0.478,0.348,0.369,0.351
0.928,0.695,0.723,0.673,0.59,0.478,0.348,0.369,0.351,0.257
0.695,0.723,0.673,0.59,0.478,0.348,0.369,0.351,0.257,0.393
0.723,0.673,0.59,0.478,0.348,0.369,0.351,0.257,0.393,0.894
0.673,0.59,0.478,0.348,0.369,0.351,0.257,0.393,0.894,0.752
0.59,0.478,0.348,0.369,0.351,0.257,0.393,0.894,0.752,1.436
0.478,0.348,0.369,0.351,0.257,0.393,0.894,0.752,1.436,0.879
0.348,0.369,0.351,0.257,0.393,0.894,0.752,1.436,0.879,1.464
0.369,0.351,0.257,0.393,0.894,0.752,1.436,0.879,1.464,1.092
0.351,0.257,0.393,0.894,0.752,1.436,0.879,1.464,1.092,0.749
0.257,0.393,0.894,0.752,1.436,0.879,1.464,1.092,0.749,0.52
0.393,0.894,0.752,1.436,0.879,1.464,1.092,0.749,0.52,0.763
0.894,0.752,1.436,0.879,1.464,1.092,0.749,0.52,0.763,1.022
0.752,1.436,0.879,1.464,1.092,0.749,0.52,0.763,1.022,1.1
1.436,0.879,1.464,1.092,0.749,0.52,0.763,1.022,1.1,1.215
0.879,1.464,1.092,0.749,0.52,0.763,1.022,1.1,1.215,0.737
1.464,1.092,0.749,0.52,0.763,1.022,1.1,1.215,0.737,0.495
1.092,0.749,0.52,0.763,1.022,1.1,1.215,0.737,0.495,0.651
0.749,0.52,0.763,1.022,1.1,1.215,0.737,0.495,0.651,0.391
0.52,0.763,1.022,1.1,1.215,0.737,0.495,0.651,0.391,0.659
0.763,1.022,1.1,1.215,0.737,0.495,0.651,0.391,0.659,0.877
1.022,1.1,1.215,0.737,0.495,0.651,0.391,0.659,0.877,0.627
1.1,1.215,0.737,0.495,0.651,0.391,0.659,0.877,0.627,0.524
1.215,0.737,0.495,0.651,0.391,0.659,0.877,0.627,0.524,0.407
0.737,0.495,0.651,0.391,0.659,0.877,0.627,0.524,0.407,0.405
0.495,0.651,0.391,0.659,0.877,0.627,0.524,0.407,0.405,0.396
0.651,0.391,0.659,0.877,0.627,0.524,0.407,0.405,0.396,0.284
0.391,0.659,0.877,0.627,0.524,0.407,0.405,0.396,0.284,0.181
0.659,0.877,0.627,0.524,0.407,0.405,0.396,0.284,0.181,0.164
0.877,0.627,0.524,0.407,0.405,0.396,0.284,0.181,0.164,0.285
0.627,0.524,0.407,0.405,0.396,0.284,0.181,0.164,0.285,0.161
0.524,0.407,0.405,0.396,0.284,0.181,0.164,0.285,0.161,0.188
0.407,0.405,0.396,0.284,0.181,0.164,0.285,0.161,0.188,0.067
0.405,0.396,0.284,0.181,0.164,0.285,0.161,0.188,0.067,0.168
0.396,0.284,0.181,0.164,0.285,0.161,0.188,0.067,0.168,0.066
0.284,0.181,0.164,0.285,0.161,0.188,0.067,0.168,0.066,0.129
0.181,0.164,0.285,0.161,0.188,0.067,0.168,0.066,0.129,0.093
0.164,0.285,0.161,0.188,0.067,0.168,0.066,0.129,0.093,0.168
0.285,0.161,0.188,0.067,0.168,0.066,0.129,0.093,0.168,0.158
0.161,0.188,0.067,0.168,0.066,0.129,0.093,0.168,0.158,0.187
0.188,0.067,0.168,0.066,0.129,0.093,0.168,0.158,0.187,0.555
0.067,0.168,0.066,0.129,0.093,0.168,0.158,0.187,0.555,0.436
0.168,0.066,0.129,0.093,0.168,0.158,0.187,0.555,0.436,0.218
0.066,0.129,0.093,0.168,0.158,0.187,0.555,0.436,0.218,0.193
0.129,0.093,0.168,0.158,0.187,0.555,0.436,0.218,0.193,0.19
0.093,0.168,0.158,0.187,0.555,0.436,0.218,0.193,0.19,0.169
0.168,0.158,0.187,0.555,0.436,0.218,0.193,0.19,0.169,0.184
0.158,0.187,0.555,0.436,0.218,0.193,0.19,0.169,0.184,0.194
0.187,0.555,0.436,0.218,0.193,0.19,0.169,0.184,0.194,0.096
0.555,0.436,0.218,0.193,0.19,0.169,0.184,0.194,0.096,0.087
0.436,0.218,0.193,0.19,0.169,0.184,0.194,0.096,0.087,0.169
0.218,0.193,0.19,0.169,0.184,0.194,0.096,0.087,0.169,0.187
0.193,0.19,0.169,0.184,0.194,0.096,0.087,0.169,0.187,0.187
0.19,0.169,0.184,0.194,0.096,0.087,0.169,0.187,0.187,0.103
0.169,0.184,0.194,0.096,0.087,0.169,0.187,0.187,0.103,0.01
0.184,0.194,0.096,0.087,0.169,0.187,0.187,0.103,0.01,0.093
0.194,0.096,0.087,0.169,0.187,0.187,0.103,0.01,0.093,0.316
0.096,0.087,0.169,0.187,0.187,0.103,0.01,0.093,0.316,0.064
0.087,0.169,0.187,0.187,0.103,0.01,0.093,0.316,0.064,0.19
0.169,0.187,0.187,0.103,0.01,0.093,0.316,0.064,0.19,0.067
0.187,0.187,0.103,0.01,0.093,0.316,0.064,0.19,0.067,0.053
0.187,0.103,0.01,0.093,0.316,0.064,0.19,0.067,0.053,0.01
0.103,0.01,0.093,0.316,0.064,0.19,0.067,0.053,0.01,0.076
0.01,0.093,0.316,0.064,0.19,0.067,0.053,0.01,0.076,0.01
0.093,0.316,0.064,0.19,0.067,0.053,0.01,0.076,0.01,0.026
0.316,0.064,0.19,0.067,0.053,0.01,0.076,0.01,0.026,0.009
0.064,0.19,0.067,0.053,0.01,0.076,0.01,0.026,0.009,0.01
0.19,0.067,0.053,0.01,0.076,0.01,0.026,0.009,0.01,0.01
0.067,0.053,0.01,0.076,0.01,0.026,0.009,0.01,0.01,0.01
0.053,0.01,0.076,0.01,0.026,0.009,0.01,0.01,0.01,0.077
0.01,0.076,0.01,0.026,0.009,0.01,0.01,0.01,0.077,0.01
0.076,0.01,0.026,0.009,0.01,0.01,0.01,0.077,0.01,0.01
0.01,0.026,0.009,0.01,0.01,0.01,0.077,0.01,0.01,0.01
0.026,0.009,0.01,0.01,0.01,0.077,0.01,0.01,0.01,0.01
0.009,0.01,0.01,0.01,0.077,0.01,0.01,0.01,0.01,0.01
0.01,0.01,0.01,0.077,0.01,0.01,0.01,0.01,0.01,0.095
0.01,0.01,0.077,0.01,0.01,0.01,0.01,0.01,0.095,0.096
0.01,0.077,0.01,0.01,0.01,0.01,0.01,0.095,0.096,0.01
0.077,0.01,0.01,0.01,0.01,0.01,0.095,0.096,0.01,0.01
0.01,0.01,0.01,0.01,0.01,0.095,0.096,0.01,0.01,0.066
0.01,0.01,0.01,0.01,0.095,0.096,0.01,0.01,0.066,0.01
0.01,0.01,0.01,0.095,0.096,0.01,0.01,0.066,0.01,0.01
0.01,0.01,0.095,0.096,0.01,0.01,0.066,0.01,0.01,0.01
0.01,0.095,0.096,0.01,0.01,0.066,0.01,0.01,0.01,0.066
0.095,0.096,0.01,0.01,0.066,0.01,0.01,0.01,0.066,0.01
0.096,0.01,0.01,0.066,0.01,0.01,0.01,0.066,0.01,0.043
0.01,0.01,0.066,0.01,0.01,0.01,0.066,0.01,0.043,0.01
0.01,0.066,0.01,0.01,0.01,0.066,0.01,0.043,0.01,0.214
0.066,0.01,0.01,0.01,0.066,0.01,0.043,0.01,0.214,0.01
0.01,0.01,0.01,0.066,0.01,0.043,0.01,0.214,0.01,0.091
0.01,0.01,0.066,0.01,0.043,0.01,0.214,0.01,0.091,0.072
0.01,0.066,0.01,0.043,0.01,0.214,0.01,0.091,0.072,0.01
0.066,0.01,0.043,0.01,0.214,0.01,0.091,0.072,0.01,0.072
0.01,0.043,0.01,0.214,0.01,0.091,0.072,0.01,0.072,0.194
0.043,0.01,0.214,0.01,0.091,0.072,0.01,0.072,0.194,0.01
0.01,0.214,0.01,0.091,0.072,0.01,0.072,0.194,0.01,0.022
0.214,0.01,0.091,0.072,0.01,0.072,0.194,0.01,0.022,0.01
0.01,0.091,0.072,0.01,0.072,0.194,0.01,0.022,0.01,0.01
0.091,0.072,0.01,0.072,0.194,0.01,0.022,0.01,0.01,0.01
0.072,0.01,0.072,0.194,0.01,0.022,0.01,0.01,0.01,0.01
0.01,0.072,0.194,0.01,0.022,0.01,0.01,0.01,0.01,0.01
0.072,0.194,0.01,0.022,0.01,0.01,0.01,0.01,0.01,0.01
0.194,0.01,0.022,0.01,0.01,0.01,0.01,0.01,0.01,0.01
0.01,0.022,0.01,0.01,0.01,0.01,0.01,0.01,0.01,0.01
0.022,0.01,0.01,0.01,0.01,0.01,0.01,0.01,0.01,0.01
0.01,0.01,0.01,0.01,0.01,0.01,0.01,0.01,0.01,0.01
0.01,0.01,0.01,0.01,0.01,0.01,0.01,0.01,0.01,0.01
0.01,0.01,0.01,0.01,0.01,0.01,0.01,0.01,0.01,0.01
0.01,0.01,0.01,0.01,0.01,0.01,0.01,0.01,0.01,0.01
0.01,0.01,0.01,0.01,0.01,0.01,0.01,0.01,0.01,0.01
0.01,0.01,0.01,0.01,0.01,0.01,0.01,0.01,0.01,0.013
0.01,0.01,0.01,0.01,0.01,0.01,0.01,0.01,0.013,0.01
0.01,0.01,0.01,0.01,0.01,0.01,0.01,0.013,0.01,0.01
0.01,0.01,0.01,0.01,0.01,0.01,0.013,0.01,0.01,0.01
0.01,0.01,0.01,0.01,0.01,0.013,0.01,0.01,0.01,0.01
0.01,0.01,0.01,0.01,0.013,0.01,0.01,0.01,0.01,0.01
0.01,0.01,0.01,0.013,0.01,0.01,0.01,0.01,0.01,0.457
0.01,0.01,0.013,0.01,0.01,0.01,0.01,0.01,0.457,1.589
0.01,0.013,0.01,0.01,0.01,0.01,0.01,0.457,1.589,0.706
0.013,0.01,0.01,0.01,0.01,0.01,0.457,1.589,0.706,0.577
0.01,0.01,0.01,0.01,0.01,0.457,1.589,0.706,0.577,0.357
0.01,0.01,0.01,0.01,0.457,1.589,0.706,0.577,0.357,0.337
0.01,0.01,0.01,0.457,1.589,0.706,0.577,0.357,0.337,0.34
0.01,0.01,0.457,1.589,0.706,0.577,0.357,0.337,0.34,0.21
0.01,0.457,1.589,0.706,0.577,0.357,0.337,0.34,0.21,0.338
0.457,1.589,0.706,0.577,0.357,0.337,0.34,0.21,0.338,0.223
1.589,0.706,0.577,0.357,0.337,0.34,0.21,0.338,0.223,0.205
0.706,0.577,0.357,0.337,0.34,0.21,0.338,0.223,0.205,0.221
0.577,0.357,0.337,0.34,0.21,0.338,0.223,0.205,0.221,0.192
0.357,0.337,0.34,0.21,0.338,0.223,0.205,0.221,0.192,0.1
0.337,0.34,0.21,0.338,0.223,0.205,0.221,0.192,0.1,0.089
0.34,0.21,0.338,0.223,0.205,0.221,0.192,0.1,0.089,0.2
0.21,0.338,0.223,0.205,0.221,0.192,0.1,0.089,0.2,0.2
0.338,0.223,0.205,0.221,0.192,0.1,0.089,0.2,0.2,0.181
0.223,0.205,0.221,0.192,0.1,0.089,0.2,0.2,0.181,0.223
0.205,0.221,0.192,0.1,0.089,0.2,0.2,0.181,0.223,0.01
0.221,0.192,0.1,0.089,0.2,0.2,0.181,0.223,0.01,0.098
0.192,0.1,0.089,0.2,0.2,0.181,0.223,0.01,0.098,0.099
0.1,0.089,0.2,0.2,0.181,0.223,0.01,0.098,0.099,0.097
0.089,0.2,0.2,0.181,0.223,0.01,0.098,0.099,0.097,0.317
0.2,0.2,0.181,0.223,0.01,0.098,0.099,0.097,0.317,0.198
0.2,0.181,0.223,0.01,0.098,0.099,0.097,0.317,0.198,0.19
0.181,0.223,0.01,0.098,0.099,0.097,0.317,0.198,0.19,0.324
0.223,0.01,0.098,0.099,0.097,0.317,0.198,0.19,0.324,0.192
0.01,0.098,0.099,0.097,0.317,0.198,0.19,0.324,0.192,0.091
0.098,0.099,0.097,0.317,0.198,0.19,0.324,0.192,0.091,0.211
0.099,0.097,0.317,0.198,0.19,0.324,0.192,0.091,0.211,0.192
0.097,0.317,0.198,0.19,0.324,0.192,0.091,0.211,0.192,0.091
0.317,0.198,0.19,0.324,0.192,0.091,0.211,0.192,0.091,0.212
0.198,0.19,0.324,0.192,0.091,0.211,0.192,0.091,0.212,0.075
0.19,0.324,0.192,0.091,0.211,0.192,0.091,0.212,0.075,0.203
0.324,0.192,0.091,0.211,0.192,0.091,0.212,0.075,0.203,0.281
0.192,0.091,0.211,0.192,0.091,0.212,0.075,0.203,0.281,0.16
0.091,0.211,0.192,0.091,0.212,0.075,0.203,0.281,0.16,0.281
0.211,0.192,0.091,0.212,0.075,0.203,0.281,0.16,0.281,0.186
0.192,0.091,0.212,0.075,0.203,0.281,0.16,0.281,0.186,0.16
0.091,0.212,0.075,0.203,0.281,0.16,0.281,0.186,0.16,0.05
0.212,0.075,0.203,0.281,0.16,0.281,0.186,0.16,0.05,0.21
0.075,0.203,0.281,0.16,0.281,0.186,0.16,0.05,0.21,0.18
0.203,0.281,0.16,0.281,0.186,0.16,0.05,0.21,0.18,0.18
0.281,0.16,0.281,0.186,0.16,0.05,0.21,0.18,0.18,0.2
0.16,0.281,0.186,0.16,0.05,0.21,0.18,0.18,0.2,0.41
0.281,0.186,0.16,0.05,0.21,0.18,0.18,0.2,0.41,0.42
0.186,0.16,0.05,0.21,0.18,0.18,0.2,0.41,0.42,0.43
0.16,0.05,0.21,0.18,0.18,0.2,0.41,0.42,0.43,0.62
0.05,0.21,0.18,0.18,0.2,0.41,0.42,0.43,0.62,0.3
0.21,0.18,0.18,0.2,0.41,0.42,0.43,0.62,0.3,0.75
0.18,0.18,0.2,0.41,0.42,0.43,0.62,0.3,0.75,1.32
0.18,0.2,0.41,0.42,0.43,0.62,0.3,0.75,1.32,1.2
0.2,0.41,0.42,0.43,0.62,0.3,0.75,1.32,1.2,0.9
0.41,0.42,0.43,0.62,0.3,0.75,1.32,1.2,0.9,0.78
0.42,0.43,0.62,0.3,0.75,1.32,1.2,0.9,0.78,0.77
0.43,0.62,0.3,0.75,1.32,1.2,0.9,0.78,0.77,1.14
0.62,0.3,0.75,1.32,1.2,0.9,0.78,0.77,1.14,2.03
0.3,0.75,1.32,1.2,0.9,0.78,0.77,1.14,2.03,3.63
0.75,1.32,1.2,0.9,0.78,0.77,1.14,2.03,3.63,2.15
1.32,1.2,0.9,0.78,0.77,1.14,2.03,3.63,2.15,1.74
1.2,0.9,0.78,0.77,1.14,2.03,3.63,2.15,1.74,5.21
0.9,0.78,0.77,1.14,2.03,3.63,2.15,1.74,5.21,8.93
0.78,0.77,1.14,2.03,3.63,2.15,1.74,5.21,8.93,4.4
0.77,1.14,2.03,3.63,2.15,1.74,5.21,8.93,4.4,3.02
1.14,2.03,3.63,2.15,1.74,5.21,8.93,4.4,3.02,2.5
2.03,3.63,2.15,1.74,5.21,8.93,4.4,3.02,2.5,2.43
3.63,2.15,1.74,5.21,8.93,4.4,3.02,2.5,2.43,2.18
2.15,1.74,5.21,8.93,4.4,3.02,2.5,2.43,2.18,2.07
1.74,5.21,8.93,4.4,3.02,2.5,2.43,2.18,2.07,1.82
5.21,8.93,4.4,3.02,2.5,2.43,2.18,2.07,1.82,1.67
8.93,4.4,3.02,2.5,2.43,2.18,2.07,1.82,1.67,1.68
4.4,3.02,2.5,2.43,2.18,2.07,1.82,1.67,1.68,1.42
3.02,2.5,2.43,2.18,2.07,1.82,1.67,1.68,1.42,1.29
2.5,2.43,2.18,2.07,1.82,1.67,1.68,1.42,1.29,1.31
2.43,2.18,2.07,1.82,1.67,1.68,1.42,1.29,1.31,1.04
2.18,2.07,1.82,1.67,1.68,1.42,1.29,1.31,1.04,1.04
2.07,1.82,1.67,1.68,1.42,1.29,1.31,1.04,1.04,0.92
1.82,1.67,1.68,1.42,1.29,1.31,1.04,1.04,0.92,0.9
1.67,1.68,1.42,1.29,1.31,1.04,1.04,0.92,0.9,0.67
1.68,1.42,1.29,1.31,1.04,1.04,0.92,0.9,0.67,0.67
1.42,1.29,1.31,1.04,1.04,0.92,0.9,0.67,0.67,0.65
1.29,1.31,1.04,1.04,0.92,0.9,0.67,0.67,0.65,0.53
1.31,1.04,1.04,0.92,0.9,0.67,0.67,0.65,0.53,0.53
1.04,1.04,0.92,0.9,0.67,0.67,0.65,0.53,0.53,0.52
1.04,0.92,0.9,0.67,0.67,0.65,0.53,0.53,0.52,0.41
0.92,0.9,0.67,0.67,0.65,0.53,0.53,0.52,0.41,0.64
0.9,0.67,0.67,0.65,0.53,0.53,0.52,0.41,0.64,0.52
0.67,0.67,0.65,0.53,0.53,0.52,0.41,0.64,0.52,0.53
0.67,0.65,0.53,0.53,0.52,0.41,0.64,0.52,0.53,0.28
0.65,0.53,0.53,0.52,0.41,0.64,0.52,0.53,0.28,0.39
0.53,0.53,0.52,0.41,0.64,0.52,0.53,0.28,0.39,0.41
0.53,0.52,0.41,0.64,0.52,0.53,0.28,0.39,0.41,0.8
0.52,0.41,0.64,0.52,0.53,0.28,0.39,0.41,0.8,2.06
0.41,0.64,0.52,0.53,0.28,0.39,0.41,0.8,2.06,1.83
0.64,0.52,0.53,0.28,0.39,0.41,0.8,2.06,1.83,1.71
0.52,0.53,0.28,0.39,0.41,0.8,2.06,1.83,1.71,1.36
0.53,0.28,0.39,0.41,0.8,2.06,1.83,1.71,1.36,1.09
0.28,0.39,0.41,0.8,2.06,1.83,1.71,1.36,1.09,1.07
0.39,0.41,0.8,2.06,1.83,1.71,1.36,1.09,1.07,0.82
0.41,0.8,2.06,1.83,1.71,1.36,1.09,1.07,0.82,0.82
0.8,2.06,1.83,1.71,1.36,1.09,1.07,0.82,0.82,1.35
2.06,1.83,1.71,1.36,1.09,1.07,0.82,0.82,1.35,2
1.83,1.71,1.36,1.09,1.07,0.82,0.82,1.35,2,1.44
1.71,1.36,1.09,1.07,0.82,0.82,1.35,2,1.44,1.96
1.36,1.09,1.07,0.82,0.82,1.35,2,1.44,1.96,1.49
1.09,1.07,0.82,0.82,1.35,2,1.44,1.96,1.49,2.1
1.07,0.82,0.82,1.35,2,1.44,1.96,1.49,2.1,1.82
0.82,0.82,1.35,2,1.44,1.96,1.49,2.1,1.82,1.58
0.82,1.35,2,1.44,1.96,1.49,2.1,1.82,1.58,1.32
1.35,2,1.44,1.96,1.49,2.1,1.82,1.58,1.32,1.27
2,1.44,1.96,1.49,2.1,1.82,1.58,1.32,1.27,1.16
1.44,1.96,1.49,2.1,1.82,1.58,1.32,1.27,1.16,1.27
1.96,1.49,2.1,1.82,1.58,1.32,1.27,1.16,1.27,1.25
1.49,2.1,1.82,1.58,1.32,1.27,1.16,1.27,1.25,1.13
2.1,1.82,1.58,1.32,1.27,1.16,1.27,1.25,1.13,0.87
1.82,1.58,1.32,1.27,1.16,1.27,1.25,1.13,0.87,0.75
1.58,1.32,1.27,1.16,1.27,1.25,1.13,0.87,0.75,0.73
1.32,1.27,1.16,1.27,1.25,1.13,0.87,0.75,0.73,0.97
1.27,1.16,1.27,1.25,1.13,0.87,0.75,0.73,0.97,0.86
1.16,1.27,1.25,1.13,0.87,0.75,0.73,0.97,0.86,5.11
1.27,1.25,1.13,0.87,0.75,0.73,0.97,0.86,5.11,5.42
1.25,1.13,0.87,0.75,0.73,0.97,0.86,5.11,5.42,3.22
1.13,0.87,0.75,0.73,0.97,0.86,5.11,5.42,3.22,2.48
0.87,0.75,0.73,0.97,0.86,5.11,5.42,3.22,2.48,2.19
0.75,0.73,0.97,0.86,5.11,5.42,3.22,2.48,2.19,1.87
0.73,0.97,0.86,5.11,5.42,3.22,2.48,2.19,1.87,1.58
0.97,0.86,5.11,5.42,3.22,2.48,2.19,1.87,1.58,1.46
0.86,5.11,5.42,3.22,2.48,2.19,1.87,1.58,1.46,1.39
5.11,5.42,3.22,2.48,2.19,1.87,1.58,1.46,1.39,1.27
5.42,3.22,2.48,2.19,1.87,1.58,1.46,1.39,1.27,1.25
3.22,2.48,2.19,1.87,1.58,1.46,1.39,1.27,1.25,1.37
2.48,2.19,1.87,1.58,1.46,1.39,1.27,1.25,1.37,1.11
2.19,1.87,1.58,1.46,1.39,1.27,1.25,1.37,1.11,1.11
1.87,1.58,1.46,1.39,1.27,1.25,1.37,1.11,1.11,1.12
1.58,1.46,1.39,1.27,1.25,1.37,1.11,1.11,1.12,0.86
1.46,1.39,1.27,1.25,1.37,1.11,1.11,1.12,0.86,0.86
1.39,1.27,1.25,1.37,1.11,1.11,1.12,0.86,0.86,0.62
1.27,1.25,1.37,1.11,1.11,1.12,0.86,0.86,0.62,0.62
1.25,1.37,1.11,1.11,1.12,0.86,0.86,0.62,0.62,0.62
1.37,1.11,1.11,1.12,0.86,0.86,0.62,0.62,0.62,0.43
1.11,1.11,1.12,0.86,0.86,0.62,0.62,0.62,0.43,0.71
1.11,1.12,0.86,0.86,0.62,0.62,0.62,0.43,0.71,2.49
1.12,0.86,0.86,0.62,0.62,0.62,0.43,0.71,2.49,11.59
0.86,0.86,0.62,0.62,0.62,0.43,0.71,2.49,11.59,8.69
0.86,0.62,0.62,0.62,0.43,0.71,2.49,11.59,8.69,4.54
0.62,0.62,0.62,0.43,0.71,2.49,11.59,8.69,4.54,3.24
0.62,0.62,0.43,0.71,2.49,11.59,8.69,4.54,3.24,2.65
0.62,0.43,0.71,2.49,11.59,8.69,4.54,3.24,2.65,2.1
0.43,0.71,2.49,11.59,8.69,4.54,3.24,2.65,2.1,2.09
0.71,2.49,11.59,8.69,4.54,3.24,2.65,2.1,2.09,1.97
2.49,11.59,8.69,4.54,3.24,2.65,2.1,2.09,1.97,1.69
11.59,8.69,4.54,3.24,2.65,2.1,2.09,1.97,1.69,1.44
8.69,4.54,3.24,2.65,2.1,2.09,1.97,1.69,1.44,1.72
4.54,3.24,2.65,2.1,2.09,1.97,1.69,1.44,1.72,1.21
3.24,2.65,2.1,2.09,1.97,1.69,1.44,1.72,1.21,1.31
2.65,2.1,2.09,1.97,1.69,1.44,1.72,1.21,1.31,1.35
2.1,2.09,1.97,1.69,1.44,1.72,1.21,1.31,1.35,1.2
2.09,1.97,1.69,1.44,1.72,1.21,1.31,1.35,1.2,0.96
1.97,1.69,1.44,1.72,1.21,1.31,1.35,1.2,0.96,0.83
1.69,1.44,1.72,1.21,1.31,1.35,1.2,0.96,0.83,0.75
1.44,1.72,1.21,1.31,1.35,1.2,0.96,0.83,0.75,0.83
1.72,1.21,1.31,1.35,1.2,0.96,0.83,0.75,0.83,0.86
1.21,1.31,1.35,1.2,0.96,0.83,0.75,0.83,0.86,0.73
1.31,1.35,1.2,0.96,0.83,0.75,0.83,0.86,0.73,0.79
1.35,1.2,0.96,0.83,0.75,0.83,0.86,0.73,0.79,0.72
1.2,0.96,0.83,0.75,0.83,0.86,0.73,0.79,0.72,0.74
0.96,0.83,0.75,0.83,0.86,0.73,0.79,0.72,0.74,0.74
0.83,0.75,0.83,0.86,0.73,0.79,0.72,0.74,0.74,0.59
0.75,0.83,0.86,0.73,0.79,0.72,0.74,0.74,0.59,0.61
0.83,0.86,0.73,0.79,0.72,0.74,0.74,0.59,0.61,0.67
0.86,0.73,0.79,0.72,0.74,0.74,0.59,0.61,0.67,0.6
0.73,0.79,0.72,0.74,0.74,0.59,0.61,0.67,0.6,0.59
0.79,0.72,0.74,0.74,0.59,0.61,0.67,0.6,0.59,0.59
0.72,0.74,0.74,0.59,0.61,0.67,0.6,0.59,0.59,0.65
0.74,0.74,0.59,0.61,0.67,0.6,0.59,0.59,0.65,1.18
0.74,0.59,0.61,0.67,0.6,0.59,0.59,0.65,1.18,7.66
0.59,0.61,0.67,0.6,0.59,0.59,0.65,1.18,7.66,12.86
0.61,0.67,0.6,0.59,0.59,0.65,1.18,7.66,12.86,7.74
0.67,0.6,0.59,0.59,0.65,1.18,7.66,12.86,7.74,4.33
0.6,0.59,0.59,0.65,1.18,7.66,12.86,7.74,4.33,3.3
0.59,0.59,0.65,1.18,7.66,12.86,7.74,4.33,3.3,2.67
0.59,0.65,1.18,7.66,12.86,7.74,4.33,3.3,2.67,2.61
0.65,1.18,7.66,12.86,7.74,4.33,3.3,2.67,2.61,2.52
1.18,7.66,12.86,7.74,4.33,3.3,2.67,2.61,2.52,2.35
7.66,12.86,7.74,4.33,3.3,2.67,2.61,2.52,2.35,2.14
12.86,7.74,4.33,3.3,2.67,2.61,2.52,2.35,2.14,2.02
7.74,4.33,3.3,2.67,2.61,2.52,2.35,2.14,2.02,2.26
4.33,3.3,2.67,2.61,2.52,2.35,2.14,2.02,2.26,2.16
3.3,2.67,2.61,2.52,2.35,2.14,2.02,2.26,2.16,1.66
2.67,2.61,2.52,2.35,2.14,2.02,2.26,2.16,1.66,1.37
2.61,2.52,2.35,2.14,2.02,2.26,2.16,1.66,1.37,1.29
2.52,2.35,2.14,2.02,2.26,2.16,1.66,1.37,1.29,1.46
2.35,2.14,2.02,2.26,2.16,1.66,1.37,1.29,1.46,1.37
2.14,2.02,2.26,2.16,1.66,1.37,1.29,1.46,1.37,1.17
2.02,2.26,2.16,1.66,1.37,1.29,1.46,1.37,1.17,1.02
2.26,2.16,1.66,1.37,1.29,1.46,1.37,1.17,1.02,0.92
2.16,1.66,1.37,1.29,1.46,1.37,1.17,1.02,0.92,0.89
1.66,1.37,1.29,1.46,1.37,1.17,1.02,0.92,0.89,0.91
1.37,1.29,1.46,1.37,1.17,1.02,0.92,0.89,0.91,1.17
1.29,1.46,1.37,1.17,1.02,0.92,0.89,0.91,1.17,0.83
1.46,1.37,1.17,1.02,0.92,0.89,0.91,1.17,0.83,0.79
1.37,1.17,1.02,0.92,0.89,0.91,1.17,0.83,0.79,0.62
1.17,1.02,0.92,0.89,0.91,1.17,0.83,0.79,0.62,0.62
1.02,0.92,0.89,0.91,1.17,0.83,0.79,0.62,0.62,0.63
0.92,0.89,0.91,1.17,0.83,0.79,0.62,0.62,0.63,0.66
0.89,0.91,1.17,0.83,0.79,0.62,0.62,0.63,0.66,0.42
0.91,1.17,0.83,0.79,0.62,0.62,0.63,0.66,0.42,0.42
1.17,0.83,0.79,0.62,0.62,0.63,0.66,0.42,0.42,0.67
0.83,0.79,0.62,0.62,0.63,0.66,0.42,0.42,0.67,0.32
0.79,0.62,0.62,0.63,0.66,0.42,0.42,0.67,0.32,0.3
0.62,0.62,0.63,0.66,0.42,0.42,0.67,0.32,0.3,0.44
0.62,0.63,0.66,0.42,0.42,0.67,0.32,0.3,0.44,0.16
0.63,0.66,0.42,0.42,0.67,0.32,0.3,0.44,0.16,0.31
0.66,0.42,0.42,0.67,0.32,0.3,0.44,0.16,0.31,0.33
0.42,0.42,0.67,0.32,0.3,0.44,0.16,0.31,0.33,0.53
0.42,0.67,0.32,0.3,0.44,0.16,0.31,0.33,0.53,0.53
0.67,0.32,0.3,0.44,0.16,0.31,0.33,0.53,0.53,0.56
0.32,0.3,0.44,0.16,0.31,0.33,0.53,0.53,0.56,0.44
0.3,0.44,0.16,0.31,0.33,0.53,0.53,0.56,0.44,0.3
0.44,0.16,0.31,0.33,0.53,0.53,0.56,0.44,0.3,0.3
0.16,0.31,0.33,0.53,0.53,0.56,0.44,0.3,0.3,0.26
0.31,0.33,0.53,0.53,0.56,0.44,0.3,0.3,0.26,0.3
0.33,0.53,0.53,0.56,0.44,0.3,0.3,0.26,0.3,0.3
0.53,0.53,0.56,0.44,0.3,0.3,0.26,0.3,0.3,0.43
0.53,0.56,0.44,0.3,0.3,0.26,0.3,0.3,0.43,0.33
0.56,0.44,0.3,0.3,0.26,0.3,0.3,0.43,0.33,0.61
0.44,0.3,0.3,0.26,0.3,0.3,0.43,0.33,0.61,0.59
0.3,0.3,0.26,0.3,0.3,0.43,0.33,0.61,0.59,0.6
0.3,0.26,0.3,0.3,0.43,0.33,0.61,0.59,0.6,0.43
0.26,0.3,0.3,0.43,0.33,0.61,0.59,0.6,0.43,0.46
0.3,0.3,0.43,0.33,0.61,0.59,0.6,0.43,0.46,0.31
0.3,0.43,0.33,0.61,0.59,0.6,0.43,0.46,0.31,0.34
0.43,0.33,0.61,0.59,0.6,0.43,0.46,0.31,0.34,0.31
0.33,0.61,0.59,0.6,0.43,0.46,0.31,0.34,0.31,0.17
0.61,0.59,0.6,0.43,0.46,0.31,0.34,0.31,0.17,0.3
0.59,0.6,0.43,0.46,0.31,0.34,0.31,0.17,0.3,0.3
0.6,0.43,0.46,0.31,0.34,0.31,0.17,0.3,0.3,0.59
0.43,0.46,0.31,0.34,0.31,0.17,0.3,0.3,0.59,0.48
0.46,0.31,0.34,0.31,0.17,0.3,0.3,0.59,0.48,0.32
0.31,0.34,0.31,0.17,0.3,0.3,0.59,0.48,0.32,0.31
0.34,0.31,0.17,0.3,0.3,0.59,0.48,0.32,0.31,0.31
0.31,0.17,0.3,0.3,0.59,0.48,0.32,0.31,0.31,0.45
0.17,0.3,0.3,0.59,0.48,0.32,0.31,0.31,0.45,0.7
0.3,0.3,0.59,0.48,0.32,0.31,0.31,0.45,0.7,0.45
0.3,0.59,0.48,0.32,0.31,0.31,0.45,0.7,0.45,0.32
0.59,0.48,0.32,0.31,0.31,0.45,0.7,0.45,0.32,0.32
0.48,0.32,0.31,0.31,0.45,0.7,0.45,0.32,0.32,0.18
0.32,0.31,0.31,0.45,0.7,0.45,0.32,0.32,0.18,0.19
0.31,0.31,0.45,0.7,0.45,0.32,0.32,0.18,0.19,0.17
0.31,0.45,0.7,0.45,0.32,0.32,0.18,0.19,0.17,0.32
0.45,0.7,0.45,0.32,0.32,0.18,0.19,0.17,0.32,0.14
0.7,0.45,0.32,0.32,0.18,0.19,0.17,0.32,0.14,0.01
0.45,0.32,0.32,0.18,0.19,0.17,0.32,0.14,0.01,0.16
0.32,0.32,0.18,0.19,0.17,0.32,0.14,0.01,0.16,0.09
0.32,0.18,0.19,0.17,0.32,0.14,0.01,0.16,0.09,0.01
0.18,0.19,0.17,0.32,0.14,0.01,0.16,0.09,0.01,0.01
0.19,0.17,0.32,0.14,0.01,0.16,0.09,0.01,0.01,0.3
0.17,0.32,0.14,0.01,0.16,0.09,0.01,0.01,0.3,0.03
0.32,0.14,0.01,0.16,0.09,0.01,0.01,0.3,0.03,0.17
0.14,0.01,0.16,0.09,0.01,0.01,0.3,0.03,0.17,0.15
0.01,0.16,0.09,0.01,0.01,0.3,0.03,0.17,0.15,0.01
0.16,0.09,0.01,0.01,0.3,0.03,0.17,0.15,0.01,0.02
0.09,0.01,0.01,0.3,0.03,0.17,0.15,0.01,0.02,0.14
0.01,0.01,0.3,0.03,0.17,0.15,0.01,0.02,0.14,0.01
0.01,0.3,0.03,0.17,0.15,0.01,0.02,0.14,0.01,0.18
0.3,0.03,0.17,0.15,0.01,0.02,0.14,0.01,0.18,0.15
0.03,0.17,0.15,0.01,0.02,0.14,0.01,0.18,0.15,0.01
0.17,0.15,0.01,0.02,0.14,0.01,0.18,0.15,0.01,0.01
0.15,0.01,0.02,0.14,0.01,0.18,0.15,0.01,0.01,0.01
0.01,0.02,0.14,0.01,0.18,0.15,0.01,0.01,0.01,0.01
0.02,0.14,0.01,0.18,0.15,0.01,0.01,0.01,0.01,0.05
0.14,0.01,0.18,0.15,0.01,0.01,0.01,0.01,0.05,0.01
0.01,0.18,0.15,0.01,0.01,0.01,0.01,0.05,0.01,0.05
0.18,0.15,0.01,0.01,0.01,0.01,0.05,0.01,0.05,0.1
0.15,0.01,0.01,0.01,0.01,0.05,0.01,0.05,0.1,0.03
0.01,0.01,0.01,0.01,0.05,0.01,0.05,0.1,0.03,0.07
0.01,0.01,0.01,0.05,0.01,0.05,0.1,0.03,0.07,0.01
0.01,0.01,0.05,0.01,0.05,0.1,0.03,0.07,0.01,0.02
0.01,0.05,0.01,0.05,0.1,0.03,0.07,0.01,0.02,0.1
0.05,0.01,0.05,0.1,0.03,0.07,0.01,0.02,0.1,0.18
0.01,0.05,0.1,0.03,0.07,0.01,0.02,0.1,0.18,0.76
0.05,0.1,0.03,0.07,0.01,0.02,0.1,0.18,0.76,0.45
0.1,0.03,0.07,0.01,0.02,0.1,0.18,0.76,0.45,0.07
0.03,0.07,0.01,0.02,0.1,0.18,0.76,0.45,0.07,0.31
0.07,0.01,0.02,0.1,0.18,0.76,0.45,0.07,0.31,0.03
0.01,0.02,0.1,0.18,0.76,0.45,0.07,0.31,0.03,0.57
0.02,0.1,0.18,0.76,0.45,0.07,0.31,0.03,0.57,0.3
0.1,0.18,0.76,0.45,0.07,0.31,0.03,0.57,0.3,0.16
0.18,0.76,0.45,0.07,0.31,0.03,0.57,0.3,0.16,0.21
0.76,0.45,0.07,0.31,0.03,0.57,0.3,0.16,0.21,0.12
0.45,0.07,0.31,0.03,0.57,0.3,0.16,0.21,0.12,0.18
0.07,0.31,0.03,0.57,0.3,0.16,0.21,0.12,0.18,0.16
0.31,0.03,0.57,0.3,0.16,0.21,0.12,0.18,0.16,0.01
0.03,0.57,0.3,0.16,0.21,0.12,0.18,0.16,0.01,0.05
0.57,0.3,0.16,0.21,0.12,0.18,0.16,0.01,0.05,0.06
0.3,0.16,0.21,0.12,0.18,0.16,0.01,0.05,0.06,0.01
0.16,0.21,0.12,0.18,0.16,0.01,0.05,0.06,0.01,0.06
0.21,0.12,0.18,0.16,0.01,0.05,0.06,0.01,0.06,0.07
0.12,0.18,0.16,0.01,0.05,0.06,0.01,0.06,0.07,0.04
0.18,0.16,0.01,0.05,0.06,0.01,0.06,0.07,0.04,0.01
0.16,0.01,0.05,0.06,0.01,0.06,0.07,0.04,0.01,0.01
0.01,0.05,0.06,0.01,0.06,0.07,0.04,0.01,0.01,0.07
0.05,0.06,0.01,0.06,0.07,0.04,0.01,0.01,0.07,0.16
0.06,0.01,0.06,0.07,0.04,0.01,0.01,0.07,0.16,0.01
0.01,0.06,0.07,0.04,0.01,0.01,0.07,0.16,0.01,0.05
0.06,0.07,0.04,0.01,0.01,0.07,0.16,0.01,0.05,0.03
0.07,0.04,0.01,0.01,0.07,0.16,0.01,0.05,0.03,0.05
0.04,0.01,0.01,0.07,0.16,0.01,0.05,0.03,0.05,0.01
0.01,0.01,0.07,0.16,0.01,0.05,0.03,0.05,0.01,0.06
0.01,0.07,0.16,0.01,0.05,0.03,0.05,0.01,0.06,0.3
0.07,0.16,0.01,0.05,0.03,0.05,0.01,0.06,0.3,0.16
0.16,0.01,0.05,0.03,0.05,0.01,0.06,0.3,0.16,0.16
0.01,0.05,0.03,0.05,0.01,0.06,0.3,0.16,0.16,0.04
0.05,0.03,0.05,0.01,0.06,0.3,0.16,0.16,0.04,0.05
0.03,0.05,0.01,0.06,0.3,0.16,0.16,0.04,0.05,0.45
0.05,0.01,0.06,0.3,0.16,0.16,0.04,0.05,0.45,0.16
0.01,0.06,0.3,0.16,0.16,0.04,0.05,0.45,0.16,0.04
0.06,0.3,0.16,0.16,0.04,0.05,0.45,0.16,0.04,0.17
0.3,0.16,0.16,0.04,0.05,0.45,0.16,0.04,0.17,0.15
0.16,0.16,0.04,0.05,0.45,0.16,0.04,0.17,0.15,0.03
0.16,0.04,0.05,0.45,0.16,0.04,0.17,0.15,0.03,0.15
0.04,0.05,0.45,0.16,0.04,0.17,0.15,0.03,0.15,0.07
0.05,0.45,0.16,0.04,0.17,0.15,0.03,0.15,0.07,0.03
0.45,0.16,0.04,0.17,0.15,0.03,0.15,0.07,0.03,0.19
0.16,0.04,0.17,0.15,0.03,0.15,0.07,0.03,0.19,0.05
0.04,0.17,0.15,0.03,0.15,0.07,0.03,0.19,0.05,0.17
0.17,0.15,0.03,0.15,0.07,0.03,0.19,0.05,0.17,0.19
0.15,0.03,0.15,0.07,0.03,0.19,0.05,0.17,0.19,0.19
0.03,0.15,0.07,0.03,0.19,0.05,0.17,0.19,0.19,0.21
0.15,0.07,0.03,0.19,0.05,0.17,0.19,0.19,0.21,0.08
0.07,0.03,0.19,0.05,0.17,0.19,0.19,0.21,0.08,0.08
0.03,0.19,0.05,0.17,0.19,0.19,0.21,0.08,0.08,0.08
0.19,0.05,0.17,0.19,0.19,0.21,0.08,0.08,0.08,0.06
0.05,0.17,0.19,0.19,0.21,0.08,0.08,0.08,0.06,0.19
0.17,0.19,0.19,0.21,0.08,0.08,0.08,0.06,0.19,0.98
0.19,0.19,0.21,0.08,0.08,0.08,0.06,0.19,0.98,0.33
0.19,0.21,0.08,0.08,0.08,0.06,0.19,0.98,0.33,0.21
0.21,0.08,0.08,0.08,0.06,0.19,0.98,0.33,0.21,0.23
0.08,0.08,0.08,0.06,0.19,0.98,0.33,0.21,0.23,0.18
0.08,0.08,0.06,0.19,0.98,0.33,0.21,0.23,0.18,0.04
0.08,0.06,0.19,0.98,0.33,0.21,0.23,0.18,0.04,0.05
0.06,0.19,0.98,0.33,0.21,0.23,0.18,0.04,0.05,0.07
0.19,0.98,0.33,0.21,0.23,0.18,0.04,0.05,0.07,0
0.98,0.33,0.21,0.23,0.18,0.04,0.05,0.07,0,0.07
0.33,0.21,0.23,0.18,0.04,0.05,0.07,0,0.07,0.05
0.21,0.23,0.18,0.04,0.05,0.07,0,0.07,0.05,0.04
0.23,0.18,0.04,0.05,0.07,0,0.07,0.05,0.04,0.05
0.18,0.04,0.05,0.07,0,0.07,0.05,0.04,0.05,0.01
0.04,0.05,0.07,0,0.07,0.05,0.04,0.05,0.01,0.02
0.05,0.07,0,0.07,0.05,0.04,0.05,0.01,0.02,0.02
0.07,0,0.07,0.05,0.04,0.05,0.01,0.02,0.02,0.05
0,0.07,0.05,0.04,0.05,0.01,0.02,0.02,0.05,0.01
0.07,0.05,0.04,0.05,0.01,0.02,0.02,0.05,0.01,0.39
0.05,0.04,0.05,0.01,0.02,0.02,0.05,0.01,0.39,1.07
0.04,0.05,0.01,0.02,0.02,0.05,0.01,0.39,1.07,0.76
0.05,0.01,0.02,0.02,0.05,0.01,0.39,1.07,0.76,0.53
0.01,0.02,0.02,0.05,0.01,0.39,1.07,0.76,0.53,0.3
0.02,0.02,0.05,0.01,0.39,1.07,0.76,0.53,0.3,0.16
0.02,0.05,0.01,0.39,1.07,0.76,0.53,0.3,0.16,0.44
0.05,0.01,0.39,1.07,0.76,0.53,0.3,0.16,0.44,0.55
0.01,0.39,1.07,0.76,0.53,0.3,0.16,0.44,0.55,0.32
0.39,1.07,0.76,0.53,0.3,0.16,0.44,0.55,0.32,0.22
1.07,0.76,0.53,0.3,0.16,0.44,0.55,0.32,0.22,0.21
0.76,0.53,0.3,0.16,0.44,0.55,0.32,0.22,0.21,0.11
0.53,0.3,0.16,0.44,0.55,0.32,0.22,0.21,0.11,0.23
0.3,0.16,0.44,0.55,0.32,0.22,0.21,0.11,0.23,0.11
0.16,0.44,0.55,0.32,0.22,0.21,0.11,0.23,0.11,0.18
0.44,0.55,0.32,0.22,0.21,0.11,0.23,0.11,0.18,0.05
0.55,0.32,0.22,0.21,0.11,0.23,0.11,0.18,0.05,0.16
0.32,0.22,0.21,0.11,0.23,0.11,0.18,0.05,0.16,0.06
0.22,0.21,0.11,0.23,0.11,0.18,0.05,0.16,0.06,0.05
0.21,0.11,0.23,0.11,0.18,0.05,0.16,0.06,0.05,0.16
0.11,0.23,0.11,0.18,0.05,0.16,0.06,0.05,0.16,0.18
0.23,0.11,0.18,0.05,0.16,0.06,0.05,0.16,0.18,0.3
0.11,0.18,0.05,0.16,0.06,0.05,0.16,0.18,0.3,0.81
0.18,0.05,0.16,0.06,0.05,0.16,0.18,0.3,0.81,0.43
0.05,0.16,0.06,0.05,0.16,0.18,0.3,0.81,0.43,0.43
0.16,0.06,0.05,0.16,0.18,0.3,0.81,0.43,0.43,0.31
0.06,0.05,0.16,0.18,0.3,0.81,0.43,0.43,0.31,0.31
0.05,0.16,0.18,0.3,0.81,0.43,0.43,0.31,0.31,0.18
0.16,0.18,0.3,0.81,0.43,0.43,0.31,0.31,0.18,0.2
0.18,0.3,0.81,0.43,0.43,0.31,0.31,0.18,0.2,0.08
0.3,0.81,0.43,0.43,0.31,0.31,0.18,0.2,0.08,0.07
0.81,0.43,0.43,0.31,0.31,0.18,0.2,0.08,0.07,0.18
0.43,0.43,0.31,0.31,0.18,0.2,0.08,0.07,0.18,0.06
0.43,0.31,0.31,0.18,0.2,0.08,0.07,0.18,0.06,0.16
0.31,0.31,0.18,0.2,0.08,0.07,0.18,0.06,0.16,0.04
0.31,0.18,0.2,0.08,0.07,0.18,0.06,0.16,0.04,0.05
0.18,0.2,0.08,0.07,0.18,0.06,0.16,0.04,0.05,0.07
0.2,0.08,0.07,0.18,0.06,0.16,0.04,0.05,0.07,0.19
0.08,0.07,0.18,0.06,0.16,0.04,0.05,0.07,0.19,0.17
0.07,0.18,0.06,0.16,0.04,0.05,0.07,0.19,0.17,0.06
0.18,0.06,0.16,0.04,0.05,0.07,0.19,0.17,0.06,0.18
0.06,0.16,0.04,0.05,0.07,0.19,0.17,0.06,0.18,0.21
0.16,0.04,0.05,0.07,0.19,0.17,0.06,0.18,0.21,0.32
0.04,0.05,0.07,0.19,0.17,0.06,0.18,0.21,0.32,0.18
0.05,0.07,0.19,0.17,0.06,0.18,0.21,0.32,0.18,0.29
0.07,0.19,0.17,0.06,0.18,0.21,0.32,0.18,0.29,0.2
0.19,0.17,0.06,0.18,0.21,0.32,0.18,0.29,0.2,0.12
0.17,0.06,0.18,0.21,0.32,0.18,0.29,0.2,0.12,0.11
0.06,0.18,0.21,0.32,0.18,0.29,0.2,0.12,0.11,0.07
0.18,0.21,0.32,0.18,0.29,0.2,0.12,0.11,0.07,0.08
0.21,0.32,0.18,0.29,0.2,0.12,0.11,0.07,0.08,0.09
0.32,0.18,0.29,0.2,0.12,0.11,0.07,0.08,0.09,0.025
0.18,0.29,0.2,0.12,0.11,0.07,0.08,0.09,0.025,0.191
0.29,0.2,0.12,0.11,0.07,0.08,0.09,0.025,0.191,0.064
0.2,0.12,0.11,0.07,0.08,0.09,0.025,0.191,0.064,0.178
0.12,0.11,0.07,0.08,0.09,0.025,0.191,0.064,0.178,0.07
0.11,0.07,0.08,0.09,0.025,0.191,0.064,0.178,0.07,0.195
0.07,0.08,0.09,0.025,0.191,0.064,0.178,0.07,0.195,0.07
0.08,0.09,0.025,0.191,0.064,0.178,0.07,0.195,0.07,0.062
0.09,0.025,0.191,0.064,0.178,0.07,0.195,0.07,0.062,0.077
0.025,0.191,0.064,0.178,0.07,0.195,0.07,0.062,0.077,0.194
0.191,0.064,0.178,0.07,0.195,0.07,0.062,0.077,0.194,0.062
0.064,0.178,0.07,0.195,0.07,0.062,0.077,0.194,0.062,0.068
0.178,0.07,0.195,0.07,0.062,0.077,0.194,0.062,0.068,0.178
0.07,0.195,0.07,0.062,0.077,0.194,0.062,0.068,0.178,0.166
0.195,0.07,0.062,0.077,0.194,0.062,0.068,0.178,0.166,0.172
0.07,0.062,0.077,0.194,0.062,0.068,0.178,0.166,0.172,0.212
0.062,0.077,0.194,0.062,0.068,0.178,0.166,0.172,0.212,0.304
0.077,0.194,0.062,0.068,0.178,0.166,0.172,0.212,0.304,0.173
0.194,0.062,0.068,0.178,0.166,0.172,0.212,0.304,0.173,0.191
0.062,0.068,0.178,0.166,0.172,0.212,0.304,0.173,0.191,0.308
0.068,0.178,0.166,0.172,0.212,0.304,0.173,0.191,0.308,0.105
0.178,0.166,0.172,0.212,0.304,0.173,0.191,0.308,0.105,0.115
0.166,0.172,0.212,0.304,0.173,0.191,0.308,0.105,0.115,0.249
0.172,0.212,0.304,0.173,0.191,0.308,0.105,0.115,0.249,0.013
0.212,0.304,0.173,0.191,0.308,0.105,0.115,0.249,0.013,0.203
0.304,0.173,0.191,0.308,0.105,0.115,0.249,0.013,0.203,0.05
0.173,0.191,0.308,0.105,0.115,0.249,0.013,0.203,0.05,0.065
0.191,0.308,0.105,0.115,0.249,0.013,0.203,0.05,0.065,0.182
0.308,0.105,0.115,0.249,0.013,0.203,0.05,0.065,0.182,0.165
0.105,0.115,0.249,0.013,0.203,0.05,0.065,0.182,0.165,0.062
0.115,0.249,0.013,0.203,0.05,0.065,0.182,0.165,0.062,0.323
0.249,0.013,0.203,0.05,0.065,0.182,0.165,0.062,0.323,0.044
0.013,0.203,0.05,0.065,0.182,0.165,0.062,0.323,0.044,0.288
0.203,0.05,0.065,0.182,0.165,0.062,0.323,0.044,0.288,0.184
0.05,0.065,0.182,0.165,0.062,0.323,0.044,0.288,0.184,0.184
0.065,0.182,0.165,0.062,0.323,0.044,0.288,0.184,0.184,0.328
0.182,0.165,0.062,0.323,0.044,0.288,0.184,0.184,0.328,0.225
0.165,0.062,0.323,0.044,0.288,0.184,0.184,0.328,0.225,0.325
0.062,0.323,0.044,0.288,0.184,0.184,0.328,0.225,0.325,0.197
0.323,0.044,0.288,0.184,0.184,0.328,0.225,0.325,0.197,0.113
0.044,0.288,0.184,0.184,0.328,0.225,0.325,0.197,0.113,0.224
0.288,0.184,0.184,0.328,0.225,0.325,0.197,0.113,0.224,0.226
0.184,0.184,0.328,0.225,0.325,0.197,0.113,0.224,0.226,0.246
0.184,0.328,0.225,0.325,0.197,0.113,0.224,0.226,0.246,0.207
0.328,0.225,0.325,0.197,0.113,0.224,0.226,0.246,0.207,0.474
0.225,0.325,0.197,0.113,0.224,0.226,0.246,0.207,0.474,1.364
0.325,0.197,0.113,0.224,0.226,0.246,0.207,0.474,1.364,0.84
0.197,0.113,0.224,0.226,0.246,0.207,0.474,1.364,0.84,0.594
0.113,0.224,0.226,0.246,0.207,0.474,1.364,0.84,0.594,0.453
0.224,0.226,0.246,0.207,0.474,1.364,0.84,0.594,0.453,0.602
0.226,0.246,0.207,0.474,1.364,0.84,0.594,0.453,0.602,0.369
0.246,0.207,0.474,1.364,0.84,0.594,0.453,0.602,0.369,0.49
0.207,0.474,1.364,0.84,0.594,0.453,0.602,0.369,0.49,0.484
0.474,1.364,0.84,0.594,0.453,0.602,0.369,0.49,0.484,0.62
1.364,0.84,0.594,0.453,0.602,0.369,0.49,0.484,0.62,0.827
0.84,0.594,0.453,0.602,0.369,0.49,0.484,0.62,0.827,0.592
0.594,0.453,0.602,0.369,0.49,0.484,0.62,0.827,0.592,0.82
0.453,0.602,0.369,0.49,0.484,0.62,0.827,0.592,0.82,0.739
0.602,0.369,0.49,0.484,0.62,0.827,0.592,0.82,0.739,0.487
0.369,0.49,0.484,0.62,0.827,0.592,0.82,0.739,0.487,0.492
0.49,0.484,0.62,0.827,0.592,0.82,0.739,0.487,0.492,0.493
0.484,0.62,0.827,0.592,0.82,0.739,0.487,0.492,0.493,0.602
0.62,0.827,0.592,0.82,0.739,0.487,0.492,0.493,0.602,0.469
0.827,0.592,0.82,0.739,0.487,0.492,0.493,0.602,0.469,0.471
0.592,0.82,0.739,0.487,0.492,0.493,0.602,0.469,0.471,0.374
0.82,0.739,0.487,0.492,0.493,0.602,0.469,0.471,0.374,0.507
0.739,0.487,0.492,0.493,0.602,0.469,0.471,0.374,0.507,0.364
0.487,0.492,0.493,0.602,0.469,0.471,0.374,0.507,0.364,0.401
0.492,0.493,0.602,0.469,0.471,0.374,0.507,0.364,0.401,0.515
0.493,0.602,0.469,0.471,0.374,0.507,0.364,0.401,0.515,0.265
0.602,0.469,0.471,0.374,0.507,0.364,0.401,0.515,0.265,0.38
0.469,0.471,0.374,0.507,0.364,0.401,0.515,0.265,0.38,0.251
0.471,0.374,0.507,0.364,0.401,0.515,0.265,0.38,0.251,0.372
0.374,0.507,0.364,0.401,0.515,0.265,0.38,0.251,0.372,0.369
0.507,0.364,0.401,0.515,0.265,0.38,0.251,0.372,0.369,0.272
0.364,0.401,0.515,0.265,0.38,0.251,0.372,0.369,0.272,0.39
0.401,0.515,0.265,0.38,0.251,0.372,0.369,0.272,0.39,0.277
0.515,0.265,0.38,0.251,0.372,0.369,0.272,0.39,0.277,0.388
0.265,0.38,0.251,0.372,0.369,0.272,0.39,0.277,0.388,0.367
0.38,0.251,0.372,0.369,0.272,0.39,0.277,0.388,0.367,0.384
0.251,0.372,0.369,0.272,0.39,0.277,0.388,0.367,0.384,0.313
0.372,0.369,0.272,0.39,0.277,0.388,0.367,0.384,0.313,0.468
0.369,0.272,0.39,0.277,0.388,0.367,0.384,0.313,0.468,0.359
0.272,0.39,0.277,0.388,0.367,0.384,0.313,0.468,0.359,0.36
0.39,0.277,0.388,0.367,0.384,0.313,0.468,0.359,0.36,0.244
0.277,0.388,0.367,0.384,0.313,0.468,0.359,0.36,0.244,0.349
0.388,0.367,0.384,0.313,0.468,0.359,0.36,0.244,0.349,0.291
0.367,0.384,0.313,0.468,0.359,0.36,0.244,0.349,0.291,0.149
0.384,0.313,0.468,0.359,0.36,0.244,0.349,0.291,0.149,0.266
0.313,0.468,0.359,0.36,0.244,0.349,0.291,0.149,0.266,0.277
0.468,0.359,0.36,0.244,0.349,0.291,0.149,0.266,0.277,0.167
0.359,0.36,0.244,0.349,0.291,0.149,0.266,0.277,0.167,0.298
0.36,0.244,0.349,0.291,0.149,0.266,0.277,0.167,0.298,0.145
0.244,0.349,0.291,0.149,0.266,0.277,0.167,0.298,0.145,0.2
0.349,0.291,0.149,0.266,0.277,0.167,0.298,0.145,0.2,0.2
0.291,0.149,0.266,0.277,0.167,0.298,0.145,0.2,0.2,0.132
0.149,0.266,0.277,0.167,0.298,0.145,0.2,0.2,0.132,0.238
0.266,0.277,0.167,0.298,0.145,0.2,0.2,0.132,0.238,0.146
0.277,0.167,0.298,0.145,0.2,0.2,0.132,0.238,0.146,0.24
0.167,0.298,0.145,0.2,0.2,0.132,0.238,0.146,0.24,0.237
0.298,0.145,0.2,0.2,0.132,0.238,0.146,0.24,0.237,0.253
0.145,0.2,0.2,0.132,0.238,0.146,0.24,0.237,0.253,0.269
0.2,0.2,0.132,0.238,0.146,0.24,0.237,0.253,0.269,0.256
0.2,0.132,0.238,0.146,0.24,0.237,0.253,0.269,0.256,0.121
0.132,0.238,0.146,0.24,0.237,0.253,0.269,0.256,0.121,0.25
0.238,0.146,0.24,0.237,0.253,0.269,0.256,0.121,0.25,0.309
0.146,0.24,0.237,0.253,0.269,0.256,0.121,0.25,0.309,0.217
0.24,0.237,0.253,0.269,0.256,0.121,0.25,0.309,0.217,0.391
0.237,0.253,0.269,0.256,0.121,0.25,0.309,0.217,0.391,0.372
0.253,0.269,0.256,0.121,0.25,0.309,0.217,0.391,0.372,0.49
0.269,0.256,0.121,0.25,0.309,0.217,0.391,0.372,0.49,0.612
0.256,0.121,0.25,0.309,0.217,0.391,0.372,0.49,0.612,0.498
0.121,0.25,0.309,0.217,0.391,0.372,0.49,0.612,0.498,0.608
0.25,0.309,0.217,0.391,0.372,0.49,0.612,0.498,0.608,0.494
0.309,0.217,0.391,0.372,0.49,0.612,0.498,0.608,0.494,0.464
0.217,0.391,0.372,0.49,0.612,0.498,0.608,0.494,0.464,0.341
0.391,0.372,0.49,0.612,0.498,0.608,0.494,0.464,0.341,0.367
0.372,0.49,0.612,0.498,0.608,0.494,0.464,0.341,0.367,0.364
0.49,0.612,0.498,0.608,0.494,0.464,0.341,0.367,0.364,0.369
0.612,0.498,0.608,0.494,0.464,0.341,0.367,0.364,0.369,0.359
0.498,0.608,0.494,0.464,0.341,0.367,0.364,0.369,0.359,0.353
0.608,0.494,0.464,0.341,0.367,0.364,0.369,0.359,0.353,0.348
0.494,0.464,0.341,0.367,0.364,0.369,0.359,0.353,0.348,0.352
0.464,0.341,0.367,0.364,0.369,0.359,0.353,0.348,0.352,0.35
0.341,0.367,0.364,0.369,0.359,0.353,0.348,0.352,0.35,0.243
0.367,0.364,0.369,0.359,0.353,0.348,0.352,0.35,0.243,0.357
0.364,0.369,0.359,0.353,0.348,0.352,0.35,0.243,0.357,0.238
0.369,0.359,0.353,0.348,0.352,0.35,0.243,0.357,0.238,0.362
0.359,0.353,0.348,0.352,0.35,0.243,0.357,0.238,0.362,0.616
0.353,0.348,0.352,0.35,0.243,0.357,0.238,0.362,0.616,2.369
0.348,0.352,0.35,0.243,0.357,0.238,0.362,0.616,2.369,1.877
0.352,0.35,0.243,0.357,0.238,0.362,0.616,2.369,1.877,1.202
0.35,0.243,0.357,0.238,0.362,0.616,2.369,1.877,1.202,1.022
0.243,0.357,0.238,0.362,0.616,2.369,1.877,1.202,1.022,0.995
0.357,0.238,0.362,0.616,2.369,1.877,1.202,1.022,0.995,1.093
0.238,0.362,0.616,2.369,1.877,1.202,1.022,0.995,1.093,0.765
0.362,0.616,2.369,1.877,1.202,1.022,0.995,1.093,0.765,0.867
0.616,2.369,1.877,1.202,1.022,0.995,1.093,0.765,0.867,0.763
2.369,1.877,1.202,1.022,0.995,1.093,0.765,0.867,0.763,0.763
1.877,1.202,1.022,0.995,1.093,0.765,0.867,0.763,0.763,0.988
1.202,1.022,0.995,1.093,0.765,0.867,0.763,0.763,0.988,1.239
1.022,0.995,1.093,0.765,0.867,0.763,0.763,0.988,1.239,1.012
0.995,1.093,0.765,0.867,0.763,0.763,0.988,1.239,1.012,0.985
1.093,0.765,0.867,0.763,0.763,0.988,1.239,1.012,0.985,1.002
0.765,0.867,0.763,0.763,0.988,1.239,1.012,0.985,1.002,1.597
0.867,0.763,0.763,0.988,1.239,1.012,0.985,1.002,1.597,8.598
0.763,0.763,0.988,1.239,1.012,0.985,1.002,1.597,8.598,17.448
0.763,0.988,1.239,1.012,0.985,1.002,1.597,8.598,17.448,14.265
0.988,1.239,1.012,0.985,1.002,1.597,8.598,17.448,14.265,9.733
1.239,1.012,0.985,1.002,1.597,8.598,17.448,14.265,9.733,7.419
1.012,0.985,1.002,1.597,8.598,17.448,14.265,9.733,7.419,9.845
0.985,1.002,1.597,8.598,17.448,14.265,9.733,7.419,9.845,6.814
1.002,1.597,8.598,17.448,14.265,9.733,7.419,9.845,6.814,4.677
1.597,8.598,17.448,14.265,9.733,7.419,9.845,6.814,4.677,3.412
8.598,17.448,14.265,9.733,7.419,9.845,6.814,4.677,3.412,4.014
17.448,14.265,9.733,7.419,9.845,6.814,4.677,3.412,4.014,2.956
14.265,9.733,7.419,9.845,6.814,4.677,3.412,4.014,2.956,2.448
9.733,7.419,9.845,6.814,4.677,3.412,4.014,2.956,2.448,2.035
7.419,9.845,6.814,4.677,3.412,4.014,2.956,2.448,2.035,1.765
9.845,6.814,4.677,3.412,4.014,2.956,2.448,2.035,1.765,1.5
6.814,4.677,3.412,4.014,2.956,2.448,2.035,1.765,1.5,2.177
4.677,3.412,4.014,2.956,2.448,2.035,1.765,1.5,2.177,2.487
3.412,4.014,2.956,2.448,2.035,1.765,1.5,2.177,2.487,1.836
4.014,2.956,2.448,2.035,1.765,1.5,2.177,2.487,1.836,1.642
2.956,2.448,2.035,1.765,1.5,2.177,2.487,1.836,1.642,3.019
2.448,2.035,1.765,1.5,2.177,2.487,1.836,1.642,3.019,2.411
2.035,1.765,1.5,2.177,2.487,1.836,1.642,3.019,2.411,2.099
1.765,1.5,2.177,2.487,1.836,1.642,3.019,2.411,2.099,2.086
1.5,2.177,2.487,1.836,1.642,3.019,2.411,2.099,2.086,1.859
2.177,2.487,1.836,1.642,3.019,2.411,2.099,2.086,1.859,1.444
2.487,1.836,1.642,3.019,2.411,2.099,2.086,1.859,1.444,1.271
1.836,1.642,3.019,2.411,2.099,2.086,1.859,1.444,1.271,1.142
1.642,3.019,2.411,2.099,2.086,1.859,1.444,1.271,1.142,0.995
3.019,2.411,2.099,2.086,1.859,1.444,1.271,1.142,0.995,1.152
2.411,2.099,2.086,1.859,1.444,1.271,1.142,0.995,1.152,1.011
2.099,2.086,1.859,1.444,1.271,1.142,0.995,1.152,1.011,0.733
2.086,1.859,1.444,1.271,1.142,0.995,1.152,1.011,0.733,0.743
1.859,1.444,1.271,1.142,0.995,1.152,1.011,0.733,0.743,1.014
1.444,1.271,1.142,0.995,1.152,1.011,0.733,0.743,1.014,1.722
1.271,1.142,0.995,1.152,1.011,0.733,0.743,1.014,1.722,1.571
1.142,0.995,1.152,1.011,0.733,0.743,1.014,1.722,1.571,1.275
0.995,1.152,1.011,0.733,0.743,1.014,1.722,1.571,1.275,0.696
1.152,1.011,0.733,0.743,1.014,1.722,1.571,1.275,0.696,0.799
1.011,0.733,0.743,1.014,1.722,1.571,1.275,0.696,0.799,0.505
0.733,0.743,1.014,1.722,1.571,1.275,0.696,0.799,0.505,0.475
0.743,1.014,1.722,1.571,1.275,0.696,0.799,0.505,0.475,0.76
1.014,1.722,1.571,1.275,0.696,0.799,0.505,0.475,0.76,0.427
1.722,1.571,1.275,0.696,0.799,0.505,0.475,0.76,0.427,0.568
1.571,1.275,0.696,0.799,0.505,0.475,0.76,0.427,0.568,0.406
1.275,0.696,0.799,0.505,0.475,0.76,0.427,0.568,0.406,0.39
0.696,0.799,0.505,0.475,0.76,0.427,0.568,0.406,0.39,0.157
0.799,0.505,0.475,0.76,0.427,0.568,0.406,0.39,0.157,0.439
0.505,0.475,0.76,0.427,0.568,0.406,0.39,0.157,0.439,0.349
0.475,0.76,0.427,0.568,0.406,0.39,0.157,0.439,0.349,0.501
0.76,0.427,0.568,0.406,0.39,0.157,0.439,0.349,0.501,0.449
0.427,0.568,0.406,0.39,0.157,0.439,0.349,0.501,0.449,0.312
0.568,0.406,0.39,0.157,0.439,0.349,0.501,0.449,0.312,0.474
0.406,0.39,0.157,0.439,0.349,0.501,0.449,0.312,0.474,0.748
0.39,0.157,0.439,0.349,0.501,0.449,0.312,0.474,0.748,0.755
0.157,0.439,0.349,0.501,0.449,0.312,0.474,0.748,0.755,0.764
0.439,0.349,0.501,0.449,0.312,0.474,0.748,0.755,0.764,0.454
0.349,0.501,0.449,0.312,0.474,0.748,0.755,0.764,0.454,0.594
0.501,0.449,0.312,0.474,0.748,0.755,0.764,0.454,0.594,0.275
0.449,0.312,0.474,0.748,0.755,0.764,0.454,0.594,0.275,0.366
0.312,0.474,0.748,0.755,0.764,0.454,0.594,0.275,0.366,0.204
0.474,0.748,0.755,0.764,0.454,0.594,0.275,0.366,0.204,0.346
0.748,0.755,0.764,0.454,0.594,0.275,0.366,0.204,0.346,1.752
0.755,0.764,0.454,0.594,0.275,0.366,0.204,0.346,1.752,3.318
0.764,0.454,0.594,0.275,0.366,0.204,0.346,1.752,3.318,6.461
0.454,0.594,0.275,0.366,0.204,0.346,1.752,3.318,6.461,1.906
0.594,0.275,0.366,0.204,0.346,1.752,3.318,6.461,1.906,2.96
0.275,0.366,0.204,0.346,1.752,3.318,6.461,1.906,2.96,2.157
0.366,0.204,0.346,1.752,3.318,6.461,1.906,2.96,2.157,2.04
0.204,0.346,1.752,3.318,6.461,1.906,2.96,2.157,2.04,1.594
0.346,1.752,3.318,6.461,1.906,2.96,2.157,2.04,1.594,1.154
1.752,3.318,6.461,1.906,2.96,2.157,2.04,1.594,1.154,1.121
3.318,6.461,1.906,2.96,2.157,2.04,1.594,1.154,1.121,1.032
6.461,1.906,2.96,2.157,2.04,1.594,1.154,1.121,1.032,0.902
1.906,2.96,2.157,2.04,1.594,1.154,1.121,1.032,0.902,0.766
2.96,2.157,2.04,1.594,1.154,1.121,1.032,0.902,0.766,0.756
2.157,2.04,1.594,1.154,1.121,1.032,0.902,0.766,0.756,0.607
2.04,1.594,1.154,1.121,1.032,0.902,0.766,0.756,0.607,0.614
1.594,1.154,1.121,1.032,0.902,0.766,0.756,0.607,0.614,0.459
1.154,1.121,1.032,0.902,0.766,0.756,0.607,0.614,0.459,0.464
1.121,1.032,0.902,0.766,0.756,0.607,0.614,0.459,0.464,0.128
1.032,0.902,0.766,0.756,0.607,0.614,0.459,0.464,0.128,0.223
0.902,0.766,0.756,0.607,0.614,0.459,0.464,0.128,0.223,0.111
0.766,0.756,0.607,0.614,0.459,0.464,0.128,0.223,0.111,0.261
0.756,0.607,0.614,0.459,0.464,0.128,0.223,0.111,0.261,0.117
0.607,0.614,0.459,0.464,0.128,0.223,0.111,0.261,0.117,0.253
0.614,0.459,0.464,0.128,0.223,0.111,0.261,0.117,0.253,0.379
0.459,0.464,0.128,0.223,0.111,0.261,0.117,0.253,0.379,0.367
0.464,0.128,0.223,0.111,0.261,0.117,0.253,0.379,0.367,0.222
0.128,0.223,0.111,0.261,0.117,0.253,0.379,0.367,0.222,0.247
0.223,0.111,0.261,0.117,0.253,0.379,0.367,0.222,0.247,0.082
0.111,0.261,0.117,0.253,0.379,0.367,0.222,0.247,0.082,0.099
0.261,0.117,0.253,0.379,0.367,0.222,0.247,0.082,0.099,0.312
0.117,0.253,0.379,0.367,0.222,0.247,0.082,0.099,0.312,0.092
0.253,0.379,0.367,0.222,0.247,0.082,0.099,0.312,0.092,0.105
0.379,0.367,0.222,0.247,0.082,0.099,0.312,0.092,0.105,0.256
0.367,0.222,0.247,0.082,0.099,0.312,0.092,0.105,0.256,0.478
0.222,0.247,0.082,0.099,0.312,0.092,0.105,0.256,0.478,0.469
0.247,0.082,0.099,0.312,0.092,0.105,0.256,0.478,0.469,0.326
0.082,0.099,0.312,0.092,0.105,0.256,0.478,0.469,0.326,0.212
0.099,0.312,0.092,0.105,0.256,0.478,0.469,0.326,0.212,0.07
0.312,0.092,0.105,0.256,0.478,0.469,0.326,0.212,0.07,0.095
0.092,0.105,0.256,0.478,0.469,0.326,0.212,0.07,0.095,0.01
0.105,0.256,0.478,0.469,0.326,0.212,0.07,0.095,0.01,0.109
0.256,0.478,0.469,0.326,0.212,0.07,0.095,0.01,0.109,0.075
0.478,0.469,0.326,0.212,0.07,0.095,0.01,0.109,0.075,0.01
0.469,0.326,0.212,0.07,0.095,0.01,0.109,0.075,0.01,0.01
0.326,0.212,0.07,0.095,0.01,0.109,0.075,0.01,0.01,0.01
0.212,0.07,0.095,0.01,0.109,0.075,0.01,0.01,0.01,0.096
0.07,0.095,0.01,0.109,0.075,0.01,0.01,0.01,0.096,0.01
0.095,0.01,0.109,0.075,0.01,0.01,0.01,0.096,0.01,0.01
0.01,0.109,0.075,0.01,0.01,0.01,0.096,0.01,0.01,0.01
0.109,0.075,0.01,0.01,0.01,0.096,0.01,0.01,0.01,0.01
0.075,0.01,0.01,0.01,0.096,0.01,0.01,0.01,0.01,0.01
0.01,0.01,0.01,0.096,0.01,0.01,0.01,0.01,0.01,0.01
0.01,0.01,0.096,0.01,0.01,0.01,0.01,0.01,0.01,0.01
0.01,0.096,0.01,0.01,0.01,0.01,0.01,0.01,0.01,0.01
0.096,0.01,0.01,0.01,0.01,0.01,0.01,0.01,0.01,0.01
0.01,0.01,0.01,0.01,0.01,0.01,0.01,0.01,0.01,0.008
0.01,0.01,0.01,0.01,0.01,0.01,0.01,0.01,0.008,0.01
0.01,0.01,0.01,0.01,0.01,0.01,0.01,0.008,0.01,0.403
0.01,0.01,0.01,0.01,0.01,0.01,0.008,0.01,0.403,0.123
0.01,0.01,0.01,0.01,0.01,0.008,0.01,0.403,0.123,0.109
0.01,0.01,0.01,0.01,0.008,0.01,0.403,0.123,0.109,0.01
0.01,0.01,0.01,0.008,0.01,0.403,0.123,0.109,0.01,0.01
0.01,0.01,0.008,0.01,0.403,0.123,0.109,0.01,0.01,0.108
0.01,0.008,0.01,0.403,0.123,0.109,0.01,0.01,0.108,0.084
0.008,0.01,0.403,0.123,0.109,0.01,0.01,0.108,0.084,0.056
0.01,0.403,0.123,0.109,0.01,0.01,0.108,0.084,0.056,0.077
0.403,0.123,0.109,0.01,0.01,0.108,0.084,0.056,0.077,0.078
0.123,0.109,0.01,0.01,0.108,0.084,0.056,0.077,0.078,0.01
0.109,0.01,0.01,0.108,0.084,0.056,0.077,0.078,0.01,0.055
0.01,0.01,0.108,0.084,0.056,0.077,0.078,0.01,0.055,0.07
0.01,0.108,0.084,0.056,0.077,0.078,0.01,0.055,0.07,0.339
0.108,0.084,0.056,0.077,0.078,0.01,0.055,0.07,0.339,0.882
0.084,0.056,0.077,0.078,0.01,0.055,0.07,0.339,0.882,0.372
0.056,0.077,0.078,0.01,0.055,0.07,0.339,0.882,0.372,0.21
0.077,0.078,0.01,0.055,0.07,0.339,0.882,0.372,0.21,0.234
0.078,0.01,0.055,0.07,0.339,0.882,0.372,0.21,0.234,0.1
0.01,0.055,0.07,0.339,0.882,0.372,0.21,0.234,0.1,0.093
0.055,0.07,0.339,0.882,0.372,0.21,0.234,0.1,0.093,0.085
0.07,0.339,0.882,0.372,0.21,0.234,0.1,0.093,0.085,0.065
0.339,0.882,0.372,0.21,0.234,0.1,0.093,0.085,0.065,0.086
0.882,0.372,0.21,0.234,0.1,0.093,0.085,0.065,0.086,0.079
0.372,0.21,0.234,0.1,0.093,0.085,0.065,0.086,0.079,0.074
0.21,0.234,0.1,0.093,0.085,0.065,0.086,0.079,0.074,0.082
0.234,0.1,0.093,0.085,0.065,0.086,0.079,0.074,0.082,0.018
0.1,0.093,0.085,0.065,0.086,0.079,0.074,0.082,0.018,0.065
0.093,0.085,0.065,0.086,0.079,0.074,0.082,0.018,0.065,0.047
0.085,0.065,0.086,0.079,0.074,0.082,0.018,0.065,0.047,0.073
0.065,0.086,0.079,0.074,0.082,0.018,0.065,0.047,0.073,0.211
0.086,0.079,0.074,0.082,0.018,0.065,0.047,0.073,0.211,0.042
0.079,0.074,0.082,0.018,0.065,0.047,0.073,0.211,0.042,0.035
0.074,0.082,0.018,0.065,0.047,0.073,0.211,0.042,0.035,0.073
0.082,0.018,0.065,0.047,0.073,0.211,0.042,0.035,0.073,0.067
0.018,0.065,0.047,0.073,0.211,0.042,0.035,0.073,0.067,0.076
0.065,0.047,0.073,0.211,0.042,0.035,0.073,0.067,0.076,0.167
0.047,0.073,0.211,0.042,0.035,0.073,0.067,0.076,0.167,0.233
0.073,0.211,0.042,0.035,0.073,0.067,0.076,0.167,0.233,0.25
0.211,0.042,0.035,0.073,0.067,0.076,0.167,0.233,0.25,0.229
0.042,0.035,0.073,0.067,0.076,0.167,0.233,0.25,0.229,0.074
0.035,0.073,0.067,0.076,0.167,0.233,0.25,0.229,0.074,0.05
0.073,0.067,0.076,0.167,0.233,0.25,0.229,0.074,0.05,0.159
0.067,0.076,0.167,0.233,0.25,0.229,0.074,0.05,0.159,0.117
0.076,0.167,0.233,0.25,0.229,0.074,0.05,0.159,0.117,0.04
0.167,0.233,0.25,0.229,0.074,0.05,0.159,0.117,0.04,0.096
0.233,0.25,0.229,0.074,0.05,0.159,0.117,0.04,0.096,0.01
0.25,0.229,0.074,0.05,0.159,0.117,0.04,0.096,0.01,0.104
0.229,0.074,0.05,0.159,0.117,0.04,0.096,0.01,0.104,0.01
0.074,0.05,0.159,0.117,0.04,0.096,0.01,0.104,0.01,0.01
0.05,0.159,0.117,0.04,0.096,0.01,0.104,0.01,0.01,0.095
0.159,0.117,0.04,0.096,0.01,0.104,0.01,0.01,0.095,0.108
0.117,0.04,0.096,0.01,0.104,0.01,0.01,0.095,0.108,0.01
0.04,0.096,0.01,0.104,0.01,0.01,0.095,0.108,0.01,0.01
0.096,0.01,0.104,0.01,0.01,0.095,0.108,0.01,0.01,0.01
0.01,0.104,0.01,0.01,0.095,0.108,0.01,0.01,0.01,0.01
0.104,0.01,0.01,0.095,0.108,0.01,0.01,0.01,0.01,0.001
0.01,0.01,0.095,0.108,0.01,0.01,0.01,0.01,0.001,0.084
0.01,0.095,0.108,0.01,0.01,0.01,0.01,0.001,0.084,0.117
0.095,0.108,0.01,0.01,0.01,0.01,0.001,0.084,0.117,0.01
0.108,0.01,0.01,0.01,0.01,0.001,0.084,0.117,0.01,0.086
0.01,0.01,0.01,0.01,0.001,0.084,0.117,0.01,0.086,0.007
0.01,0.01,0.01,0.001,0.084,0.117,0.01,0.086,0.007,0.003
0.01,0.01,0.001,0.084,0.117,0.01,0.086,0.007,0.003,0.01
0.01,0.001,0.084,0.117,0.01,0.086,0.007,0.003,0.01,0.01
0.001,0.084,0.117,0.01,0.086,0.007,0.003,0.01,0.01,0.123
0.084,0.117,0.01,0.086,0.007,0.003,0.01,0.01,0.123,0.728
0.117,0.01,0.086,0.007,0.003,0.01,0.01,0.123,0.728,0.256
0.01,0.086,0.007,0.003,0.01,0.01,0.123,0.728,0.256,0.128
0.086,0.007,0.003,0.01,0.01,0.123,0.728,0.256,0.128,0.089
0.007,0.003,0.01,0.01,0.123,0.728,0.256,0.128,0.089,0.139
0.003,0.01,0.01,0.123,0.728,0.256,0.128,0.089,0.139,0.142
0.01,0.01,0.123,0.728,0.256,0.128,0.089,0.139,0.142,0.555
0.01,0.123,0.728,0.256,0.128,0.089,0.139,0.142,0.555,0.567
0.123,0.728,0.256,0.128,0.089,0.139,0.142,0.555,0.567,0.399
0.728,0.256,0.128,0.089,0.139,0.142,0.555,0.567,0.399,0.259
0.256,0.128,0.089,0.139,0.142,0.555,0.567,0.399,0.259,0.341
0.128,0.089,0.139,0.142,0.555,0.567,0.399,0.259,0.341,0.258
0.089,0.139,0.142,0.555,0.567,0.399,0.259,0.341,0.258,0.237
0.139,0.142,0.555,0.567,0.399,0.259,0.341,0.258,0.237,0.137
0.142,0.555,0.567,0.399,0.259,0.341,0.258,0.237,0.137,0.244
0.555,0.567,0.399,0.259,0.341,0.258,0.237,0.137,0.244,0.251
0.567,0.399,0.259,0.341,0.258,0.237,0.137,0.244,0.251,0.118
0.399,0.259,0.341,0.258,0.237,0.137,0.244,0.251,0.118,0.142
0.259,0.341,0.258,0.237,0.137,0.244,0.251,0.118,0.142,0.143
0.341,0.258,0.237,0.137,0.244,0.251,0.118,0.142,0.143,0.106
0.258,0.237,0.137,0.244,0.251,0.118,0.142,0.143,0.106,0.03
0.237,0.137,0.244,0.251,0.118,0.142,0.143,0.106,0.03,0.131
0.137,0.244,0.251,0.118,0.142,0.143,0.106,0.03,0.131,0.111
0.244,0.251,0.118,0.142,0.143,0.106,0.03,0.131,0.111,0.088
0.251,0.118,0.142,0.143,0.106,0.03,0.131,0.111,0.088,0.01
0.118,0.142,0.143,0.106,0.03,0.131,0.111,0.088,0.01,0.085
0.142,0.143,0.106,0.03,0.131,0.111,0.088,0.01,0.085,0.09
0.143,0.106,0.03,0.131,0.111,0.088,0.01,0.085,0.09,0.09
0.106,0.03,0.131,0.111,0.088,0.01,0.085,0.09,0.09,0.1
0.03,0.131,0.111,0.088,0.01,0.085,0.09,0.09,0.1,0.1
0.131,0.111,0.088,0.01,0.085,0.09,0.09,0.1,0.1,0.199
0.111,0.088,0.01,0.085,0.09,0.09,0.1,0.1,0.199,0.211
0.088,0.01,0.085,0.09,0.09,0.1,0.1,0.199,0.211,0.203
0.01,0.085,0.09,0.09,0.1,0.1,0.199,0.211,0.203,0.211
0.085,0.09,0.09,0.1,0.1,0.199,0.211,0.203,0.211,0.056
0.09,0.09,0.1,0.1,0.199,0.211,0.203,0.211,0.056,0.228
0.09,0.1,0.1,0.199,0.211,0.203,0.211,0.056,0.228,0.104
0.1,0.1,0.199,0.211,0.203,0.211,0.056,0.228,0.104,0.154
0.1,0.199,0.211,0.203,0.211,0.056,0.228,0.104,0.154,0.21
0.199,0.211,0.203,0.211,0.056,0.228,0.104,0.154,0.21,0.676
0.211,0.203,0.211,0.056,0.228,0.104,0.154,0.21,0.676,0.439
0.203,0.211,0.056,0.228,0.104,0.154,0.21,0.676,0.439,0.428
0.211,0.056,0.228,0.104,0.154,0.21,0.676,0.439,0.428,0.187
0.056,0.228,0.104,0.154,0.21,0.676,0.439,0.428,0.187,0.451
0.228,0.104,0.154,0.21,0.676,0.439,0.428,0.187,0.451,0.444
0.104,0.154,0.21,0.676,0.439,0.428,0.187,0.451,0.444,0.411
0.154,0.21,0.676,0.439,0.428,0.187,0.451,0.444,0.411,0.75
0.21,0.676,0.439,0.428,0.187,0.451,0.444,0.411,0.75,1.155
0.676,0.439,0.428,0.187,0.451,0.444,0.411,0.75,1.155,1.04
0.439,0.428,0.187,0.451,0.444,0.411,0.75,1.155,1.04,0.797
0.428,0.187,0.451,0.444,0.411,0.75,1.155,1.04,0.797,0.675
0.187,0.451,0.444,0.411,0.75,1.155,1.04,0.797,0.675,0.579
0.451,0.444,0.411,0.75,1.155,1.04,0.797,0.675,0.579,0.557
0.444,0.411,0.75,1.155,1.04,0.797,0.675,0.579,0.557,0.577
0.411,0.75,1.155,1.04,0.797,0.675,0.579,0.557,0.577,0.417
0.75,1.155,1.04,0.797,0.675,0.579,0.557,0.577,0.417,0.447
1.155,1.04,0.797,0.675,0.579,0.557,0.577,0.417,0.447,0.439
1.04,0.797,0.675,0.579,0.557,0.577,0.417,0.447,0.439,0.436
0.797,0.675,0.579,0.557,0.577,0.417,0.447,0.439,0.436,0.436
0.675,0.579,0.557,0.577,0.417,0.447,0.439,0.436,0.436,0.319
0.579,0.557,0.577,0.417,0.447,0.439,0.436,0.436,0.319,0.342
0.557,0.577,0.417,0.447,0.439,0.436,0.436,0.319,0.342,0.442
0.577,0.417,0.447,0.439,0.436,0.436,0.319,0.342,0.442,0.295
0.417,0.447,0.439,0.436,0.436,0.319,0.342,0.442,0.295,0.327
0.447,0.439,0.436,0.436,0.319,0.342,0.442,0.295,0.327,0.216
0.439,0.436,0.436,0.319,0.342,0.442,0.295,0.327,0.216,0.312
0.436,0.436,0.319,0.342,0.442,0.295,0.327,0.216,0.312,0.329
0.436,0.319,0.342,0.442,0.295,0.327,0.216,0.312,0.329,0.183
0.319,0.342,0.442,0.295,0.327,0.216,0.312,0.329,0.183,0.336
0.342,0.442,0.295,0.327,0.216,0.312,0.329,0.183,0.336,0.32
0.442,0.295,0.327,0.216,0.312,0.329,0.183,0.336,0.32,0.316
0.295,0.327,0.216,0.312,0.329,0.183,0.336,0.32,0.316,0.301
0.327,0.216,0.312,0.329,0.183,0.336,0.32,0.316,0.301,0.197
0.216,0.312,0.329,0.183,0.336,0.32,0.316,0.301,0.197,0.425
0.312,0.329,0.183,0.336,0.32,0.316,0.301,0.197,0.425,0.435
0.329,0.183,0.336,0.32,0.316,0.301,0.197,0.425,0.435,0.329
0.183,0.336,0.32,0.316,0.301,0.197,0.425,0.435,0.329,0.423
0.336,0.32,0.316,0.301,0.197,0.425,0.435,0.329,0.423,0.423
0.32,0.316,0.301,0.197,0.425,0.435,0.329,0.423,0.423,0.438
0.316,0.301,0.197,0.425,0.435,0.329,0.423,0.423,0.438,0.313
0.301,0.197,0.425,0.435,0.329,0.423,0.423,0.438,0.313,0.321
0.197,0.425,0.435,0.329,0.423,0.423,0.438,0.313,0.321,0.344
0.425,0.435,0.329,0.423,0.423,0.438,0.313,0.321,0.344,0.444
0.435,0.329,0.423,0.423,0.438,0.313,0.321,0.344,0.444,0.322
0.329,0.423,0.423,0.438,0.313,0.321,0.344,0.444,0.322,0.333
0.423,0.423,0.438,0.313,0.321,0.344,0.444,0.322,0.333,0.196
0.423,0.438,0.313,0.321,0.344,0.444,0.322,0.333,0.196,0.307
0.438,0.313,0.321,0.344,0.444,0.322,0.333,0.196,0.307,0.342
0.313,0.321,0.344,0.444,0.322,0.333,0.196,0.307,0.342,0.223
0.321,0.344,0.444,0.322,0.333,0.196,0.307,0.342,0.223,0.216
0.344,0.444,0.322,0.333,0.196,0.307,0.342,0.223,0.216,0.287
0.444,0.322,0.333,0.196,0.307,0.342,0.223,0.216,0.287,0.195
0.322,0.333,0.196,0.307,0.342,0.223,0.216,0.287,0.195,0.21
0.333,0.196,0.307,0.342,0.223,0.216,0.287,0.195,0.21,0.31
0.196,0.307,0.342,0.223,0.216,0.287,0.195,0.21,0.31,0.234
0.307,0.342,0.223,0.216,0.287,0.195,0.21,0.31,0.234,0.337
0.342,0.223,0.216,0.287,0.195,0.21,0.31,0.234,0.337,0.903
0.223,0.216,0.287,0.195,0.21,0.31,0.234,0.337,0.903,0.688
0.216,0.287,0.195,0.21,0.31,0.234,0.337,0.903,0.688,0.622
0.287,0.195,0.21,0.31,0.234,0.337,0.903,0.688,0.622,0.547
0.195,0.21,0.31,0.234,0.337,0.903,0.688,0.622,0.547,0.589
0.21,0.31,0.234,0.337,0.903,0.688,0.622,0.547,0.589,0.706
0.31,0.234,0.337,0.903,0.688,0.622,0.547,0.589,0.706,1.018
0.234,0.337,0.903,0.688,0.622,0.547,0.589,0.706,1.018,0.921
0.337,0.903,0.688,0.622,0.547,0.589,0.706,1.018,0.921,0.822
0.903,0.688,0.622,0.547,0.589,0.706,1.018,0.921,0.822,0.805
0.688,0.622,0.547,0.589,0.706,1.018,0.921,0.822,0.805,0.907
0.622,0.547,0.589,0.706,1.018,0.921,0.822,0.805,0.907,1.169
0.547,0.589,0.706,1.018,0.921,0.822,0.805,0.907,1.169,0.918
0.589,0.706,1.018,0.921,0.822,0.805,0.907,1.169,0.918,0.815
0.706,1.018,0.921,0.822,0.805,0.907,1.169,0.918,0.815,0.708
1.018,0.921,0.822,0.805,0.907,1.169,0.918,0.815,0.708,0.73
0.921,0.822,0.805,0.907,1.169,0.918,0.815,0.708,0.73,1.412
0.822,0.805,0.907,1.169,0.918,0.815,0.708,0.73,1.412,1.345
0.805,0.907,1.169,0.918,0.815,0.708,0.73,1.412,1.345,1.42
0.907,1.169,0.918,0.815,0.708,0.73,1.412,1.345,1.42,1.085
1.169,0.918,0.815,0.708,0.73,1.412,1.345,1.42,1.085,1.084
0.918,0.815,0.708,0.73,1.412,1.345,1.42,1.085,1.084,0.859
0.815,0.708,0.73,1.412,1.345,1.42,1.085,1.084,0.859,0.845
0.708,0.73,1.412,1.345,1.42,1.085,1.084,0.859,0.845,0.866
0.73,1.412,1.345,1.42,1.085,1.084,0.859,0.845,0.866,0.613
1.412,1.345,1.42,1.085,1.084,0.859,0.845,0.866,0.613,0.841
1.345,1.42,1.085,1.084,0.859,0.845,0.866,0.613,0.841,0.847
1.42,1.085,1.084,0.859,0.845,0.866,0.613,0.841,0.847,0.938
1.085,1.084,0.859,0.845,0.866,0.613,0.841,0.847,0.938,1.228
1.084,0.859,0.845,0.866,0.613,0.841,0.847,0.938,1.228,1.551
0.859,0.845,0.866,0.613,0.841,0.847,0.938,1.228,1.551,1.34
0.845,0.866,0.613,0.841,0.847,0.938,1.228,1.551,1.34,1.802
0.866,0.613,0.841,0.847,0.938,1.228,1.551,1.34,1.802,2.4
0.613,0.841,0.847,0.938,1.228,1.551,1.34,1.802,2.4,2.632
0.841,0.847,0.938,1.228,1.551,1.34,1.802,2.4,2.632,2.172
0.847,0.938,1.228,1.551,1.34,1.802,2.4,2.632,2.172,1.847
0.938,1.228,1.551,1.34,1.802,2.4,2.632,2.172,1.847,1.728
1.228,1.551,1.34,1.802,2.4,2.632,2.172,1.847,1.728,1.595
1.551,1.34,1.802,2.4,2.632,2.172,1.847,1.728,1.595,1.735
1.34,1.802,2.4,2.632,2.172,1.847,1.728,1.595,1.735,1.739
1.802,2.4,2.632,2.172,1.847,1.728,1.595,1.735,1.739,1.732
2.4,2.632,2.172,1.847,1.728,1.595,1.735,1.739,1.732,2.113
2.632,2.172,1.847,1.728,1.595,1.735,1.739,1.732,2.113,2.743
2.172,1.847,1.728,1.595,1.735,1.739,1.732,2.113,2.743,3.013
1.847,1.728,1.595,1.735,1.739,1.732,2.113,2.743,3.013,3.023
1.728,1.595,1.735,1.739,1.732,2.113,2.743,3.013,3.023,3.433
1.595,1.735,1.739,1.732,2.113,2.743,3.013,3.023,3.433,2.465
1.735,1.739,1.732,2.113,2.743,3.013,3.023,3.433,2.465,2.08
1.739,1.732,2.113,2.743,3.013,3.023,3.433,2.465,2.08,1.817
1.732,2.113,2.743,3.013,3.023,3.433,2.465,2.08,1.817,1.81
2.113,2.743,3.013,3.023,3.433,2.465,2.08,1.817,1.81,1.546
2.743,3.013,3.023,3.433,2.465,2.08,1.817,1.81,1.546,1.545
3.013,3.023,3.433,2.465,2.08,1.817,1.81,1.546,1.545,1.413
3.023,3.433,2.465,2.08,1.817,1.81,1.546,1.545,1.413,1.292
3.433,2.465,2.08,1.817,1.81,1.546,1.545,1.413,1.292,1.269
2.465,2.08,1.817,1.81,1.546,1.545,1.413,1.292,1.269,1.265
2.08,1.817,1.81,1.546,1.545,1.413,1.292,1.269,1.265,1.343
1.817,1.81,1.546,1.545,1.413,1.292,1.269,1.265,1.343,1.367
1.81,1.546,1.545,1.413,1.292,1.269,1.265,1.343,1.367,1.922
1.546,1.545,1.413,1.292,1.269,1.265,1.343,1.367,1.922,1.869
1.545,1.413,1.292,1.269,1.265,1.343,1.367,1.922,1.869,1.581
1.413,1.292,1.269,1.265,1.343,1.367,1.922,1.869,1.581,2.301
1.292,1.269,1.265,1.343,1.367,1.922,1.869,1.581,2.301,1.978
1.269,1.265,1.343,1.367,1.922,1.869,1.581,2.301,1.978,1.601
1.265,1.343,1.367,1.922,1.869,1.581,2.301,1.978,1.601,1.331
1.343,1.367,1.922,1.869,1.581,2.301,1.978,1.601,1.331,1.326
1.367,1.922,1.869,1.581,2.301,1.978,1.601,1.331,1.326,1.177
1.922,1.869,1.581,2.301,1.978,1.601,1.331,1.326,1.177,1.021
1.869,1.581,2.301,1.978,1.601,1.331,1.326,1.177,1.021,1.035
1.581,2.301,1.978,1.601,1.331,1.326,1.177,1.021,1.035,0.873
2.301,1.978,1.601,1.331,1.326,1.177,1.021,1.035,0.873,0.889
1.978,1.601,1.331,1.326,1.177,1.021,1.035,0.873,0.889,0.861
1.601,1.331,1.326,1.177,1.021,1.035,0.873,0.889,0.861,0.73
1.331,1.326,1.177,1.021,1.035,0.873,0.889,0.861,0.73,0.697
1.326,1.177,1.021,1.035,0.873,0.889,0.861,0.73,0.697,0.582
1.177,1.021,1.035,0.873,0.889,0.861,0.73,0.697,0.582,0.708
1.021,1.035,0.873,0.889,0.861,0.73,0.697,0.582,0.708,0.82
1.035,0.873,0.889,0.861,0.73,0.697,0.582,0.708,0.82,0.851
0.873,0.889,0.861,0.73,0.697,0.582,0.708,0.82,0.851,0.826
0.889,0.861,0.73,0.697,0.582,0.708,0.82,0.851,0.826,0.552
0.861,0.73,0.697,0.582,0.708,0.82,0.851,0.826,0.552,0.757
0.73,0.697,0.582,0.708,0.82,0.851,0.826,0.552,0.757,0.993
0.697,0.582,0.708,0.82,0.851,0.826,0.552,0.757,0.993,1.533
0.582,0.708,0.82,0.851,0.826,0.552,0.757,0.993,1.533,1.016
0.708,0.82,0.851,0.826,0.552,0.757,0.993,1.533,1.016,0.749
0.82,0.851,0.826,0.552,0.757,0.993,1.533,1.016,0.749,0.741
0.851,0.826,0.552,0.757,0.993,1.533,1.016,0.749,0.741,0.596
0.826,0.552,0.757,0.993,1.533,1.016,0.749,0.741,0.596,0.624
0.552,0.757,0.993,1.533,1.016,0.749,0.741,0.596,0.624,0.586
0.757,0.993,1.533,1.016,0.749,0.741,0.596,0.624,0.586,0.603
0.993,1.533,1.016,0.749,0.741,0.596,0.624,0.586,0.603,0.452
1.533,1.016,0.749,0.741,0.596,0.624,0.586,0.603,0.452,0.454
1.016,0.749,0.741,0.596,0.624,0.586,0.603,0.452,0.454,0.639
0.749,0.741,0.596,0.624,0.586,0.603,0.452,0.454,0.639,0.359
0.741,0.596,0.624,0.586,0.603,0.452,0.454,0.639,0.359,0.48
0.596,0.624,0.586,0.603,0.452,0.454,0.639,0.359,0.48,0.359
0.624,0.586,0.603,0.452,0.454,0.639,0.359,0.48,0.359,0.356
0.586,0.603,0.452,0.454,0.639,0.359,0.48,0.359,0.356,0.362
0.603,0.452,0.454,0.639,0.359,0.48,0.359,0.356,0.362,0.35
0.452,0.454,0.639,0.359,0.48,0.359,0.356,0.362,0.35,0.353
0.454,0.639,0.359,0.48,0.359,0.356,0.362,0.35,0.353,0.353
0.639,0.359,0.48,0.359,0.356,0.362,0.35,0.353,0.353,0.185
0.359,0.48,0.359,0.356,0.362,0.35,0.353,0.353,0.185,0.271
0.48,0.359,0.356,0.362,0.35,0.353,0.353,0.185,0.271,0.236
0.359,0.356,0.362,0.35,0.353,0.353,0.185,0.271,0.236,0.227
0.356,0.362,0.35,0.353,0.353,0.185,0.271,0.236,0.227,0.105
0.362,0.35,0.353,0.353,0.185,0.271,0.236,0.227,0.105,0.248
0.35,0.353,0.353,0.185,0.271,0.236,0.227,0.105,0.248,0.223
0.353,0.353,0.185,0.271,0.236,0.227,0.105,0.248,0.223,0.236
0.353,0.185,0.271,0.236,0.227,0.105,0.248,0.223,0.236,0.087
0.185,0.271,0.236,0.227,0.105,0.248,0.223,0.236,0.087,0.208
0.271,0.236,0.227,0.105,0.248,0.223,0.236,0.087,0.208,0.102
0.236,0.227,0.105,0.248,0.223,0.236,0.087,0.208,0.102,0.098
0.227,0.105,0.248,0.223,0.236,0.087,0.208,0.102,0.098,0.225
0.105,0.248,0.223,0.236,0.087,0.208,0.102,0.098,0.225,0.236
0.248,0.223,0.236,0.087,0.208,0.102,0.098,0.225,0.236,0.087
0.223,0.236,0.087,0.208,0.102,0.098,0.225,0.236,0.087,0.102
0.236,0.087,0.208,0.102,0.098,0.225,0.236,0.087,0.102,0.088
0.087,0.208,0.102,0.098,0.225,0.236,0.087,0.102,0.088,0.109
0.208,0.102,0.098,0.225,0.236,0.087,0.102,0.088,0.109,0.111
0.102,0.098,0.225,0.236,0.087,0.102,0.088,0.109,0.111,0.01
0.098,0.225,0.236,0.087,0.102,0.088,0.109,0.111,0.01,0.065
0.225,0.236,0.087,0.102,0.088,0.109,0.111,0.01,0.065,0.097
0.236,0.087,0.102,0.088,0.109,0.111,0.01,0.065,0.097,0.01
0.087,0.102,0.088,0.109,0.111,0.01,0.065,0.097,0.01,0.099
0.102,0.088,0.109,0.111,0.01,0.065,0.097,0.01,0.099,0.085
0.088,0.109,0.111,0.01,0.065,0.097,0.01,0.099,0.085,0.232
0.109,0.111,0.01,0.065,0.097,0.01,0.099,0.085,0.232,0.35
0.111,0.01,0.065,0.097,0.01,0.099,0.085,0.232,0.35,0.452
0.01,0.065,0.097,0.01,0.099,0.085,0.232,0.35,0.452,0.223
0.065,0.097,0.01,0.099,0.085,0.232,0.35,0.452,0.223,0.21
0.097,0.01,0.099,0.085,0.232,0.35,0.452,0.223,0.21,0.208
0.01,0.099,0.085,0.232,0.35,0.452,0.223,0.21,0.208,0.187
0.099,0.085,0.232,0.35,0.452,0.223,0.21,0.208,0.187,0.358
0.085,0.232,0.35,0.452,0.223,0.21,0.208,0.187,0.358,0.239
0.232,0.35,0.452,0.223,0.21,0.208,0.187,0.358,0.239,0.179
0.35,0.452,0.223,0.21,0.208,0.187,0.358,0.239,0.179,0.277
0.452,0.223,0.21,0.208,0.187,0.358,0.239,0.179,0.277,0.074
0.223,0.21,0.208,0.187,0.358,0.239,0.179,0.277,0.074,0.082
0.21,0.208,0.187,0.358,0.239,0.179,0.277,0.074,0.082,0.09
0.208,0.187,0.358,0.239,0.179,0.277,0.074,0.082,0.09,0.111
0.187,0.358,0.239,0.179,0.277,0.074,0.082,0.09,0.111,0.419
0.358,0.239,0.179,0.277,0.074,0.082,0.09,0.111,0.419,0.266
0.239,0.179,0.277,0.074,0.082,0.09,0.111,0.419,0.266,0.09
0.179,0.277,0.074,0.082,0.09,0.111,0.419,0.266,0.09,0.536
0.277,0.074,0.082,0.09,0.111,0.419,0.266,0.09,0.536,0.421
0.074,0.082,0.09,0.111,0.419,0.266,0.09,0.536,0.421,0.28
0.082,0.09,0.111,0.419,0.266,0.09,0.536,0.421,0.28,0.585
0.09,0.111,0.419,0.266,0.09,0.536,0.421,0.28,0.585,1.142
0.111,0.419,0.266,0.09,0.536,0.421,0.28,0.585,1.142,0.563
0.419,0.266,0.09,0.536,0.421,0.28,0.585,1.142,0.563,0.434
0.266,0.09,0.536,0.421,0.28,0.585,1.142,0.563,0.434,0.307
0.09,0.536,0.421,0.28,0.585,1.142,0.563,0.434,0.307,0.406
0.536,0.421,0.28,0.585,1.142,0.563,0.434,0.307,0.406,0.423
0.421,0.28,0.585,1.142,0.563,0.434,0.307,0.406,0.423,0.13
0.28,0.585,1.142,0.563,0.434,0.307,0.406,0.423,0.13,0.249
0.585,1.142,0.563,0.434,0.307,0.406,0.423,0.13,0.249,0.264
1.142,0.563,0.434,0.307,0.406,0.423,0.13,0.249,0.264,0.093
0.563,0.434,0.307,0.406,0.423,0.13,0.249,0.264,0.093,0.122
0.434,0.307,0.406,0.423,0.13,0.249,0.264,0.093,0.122,0.139
0.307,0.406,0.423,0.13,0.249,0.264,0.093,0.122,0.139,0.122
0.406,0.423,0.13,0.249,0.264,0.093,0.122,0.139,0.122,0.004
0.423,0.13,0.249,0.264,0.093,0.122,0.139,0.122,0.004,0.856
0.13,0.249,0.264,0.093,0.122,0.139,0.122,0.004,0.856,0.145
0.249,0.264,0.093,0.122,0.139,0.122,0.004,0.856,0.145,0.274
0.264,0.093,0.122,0.139,0.122,0.004,0.856,0.145,0.274,2.788
0.093,0.122,0.139,0.122,0.004,0.856,0.145,0.274,2.788,2.688
0.122,0.139,0.122,0.004,0.856,0.145,0.274,2.788,2.688,1.161
0.139,0.122,0.004,0.856,0.145,0.274,2.788,2.688,1.161,0.854
0.122,0.004,0.856,0.145,0.274,2.788,2.688,1.161,0.854,0.438
0.004,0.856,0.145,0.274,2.788,2.688,1.161,0.854,0.438,0.688
0.856,0.145,0.274,2.788,2.688,1.161,0.854,0.438,0.688,0.708
0.145,0.274,2.788,2.688,1.161,0.854,0.438,0.688,0.708,0.684
0.274,2.788,2.688,1.161,0.854,0.438,0.688,0.708,0.684,0.511
2.788,2.688,1.161,0.854,0.438,0.688,0.708,0.684,0.511,0.373
2.688,1.161,0.854,0.438,0.688,0.708,0.684,0.511,0.373,0.371
1.161,0.854,0.438,0.688,0.708,0.684,0.511,0.373,0.371,0.367
0.854,0.438,0.688,0.708,0.684,0.511,0.373,0.371,0.367,0.268
0.438,0.688,0.708,0.684,0.511,0.373,0.371,0.367,0.268,0.351
0.688,0.708,0.684,0.511,0.373,0.371,0.367,0.268,0.351,0.232
0.708,0.684,0.511,0.373,0.371,0.367,0.268,0.351,0.232,0.361
0.684,0.511,0.373,0.371,0.367,0.268,0.351,0.232,0.361,0.094
0.511,0.373,0.371,0.367,0.268,0.351,0.232,0.361,0.094,0.655
0.373,0.371,0.367,0.268,0.351,0.232,0.361,0.094,0.655,0.39
0.371,0.367,0.268,0.351,0.232,0.361,0.094,0.655,0.39,0.533
0.367,0.268,0.351,0.232,0.361,0.094,0.655,0.39,0.533,0.375
0.268,0.351,0.232,0.361,0.094,0.655,0.39,0.533,0.375,0.363
0.351,0.232,0.361,0.094,0.655,0.39,0.533,0.375,0.363,0.228
0.232,0.361,0.094,0.655,0.39,0.533,0.375,0.363,0.228,0.221
0.361,0.094,0.655,0.39,0.533,0.375,0.363,0.228,0.221,0.185
0.094,0.655,0.39,0.533,0.375,0.363,0.228,0.221,0.185,0.512
0.655,0.39,0.533,0.375,0.363,0.228,0.221,0.185,0.512,0.492
0.39,0.533,0.375,0.363,0.228,0.221,0.185,0.512,0.492,0.241
0.533,0.375,0.363,0.228,0.221,0.185,0.512,0.492,0.241,0.212
0.375,0.363,0.228,0.221,0.185,0.512,0.492,0.241,0.212,0.238
0.363,0.228,0.221,0.185,0.512,0.492,0.241,0.212,0.238,0.093
0.228,0.221,0.185,0.512,0.492,0.241,0.212,0.238,0.093,0.093
0.221,0.185,0.512,0.492,0.241,0.212,0.238,0.093,0.093,0.124
0.185,0.512,0.492,0.241,0.212,0.238,0.093,0.093,0.124,0.112
0.512,0.492,0.241,0.212,0.238,0.093,0.093,0.124,0.112,0.242
0.492,0.241,0.212,0.238,0.093,0.093,0.124,0.112,0.242,0.084
0.241,0.212,0.238,0.093,0.093,0.124,0.112,0.242,0.084,0.627
0.212,0.238,0.093,0.093,0.124,0.112,0.242,0.084,0.627,0.636
0.238,0.093,0.093,0.124,0.112,0.242,0.084,0.627,0.636,0.372
0.093,0.093,0.124,0.112,0.242,0.084,0.627,0.636,0.372,0.526
0.093,0.124,0.112,0.242,0.084,0.627,0.636,0.372,0.526,0.334
0.124,0.112,0.242,0.084,0.627,0.636,0.372,0.526,0.334,0.244
0.112,0.242,0.084,0.627,0.636,0.372,0.526,0.334,0.244,0.104
0.242,0.084,0.627,0.636,0.372,0.526,0.334,0.244,0.104,0.348
0.084,0.627,0.636,0.372,0.526,0.334,0.244,0.104,0.348,0.47
0.627,0.636,0.372,0.526,0.334,0.244,0.104,0.348,0.47,0.369
0.636,0.372,0.526,0.334,0.244,0.104,0.348,0.47,0.369,0.25
0.372,0.526,0.334,0.244,0.104,0.348,0.47,0.369,0.25,0.203
0.526,0.334,0.244,0.104,0.348,0.47,0.369,0.25,0.203,0.223
0.334,0.244,0.104,0.348,0.47,0.369,0.25,0.203,0.223,0.072
0.244,0.104,0.348,0.47,0.369,0.25,0.203,0.223,0.072,0.096
0.104,0.348,0.47,0.369,0.25,0.203,0.223,0.072,0.096,0.085
0.348,0.47,0.369,0.25,0.203,0.223,0.072,0.096,0.085,0.069
0.47,0.369,0.25,0.203,0.223,0.072,0.096,0.085,0.069,0.492
0.369,0.25,0.203,0.223,0.072,0.096,0.085,0.069,0.492,1.054
0.25,0.203,0.223,0.072,0.096,0.085,0.069,0.492,1.054,3.931
0.203,0.223,0.072,0.096,0.085,0.069,0.492,1.054,3.931,3.08
0.223,0.072,0.096,0.085,0.069,0.492,1.054,3.931,3.08,2.427
0.072,0.096,0.085,0.069,0.492,1.054,3.931,3.08,2.427,1.712
0.096,0.085,0.069,0.492,1.054,3.931,3.08,2.427,1.712,1.144
0.085,0.069,0.492,1.054,3.931,3.08,2.427,1.712,1.144,0.815
0.069,0.492,1.054,3.931,3.08,2.427,1.712,1.144,0.815,0.816
0.492,1.054,3.931,3.08,2.427,1.712,1.144,0.815,0.816,0.666
1.054,3.931,3.08,2.427,1.712,1.144,0.815,0.816,0.666,0.769
3.931,3.08,2.427,1.712,1.144,0.815,0.816,0.666,0.769,0.508
3.08,2.427,1.712,1.144,0.815,0.816,0.666,0.769,0.508,0.488
2.427,1.712,1.144,0.815,0.816,0.666,0.769,0.508,0.488,0.858
1.712,1.144,0.815,0.816,0.666,0.769,0.508,0.488,0.858,1.739
1.144,0.815,0.816,0.666,0.769,0.508,0.488,0.858,1.739,0.927
0.815,0.816,0.666,0.769,0.508,0.488,0.858,1.739,0.927,1.196
0.816,0.666,0.769,0.508,0.488,0.858,1.739,0.927,1.196,0.202
0.666,0.769,0.508,0.488,0.858,1.739,0.927,1.196,0.202,0.473
0.769,0.508,0.488,0.858,1.739,0.927,1.196,0.202,0.473,0.494
0.508,0.488,0.858,1.739,0.927,1.196,0.202,0.473,0.494,0.354
0.488,0.858,1.739,0.927,1.196,0.202,0.473,0.494,0.354,0.205
0.858,1.739,0.927,1.196,0.202,0.473,0.494,0.354,0.205,0.348
1.739,0.927,1.196,0.202,0.473,0.494,0.354,0.205,0.348,0.19
0.927,1.196,0.202,0.473,0.494,0.354,0.205,0.348,0.19,0.332
1.196,0.202,0.473,0.494,0.354,0.205,0.348,0.19,0.332,0.337
0.202,0.473,0.494,0.354,0.205,0.348,0.19,0.332,0.337,0.206
0.473,0.494,0.354,0.205,0.348,0.19,0.332,0.337,0.206,0.495
0.494,0.354,0.205,0.348,0.19,0.332,0.337,0.206,0.495,0.49
0.354,0.205,0.348,0.19,0.332,0.337,0.206,0.495,0.49,0.365
0.205,0.348,0.19,0.332,0.337,0.206,0.495,0.49,0.365,0.21
0.348,0.19,0.332,0.337,0.206,0.495,0.49,0.365,0.21,0.355
0.19,0.332,0.337,0.206,0.495,0.49,0.365,0.21,0.355,0.22
0.332,0.337,0.206,0.495,0.49,0.365,0.21,0.355,0.22,0.338
0.337,0.206,0.495,0.49,0.365,0.21,0.355,0.22,0.338,0.497
0.206,0.495,0.49,0.365,0.21,0.355,0.22,0.338,0.497,1.077
0.495,0.49,0.365,0.21,0.355,0.22,0.338,0.497,1.077,0.662
0.49,0.365,0.21,0.355,0.22,0.338,0.497,1.077,0.662,0.379
0.365,0.21,0.355,0.22,0.338,0.497,1.077,0.662,0.379,0.366
0.21,0.355,0.22,0.338,0.497,1.077,0.662,0.379,0.366,0.281
0.355,0.22,0.338,0.497,1.077,0.662,0.379,0.366,0.281,0.204
0.22,0.338,0.497,1.077,0.662,0.379,0.366,0.281,0.204,0.199
0.338,0.497,1.077,0.662,0.379,0.366,0.281,0.204,0.199,0.451
0.497,1.077,0.662,0.379,0.366,0.281,0.204,0.199,0.451,0.321
1.077,0.662,0.379,0.366,0.281,0.204,0.199,0.451,0.321,0.326
0.662,0.379,0.366,0.281,0.204,0.199,0.451,0.321,0.326,0.181
0.379,0.366,0.281,0.204,0.199,0.451,0.321,0.326,0.181,0.313
0.366,0.281,0.204,0.199,0.451,0.321,0.326,0.181,0.313,0.212
0.281,0.204,0.199,0.451,0.321,0.326,0.181,0.313,0.212,0.165
0.204,0.199,0.451,0.321,0.326,0.181,0.313,0.212,0.165,0.181
0.199,0.451,0.321,0.326,0.181,0.313,0.212,0.165,0.181,0.331
0.451,0.321,0.326,0.181,0.313,0.212,0.165,0.181,0.331,1.836
0.321,0.326,0.181,0.313,0.212,0.165,0.181,0.331,1.836,3.89
0.326,0.181,0.313,0.212,0.165,0.181,0.331,1.836,3.89,2.839
0.181,0.313,0.212,0.165,0.181,0.331,1.836,3.89,2.839,1.486
0.313,0.212,0.165,0.181,0.331,1.836,3.89,2.839,1.486,1.183
0.212,0.165,0.181,0.331,1.836,3.89,2.839,1.486,1.183,0.909
0.165,0.181,0.331,1.836,3.89,2.839,1.486,1.183,0.909,1.031
0.181,0.331,1.836,3.89,2.839,1.486,1.183,0.909,1.031,1.224
0.331,1.836,3.89,2.839,1.486,1.183,0.909,1.031,1.224,1.035
1.836,3.89,2.839,1.486,1.183,0.909,1.031,1.224,1.035,0.935
3.89,2.839,1.486,1.183,0.909,1.031,1.224,1.035,0.935,0.768
2.839,1.486,1.183,0.909,1.031,1.224,1.035,0.935,0.768,0.636
1.486,1.183,0.909,1.031,1.224,1.035,0.935,0.768,0.636,0.64
1.183,0.909,1.031,1.224,1.035,0.935,0.768,0.636,0.64,0.626
0.909,1.031,1.224,1.035,0.935,0.768,0.636,0.64,0.626,0.627
1.031,1.224,1.035,0.935,0.768,0.636,0.64,0.626,0.627,0.5
1.224,1.035,0.935,0.768,0.636,0.64,0.626,0.627,0.5,0.476
1.035,0.935,0.768,0.636,0.64,0.626,0.627,0.5,0.476,0.479
0.935,0.768,0.636,0.64,0.626,0.627,0.5,0.476,0.479,0.361
0.768,0.636,0.64,0.626,0.627,0.5,0.476,0.479,0.361,0.348
0.636,0.64,0.626,0.627,0.5,0.476,0.479,0.361,0.348,0.5
0.64,0.626,0.627,0.5,0.476,0.479,0.361,0.348,0.5,0.472
0.626,0.627,0.5,0.476,0.479,0.361,0.348,0.5,0.472,0.259
0.627,0.5,0.476,0.479,0.361,0.348,0.5,0.472,0.259,0.614
0.5,0.476,0.479,0.361,0.348,0.5,0.472,0.259,0.614,0.477
0.476,0.479,0.361,0.348,0.5,0.472,0.259,0.614,0.477,0.77
0.479,0.361,0.348,0.5,0.472,0.259,0.614,0.477,0.77,0.767
0.361,0.348,0.5,0.472,0.259,0.614,0.477,0.77,0.767,0.469
0.348,0.5,0.472,0.259,0.614,0.477,0.77,0.767,0.469,0.724
0.5,0.472,0.259,0.614,0.477,0.77,0.767,0.469,0.724,0.469
0.472,0.259,0.614,0.477,0.77,0.767,0.469,0.724,0.469,0.476
0.259,0.614,0.477,0.77,0.767,0.469,0.724,0.469,0.476,0.496
0.614,0.477,0.77,0.767,0.469,0.724,0.469,0.476,0.496,0.333
0.477,0.77,0.767,0.469,0.724,0.469,0.476,0.496,0.333,0.454
0.77,0.767,0.469,0.724,0.469,0.476,0.496,0.333,0.454,0.479
0.767,0.469,0.724,0.469,0.476,0.496,0.333,0.454,0.479,0.325
0.469,0.724,0.469,0.476,0.496,0.333,0.454,0.479,0.325,0.325
0.724,0.469,0.476,0.496,0.333,0.454,0.479,0.325,0.325,0.321
0.469,0.476,0.496,0.333,0.454,0.479,0.325,0.325,0.321,0.464
0.476,0.496,0.333,0.454,0.479,0.325,0.325,0.321,0.464,0.324
0.496,0.333,0.454,0.479,0.325,0.325,0.321,0.464,0.324,0.751
0.333,0.454,0.479,0.325,0.325,0.321,0.464,0.324,0.751,2.081
0.454,0.479,0.325,0.325,0.321,0.464,0.324,0.751,2.081,2.188
0.479,0.325,0.325,0.321,0.464,0.324,0.751,2.081,2.188,2.234
0.325,0.325,0.321,0.464,0.324,0.751,2.081,2.188,2.234,2.015
0.325,0.321,0.464,0.324,0.751,2.081,2.188,2.234,2.015,6.177
0.321,0.464,0.324,0.751,2.081,2.188,2.234,2.015,6.177,3.814
0.464,0.324,0.751,2.081,2.188,2.234,2.015,6.177,3.814,3.043
0.324,0.751,2.081,2.188,2.234,2.015,6.177,3.814,3.043,2.463
0.751,2.081,2.188,2.234,2.015,6.177,3.814,3.043,2.463,2.19
2.081,2.188,2.234,2.015,6.177,3.814,3.043,2.463,2.19,1.846
2.188,2.234,2.015,6.177,3.814,3.043,2.463,2.19,1.846,1.879
2.234,2.015,6.177,3.814,3.043,2.463,2.19,1.846,1.879,1.755
2.015,6.177,3.814,3.043,2.463,2.19,1.846,1.879,1.755,1.53
6.177,3.814,3.043,2.463,2.19,1.846,1.879,1.755,1.53,1.549
3.814,3.043,2.463,2.19,1.846,1.879,1.755,1.53,1.549,1.435
3.043,2.463,2.19,1.846,1.879,1.755,1.53,1.549,1.435,1.413
2.463,2.19,1.846,1.879,1.755,1.53,1.549,1.435,1.413,1.415
2.19,1.846,1.879,1.755,1.53,1.549,1.435,1.413,1.415,1.584
1.846,1.879,1.755,1.53,1.549,1.435,1.413,1.415,1.584,1.538
1.879,1.755,1.53,1.549,1.435,1.413,1.415,1.584,1.538,1.189
1.755,1.53,1.549,1.435,1.413,1.415,1.584,1.538,1.189,1.228
1.53,1.549,1.435,1.413,1.415,1.584,1.538,1.189,1.228,1.053
1.549,1.435,1.413,1.415,1.584,1.538,1.189,1.228,1.053,1.244
1.435,1.413,1.415,1.584,1.538,1.189,1.228,1.053,1.244,1.076
1.413,1.415,1.584,1.538,1.189,1.228,1.053,1.244,1.076,2.526
1.415,1.584,1.538,1.189,1.228,1.053,1.244,1.076,2.526,3.689
1.584,1.538,1.189,1.228,1.053,1.244,1.076,2.526,3.689,3.942
1.538,1.189,1.228,1.053,1.244,1.076,2.526,3.689,3.942,2.501
1.189,1.228,1.053,1.244,1.076,2.526,3.689,3.942,2.501,2.101
1.228,1.053,1.244,1.076,2.526,3.689,3.942,2.501,2.101,2.664
1.053,1.244,1.076,2.526,3.689,3.942,2.501,2.101,2.664,2.994
1.244,1.076,2.526,3.689,3.942,2.501,2.101,2.664,2.994,2.351
1.076,2.526,3.689,3.942,2.501,2.101,2.664,2.994,2.351,2.203
2.526,3.689,3.942,2.501,2.101,2.664,2.994,2.351,2.203,1.83
3.689,3.942,2.501,2.101,2.664,2.994,2.351,2.203,1.83,1.689
3.942,2.501,2.101,2.664,2.994,2.351,2.203,1.83,1.689,1.641
2.501,2.101,2.664,2.994,2.351,2.203,1.83,1.689,1.641,1.373
2.101,2.664,2.994,2.351,2.203,1.83,1.689,1.641,1.373,1.383
2.664,2.994,2.351,2.203,1.83,1.689,1.641,1.373,1.383,1.091
2.994,2.351,2.203,1.83,1.689,1.641,1.373,1.383,1.091,0.901
2.351,2.203,1.83,1.689,1.641,1.373,1.383,1.091,0.901,0.859
2.203,1.83,1.689,1.641,1.373,1.383,1.091,0.901,0.859,0.734
1.83,1.689,1.641,1.373,1.383,1.091,0.901,0.859,0.734,0.605
1.689,1.641,1.373,1.383,1.091,0.901,0.859,0.734,0.605,0.601
1.641,1.373,1.383,1.091,0.901,0.859,0.734,0.605,0.601,0.588
1.373,1.383,1.091,0.901,0.859,0.734,0.605,0.601,0.588,0.602
1.383,1.091,0.901,0.859,0.734,0.605,0.601,0.588,0.602,0.469
1.091,0.901,0.859,0.734,0.605,0.601,0.588,0.602,0.469,0.578
0.901,0.859,0.734,0.605,0.601,0.588,0.602,0.469,0.578,0.447
0.859,0.734,0.605,0.601,0.588,0.602,0.469,0.578,0.447,0.572
0.734,0.605,0.601,0.588,0.602,0.469,0.578,0.447,0.572,0.432
0.605,0.601,0.588,0.602,0.469,0.578,0.447,0.572,0.432,0.444
0.601,0.588,0.602,0.469,0.578,0.447,0.572,0.432,0.444,0.569
0.588,0.602,0.469,0.578,0.447,0.572,0.432,0.444,0.569,0.449
0.602,0.469,0.578,0.447,0.572,0.432,0.444,0.569,0.449,0.468
0.469,0.578,0.447,0.572,0.432,0.444,0.569,0.449,0.468,0.468
0.578,0.447,0.572,0.432,0.444,0.569,0.449,0.468,0.468,0.471
0.447,0.572,0.432,0.444,0.569,0.449,0.468,0.468,0.471,0.352
0.572,0.432,0.444,0.569,0.449,0.468,0.468,0.471,0.352,0.37
0.432,0.444,0.569,0.449,0.468,0.468,0.471,0.352,0.37,0.48
0.444,0.569,0.449,0.468,0.468,0.471,0.352,0.37,0.48,0.369
0.569,0.449,0.468,0.468,0.471,0.352,0.37,0.48,0.369,0.509
0.449,0.468,0.468,0.471,0.352,0.37,0.48,0.369,0.509,0.507
0.468,0.468,0.471,0.352,0.37,0.48,0.369,0.509,0.507,0.501
0.468,0.471,0.352,0.37,0.48,0.369,0.509,0.507,0.501,0.398
0.471,0.352,0.37,0.48,0.369,0.509,0.507,0.501,0.398,0.555
0.352,0.37,0.48,0.369,0.509,0.507,0.501,0.398,0.555,0.479
0.37,0.48,0.369,0.509,0.507,0.501,0.398,0.555,0.479,0.476
0.48,0.369,0.509,0.507,0.501,0.398,0.555,0.479,0.476,0.485
0.369,0.509,0.507,0.501,0.398,0.555,0.479,0.476,0.485,0.486
0.509,0.507,0.501,0.398,0.555,0.479,0.476,0.485,0.486,0.5
0.507,0.501,0.398,0.555,0.479,0.476,0.485,0.486,0.5,0.309
0.501,0.398,0.555,0.479,0.476,0.485,0.486,0.5,0.309,0.83
0.398,0.555,0.479,0.476,0.485,0.486,0.5,0.309,0.83,2.304
0.555,0.479,0.476,0.485,0.486,0.5,0.309,0.83,2.304,2.016
0.479,0.476,0.485,0.486,0.5,0.309,0.83,2.304,2.016,1.456
0.476,0.485,0.486,0.5,0.309,0.83,2.304,2.016,1.456,1.357
0.485,0.486,0.5,0.309,0.83,2.304,2.016,1.456,1.357,0.785
0.486,0.5,0.309,0.83,2.304,2.016,1.456,1.357,0.785,0.939
0.5,0.309,0.83,2.304,2.016,1.456,1.357,0.785,0.939,0.863
0.309,0.83,2.304,2.016,1.456,1.357,0.785,0.939,0.863,0.873
0.83,2.304,2.016,1.456,1.357,0.785,0.939,0.863,0.873,1.72
2.304,2.016,1.456,1.357,0.785,0.939,0.863,0.873,1.72,1.597
2.016,1.456,1.357,0.785,0.939,0.863,0.873,1.72,1.597,1.133
1.456,1.357,0.785,0.939,0.863,0.873,1.72,1.597,1.133,1.158
1.357,0.785,0.939,0.863,0.873,1.72,1.597,1.133,1.158,0.903
0.785,0.939,0.863,0.873,1.72,1.597,1.133,1.158,0.903,1.037
0.939,0.863,0.873,1.72,1.597,1.133,1.158,0.903,1.037,1.047
0.863,0.873,1.72,1.597,1.133,1.158,0.903,1.037,1.047,0.9
0.873,1.72,1.597,1.133,1.158,0.903,1.037,1.047,0.9,0.776
1.72,1.597,1.133,1.158,0.903,1.037,1.047,0.9,0.776,0.861
1.597,1.133,1.158,0.903,1.037,1.047,0.9,0.776,0.861,1.635
1.133,1.158,0.903,1.037,1.047,0.9,0.776,0.861,1.635,1.402
1.158,0.903,1.037,1.047,0.9,0.776,0.861,1.635,1.402,1.092
0.903,1.037,1.047,0.9,0.776,0.861,1.635,1.402,1.092,1.107
1.037,1.047,0.9,0.776,0.861,1.635,1.402,1.092,1.107,0.85
1.047,0.9,0.776,0.861,1.635,1.402,1.092,1.107,0.85,0.98
0.9,0.776,0.861,1.635,1.402,1.092,1.107,0.85,0.98,0.643
0.776,0.861,1.635,1.402,1.092,1.107,0.85,0.98,0.643,0.646
0.861,1.635,1.402,1.092,1.107,0.85,0.98,0.643,0.646,1.103
1.635,1.402,1.092,1.107,0.85,0.98,0.643,0.646,1.103,0.645
1.402,1.092,1.107,0.85,0.98,0.643,0.646,1.103,0.645,0.543
1.092,1.107,0.85,0.98,0.643,0.646,1.103,0.645,0.543,0.535
1.107,0.85,0.98,0.643,0.646,1.103,0.645,0.543,0.535,0.777
0.85,0.98,0.643,0.646,1.103,0.645,0.543,0.535,0.777,0.423
0.98,0.643,0.646,1.103,0.645,0.543,0.535,0.777,0.423,0.519
0.643,0.646,1.103,0.645,0.543,0.535,0.777,0.423,0.519,0.78
0.646,1.103,0.645,0.543,0.535,0.777,0.423,0.519,0.78,0.758
1.103,0.645,0.543,0.535,0.777,0.423,0.519,0.78,0.758,0.48
0.645,0.543,0.535,0.777,0.423,0.519,0.78,0.758,0.48,0.651
0.543,0.535,0.777,0.423,0.519,0.78,0.758,0.48,0.651,0.583
0.535,0.777,0.423,0.519,0.78,0.758,0.48,0.651,0.583,0.685
0.777,0.423,0.519,0.78,0.758,0.48,0.651,0.583,0.685,0.537
0.423,0.519,0.78,0.758,0.48,0.651,0.583,0.685,0.537,0.543
0.519,0.78,0.758,0.48,0.651,0.583,0.685,0.537,0.543,0.847
0.78,0.758,0.48,0.651,0.583,0.685,0.537,0.543,0.847,2.001
0.758,0.48,0.651,0.583,0.685,0.537,0.543,0.847,2.001,1.772
0.48,0.651,0.583,0.685,0.537,0.543,0.847,2.001,1.772,2.282
0.651,0.583,0.685,0.537,0.543,0.847,2.001,1.772,2.282,1.649
0.583,0.685,0.537,0.543,0.847,2.001,1.772,2.282,1.649,1.105
0.685,0.537,0.543,0.847,2.001,1.772,2.282,1.649,1.105,1.084
0.537,0.543,0.847,2.001,1.772,2.282,1.649,1.105,1.084,1.12
0.543,0.847,2.001,1.772,2.282,1.649,1.105,1.084,1.12,1.126
0.847,2.001,1.772,2.282,1.649,1.105,1.084,1.12,1.126,1.013
2.001,1.772,2.282,1.649,1.105,1.084,1.12,1.126,1.013,0.982
1.772,2.282,1.649,1.105,1.084,1.12,1.126,1.013,0.982,1.03
2.282,1.649,1.105,1.084,1.12,1.126,1.013,0.982,1.03,1.598
1.649,1.105,1.084,1.12,1.126,1.013,0.982,1.03,1.598,1.32
1.105,1.084,1.12,1.126,1.013,0.982,1.03,1.598,1.32,1.81
1.084,1.12,1.126,1.013,0.982,1.03,1.598,1.32,1.81,1.442
1.12,1.126,1.013,0.982,1.03,1.598,1.32,1.81,1.442,1.58
1.126,1.013,0.982,1.03,1.598,1.32,1.81,1.442,1.58,1.697
1.013,0.982,1.03,1.598,1.32,1.81,1.442,1.58,1.697,1.56
0.982,1.03,1.598,1.32,1.81,1.442,1.58,1.697,1.56,1.568
1.03,1.598,1.32,1.81,1.442,1.58,1.697,1.56,1.568,1.326
1.598,1.32,1.81,1.442,1.58,1.697,1.56,1.568,1.326,1.445
1.32,1.81,1.442,1.58,1.697,1.56,1.568,1.326,1.445,1.493
1.81,1.442,1.58,1.697,1.56,1.568,1.326,1.445,1.493,1.417
1.442,1.58,1.697,1.56,1.568,1.326,1.445,1.493,1.417,1.319
1.58,1.697,1.56,1.568,1.326,1.445,1.493,1.417,1.319,1.298
1.697,1.56,1.568,1.326,1.445,1.493,1.417,1.319,1.298,1.422
1.56,1.568,1.326,1.445,1.493,1.417,1.319,1.298,1.422,1.208
1.568,1.326,1.445,1.493,1.417,1.319,1.298,1.422,1.208,2.376
1.326,1.445,1.493,1.417,1.319,1.298,1.422,1.208,2.376,2.755
1.445,1.493,1.417,1.319,1.298,1.422,1.208,2.376,2.755,2.283
1.493,1.417,1.319,1.298,1.422,1.208,2.376,2.755,2.283,1.785
1.417,1.319,1.298,1.422,1.208,2.376,2.755,2.283,1.785,1.584
1.319,1.298,1.422,1.208,2.376,2.755,2.283,1.785,1.584,1.979
1.298,1.422,1.208,2.376,2.755,2.283,1.785,1.584,1.979,2.236
1.422,1.208,2.376,2.755,2.283,1.785,1.584,1.979,2.236,1.793
1.208,2.376,2.755,2.283,1.785,1.584,1.979,2.236,1.793,1.552
2.376,2.755,2.283,1.785,1.584,1.979,2.236,1.793,1.552,1.678
2.755,2.283,1.785,1.584,1.979,2.236,1.793,1.552,1.678,1.955
2.283,1.785,1.584,1.979,2.236,1.793,1.552,1.678,1.955,1.554
1.785,1.584,1.979,2.236,1.793,1.552,1.678,1.955,1.554,1.408
1.584,1.979,2.236,1.793,1.552,1.678,1.955,1.554,1.408,1.687
1.979,2.236,1.793,1.552,1.678,1.955,1.554,1.408,1.687,1.86
2.236,1.793,1.552,1.678,1.955,1.554,1.408,1.687,1.86,1.733
1.793,1.552,1.678,1.955,1.554,1.408,1.687,1.86,1.733,1.585
1.552,1.678,1.955,1.554,1.408,1.687,1.86,1.733,1.585,1.261
1.678,1.955,1.554,1.408,1.687,1.86,1.733,1.585,1.261,1.645
1.955,1.554,1.408,1.687,1.86,1.733,1.585,1.261,1.645,1.237
1.554,1.408,1.687,1.86,1.733,1.585,1.261,1.645,1.237,1.209
1.408,1.687,1.86,1.733,1.585,1.261,1.645,1.237,1.209,1.107
1.687,1.86,1.733,1.585,1.261,1.645,1.237,1.209,1.107,1.643
1.86,1.733,1.585,1.261,1.645,1.237,1.209,1.107,1.643,1.726
1.733,1.585,1.261,1.645,1.237,1.209,1.107,1.643,1.726,1.448
1.585,1.261,1.645,1.237,1.209,1.107,1.643,1.726,1.448,1.305
1.261,1.645,1.237,1.209,1.107,1.643,1.726,1.448,1.305,1.028
1.645,1.237,1.209,1.107,1.643,1.726,1.448,1.305,1.028,1.024
1.237,1.209,1.107,1.643,1.726,1.448,1.305,1.028,1.024,1.199
1.209,1.107,1.643,1.726,1.448,1.305,1.028,1.024,1.199,1.182
1.107,1.643,1.726,1.448,1.305,1.028,1.024,1.199,1.182,0.88
1.643,1.726,1.448,1.305,1.028,1.024,1.199,1.182,0.88,0.904
1.726,1.448,1.305,1.028,1.024,1.199,1.182,0.88,0.904,1.806
1.448,1.305,1.028,1.024,1.199,1.182,0.88,0.904,1.806,1.782
1.305,1.028,1.024,1.199,1.182,0.88,0.904,1.806,1.782,2.3
1.028,1.024,1.199,1.182,0.88,0.904,1.806,1.782,2.3,1.622
1.024,1.199,1.182,0.88,0.904,1.806,1.782,2.3,1.622,1.446
1.199,1.182,0.88,0.904,1.806,1.782,2.3,1.622,1.446,1.193
1.182,0.88,0.904,1.806,1.782,2.3,1.622,1.446,1.193,1.122
0.88,0.904,1.806,1.782,2.3,1.622,1.446,1.193,1.122,1.053
0.904,1.806,1.782,2.3,1.622,1.446,1.193,1.122,1.053,0.893
1.806,1.782,2.3,1.622,1.446,1.193,1.122,1.053,0.893,0.722
1.782,2.3,1.622,1.446,1.193,1.122,1.053,0.893,0.722,0.72
2.3,1.622,1.446,1.193,1.122,1.053,0.893,0.722,0.72,0.719
1.622,1.446,1.193,1.122,1.053,0.893,0.722,0.72,0.719,0.583
1.446,1.193,1.122,1.053,0.893,0.722,0.72,0.719,0.583,0.443
1.193,1.122,1.053,0.893,0.722,0.72,0.719,0.583,0.443,0.457
1.122,1.053,0.893,0.722,0.72,0.719,0.583,0.443,0.457,0.637
1.053,0.893,0.722,0.72,0.719,0.583,0.443,0.457,0.637,0.535
0.893,0.722,0.72,0.719,0.583,0.443,0.457,0.637,0.535,0.646
0.722,0.72,0.719,0.583,0.443,0.457,0.637,0.535,0.646,0.623
0.72,0.719,0.583,0.443,0.457,0.637,0.535,0.646,0.623,1.352
0.719,0.583,0.443,0.457,0.637,0.535,0.646,0.623,1.352,0.807
0.583,0.443,0.457,0.637,0.535,0.646,0.623,1.352,0.807,0.627
0.443,0.457,0.637,0.535,0.646,0.623,1.352,0.807,0.627,0.649
0.457,0.637,0.535,0.646,0.623,1.352,0.807,0.627,0.649,0.503
0.637,0.535,0.646,0.623,1.352,0.807,0.627,0.649,0.503,0.496
0.535,0.646,0.623,1.352,0.807,0.627,0.649,0.503,0.496,0.496
0.646,0.623,1.352,0.807,0.627,0.649,0.503,0.496,0.496,0.498
0.623,1.352,0.807,0.627,0.649,0.503,0.496,0.496,0.498,0.23
1.352,0.807,0.627,0.649,0.503,0.496,0.496,0.498,0.23,0.355
0.807,0.627,0.649,0.503,0.496,0.496,0.498,0.23,0.355,0.362
0.627,0.649,0.503,0.496,0.496,0.498,0.23,0.355,0.362,0.249
0.649,0.503,0.496,0.496,0.498,0.23,0.355,0.362,0.249,0.254
0.503,0.496,0.496,0.498,0.23,0.355,0.362,0.249,0.254,0.225
0.496,0.496,0.498,0.23,0.355,0.362,0.249,0.254,0.225,0.227
0.496,0.498,0.23,0.355,0.362,0.249,0.254,0.225,0.227,0.229
0.498,0.23,0.355,0.362,0.249,0.254,0.225,0.227,0.229,0.233
0.23,0.355,0.362,0.249,0.254,0.225,0.227,0.229,0.233,0.648
0.355,0.362,0.249,0.254,0.225,0.227,0.229,0.233,0.648,0.474
0.362,0.249,0.254,0.225,0.227,0.229,0.233,0.648,0.474,0.218
0.249,0.254,0.225,0.227,0.229,0.233,0.648,0.474,0.218,0.215
0.254,0.225,0.227,0.229,0.233,0.648,0.474,0.218,0.215,0.214
0.225,0.227,0.229,0.233,0.648,0.474,0.218,0.215,0.214,0.107
0.227,0.229,0.233,0.648,0.474,0.218,0.215,0.214,0.107,0.207
0.229,0.233,0.648,0.474,0.218,0.215,0.214,0.107,0.207,0.114
0.233,0.648,0.474,0.218,0.215,0.214,0.107,0.207,0.114,0.238
0.648,0.474,0.218,0.215,0.214,0.107,0.207,0.114,0.238,0.14
0.474,0.218,0.215,0.214,0.107,0.207,0.114,0.238,0.14,0.25
0.218,0.215,0.214,0.107,0.207,0.114,0.238,0.14,0.25,0.52
0.215,0.214,0.107,0.207,0.114,0.238,0.14,0.25,0.52,0.301
0.214,0.107,0.207,0.114,0.238,0.14,0.25,0.52,0.301,0.148
0.107,0.207,0.114,0.238,0.14,0.25,0.52,0.301,0.148,0.044
0.207,0.114,0.238,0.14,0.25,0.52,0.301,0.148,0.044,0.125
0.114,0.238,0.14,0.25,0.52,0.301,0.148,0.044,0.125,0.017
0.238,0.14,0.25,0.52,0.301,0.148,0.044,0.125,0.017,0.01
0.14,0.25,0.52,0.301,0.148,0.044,0.125,0.017,0.01,0.01
0.25,0.52,0.301,0.148,0.044,0.125,0.017,0.01,0.01,0.027
0.52,0.301,0.148,0.044,0.125,0.017,0.01,0.01,0.027,0.019
0.301,0.148,0.044,0.125,0.017,0.01,0.01,0.027,0.019,0.35
0.148,0.044,0.125,0.017,0.01,0.01,0.027,0.019,0.35,0.19
0.044,0.125,0.017,0.01,0.01,0.027,0.019,0.35,0.19,0.076
0.125,0.017,0.01,0.01,0.027,0.019,0.35,0.19,0.076,0.162
0.017,0.01,0.01,0.027,0.019,0.35,0.19,0.076,0.162,0.014
0.01,0.01,0.027,0.019,0.35,0.19,0.076,0.162,0.014,0.03
0.01,0.027,0.019,0.35,0.19,0.076,0.162,0.014,0.03,0.001
0.027,0.019,0.35,0.19,0.076,0.162,0.014,0.03,0.001,0.071
0.019,0.35,0.19,0.076,0.162,0.014,0.03,0.001,0.071,0.01
0.35,0.19,0.076,0.162,0.014,0.03,0.001,0.071,0.01,0.084
0.19,0.076,0.162,0.014,0.03,0.001,0.071,0.01,0.084,0.062
0.076,0.162,0.014,0.03,0.001,0.071,0.01,0.084,0.062,0.037
0.162,0.014,0.03,0.001,0.071,0.01,0.084,0.062,0.037,0.062
0.014,0.03,0.001,0.071,0.01,0.084,0.062,0.037,0.062,0.08
0.03,0.001,0.071,0.01,0.084,0.062,0.037,0.062,0.08,0.031
0.001,0.071,0.01,0.084,0.062,0.037,0.062,0.08,0.031,0.033
0.071,0.01,0.084,0.062,0.037,0.062,0.08,0.031,0.033,0.023
0.01,0.084,0.062,0.037,0.062,0.08,0.031,0.033,0.023,0.058
0.084,0.062,0.037,0.062,0.08,0.031,0.033,0.023,0.058,0.283
0.062,0.037,0.062,0.08,0.031,0.033,0.023,0.058,0.283,0.029
0.037,0.062,0.08,0.031,0.033,0.023,0.058,0.283,0.029,0.01
0.062,0.08,0.031,0.033,0.023,0.058,0.283,0.029,0.01,0.039
0.08,0.031,0.033,0.023,0.058,0.283,0.029,0.01,0.039,0.173
0.031,0.033,0.023,0.058,0.283,0.029,0.01,0.039,0.173,0.053
0.033,0.023,0.058,0.283,0.029,0.01,0.039,0.173,0.053,0.035
0.023,0.058,0.283,0.029,0.01,0.039,0.173,0.053,0.035,0.179
0.058,0.283,0.029,0.01,0.039,0.173,0.053,0.035,0.179,0.07
0.283,0.029,0.01,0.039,0.173,0.053,0.035,0.179,0.07,0.164
0.029,0.01,0.039,0.173,0.053,0.035,0.179,0.07,0.164,0.064
0.01,0.039,0.173,0.053,0.035,0.179,0.07,0.164,0.064,0.054
0.039,0.173,0.053,0.035,0.179,0.07,0.164,0.064,0.054,0.137
0.173,0.053,0.035,0.179,0.07,0.164,0.064,0.054,0.137,0.013
0.053,0.035,0.179,0.07,0.164,0.064,0.054,0.137,0.013,0.084
0.035,0.179,0.07,0.164,0.064,0.054,0.137,0.013,0.084,0.109
0.179,0.07,0.164,0.064,0.054,0.137,0.013,0.084,0.109,0.01
0.07,0.164,0.064,0.054,0.137,0.013,0.084,0.109,0.01,0.116
0.164,0.064,0.054,0.137,0.013,0.084,0.109,0.01,0.116,0.05
0.064,0.054,0.137,0.013,0.084,0.109,0.01,0.116,0.05,0.029
0.054,0.137,0.013,0.084,0.109,0.01,0.116,0.05,0.029,0.04
0.137,0.013,0.084,0.109,0.01,0.116,0.05,0.029,0.04,0.01
0.013,0.084,0.109,0.01,0.116,0.05,0.029,0.04,0.01,0.131
0.084,0.109,0.01,0.116,0.05,0.029,0.04,0.01,0.131,0.02
0.109,0.01,0.116,0.05,0.029,0.04,0.01,0.131,0.02,0.01
0.01,0.116,0.05,0.029,0.04,0.01,0.131,0.02,0.01,0.01
0.116,0.05,0.029,0.04,0.01,0.131,0.02,0.01,0.01,0.147
0.05,0.029,0.04,0.01,0.131,0.02,0.01,0.01,0.147,0.01
0.029,0.04,0.01,0.131,0.02,0.01,0.01,0.147,0.01,0.01
0.04,0.01,0.131,0.02,0.01,0.01,0.147,0.01,0.01,0.106
0.01,0.131,0.02,0.01,0.01,0.147,0.01,0.01,0.106,0.108
0.131,0.02,0.01,0.01,0.147,0.01,0.01,0.106,0.108,0.011
0.02,0.01,0.01,0.147,0.01,0.01,0.106,0.108,0.011,0.01
0.01,0.01,0.147,0.01,0.01,0.106,0.108,0.011,0.01,0.217
0.01,0.147,0.01,0.01,0.106,0.108,0.011,0.01,0.217,0.108
0.147,0.01,0.01,0.106,0.108,0.011,0.01,0.217,0.108,0.01
0.01,0.01,0.106,0.108,0.011,0.01,0.217,0.108,0.01,0.078
0.01,0.106,0.108,0.011,0.01,0.217,0.108,0.01,0.078,0.01
0.106,0.108,0.011,0.01,0.217,0.108,0.01,0.078,0.01,0.01
0.108,0.011,0.01,0.217,0.108,0.01,0.078,0.01,0.01,0.01
0.011,0.01,0.217,0.108,0.01,0.078,0.01,0.01,0.01,0.026
0.01,0.217,0.108,0.01,0.078,0.01,0.01,0.01,0.026,0.077
0.217,0.108,0.01,0.078,0.01,0.01,0.01,0.026,0.077,0.01
0.108,0.01,0.078,0.01,0.01,0.01,0.026,0.077,0.01,0.01
0.01,0.078,0.01,0.01,0.01,0.026,0.077,0.01,0.01,0.01
0.078,0.01,0.01,0.01,0.026,0.077,0.01,0.01,0.01,0.01
0.01,0.01,0.01,0.026,0.077,0.01,0.01,0.01,0.01,0.01
0.01,0.01,0.026,0.077,0.01,0.01,0.01,0.01,0.01,0.071
0.01,0.026,0.077,0.01,0.01,0.01,0.01,0.01,0.071,0.01
0.026,0.077,0.01,0.01,0.01,0.01,0.01,0.071,0.01,0.01
0.077,0.01,0.01,0.01,0.01,0.01,0.071,0.01,0.01,0.21
0.01,0.01,0.01,0.01,0.01,0.071,0.01,0.01,0.21,0.01
0.01,0.01,0.01,0.01,0.071,0.01,0.01,0.21,0.01,0.01
0.01,0.01,0.01,0.071,0.01,0.01,0.21,0.01,0.01,0.1
0.01,0.01,0.071,0.01,0.01,0.21,0.01,0.01,0.1,0.105
0.01,0.071,0.01,0.01,0.21,0.01,0.01,0.1,0.105,0.103
0.071,0.01,0.01,0.21,0.01,0.01,0.1,0.105,0.103,0.107
0.01,0.01,0.21,0.01,0.01,0.1,0.105,0.103,0.107,0.01
0.01,0.21,0.01,0.01,0.1,0.105,0.103,0.107,0.01,0.01
0.21,0.01,0.01,0.1,0.105,0.103,0.107,0.01,0.01,0.103
0.01,0.01,0.1,0.105,0.103,0.107,0.01,0.01,0.103,0.01
0.01,0.1,0.105,0.103,0.107,0.01,0.01,0.103,0.01,0.01
0.1,0.105,0.103,0.107,0.01,0.01,0.103,0.01,0.01,0.01
0.105,0.103,0.107,0.01,0.01,0.103,0.01,0.01,0.01,0.01
0.103,0.107,0.01,0.01,0.103,0.01,0.01,0.01,0.01,0.01
0.107,0.01,0.01,0.103,0.01,0.01,0.01,0.01,0.01,0.01
0.01,0.01,0.103,0.01,0.01,0.01,0.01,0.01,0.01,0.01
0.01,0.103,0.01,0.01,0.01,0.01,0.01,0.01,0.01,0.01
0.103,0.01,0.01,0.01,0.01,0.01,0.01,0.01,0.01,0.01
0.01,0.01,0.01,0.01,0.01,0.01,0.01,0.01,0.01,0.012
0.01,0.01,0.01,0.01,0.01,0.01,0.01,0.01,0.012,0.112
0.01,0.01,0.01,0.01,0.01,0.01,0.01,0.012,0.112,0.097
0.01,0.01,0.01,0.01,0.01,0.01,0.012,0.112,0.097,0.115
0.01,0.01,0.01,0.01,0.01,0.012,0.112,0.097,0.115,0.112
0.01,0.01,0.01,0.01,0.012,0.112,0.097,0.115,0.112,0.102
0.01,0.01,0.01,0.012,0.112,0.097,0.115,0.112,0.102,0.107
0.01,0.01,0.012,0.112,0.097,0.115,0.112,0.102,0.107,0.01
0.01,0.012,0.112,0.097,0.115,0.112,0.102,0.107,0.01,0.01
0.012,0.112,0.097,0.115,0.112,0.102,0.107,0.01,0.01,0.07
0.112,0.097,0.115,0.112,0.102,0.107,0.01,0.01,0.07,0.086
0.097,0.115,0.112,0.102,0.107,0.01,0.01,0.07,0.086,0.14
0.115,0.112,0.102,0.107,0.01,0.01,0.07,0.086,0.14,0.126
0.112,0.102,0.107,0.01,0.01,0.07,0.086,0.14,0.126,0.019
0.102,0.107,0.01,0.01,0.07,0.086,0.14,0.126,0.019,0.1
0.107,0.01,0.01,0.07,0.086,0.14,0.126,0.019,0.1,0.01
0.01,0.01,0.07,0.086,0.14,0.126,0.019,0.1,0.01,0.108
0.01,0.07,0.086,0.14,0.126,0.019,0.1,0.01,0.108,0.106
0.07,0.086,0.14,0.126,0.019,0.1,0.01,0.108,0.106,0.006
0.086,0.14,0.126,0.019,0.1,0.01,0.108,0.106,0.006,0.059
0.14,0.126,0.019,0.1,0.01,0.108,0.106,0.006,0.059,0.111
0.126,0.019,0.1,0.01,0.108,0.106,0.006,0.059,0.111,0.01
0.019,0.1,0.01,0.108,0.106,0.006,0.059,0.111,0.01,0.104
0.1,0.01,0.108,0.106,0.006,0.059,0.111,0.01,0.104,0.013
0.01,0.108,0.106,0.006,0.059,0.111,0.01,0.104,0.013,0.121
0.108,0.106,0.006,0.059,0.111,0.01,0.104,0.013,0.121,0.01
0.106,0.006,0.059,0.111,0.01,0.104,0.013,0.121,0.01,0.351
0.006,0.059,0.111,0.01,0.104,0.013,0.121,0.01,0.351,0.054
0.059,0.111,0.01,0.104,0.013,0.121,0.01,0.351,0.054,0.123
0.111,0.01,0.104,0.013,0.121,0.01,0.351,0.054,0.123,0.077
0.01,0.104,0.013,0.121,0.01,0.351,0.054,0.123,0.077,0.07
0.104,0.013,0.121,0.01,0.351,0.054,0.123,0.077,0.07,0.01
0.013,0.121,0.01,0.351,0.054,0.123,0.077,0.07,0.01,0.217
0.121,0.01,0.351,0.054,0.123,0.077,0.07,0.01,0.217,0.078
0.01,0.351,0.054,0.123,0.077,0.07,0.01,0.217,0.078,0.113
0.351,0.054,0.123,0.077,0.07,0.01,0.217,0.078,0.113,0.111
0.054,0.123,0.077,0.07,0.01,0.217,0.078,0.113,0.111,0.005
0.123,0.077,0.07,0.01,0.217,0.078,0.113,0.111,0.005,0.111
0.077,0.07,0.01,0.217,0.078,0.113,0.111,0.005,0.111,0.208
0.07,0.01,0.217,0.078,0.113,0.111,0.005,0.111,0.208,0.795
0.01,0.217,0.078,0.113,0.111,0.005,0.111,0.208,0.795,1.368
0.217,0.078,0.113,0.111,0.005,0.111,0.208,0.795,1.368,0.489
0.078,0.113,0.111,0.005,0.111,0.208,0.795,1.368,0.489,0.384
0.113,0.111,0.005,0.111,0.208,0.795,1.368,0.489,0.384,0.389
0.111,0.005,0.111,0.208,0.795,1.368,0.489,0.384,0.389,0.296
0.005,0.111,0.208,0.795,1.368,0.489,0.384,0.389,0.296,0.168
0.111,0.208,0.795,1.368,0.489,0.384,0.389,0.296,0.168,0.283
0.208,0.795,1.368,0.489,0.384,0.389,0.296,0.168,0.283,0.149
0.795,1.368,0.489,0.384,0.389,0.296,0.168,0.283,0.149,0.166
1.368,0.489,0.384,0.389,0.296,0.168,0.283,0.149,0.166,0.158
0.489,0.384,0.389,0.296,0.168,0.283,0.149,0.166,0.158,0.144
0.384,0.389,0.296,0.168,0.283,0.149,0.166,0.158,0.144,0.048
0.389,0.296,0.168,0.283,0.149,0.166,0.158,0.144,0.048,0.156
0.296,0.168,0.283,0.149,0.166,0.158,0.144,0.048,0.156,0.157
0.168,0.283,0.149,0.166,0.158,0.144,0.048,0.156,0.157,0.043
0.283,0.149,0.166,0.158,0.144,0.048,0.156,0.157,0.043,0.154
0.149,0.166,0.158,0.144,0.048,0.156,0.157,0.043,0.154,0.048
0.166,0.158,0.144,0.048,0.156,0.157,0.043,0.154,0.048,0.166
0.158,0.144,0.048,0.156,0.157,0.043,0.154,0.048,0.166,0.161
0.144,0.048,0.156,0.157,0.043,0.154,0.048,0.166,0.161,0.051
0.048,0.156,0.157,0.043,0.154,0.048,0.166,0.161,0.051,0.149
0.156,0.157,0.043,0.154,0.048,0.166,0.161,0.051,0.149,0.41
0.157,0.043,0.154,0.048,0.166,0.161,0.051,0.149,0.41,0.758
0.043,0.154,0.048,0.166,0.161,0.051,0.149,0.41,0.758,0.517
0.154,0.048,0.166,0.161,0.051,0.149,0.41,0.758,0.517,0.408
0.048,0.166,0.161,0.051,0.149,0.41,0.758,0.517,0.408,0.4
0.166,0.161,0.051,0.149,0.41,0.758,0.517,0.408,0.4,0.297
0.161,0.051,0.149,0.41,0.758,0.517,0.408,0.4,0.297,0.284
0.051,0.149,0.41,0.758,0.517,0.408,0.4,0.297,0.284,0.349
0.149,0.41,0.758,0.517,0.408,0.4,0.297,0.284,0.349,0.287
0.41,0.758,0.517,0.408,0.4,0.297,0.284,0.349,0.287,0.421
0.758,0.517,0.408,0.4,0.297,0.284,0.349,0.287,0.421,0.067
0.517,0.408,0.4,0.297,0.284,0.349,0.287,0.421,0.067,0.28
0.408,0.4,0.297,0.284,0.349,0.287,0.421,0.067,0.28,0.397
0.4,0.297,0.284,0.349,0.287,0.421,0.067,0.28,0.397,0.398
0.297,0.284,0.349,0.287,0.421,0.067,0.28,0.397,0.398,0.381
0.284,0.349,0.287,0.421,0.067,0.28,0.397,0.398,0.381,0.386
0.349,0.287,0.421,0.067,0.28,0.397,0.398,0.381,0.386,0.491
0.287,0.421,0.067,0.28,0.397,0.398,0.381,0.386,0.491,0.704
0.421,0.067,0.28,0.397,0.398,0.381,0.386,0.491,0.704,0.399
0.067,0.28,0.397,0.398,0.381,0.386,0.491,0.704,0.399,0.436
0.28,0.397,0.398,0.381,0.386,0.491,0.704,0.399,0.436,0.528
0.397,0.398,0.381,0.386,0.491,0.704,0.399,0.436,0.528,0.421
0.398,0.381,0.386,0.491,0.704,0.399,0.436,0.528,0.421,0.437
0.381,0.386,0.491,0.704,0.399,0.436,0.528,0.421,0.437,0.321
0.386,0.491,0.704,0.399,0.436,0.528,0.421,0.437,0.321,0.444
0.491,0.704,0.399,0.436,0.528,0.421,0.437,0.321,0.444,0.875
0.704,0.399,0.436,0.528,0.421,0.437,0.321,0.444,0.875,0.889
0.399,0.436,0.528,0.421,0.437,0.321,0.444,0.875,0.889,1.124
0.436,0.528,0.421,0.437,0.321,0.444,0.875,0.889,1.124,0.882
0.528,0.421,0.437,0.321,0.444,0.875,0.889,1.124,0.882,0.764
0.421,0.437,0.321,0.444,0.875,0.889,1.124,0.882,0.764,1.221
0.437,0.321,0.444,0.875,0.889,1.124,0.882,0.764,1.221,1.317
0.321,0.444,0.875,0.889,1.124,0.882,0.764,1.221,1.317,1.93
0.444,0.875,0.889,1.124,0.882,0.764,1.221,1.317,1.93,1.605
0.875,0.889,1.124,0.882,0.764,1.221,1.317,1.93,1.605,1.259
0.889,1.124,0.882,0.764,1.221,1.317,1.93,1.605,1.259,1.226
1.124,0.882,0.764,1.221,1.317,1.93,1.605,1.259,1.226,0.766
0.882,0.764,1.221,1.317,1.93,1.605,1.259,1.226,0.766,0.769
0.764,1.221,1.317,1.93,1.605,1.259,1.226,0.766,0.769,0.44
1.221,1.317,1.93,1.605,1.259,1.226,0.766,0.769,0.44,0.434
1.317,1.93,1.605,1.259,1.226,0.766,0.769,0.44,0.434,0.346
1.93,1.605,1.259,1.226,0.766,0.769,0.44,0.434,0.346,0.353
1.605,1.259,1.226,0.766,0.769,0.44,0.434,0.346,0.353,0.368
1.259,1.226,0.766,0.769,0.44,0.434,0.346,0.353,0.368,0.412
1.226,0.766,0.769,0.44,0.434,0.346,0.353,0.368,0.412,0.356
0.766,0.769,0.44,0.434,0.346,0.353,0.368,0.412,0.356,0.327
0.769,0.44,0.434,0.346,0.353,0.368,0.412,0.356,0.327,0.329
0.44,0.434,0.346,0.353,0.368,0.412,0.356,0.327,0.329,0.332
0.434,0.346,0.353,0.368,0.412,0.356,0.327,0.329,0.332,0.271
0.346,0.353,0.368,0.412,0.356,0.327,0.329,0.332,0.271,0.276
0.353,0.368,0.412,0.356,0.327,0.329,0.332,0.271,0.276,0.319
0.368,0.412,0.356,0.327,0.329,0.332,0.271,0.276,0.319,0.23
0.412,0.356,0.327,0.329,0.332,0.271,0.276,0.319,0.23,0.425
0.356,0.327,0.329,0.332,0.271,0.276,0.319,0.23,0.425,0.446
0.327,0.329,0.332,0.271,0.276,0.319,0.23,0.425,0.446,0.328
0.329,0.332,0.271,0.276,0.319,0.23,0.425,0.446,0.328,0.228
0.332,0.271,0.276,0.319,0.23,0.425,0.446,0.328,0.228,0.01
0.271,0.276,0.319,0.23,0.425,0.446,0.328,0.228,0.01,0.099
0.276,0.319,0.23,0.425,0.446,0.328,0.228,0.01,0.099,0.112
0.319,0.23,0.425,0.446,0.328,0.228,0.01,0.099,0.112,0.221
0.23,0.425,0.446,0.328,0.228,0.01,0.099,0.112,0.221,0.278
0.425,0.446,0.328,0.228,0.01,0.099,0.112,0.221,0.278,0.138
0.446,0.328,0.228,0.01,0.099,0.112,0.221,0.278,0.138,0.192
0.328,0.228,0.01,0.099,0.112,0.221,0.278,0.138,0.192,0.119
0.228,0.01,0.099,0.112,0.221,0.278,0.138,0.192,0.119,0.222
0.01,0.099,0.112,0.221,0.278,0.138,0.192,0.119,0.222,0.298
0.099,0.112,0.221,0.278,0.138,0.192,0.119,0.222,0.298,0.166
0.112,0.221,0.278,0.138,0.192,0.119,0.222,0.298,0.166,0.181
0.221,0.278,0.138,0.192,0.119,0.222,0.298,0.166,0.181,0.183
0.278,0.138,0.192,0.119,0.222,0.298,0.166,0.181,0.183,0.162
0.138,0.192,0.119,0.222,0.298,0.166,0.181,0.183,0.162,0.167
0.192,0.119,0.222,0.298,0.166,0.181,0.183,0.162,0.167,0.158
0.119,0.222,0.298,0.166,0.181,0.183,0.162,0.167,0.158,0.171
0.222,0.298,0.166,0.181,0.183,0.162,0.167,0.158,0.171,0.191
0.298,0.166,0.181,0.183,0.162,0.167,0.158,0.171,0.191,0.044
0.166,0.181,0.183,0.162,0.167,0.158,0.171,0.191,0.044,0.15
0.181,0.183,0.162,0.167,0.158,0.171,0.191,0.044,0.15,0.149
0.183,0.162,0.167,0.158,0.171,0.191,0.044,0.15,0.149,0.063
0.162,0.167,0.158,0.171,0.191,0.044,0.15,0.149,0.063,0.226
0.167,0.158,0.171,0.191,0.044,0.15,0.149,0.063,0.226,0.112
0.158,0.171,0.191,0.044,0.15,0.149,0.063,0.226,0.112,0.21
0.171,0.191,0.044,0.15,0.149,0.063,0.226,0.112,0.21,0.106
0.191,0.044,0.15,0.149,0.063,0.226,0.112,0.21,0.106,0.355
0.044,0.15,0.149,0.063,0.226,0.112,0.21,0.106,0.355,0.211
0.15,0.149,0.063,0.226,0.112,0.21,0.106,0.355,0.211,0.199
0.149,0.063,0.226,0.112,0.21,0.106,0.355,0.211,0.199,0.105
0.063,0.226,0.112,0.21,0.106,0.355,0.211,0.199,0.105,0.108
0.226,0.112,0.21,0.106,0.355,0.211,0.199,0.105,0.108,0.197
0.112,0.21,0.106,0.355,0.211,0.199,0.105,0.108,0.197,0.127
0.21,0.106,0.355,0.211,0.199,0.105,0.108,0.197,0.127,0.13
0.106,0.355,0.211,0.199,0.105,0.108,0.197,0.127,0.13,0.097
0.355,0.211,0.199,0.105,0.108,0.197,0.127,0.13,0.097,0.095
0.211,0.199,0.105,0.108,0.197,0.127,0.13,0.097,0.095,0.129
0.199,0.105,0.108,0.197,0.127,0.13,0.097,0.095,0.129,0.246
0.105,0.108,0.197,0.127,0.13,0.097,0.095,0.129,0.246,0.09
0.108,0.197,0.127,0.13,0.097,0.095,0.129,0.246,0.09,0.23
0.197,0.127,0.13,0.097,0.095,0.129,0.246,0.09,0.23,0.245
0.127,0.13,0.097,0.095,0.129,0.246,0.09,0.23,0.245,0.111
0.13,0.097,0.095,0.129,0.246,0.09,0.23,0.245,0.111,0.337
0.097,0.095,0.129,0.246,0.09,0.23,0.245,0.111,0.337,0.767
0.095,0.129,0.246,0.09,0.23,0.245,0.111,0.337,0.767,2.264
0.129,0.246,0.09,0.23,0.245,0.111,0.337,0.767,2.264,2.497
0.246,0.09,0.23,0.245,0.111,0.337,0.767,2.264,2.497,2.357
0.09,0.23,0.245,0.111,0.337,0.767,2.264,2.497,2.357,2.783
0.23,0.245,0.111,0.337,0.767,2.264,2.497,2.357,2.783,2.416
0.245,0.111,0.337,0.767,2.264,2.497,2.357,2.783,2.416,4.649
0.111,0.337,0.767,2.264,2.497,2.357,2.783,2.416,4.649,4.626
0.337,0.767,2.264,2.497,2.357,2.783,2.416,4.649,4.626,2.854
0.767,2.264,2.497,2.357,2.783,2.416,4.649,4.626,2.854,2.254
2.264,2.497,2.357,2.783,2.416,4.649,4.626,2.854,2.254,2.21
2.497,2.357,2.783,2.416,4.649,4.626,2.854,2.254,2.21,2.052
2.357,2.783,2.416,4.649,4.626,2.854,2.254,2.21,2.052,2.066
2.783,2.416,4.649,4.626,2.854,2.254,2.21,2.052,2.066,2.096
2.416,4.649,4.626,2.854,2.254,2.21,2.052,2.066,2.096,2.683
4.649,4.626,2.854,2.254,2.21,2.052,2.066,2.096,2.683,2.315
4.626,2.854,2.254,2.21,2.052,2.066,2.096,2.683,2.315,2.834
2.854,2.254,2.21,2.052,2.066,2.096,2.683,2.315,2.834,2.482
2.254,2.21,2.052,2.066,2.096,2.683,2.315,2.834,2.482,2.243
2.21,2.052,2.066,2.096,2.683,2.315,2.834,2.482,2.243,1.865
2.052,2.066,2.096,2.683,2.315,2.834,2.482,2.243,1.865,1.734
2.066,2.096,2.683,2.315,2.834,2.482,2.243,1.865,1.734,1.482
2.096,2.683,2.315,2.834,2.482,2.243,1.865,1.734,1.482,1.344
2.683,2.315,2.834,2.482,2.243,1.865,1.734,1.482,1.344,0.977
2.315,2.834,2.482,2.243,1.865,1.734,1.482,1.344,0.977,1.612
2.834,2.482,2.243,1.865,1.734,1.482,1.344,0.977,1.612,1.735
2.482,2.243,1.865,1.734,1.482,1.344,0.977,1.612,1.735,1.656
2.243,1.865,1.734,1.482,1.344,0.977,1.612,1.735,1.656,1.819
1.865,1.734,1.482,1.344,0.977,1.612,1.735,1.656,1.819,2.382
1.734,1.482,1.344,0.977,1.612,1.735,1.656,1.819,2.382,2.282
1.482,1.344,0.977,1.612,1.735,1.656,1.819,2.382,2.282,1.941
1.344,0.977,1.612,1.735,1.656,1.819,2.382,2.282,1.941,1.637
0.977,1.612,1.735,1.656,1.819,2.382,2.282,1.941,1.637,1.399
1.612,1.735,1.656,1.819,2.382,2.282,1.941,1.637,1.399,1.243
1.735,1.656,1.819,2.382,2.282,1.941,1.637,1.399,1.243,1.268
1.656,1.819,2.382,2.282,1.941,1.637,1.399,1.243,1.268,1.047
1.819,2.382,2.282,1.941,1.637,1.399,1.243,1.268,1.047,1.079
2.382,2.282,1.941,1.637,1.399,1.243,1.268,1.047,1.079,1.004
2.282,1.941,1.637,1.399,1.243,1.268,1.047,1.079,1.004,0.99
1.941,1.637,1.399,1.243,1.268,1.047,1.079,1.004,0.99,1.173
1.637,1.399,1.243,1.268,1.047,1.079,1.004,0.99,1.173,0.722
1.399,1.243,1.268,1.047,1.079,1.004,0.99,1.173,0.722,0.711
1.243,1.268,1.047,1.079,1.004,0.99,1.173,0.722,0.711,0.721
1.268,1.047,1.079,1.004,0.99,1.173,0.722,0.711,0.721,0.589
1.047,1.079,1.004,0.99,1.173,0.722,0.711,0.721,0.589,0.584
1.079,1.004,0.99,1.173,0.722,0.711,0.721,0.589,0.584,0.571
1.004,0.99,1.173,0.722,0.711,0.721,0.589,0.584,0.571,0.428
0.99,1.173,0.722,0.711,0.721,0.589,0.584,0.571,0.428,0.436
1.173,0.722,0.711,0.721,0.589,0.584,0.571,0.428,0.436,0.456
0.722,0.711,0.721,0.589,0.584,0.571,0.428,0.436,0.456,2.843
0.711,0.721,0.589,0.584,0.571,0.428,0.436,0.456,2.843,2.224
0.721,0.589,0.584,0.571,0.428,0.436,0.456,2.843,2.224,1.275
0.589,0.584,0.571,0.428,0.436,0.456,2.843,2.224,1.275,0.855
0.584,0.571,0.428,0.436,0.456,2.843,2.224,1.275,0.855,0.728
0.571,0.428,0.436,0.456,2.843,2.224,1.275,0.855,0.728,0.714
0.428,0.436,0.456,2.843,2.224,1.275,0.855,0.728,0.714,0.702
0.436,0.456,2.843,2.224,1.275,0.855,0.728,0.714,0.702,0.677
0.456,2.843,2.224,1.275,0.855,0.728,0.714,0.702,0.677,0.602
2.843,2.224,1.275,0.855,0.728,0.714,0.702,0.677,0.602,0.278
2.224,1.275,0.855,0.728,0.714,0.702,0.677,0.602,0.278,0.511
1.275,0.855,0.728,0.714,0.702,0.677,0.602,0.278,0.511,0.262
0.855,0.728,0.714,0.702,0.677,0.602,0.278,0.511,0.262,0.521
0.728,0.714,0.702,0.677,0.602,0.278,0.511,0.262,0.521,0.697
0.714,0.702,0.677,0.602,0.278,0.511,0.262,0.521,0.697,0.58
0.702,0.677,0.602,0.278,0.511,0.262,0.521,0.697,0.58,0.429
0.677,0.602,0.278,0.511,0.262,0.521,0.697,0.58,0.429,0.303
0.602,0.278,0.511,0.262,0.521,0.697,0.58,0.429,0.303,0.306
0.278,0.511,0.262,0.521,0.697,0.58,0.429,0.303,0.306,0.164
0.511,0.262,0.521,0.697,0.58,0.429,0.303,0.306,0.164,0.478
0.262,0.521,0.697,0.58,0.429,0.303,0.306,0.164,0.478,0.336
0.521,0.697,0.58,0.429,0.303,0.306,0.164,0.478,0.336,0.447
0.697,0.58,0.429,0.303,0.306,0.164,0.478,0.336,0.447,0.299
0.58,0.429,0.303,0.306,0.164,0.478,0.336,0.447,0.299,0.424
0.429,0.303,0.306,0.164,0.478,0.336,0.447,0.299,0.424,0.734
0.303,0.306,0.164,0.478,0.336,0.447,0.299,0.424,0.734,0.707
0.306,0.164,0.478,0.336,0.447,0.299,0.424,0.734,0.707,0.32
0.164,0.478,0.336,0.447,0.299,0.424,0.734,0.707,0.32,0.308
0.478,0.336,0.447,0.299,0.424,0.734,0.707,0.32,0.308,0.287
0.336,0.447,0.299,0.424,0.734,0.707,0.32,0.308,0.287,0.233
0.447,0.299,0.424,0.734,0.707,0.32,0.308,0.287,0.233,0.262
0.299,0.424,0.734,0.707,0.32,0.308,0.287,0.233,0.262,0.266
0.424,0.734,0.707,0.32,0.308,0.287,0.233,0.262,0.266,0.151
0.734,0.707,0.32,0.308,0.287,0.233,0.262,0.266,0.151,0.126
0.707,0.32,0.308,0.287,0.233,0.262,0.266,0.151,0.126,0.137
0.32,0.308,0.287,0.233,0.262,0.266,0.151,0.126,0.137,0.405
0.308,0.287,0.233,0.262,0.266,0.151,0.126,0.137,0.405,0.255
0.287,0.233,0.262,0.266,0.151,0.126,0.137,0.405,0.255,0.28
0.233,0.262,0.266,0.151,0.126,0.137,0.405,0.255,0.28,0.09
0.262,0.266,0.151,0.126,0.137,0.405,0.255,0.28,0.09,0.715
0.266,0.151,0.126,0.137,0.405,0.255,0.28,0.09,0.715,0.719
0.151,0.126,0.137,0.405,0.255,0.28,0.09,0.715,0.719,0.606
0.126,0.137,0.405,0.255,0.28,0.09,0.715,0.719,0.606,0.474
0.137,0.405,0.255,0.28,0.09,0.715,0.719,0.606,0.474,0.285
0.405,0.255,0.28,0.09,0.715,0.719,0.606,0.474,0.285,0.313
0.255,0.28,0.09,0.715,0.719,0.606,0.474,0.285,0.313,0.287
0.28,0.09,0.715,0.719,0.606,0.474,0.285,0.313,0.287,0.127
0.09,0.715,0.719,0.606,0.474,0.285,0.313,0.287,0.127,0.131
0.715,0.719,0.606,0.474,0.285,0.313,0.287,0.127,0.131,0.119
0.719,0.606,0.474,0.285,0.313,0.287,0.127,0.131,0.119,0.146
0.606,0.474,0.285,0.313,0.287,0.127,0.131,0.119,0.146,0.151
0.474,0.285,0.313,0.287,0.127,0.131,0.119,0.146,0.151,0.291
0.285,0.313,0.287,0.127,0.131,0.119,0.146,0.151,0.291,0.115
0.313,0.287,0.127,0.131,0.119,0.146,0.151,0.291,0.115,0.138
0.287,0.127,0.131,0.119,0.146,0.151,0.291,0.115,0.138,0.119
0.127,0.131,0.119,0.146,0.151,0.291,0.115,0.138,0.119,0.389
0.131,0.119,0.146,0.151,0.291,0.115,0.138,0.119,0.389,0.177
0.119,0.146,0.151,0.291,0.115,0.138,0.119,0.389,0.177,0.127
0.146,0.151,0.291,0.115,0.138,0.119,0.389,0.177,0.127,0.12
0.151,0.291,0.115,0.138,0.119,0.389,0.177,0.127,0.12,0.149
0.291,0.115,0.138,0.119,0.389,0.177,0.127,0.12,0.149,0.154
0.115,0.138,0.119,0.389,0.177,0.127,0.12,0.149,0.154,0.128
0.138,0.119,0.389,0.177,0.127,0.12,0.149,0.154,0.128,0.1
0.119,0.389,0.177,0.127,0.12,0.149,0.154,0.128,0.1,0.116
0.389,0.177,0.127,0.12,0.149,0.154,0.128,0.1,0.116,0.01
0.177,0.127,0.12,0.149,0.154,0.128,0.1,0.116,0.01,0.112
0.127,0.12,0.149,0.154,0.128,0.1,0.116,0.01,0.112,0.01
0.12,0.149,0.154,0.128,0.1,0.116,0.01,0.112,0.01,0.01
0.149,0.154,0.128,0.1,0.116,0.01,0.112,0.01,0.01,0.262
0.154,0.128,0.1,0.116,0.01,0.112,0.01,0.01,0.262,0.161
0.128,0.1,0.116,0.01,0.112,0.01,0.01,0.262,0.161,0.01
0.1,0.116,0.01,0.112,0.01,0.01,0.262,0.161,0.01,0.187
0.116,0.01,0.112,0.01,0.01,0.262,0.161,0.01,0.187,0.066
0.01,0.112,0.01,0.01,0.262,0.161,0.01,0.187,0.066,0.022
0.112,0.01,0.01,0.262,0.161,0.01,0.187,0.066,0.022,0.273
0.01,0.01,0.262,0.161,0.01,0.187,0.066,0.022,0.273,0.465
0.01,0.262,0.161,0.01,0.187,0.066,0.022,0.273,0.465,0.322
0.262,0.161,0.01,0.187,0.066,0.022,0.273,0.465,0.322,0.193
0.161,0.01,0.187,0.066,0.022,0.273,0.465,0.322,0.193,0.834
0.01,0.187,0.066,0.022,0.273,0.465,0.322,0.193,0.834,1.049
0.187,0.066,0.022,0.273,0.465,0.322,0.193,0.834,1.049,0.756
0.066,0.022,0.273,0.465,0.322,0.193,0.834,1.049,0.756,0.228
0.022,0.273,0.465,0.322,0.193,0.834,1.049,0.756,0.228,0.158
0.273,0.465,0.322,0.193,0.834,1.049,0.756,0.228,0.158,0.01
0.465,0.322,0.193,0.834,1.049,0.756,0.228,0.158,0.01,0.145
0.322,0.193,0.834,1.049,0.756,0.228,0.158,0.01,0.145,0.16
0.193,0.834,1.049,0.756,0.228,0.158,0.01,0.145,0.16,0.106
0.834,1.049,0.756,0.228,0.158,0.01,0.145,0.16,0.106,0.083
1.049,0.756,0.228,0.158,0.01,0.145,0.16,0.106,0.083,0.072
0.756,0.228,0.158,0.01,0.145,0.16,0.106,0.083,0.072,0.304
0.228,0.158,0.01,0.145,0.16,0.106,0.083,0.072,0.304,0.187
0.158,0.01,0.145,0.16,0.106,0.083,0.072,0.304,0.187,0.496
0.01,0.145,0.16,0.106,0.083,0.072,0.304,0.187,0.496,1.003
0.145,0.16,0.106,0.083,0.072,0.304,0.187,0.496,1.003,0.729
0.16,0.106,0.083,0.072,0.304,0.187,0.496,1.003,0.729,0.573
0.106,0.083,0.072,0.304,0.187,0.496,1.003,0.729,0.573,0.296
0.083,0.072,0.304,0.187,0.496,1.003,0.729,0.573,0.296,0.31
0.072,0.304,0.187,0.496,1.003,0.729,0.573,0.296,0.31,0.166
0.304,0.187,0.496,1.003,0.729,0.573,0.296,0.31,0.166,0.15
0.187,0.496,1.003,0.729,0.573,0.296,0.31,0.166,0.15,0.272
0.496,1.003,0.729,0.573,0.296,0.31,0.166,0.15,0.272,0.01
1.003,0.729,0.573,0.296,0.31,0.166,0.15,0.272,0.01,0.076
0.729,0.573,0.296,0.31,0.166,0.15,0.272,0.01,0.076,0.189
0.573,0.296,0.31,0.166,0.15,0.272,0.01,0.076,0.189,0.01
0.296,0.31,0.166,0.15,0.272,0.01,0.076,0.189,0.01,0.178
0.31,0.166,0.15,0.272,0.01,0.076,0.189,0.01,0.178,0.17
0.166,0.15,0.272,0.01,0.076,0.189,0.01,0.178,0.17,0.173
0.15,0.272,0.01,0.076,0.189,0.01,0.178,0.17,0.173,0.149
0.272,0.01,0.076,0.189,0.01,0.178,0.17,0.173,0.149,0.01
0.01,0.076,0.189,0.01,0.178,0.17,0.173,0.149,0.01,0.012
0.076,0.189,0.01,0.178,0.17,0.173,0.149,0.01,0.012,0.133
0.189,0.01,0.178,0.17,0.173,0.149,0.01,0.012,0.133,0.009
0.01,0.178,0.17,0.173,0.149,0.01,0.012,0.133,0.009,0.007
0.178,0.17,0.173,0.149,0.01,0.012,0.133,0.009,0.007,0.01
0.17,0.173,0.149,0.01,0.012,0.133,0.009,0.007,0.01,0.019
0.173,0.149,0.01,0.012,0.133,0.009,0.007,0.01,0.019,0.027
0.149,0.01,0.012,0.133,0.009,0.007,0.01,0.019,0.027,0.018
0.01,0.012,0.133,0.009,0.007,0.01,0.019,0.027,0.018,0.023
0.012,0.133,0.009,0.007,0.01,0.019,0.027,0.018,0.023,0.147
0.133,0.009,0.007,0.01,0.019,0.027,0.018,0.023,0.147,0.01
0.009,0.007,0.01,0.019,0.027,0.018,0.023,0.147,0.01,0.01
0.007,0.01,0.019,0.027,0.018,0.023,0.147,0.01,0.01,0.028
0.01,0.019,0.027,0.018,0.023,0.147,0.01,0.01,0.028,0.146
0.019,0.027,0.018,0.023,0.147,0.01,0.01,0.028,0.146,0.031
0.027,0.018,0.023,0.147,0.01,0.01,0.028,0.146,0.031,0.013
0.018,0.023,0.147,0.01,0.01,0.028,0.146,0.031,0.013,0.034
0.023,0.147,0.01,0.01,0.028,0.146,0.031,0.013,0.034,0.027
0.147,0.01,0.01,0.028,0.146,0.031,0.013,0.034,0.027,0.026
0.01,0.01,0.028,0.146,0.031,0.013,0.034,0.027,0.026,0.01
0.01,0.028,0.146,0.031,0.013,0.034,0.027,0.026,0.01,0.015
0.028,0.146,0.031,0.013,0.034,0.027,0.026,0.01,0.015,0.055
0.146,0.031,0.013,0.034,0.027,0.026,0.01,0.015,0.055,0.078
0.031,0.013,0.034,0.027,0.026,0.01,0.015,0.055,0.078,0.01
0.013,0.034,0.027,0.026,0.01,0.015,0.055,0.078,0.01,0.05
0.034,0.027,0.026,0.01,0.015,0.055,0.078,0.01,0.05,0.051
0.027,0.026,0.01,0.015,0.055,0.078,0.01,0.05,0.051,0.052
0.026,0.01,0.015,0.055,0.078,0.01,0.05,0.051,0.052,0.01
0.01,0.015,0.055,0.078,0.01,0.05,0.051,0.052,0.01,0.086
0.015,0.055,0.078,0.01,0.05,0.051,0.052,0.01,0.086,0.001
0.055,0.078,0.01,0.05,0.051,0.052,0.01,0.086,0.001,0.104
0.078,0.01,0.05,0.051,0.052,0.01,0.086,0.001,0.104,0.065
0.01,0.05,0.051,0.052,0.01,0.086,0.001,0.104,0.065,0.06
0.05,0.051,0.052,0.01,0.086,0.001,0.104,0.065,0.06,0.077
0.051,0.052,0.01,0.086,0.001,0.104,0.065,0.06,0.077,0.042
0.052,0.01,0.086,0.001,0.104,0.065,0.06,0.077,0.042,0.022
0.01,0.086,0.001,0.104,0.065,0.06,0.077,0.042,0.022,0.07
0.086,0.001,0.104,0.065,0.06,0.077,0.042,0.022,0.07,0.025
0.001,0.104,0.065,0.06,0.077,0.042,0.022,0.07,0.025,0.029
0.104,0.065,0.06,0.077,0.042,0.022,0.07,0.025,0.029,0.01
0.065,0.06,0.077,0.042,0.022,0.07,0.025,0.029,0.01,0.063
0.06,0.077,0.042,0.022,0.07,0.025,0.029,0.01,0.063,0.088
0.077,0.042,0.022,0.07,0.025,0.029,0.01,0.063,0.088,0.179
0.042,0.022,0.07,0.025,0.029,0.01,0.063,0.088,0.179,0.091
0.022,0.07,0.025,0.029,0.01,0.063,0.088,0.179,0.091,0.236
0.07,0.025,0.029,0.01,0.063,0.088,0.179,0.091,0.236,0.14
0.025,0.029,0.01,0.063,0.088,0.179,0.091,0.236,0.14,0.096
0.029,0.01,0.063,0.088,0.179,0.091,0.236,0.14,0.096,0.117
0.01,0.063,0.088,0.179,0.091,0.236,0.14,0.096,0.117,0.1
0.063,0.088,0.179,0.091,0.236,0.14,0.096,0.117,0.1,0.118
0.088,0.179,0.091,0.236,0.14,0.096,0.117,0.1,0.118,0.1
0.179,0.091,0.236,0.14,0.096,0.117,0.1,0.118,0.1,0.099
0.091,0.236,0.14,0.096,0.117,0.1,0.118,0.1,0.099,0.2
0.236,0.14,0.096,0.117,0.1,0.118,0.1,0.099,0.2,0.052
0.14,0.096,0.117,0.1,0.118,0.1,0.099,0.2,0.052,0.01
0.096,0.117,0.1,0.118,0.1,0.099,0.2,0.052,0.01,0.01
0.117,0.1,0.118,0.1,0.099,0.2,0.052,0.01,0.01,0.047
0.1,0.118,0.1,0.099,0.2,0.052,0.01,0.01,0.047,0.151
0.118,0.1,0.099,0.2,0.052,0.01,0.01,0.047,0.151,0.076
0.1,0.099,0.2,0.052,0.01,0.01,0.047,0.151,0.076,0.057
0.099,0.2,0.052,0.01,0.01,0.047,0.151,0.076,0.057,0.06
0.2,0.052,0.01,0.01,0.047,0.151,0.076,0.057,0.06,0.186
0.052,0.01,0.01,0.047,0.151,0.076,0.057,0.06,0.186,0.193
0.01,0.01,0.047,0.151,0.076,0.057,0.06,0.186,0.193,0.094
0.01,0.047,0.151,0.076,0.057,0.06,0.186,0.193,0.094,0.058
0.047,0.151,0.076,0.057,0.06,0.186,0.193,0.094,0.058,0.189
0.151,0.076,0.057,0.06,0.186,0.193,0.094,0.058,0.189,0.063
0.076,0.057,0.06,0.186,0.193,0.094,0.058,0.189,0.063,0.198
0.057,0.06,0.186,0.193,0.094,0.058,0.189,0.063,0.198,0.318
0.06,0.186,0.193,0.094,0.058,0.189,0.063,0.198,0.318,0.201
0.186,0.193,0.094,0.058,0.189,0.063,0.198,0.318,0.201,0.15
0.193,0.094,0.058,0.189,0.063,0.198,0.318,0.201,0.15,0.01
0.094,0.058,0.189,0.063,0.198,0.318,0.201,0.15,0.01,0.095
0.058,0.189,0.063,0.198,0.318,0.201,0.15,0.01,0.095,0.342
0.189,0.063,0.198,0.318,0.201,0.15,0.01,0.095,0.342,0.234
0.063,0.198,0.318,0.201,0.15,0.01,0.095,0.342,0.234,0.08
0.198,0.318,0.201,0.15,0.01,0.095,0.342,0.234,0.08,0.22
0.318,0.201,0.15,0.01,0.095,0.342,0.234,0.08,0.22,0.084
0.201,0.15,0.01,0.095,0.342,0.234,0.08,0.22,0.084,0.066
0.15,0.01,0.095,0.342,0.234,0.08,0.22,0.084,0.066,0.266
0.01,0.095,0.342,0.234,0.08,0.22,0.084,0.066,0.266,0.208
0.095,0.342,0.234,0.08,0.22,0.084,0.066,0.266,0.208,0.124
0.342,0.234,0.08,0.22,0.084,0.066,0.266,0.208,0.124,0.109
0.234,0.08,0.22,0.084,0.066,0.266,0.208,0.124,0.109,0.218
0.08,0.22,0.084,0.066,0.266,0.208,0.124,0.109,0.218,0.09
0.22,0.084,0.066,0.266,0.208,0.124,0.109,0.218,0.09,0.11
0.084,0.066,0.266,0.208,0.124,0.109,0.218,0.09,0.11,0.09
0.066,0.266,0.208,0.124,0.109,0.218,0.09,0.11,0.09,0.185
0.266,0.208,0.124,0.109,0.218,0.09,0.11,0.09,0.185,0.09
0.208,0.124,0.109,0.218,0.09,0.11,0.09,0.185,0.09,0.184
0.124,0.109,0.218,0.09,0.11,0.09,0.185,0.09,0.184,0.671
0.109,0.218,0.09,0.11,0.09,0.185,0.09,0.184,0.671,0.779
0.218,0.09,0.11,0.09,0.185,0.09,0.184,0.671,0.779,1.045
0.09,0.11,0.09,0.185,0.09,0.184,0.671,0.779,1.045,0.642
0.11,0.09,0.185,0.09,0.184,0.671,0.779,1.045,0.642,0.447
0.09,0.185,0.09,0.184,0.671,0.779,1.045,0.642,0.447,0.436
0.185,0.09,0.184,0.671,0.779,1.045,0.642,0.447,0.436,0.433
0.09,0.184,0.671,0.779,1.045,0.642,0.447,0.436,0.433,0.636
0.184,0.671,0.779,1.045,0.642,0.447,0.436,0.433,0.636,0.459
0.671,0.779,1.045,0.642,0.447,0.436,0.433,0.636,0.459,0.444
0.779,1.045,0.642,0.447,0.436,0.433,0.636,0.459,0.444,0.333
1.045,0.642,0.447,0.436,0.433,0.636,0.459,0.444,0.333,0.323
0.642,0.447,0.436,0.433,0.636,0.459,0.444,0.333,0.323,0.342
0.447,0.436,0.433,0.636,0.459,0.444,0.333,0.323,0.342,0.325
0.436,0.433,0.636,0.459,0.444,0.333,0.323,0.342,0.325,0.345
0.433,0.636,0.459,0.444,0.333,0.323,0.342,0.325,0.345,0.316
0.636,0.459,0.444,0.333,0.323,0.342,0.325,0.345,0.316,0.199
0.459,0.444,0.333,0.323,0.342,0.325,0.345,0.316,0.199,0.313
0.444,0.333,0.323,0.342,0.325,0.345,0.316,0.199,0.313,0.323
0.333,0.323,0.342,0.325,0.345,0.316,0.199,0.313,0.323,0.194
0.323,0.342,0.325,0.345,0.316,0.199,0.313,0.323,0.194,0.184
0.342,0.325,0.345,0.316,0.199,0.313,0.323,0.194,0.184,0.218
0.325,0.345,0.316,0.199,0.313,0.323,0.194,0.184,0.218,0.433
0.345,0.316,0.199,0.313,0.323,0.194,0.184,0.218,0.433,0.302
0.316,0.199,0.313,0.323,0.194,0.184,0.218,0.433,0.302,0.206
0.199,0.313,0.323,0.194,0.184,0.218,0.433,0.302,0.206,0.299
0.313,0.323,0.194,0.184,0.218,0.433,0.302,0.206,0.299,0.196
0.323,0.194,0.184,0.218,0.433,0.302,0.206,0.299,0.196,0.191
0.194,0.184,0.218,0.433,0.302,0.206,0.299,0.196,0.191,0.314
0.184,0.218,0.433,0.302,0.206,0.299,0.196,0.191,0.314,0.293
0.218,0.433,0.302,0.206,0.299,0.196,0.191,0.314,0.293,0.41
0.433,0.302,0.206,0.299,0.196,0.191,0.314,0.293,0.41,0.182
0.302,0.206,0.299,0.196,0.191,0.314,0.293,0.41,0.182,0.304
0.206,0.299,0.196,0.191,0.314,0.293,0.41,0.182,0.304,0.302
0.299,0.196,0.191,0.314,0.293,0.41,0.182,0.304,0.302,0.412
0.196,0.191,0.314,0.293,0.41,0.182,0.304,0.302,0.412,0.513
0.191,0.314,0.293,0.41,0.182,0.304,0.302,0.412,0.513,0.777
0.314,0.293,0.41,0.182,0.304,0.302,0.412,0.513,0.777,0.553
0.293,0.41,0.182,0.304,0.302,0.412,0.513,0.777,0.553,0.994
0.41,0.182,0.304,0.302,0.412,0.513,0.777,0.553,0.994,1.039
0.182,0.304,0.302,0.412,0.513,0.777,0.553,0.994,1.039,0.819
0.304,0.302,0.412,0.513,0.777,0.553,0.994,1.039,0.819,0.692
0.302,0.412,0.513,0.777,0.553,0.994,1.039,0.819,0.692,0.348
0.412,0.513,0.777,0.553,0.994,1.039,0.819,0.692,0.348,0.571
0.513,0.777,0.553,0.994,1.039,0.819,0.692,0.348,0.571,0.447
0.777,0.553,0.994,1.039,0.819,0.692,0.348,0.571,0.447,0.437
0.553,0.994,1.039,0.819,0.692,0.348,0.571,0.447,0.437,0.437
0.994,1.039,0.819,0.692,0.348,0.571,0.447,0.437,0.437,0.444
1.039,0.819,0.692,0.348,0.571,0.447,0.437,0.437,0.444,0.223
0.819,0.692,0.348,0.571,0.447,0.437,0.437,0.444,0.223,0.318
0.692,0.348,0.571,0.447,0.437,0.437,0.444,0.223,0.318,0.468
0.348,0.571,0.447,0.437,0.437,0.444,0.223,0.318,0.468,0.468
0.571,0.447,0.437,0.437,0.444,0.223,0.318,0.468,0.468,0.558
0.447,0.437,0.437,0.444,0.223,0.318,0.468,0.468,0.558,0.916
0.437,0.437,0.444,0.223,0.318,0.468,0.468,0.558,0.916,0.774
0.437,0.444,0.223,0.318,0.468,0.468,0.558,0.916,0.774,0.687
0.444,0.223,0.318,0.468,0.468,0.558,0.916,0.774,0.687,0.451
0.223,0.318,0.468,0.468,0.558,0.916,0.774,0.687,0.451,0.675
0.318,0.468,0.468,0.558,0.916,0.774,0.687,0.451,0.675,0.924
0.468,0.468,0.558,0.916,0.774,0.687,0.451,0.675,0.924,2.559
0.468,0.558,0.916,0.774,0.687,0.451,0.675,0.924,2.559,2.333
0.558,0.916,0.774,0.687,0.451,0.675,0.924,2.559,2.333,1.406
0.916,0.774,0.687,0.451,0.675,0.924,2.559,2.333,1.406,1.174
0.774,0.687,0.451,0.675,0.924,2.559,2.333,1.406,1.174,0.94
0.687,0.451,0.675,0.924,2.559,2.333,1.406,1.174,0.94,0.835
0.451,0.675,0.924,2.559,2.333,1.406,1.174,0.94,0.835,0.704
0.675,0.924,2.559,2.333,1.406,1.174,0.94,0.835,0.704,0.68
0.924,2.559,2.333,1.406,1.174,0.94,0.835,0.704,0.68,0.689
2.559,2.333,1.406,1.174,0.94,0.835,0.704,0.68,0.689,0.719
2.333,1.406,1.174,0.94,0.835,0.704,0.68,0.689,0.719,0.705
1.406,1.174,0.94,0.835,0.704,0.68,0.689,0.719,0.705,0.558
1.174,0.94,0.835,0.704,0.68,0.689,0.719,0.705,0.558,0.69
0.94,0.835,0.704,0.68,0.689,0.719,0.705,0.558,0.69,0.433
0.835,0.704,0.68,0.689,0.719,0.705,0.558,0.69,0.433,0.565
0.704,0.68,0.689,0.719,0.705,0.558,0.69,0.433,0.565,0.545
0.68,0.689,0.719,0.705,0.558,0.69,0.433,0.565,0.545,0.436
0.689,0.719,0.705,0.558,0.69,0.433,0.565,0.545,0.436,0.707
0.719,0.705,0.558,0.69,0.433,0.565,0.545,0.436,0.707,0.434
0.705,0.558,0.69,0.433,0.565,0.545,0.436,0.707,0.434,0.434
0.558,0.69,0.433,0.565,0.545,0.436,0.707,0.434,0.434,0.429
0.69,0.433,0.565,0.545,0.436,0.707,0.434,0.434,0.429,0.529
0.433,0.565,0.545,0.436,0.707,0.434,0.434,0.429,0.529,0.316
0.565,0.545,0.436,0.707,0.434,0.434,0.429,0.529,0.316,0.429
0.545,0.436,0.707,0.434,0.434,0.429,0.529,0.316,0.429,0.429
0.436,0.707,0.434,0.434,0.429,0.529,0.316,0.429,0.429,0.325
0.707,0.434,0.434,0.429,0.529,0.316,0.429,0.429,0.325,0.322
0.434,0.434,0.429,0.529,0.316,0.429,0.429,0.325,0.322,0.342
0.434,0.429,0.529,0.316,0.429,0.429,0.325,0.322,0.342,0.454
0.429,0.529,0.316,0.429,0.429,0.325,0.322,0.342,0.454,0.454
0.529,0.316,0.429,0.429,0.325,0.322,0.342,0.454,0.454,0.452
0.316,0.429,0.429,0.325,0.322,0.342,0.454,0.454,0.452,0.14
0.429,0.429,0.325,0.322,0.342,0.454,0.454,0.452,0.14,0.348
0.429,0.325,0.322,0.342,0.454,0.454,0.452,0.14,0.348,0.244
0.325,0.322,0.342,0.454,0.454,0.452,0.14,0.348,0.244,0.506
0.322,0.342,0.454,0.454,0.452,0.14,0.348,0.244,0.506,0.26
0.342,0.454,0.454,0.452,0.14,0.348,0.244,0.506,0.26,0.387
0.454,0.454,0.452,0.14,0.348,0.244,0.506,0.26,0.387,0.386
0.454,0.452,0.14,0.348,0.244,0.506,0.26,0.387,0.386,0.387
0.452,0.14,0.348,0.244,0.506,0.26,0.387,0.386,0.387,0.262
0.14,0.348,0.244,0.506,0.26,0.387,0.386,0.387,0.262,0.384
0.348,0.244,0.506,0.26,0.387,0.386,0.387,0.262,0.384,0.387
0.244,0.506,0.26,0.387,0.386,0.387,0.262,0.384,0.387,0.394
0.506,0.26,0.387,0.386,0.387,0.262,0.384,0.387,0.394,0.223
0.26,0.387,0.386,0.387,0.262,0.384,0.387,0.394,0.223,0.361
0.387,0.386,0.387,0.262,0.384,0.387,0.394,0.223,0.361,0.242
0.386,0.387,0.262,0.384,0.387,0.394,0.223,0.361,0.242,0.263
0.387,0.262,0.384,0.387,0.394,0.223,0.361,0.242,0.263,0.354
0.262,0.384,0.387,0.394,0.223,0.361,0.242,0.263,0.354,0.195
0.384,0.387,0.394,0.223,0.361,0.242,0.263,0.354,0.195,0.421
0.387,0.394,0.223,0.361,0.242,0.263,0.354,0.195,0.421,0.377
0.394,0.223,0.361,0.242,0.263,0.354,0.195,0.421,0.377,0.255
0.223,0.361,0.242,0.263,0.354,0.195,0.421,0.377,0.255,0.386
0.361,0.242,0.263,0.354,0.195,0.421,0.377,0.255,0.386,0.278
0.242,0.263,0.354,0.195,0.421,0.377,0.255,0.386,0.278,0.375
0.263,0.354,0.195,0.421,0.377,0.255,0.386,0.278,0.375,0.89
0.354,0.195,0.421,0.377,0.255,0.386,0.278,0.375,0.89,1.444
0.195,0.421,0.377,0.255,0.386,0.278,0.375,0.89,1.444,2.749
0.421,0.377,0.255,0.386,0.278,0.375,0.89,1.444,2.749,2.904
0.377,0.255,0.386,0.278,0.375,0.89,1.444,2.749,2.904,3.336
0.255,0.386,0.278,0.375,0.89,1.444,2.749,2.904,3.336,3.378
0.386,0.278,0.375,0.89,1.444,2.749,2.904,3.336,3.378,2.324
0.278,0.375,0.89,1.444,2.749,2.904,3.336,3.378,2.324,1.814
0.375,0.89,1.444,2.749,2.904,3.336,3.378,2.324,1.814,1.691
0.89,1.444,2.749,2.904,3.336,3.378,2.324,1.814,1.691,1.332
1.444,2.749,2.904,3.336,3.378,2.324,1.814,1.691,1.332,1.161
2.749,2.904,3.336,3.378,2.324,1.814,1.691,1.332,1.161,1.041
2.904,3.336,3.378,2.324,1.814,1.691,1.332,1.161,1.041,1.042
3.336,3.378,2.324,1.814,1.691,1.332,1.161,1.041,1.042,0.702
3.378,2.324,1.814,1.691,1.332,1.161,1.041,1.042,0.702,0.912
2.324,1.814,1.691,1.332,1.161,1.041,1.042,0.702,0.912,0.909
1.814,1.691,1.332,1.161,1.041,1.042,0.702,0.912,0.909,0.907
1.691,1.332,1.161,1.041,1.042,0.702,0.912,0.909,0.907,0.753
1.332,1.161,1.041,1.042,0.702,0.912,0.909,0.907,0.753,0.913
1.161,1.041,1.042,0.702,0.912,0.909,0.907,0.753,0.913,0.931
1.041,1.042,0.702,0.912,0.909,0.907,0.753,0.913,0.931,0.831
1.042,0.702,0.912,0.909,0.907,0.753,0.913,0.931,0.831,1.097
0.702,0.912,0.909,0.907,0.753,0.913,0.931,0.831,1.097,1.334
0.912,0.909,0.907,0.753,0.913,0.931,0.831,1.097,1.334,2.632
0.909,0.907,0.753,0.913,0.931,0.831,1.097,1.334,2.632,3.623
0.907,0.753,0.913,0.931,0.831,1.097,1.334,2.632,3.623,6.692
0.753,0.913,0.931,0.831,1.097,1.334,2.632,3.623,6.692,4.978
0.913,0.931,0.831,1.097,1.334,2.632,3.623,6.692,4.978,3.604
0.931,0.831,1.097,1.334,2.632,3.623,6.692,4.978,3.604,3.143
0.831,1.097,1.334,2.632,3.623,6.692,4.978,3.604,3.143,2.624
1.097,1.334,2.632,3.623,6.692,4.978,3.604,3.143,2.624,2.61
1.334,2.632,3.623,6.692,4.978,3.604,3.143,2.624,2.61,2.641
2.632,3.623,6.692,4.978,3.604,3.143,2.624,2.61,2.641,2.226
3.623,6.692,4.978,3.604,3.143,2.624,2.61,2.641,2.226,2.095
6.692,4.978,3.604,3.143,2.624,2.61,2.641,2.226,2.095,1.796
4.978,3.604,3.143,2.624,2.61,2.641,2.226,2.095,1.796,1.668
3.604,3.143,2.624,2.61,2.641,2.226,2.095,1.796,1.668,1.376
3.143,2.624,2.61,2.641,2.226,2.095,1.796,1.668,1.376,1.386
2.624,2.61,2.641,2.226,2.095,1.796,1.668,1.376,1.386,1.233
2.61,2.641,2.226,2.095,1.796,1.668,1.376,1.386,1.233,1.211
2.641,2.226,2.095,1.796,1.668,1.376,1.386,1.233,1.211,1.132
2.226,2.095,1.796,1.668,1.376,1.386,1.233,1.211,1.132,0.97
2.095,1.796,1.668,1.376,1.386,1.233,1.211,1.132,0.97,0.815
1.796,1.668,1.376,1.386,1.233,1.211,1.132,0.97,0.815,0.739
1.668,1.376,1.386,1.233,1.211,1.132,0.97,0.815,0.739,0.8
1.376,1.386,1.233,1.211,1.132,0.97,0.815,0.739,0.8,0.662
1.386,1.233,1.211,1.132,0.97,0.815,0.739,0.8,0.662,0.821
1.233,1.211,1.132,0.97,0.815,0.739,0.8,0.662,0.821,2.157
1.211,1.132,0.97,0.815,0.739,0.8,0.662,0.821,2.157,1.947
1.132,0.97,0.815,0.739,0.8,0.662,0.821,2.157,1.947,1.515
0.97,0.815,0.739,0.8,0.662,0.821,2.157,1.947,1.515,1.162
0.815,0.739,0.8,0.662,0.821,2.157,1.947,1.515,1.162,0.938
0.739,0.8,0.662,0.821,2.157,1.947,1.515,1.162,0.938,0.775
0.8,0.662,0.821,2.157,1.947,1.515,1.162,0.938,0.775,0.808
0.662,0.821,2.157,1.947,1.515,1.162,0.938,0.775,0.808,0.688
0.821,2.157,1.947,1.515,1.162,0.938,0.775,0.808,0.688,0.562
2.157,1.947,1.515,1.162,0.938,0.775,0.808,0.688,0.562,0.52
1.947,1.515,1.162,0.938,0.775,0.808,0.688,0.562,0.52,0.539
1.515,1.162,0.938,0.775,0.808,0.688,0.562,0.52,0.539,0.523
1.162,0.938,0.775,0.808,0.688,0.562,0.52,0.539,0.523,0.546
0.938,0.775,0.808,0.688,0.562,0.52,0.539,0.523,0.546,0.396
0.775,0.808,0.688,0.562,0.52,0.539,0.523,0.546,0.396,0.523
0.808,0.688,0.562,0.52,0.539,0.523,0.546,0.396,0.523,0.525
0.688,0.562,0.52,0.539,0.523,0.546,0.396,0.523,0.525,0.406
0.562,0.52,0.539,0.523,0.546,0.396,0.523,0.525,0.406,0.269
0.52,0.539,0.523,0.546,0.396,0.523,0.525,0.406,0.269,0.331
0.539,0.523,0.546,0.396,0.523,0.525,0.406,0.269,0.331,0.158
0.523,0.546,0.396,0.523,0.525,0.406,0.269,0.331,0.158,0.801
0.546,0.396,0.523,0.525,0.406,0.269,0.331,0.158,0.801,0.712
0.396,0.523,0.525,0.406,0.269,0.331,0.158,0.801,0.712,0.571
0.523,0.525,0.406,0.269,0.331,0.158,0.801,0.712,0.571,0.423
0.525,0.406,0.269,0.331,0.158,0.801,0.712,0.571,0.423,0.565
0.406,0.269,0.331,0.158,0.801,0.712,0.571,0.423,0.565,0.582
0.269,0.331,0.158,0.801,0.712,0.571,0.423,0.565,0.582,0.314
0.331,0.158,0.801,0.712,0.571,0.423,0.565,0.582,0.314,0.411
0.158,0.801,0.712,0.571,0.423,0.565,0.582,0.314,0.411,0.555
0.801,0.712,0.571,0.423,0.565,0.582,0.314,0.411,0.555,0.437
0.712,0.571,0.423,0.565,0.582,0.314,0.411,0.555,0.437,0.559
0.571,0.423,0.565,0.582,0.314,0.411,0.555,0.437,0.559,0.415
0.423,0.565,0.582,0.314,0.411,0.555,0.437,0.559,0.415,0.572
0.565,0.582,0.314,0.411,0.555,0.437,0.559,0.415,0.572,0.863
0.582,0.314,0.411,0.555,0.437,0.559,0.415,0.572,0.863,0.584
0.314,0.411,0.555,0.437,0.559,0.415,0.572,0.863,0.584,0.288
0.411,0.555,0.437,0.559,0.415,0.572,0.863,0.584,0.288,0.397
0.555,0.437,0.559,0.415,0.572,0.863,0.584,0.288,0.397,0.496
0.437,0.559,0.415,0.572,0.863,0.584,0.288,0.397,0.496,0.56
0.559,0.415,0.572,0.863,0.584,0.288,0.397,0.496,0.56,0.413
0.415,0.572,0.863,0.584,0.288,0.397,0.496,0.56,0.413,0.291
0.572,0.863,0.584,0.288,0.397,0.496,0.56,0.413,0.291,0.415
0.863,0.584,0.288,0.397,0.496,0.56,0.413,0.291,0.415,0.294
0.584,0.288,0.397,0.496,0.56,0.413,0.291,0.415,0.294,0.437
0.288,0.397,0.496,0.56,0.413,0.291,0.415,0.294,0.437,0.461
0.397,0.496,0.56,0.413,0.291,0.415,0.294,0.437,0.461,0.427
0.496,0.56,0.413,0.291,0.415,0.294,0.437,0.461,0.427,0.414
0.56,0.413,0.291,0.415,0.294,0.437,0.461,0.427,0.414,0.435
0.413,0.291,0.415,0.294,0.437,0.461,0.427,0.414,0.435,0.415
0.291,0.415,0.294,0.437,0.461,0.427,0.414,0.435,0.415,0.451
0.415,0.294,0.437,0.461,0.427,0.414,0.435,0.415,0.451,0.421
0.294,0.437,0.461,0.427,0.414,0.435,0.415,0.451,0.421,0.571
0.437,0.461,0.427,0.414,0.435,0.415,0.451,0.421,0.571,1.13
0.461,0.427,0.414,0.435,0.415,0.451,0.421,0.571,1.13,0.72
0.427,0.414,0.435,0.415,0.451,0.421,0.571,1.13,0.72,0.592
0.414,0.435,0.415,0.451,0.421,0.571,1.13,0.72,0.592,0.32
0.435,0.415,0.451,0.421,0.571,1.13,0.72,0.592,0.32,0.424
0.415,0.451,0.421,0.571,1.13,0.72,0.592,0.32,0.424,0.288
0.451,0.421,0.571,1.13,0.72,0.592,0.32,0.424,0.288,0.323
0.421,0.571,1.13,0.72,0.592,0.32,0.424,0.288,0.323,0.159
0.571,1.13,0.72,0.592,0.32,0.424,0.288,0.323,0.159,0.177
1.13,0.72,0.592,0.32,0.424,0.288,0.323,0.159,0.177,0.019
0.72,0.592,0.32,0.424,0.288,0.323,0.159,0.177,0.019,0.147
0.592,0.32,0.424,0.288,0.323,0.159,0.177,0.019,0.147,0.12
0.32,0.424,0.288,0.323,0.159,0.177,0.019,0.147,0.12,0.108
0.424,0.288,0.323,0.159,0.177,0.019,0.147,0.12,0.108,0.021
0.288,0.323,0.159,0.177,0.019,0.147,0.12,0.108,0.021,0.023
0.323,0.159,0.177,0.019,0.147,0.12,0.108,0.021,0.023,0.449
0.159,0.177,0.019,0.147,0.12,0.108,0.021,0.023,0.449,0.183
0.177,0.019,0.147,0.12,0.108,0.021,0.023,0.449,0.183,0.146
0.019,0.147,0.12,0.108,0.021,0.023,0.449,0.183,0.146,0.03
0.147,0.12,0.108,0.021,0.023,0.449,0.183,0.146,0.03,0.126
0.12,0.108,0.021,0.023,0.449,0.183,0.146,0.03,0.126,0.103
0.108,0.021,0.023,0.449,0.183,0.146,0.03,0.126,0.103,0.08
0.021,0.023,0.449,0.183,0.146,0.03,0.126,0.103,0.08,0.043
0.023,0.449,0.183,0.146,0.03,0.126,0.103,0.08,0.043,0.029
0.449,0.183,0.146,0.03,0.126,0.103,0.08,0.043,0.029,0.066
0.183,0.146,0.03,0.126,0.103,0.08,0.043,0.029,0.066,0.053
0.146,0.03,0.126,0.103,0.08,0.043,0.029,0.066,0.053,0.027
0.03,0.126,0.103,0.08,0.043,0.029,0.066,0.053,0.027,0.043
0.126,0.103,0.08,0.043,0.029,0.066,0.053,0.027,0.043,0.01
0.103,0.08,0.043,0.029,0.066,0.053,0.027,0.043,0.01,0.015
0.08,0.043,0.029,0.066,0.053,0.027,0.043,0.01,0.015,0.032
0.043,0.029,0.066,0.053,0.027,0.043,0.01,0.015,0.032,0.01
0.029,0.066,0.053,0.027,0.043,0.01,0.015,0.032,0.01,0.044
0.066,0.053,0.027,0.043,0.01,0.015,0.032,0.01,0.044,0.155
0.053,0.027,0.043,0.01,0.015,0.032,0.01,0.044,0.155,0.015
0.027,0.043,0.01,0.015,0.032,0.01,0.044,0.155,0.015,0.059
0.043,0.01,0.015,0.032,0.01,0.044,0.155,0.015,0.059,0.061
0.01,0.015,0.032,0.01,0.044,0.155,0.015,0.059,0.061,0.06
0.015,0.032,0.01,0.044,0.155,0.015,0.059,0.061,0.06,0.096
0.032,0.01,0.044,0.155,0.015,0.059,0.061,0.06,0.096,0.08
0.01,0.044,0.155,0.015,0.059,0.061,0.06,0.096,0.08,0.01
0.044,0.155,0.015,0.059,0.061,0.06,0.096,0.08,0.01,0.077
0.155,0.015,0.059,0.061,0.06,0.096,0.08,0.01,0.077,0.069
0.015,0.059,0.061,0.06,0.096,0.08,0.01,0.077,0.069,0.21
0.059,0.061,0.06,0.096,0.08,0.01,0.077,0.069,0.21,0.194
0.061,0.06,0.096,0.08,0.01,0.077,0.069,0.21,0.194,0.305
0.06,0.096,0.08,0.01,0.077,0.069,0.21,0.194,0.305,0.047
0.096,0.08,0.01,0.077,0.069,0.21,0.194,0.305,0.047,0.025
0.08,0.01,0.077,0.069,0.21,0.194,0.305,0.047,0.025,0.09
0.01,0.077,0.069,0.21,0.194,0.305,0.047,0.025,0.09,0.799
0.077,0.069,0.21,0.194,0.305,0.047,0.025,0.09,0.799,2.421
0.069,0.21,0.194,0.305,0.047,0.025,0.09,0.799,2.421,2.412
0.21,0.194,0.305,0.047,0.025,0.09,0.799,2.421,2.412,0.993
0.194,0.305,0.047,0.025,0.09,0.799,2.421,2.412,0.993,0.868
0.305,0.047,0.025,0.09,0.799,2.421,2.412,0.993,0.868,0.049
0.047,0.025,0.09,0.799,2.421,2.412,0.993,0.868,0.049,0.312
0.025,0.09,0.799,2.421,2.412,0.993,0.868,0.049,0.312,0.422
0.09,0.799,2.421,2.412,0.993,0.868,0.049,0.312,0.422,0.409
0.799,2.421,2.412,0.993,0.868,0.049,0.312,0.422,0.409,0.162
2.421,2.412,0.993,0.868,0.049,0.312,0.422,0.409,0.162,0.288
2.412,0.993,0.868,0.049,0.312,0.422,0.409,0.162,0.288,0.446
0.993,0.868,0.049,0.312,0.422,0.409,0.162,0.288,0.446,0.329
0.868,0.049,0.312,0.422,0.409,0.162,0.288,0.446,0.329,0.444
0.049,0.312,0.422,0.409,0.162,0.288,0.446,0.329,0.444,0.448
0.312,0.422,0.409,0.162,0.288,0.446,0.329,0.444,0.448,1.244
0.422,0.409,0.162,0.288,0.446,0.329,0.444,0.448,1.244,2.358
0.409,0.162,0.288,0.446,0.329,0.444,0.448,1.244,2.358,1.296
0.162,0.288,0.446,0.329,0.444,0.448,1.244,2.358,1.296,0.77
0.288,0.446,0.329,0.444,0.448,1.244,2.358,1.296,0.77,0.63
0.446,0.329,0.444,0.448,1.244,2.358,1.296,0.77,0.63,0.634
0.329,0.444,0.448,1.244,2.358,1.296,0.77,0.63,0.634,0.376
0.444,0.448,1.244,2.358,1.296,0.77,0.63,0.634,0.376,0.902
0.448,1.244,2.358,1.296,0.77,0.63,0.634,0.376,0.902,0.755
1.244,2.358,1.296,0.77,0.63,0.634,0.376,0.902,0.755,0.631
2.358,1.296,0.77,0.63,0.634,0.376,0.902,0.755,0.631,0.779
1.296,0.77,0.63,0.634,0.376,0.902,0.755,0.631,0.779,0.933
0.77,0.63,0.634,0.376,0.902,0.755,0.631,0.779,0.933,0.798
0.63,0.634,0.376,0.902,0.755,0.631,0.779,0.933,0.798,0.78
0.634,0.376,0.902,0.755,0.631,0.779,0.933,0.798,0.78,0.361
0.376,0.902,0.755,0.631,0.779,0.933,0.798,0.78,0.361,0.352
0.902,0.755,0.631,0.779,0.933,0.798,0.78,0.361,0.352,0.37
0.755,0.631,0.779,0.933,0.798,0.78,0.361,0.352,0.37,0.521
0.631,0.779,0.933,0.798,0.78,0.361,0.352,0.37,0.521,0.399
0.779,0.933,0.798,0.78,0.361,0.352,0.37,0.521,0.399,0.356
0.933,0.798,0.78,0.361,0.352,0.37,0.521,0.399,0.356,0.68
0.798,0.78,0.361,0.352,0.37,0.521,0.399,0.356,0.68,2.419
0.78,0.361,0.352,0.37,0.521,0.399,0.356,0.68,2.419,1.6
0.361,0.352,0.37,0.521,0.399,0.356,0.68,2.419,1.6,1.208
0.352,0.37,0.521,0.399,0.356,0.68,2.419,1.6,1.208,1.374
0.37,0.521,0.399,0.356,0.68,2.419,1.6,1.208,1.374,1.22
0.521,0.399,0.356,0.68,2.419,1.6,1.208,1.374,1.22,1.094
0.399,0.356,0.68,2.419,1.6,1.208,1.374,1.22,1.094,0.805
0.356,0.68,2.419,1.6,1.208,1.374,1.22,1.094,0.805,0.814
0.68,2.419,1.6,1.208,1.374,1.22,1.094,0.805,0.814,0.634
2.419,1.6,1.208,1.374,1.22,1.094,0.805,0.814,0.634,0.625
1.6,1.208,1.374,1.22,1.094,0.805,0.814,0.634,0.625,0.484
1.208,1.374,1.22,1.094,0.805,0.814,0.634,0.625,0.484,0.382
1.374,1.22,1.094,0.805,0.814,0.634,0.625,0.484,0.382,0.627
1.22,1.094,0.805,0.814,0.634,0.625,0.484,0.382,0.627,0.874
1.094,0.805,0.814,0.634,0.625,0.484,0.382,0.627,0.874,0.591
0.805,0.814,0.634,0.625,0.484,0.382,0.627,0.874,0.591,0.467
0.814,0.634,0.625,0.484,0.382,0.627,0.874,0.591,0.467,0.449
0.634,0.625,0.484,0.382,0.627,0.874,0.591,0.467,0.449,0.296
0.625,0.484,0.382,0.627,0.874,0.591,0.467,0.449,0.296,0.338
0.484,0.382,0.627,0.874,0.591,0.467,0.449,0.296,0.338,0.43
0.382,0.627,0.874,0.591,0.467,0.449,0.296,0.338,0.43,0.465
0.627,0.874,0.591,0.467,0.449,0.296,0.338,0.43,0.465,0.3
0.874,0.591,0.467,0.449,0.296,0.338,0.43,0.465,0.3,0.319
0.591,0.467,0.449,0.296,0.338,0.43,0.465,0.3,0.319,0.317
0.467,0.449,0.296,0.338,0.43,0.465,0.3,0.319,0.317,0.2
0.449,0.296,0.338,0.43,0.465,0.3,0.319,0.317,0.2,0.184
0.296,0.338,0.43,0.465,0.3,0.319,0.317,0.2,0.184,0.15
0.338,0.43,0.465,0.3,0.319,0.317,0.2,0.184,0.15,0.2
0.43,0.465,0.3,0.319,0.317,0.2,0.184,0.15,0.2,0.213
0.465,0.3,0.319,0.317,0.2,0.184,0.15,0.2,0.213,1.437
0.3,0.319,0.317,0.2,0.184,0.15,0.2,0.213,1.437,1.964
0.319,0.317,0.2,0.184,0.15,0.2,0.213,1.437,1.964,1.557
0.317,0.2,0.184,0.15,0.2,0.213,1.437,1.964,1.557,4.356
0.2,0.184,0.15,0.2,0.213,1.437,1.964,1.557,4.356,2.365
0.184,0.15,0.2,0.213,1.437,1.964,1.557,4.356,2.365,1.557
0.15,0.2,0.213,1.437,1.964,1.557,4.356,2.365,1.557,1.434
0.2,0.213,1.437,1.964,1.557,4.356,2.365,1.557,1.434,1.136
0.213,1.437,1.964,1.557,4.356,2.365,1.557,1.434,1.136,1.143
1.437,1.964,1.557,4.356,2.365,1.557,1.434,1.136,1.143,1.001
1.964,1.557,4.356,2.365,1.557,1.434,1.136,1.143,1.001,0.921
1.557,4.356,2.365,1.557,1.434,1.136,1.143,1.001,0.921,0.876
4.356,2.365,1.557,1.434,1.136,1.143,1.001,0.921,0.876,0.917
2.365,1.557,1.434,1.136,1.143,1.001,0.921,0.876,0.917,0.764
1.557,1.434,1.136,1.143,1.001,0.921,0.876,0.917,0.764,0.759
1.434,1.136,1.143,1.001,0.921,0.876,0.917,0.764,0.759,0.595
1.136,1.143,1.001,0.921,0.876,0.917,0.764,0.759,0.595,0.424
1.143,1.001,0.921,0.876,0.917,0.764,0.759,0.595,0.424,0.582
1.001,0.921,0.876,0.917,0.764,0.759,0.595,0.424,0.582,0.47
0.921,0.876,0.917,0.764,0.759,0.595,0.424,0.582,0.47,0.455
0.876,0.917,0.764,0.759,0.595,0.424,0.582,0.47,0.455,0.444
0.917,0.764,0.759,0.595,0.424,0.582,0.47,0.455,0.444,0.587
0.764,0.759,0.595,0.424,0.582,0.47,0.455,0.444,0.587,0.723
0.759,0.595,0.424,0.582,0.47,0.455,0.444,0.587,0.723,0.58
0.595,0.424,0.582,0.47,0.455,0.444,0.587,0.723,0.58,0.426
0.424,0.582,0.47,0.455,0.444,0.587,0.723,0.58,0.426,0.441
0.582,0.47,0.455,0.444,0.587,0.723,0.58,0.426,0.441,0.423
0.47,0.455,0.444,0.587,0.723,0.58,0.426,0.441,0.423,0.44
0.455,0.444,0.587,0.723,0.58,0.426,0.441,0.423,0.44,0.42
0.444,0.587,0.723,0.58,0.426,0.441,0.423,0.44,0.42,0.44
0.587,0.723,0.58,0.426,0.441,0.423,0.44,0.42,0.44,0.313
0.723,0.58,0.426,0.441,0.423,0.44,0.42,0.44,0.313,0.314
0.58,0.426,0.441,0.423,0.44,0.42,0.44,0.313,0.314,0.292
0.426,0.441,0.423,0.44,0.42,0.44,0.313,0.314,0.292,0.462
0.441,0.423,0.44,0.42,0.44,0.313,0.314,0.292,0.462,0.258
0.423,0.44,0.42,0.44,0.313,0.314,0.292,0.462,0.258,0.421
0.44,0.42,0.44,0.313,0.314,0.292,0.462,0.258,0.421,0.291
0.42,0.44,0.313,0.314,0.292,0.462,0.258,0.421,0.291,0.244
0.44,0.313,0.314,0.292,0.462,0.258,0.421,0.291,0.244,0.293
0.313,0.314,0.292,0.462,0.258,0.421,0.291,0.244,0.293,0.191
0.314,0.292,0.462,0.258,0.421,0.291,0.244,0.293,0.191,0.335
0.292,0.462,0.258,0.421,0.291,0.244,0.293,0.191,0.335,0.177
0.462,0.258,0.421,0.291,0.244,0.293,0.191,0.335,0.177,0.443
0.258,0.421,0.291,0.244,0.293,0.191,0.335,0.177,0.443,2.947
0.421,0.291,0.244,0.293,0.191,0.335,0.177,0.443,2.947,2.571
0.291,0.244,0.293,0.191,0.335,0.177,0.443,2.947,2.571,1.324
0.244,0.293,0.191,0.335,0.177,0.443,2.947,2.571,1.324,1.159
0.293,0.191,0.335,0.177,0.443,2.947,2.571,1.324,1.159,1.299
0.191,0.335,0.177,0.443,2.947,2.571,1.324,1.159,1.299,1.397
0.335,0.177,0.443,2.947,2.571,1.324,1.159,1.299,1.397,1.405
0.177,0.443,2.947,2.571,1.324,1.159,1.299,1.397,1.405,0.874
0.443,2.947,2.571,1.324,1.159,1.299,1.397,1.405,0.874,0.759
2.947,2.571,1.324,1.159,1.299,1.397,1.405,0.874,0.759,2.116
2.571,1.324,1.159,1.299,1.397,1.405,0.874,0.759,2.116,1.471
1.324,1.159,1.299,1.397,1.405,0.874,0.759,2.116,1.471,1.927
1.159,1.299,1.397,1.405,0.874,0.759,2.116,1.471,1.927,1.624
1.299,1.397,1.405,0.874,0.759,2.116,1.471,1.927,1.624,1.387
1.397,1.405,0.874,0.759,2.116,1.471,1.927,1.624,1.387,1.226
1.405,0.874,0.759,2.116,1.471,1.927,1.624,1.387,1.226,1.768
0.874,0.759,2.116,1.471,1.927,1.624,1.387,1.226,1.768,1.227
0.759,2.116,1.471,1.927,1.624,1.387,1.226,1.768,1.227,1.246
2.116,1.471,1.927,1.624,1.387,1.226,1.768,1.227,1.246,1.04
1.471,1.927,1.624,1.387,1.226,1.768,1.227,1.246,1.04,1.172
1.927,1.624,1.387,1.226,1.768,1.227,1.246,1.04,1.172,1.047
1.624,1.387,1.226,1.768,1.227,1.246,1.04,1.172,1.047,0.997
1.387,1.226,1.768,1.227,1.246,1.04,1.172,1.047,0.997,1.115
1.226,1.768,1.227,1.246,1.04,1.172,1.047,0.997,1.115,0.715
1.768,1.227,1.246,1.04,1.172,1.047,0.997,1.115,0.715,1.006
1.227,1.246,1.04,1.172,1.047,0.997,1.115,0.715,1.006,0.924
1.246,1.04,1.172,1.047,0.997,1.115,0.715,1.006,0.924,0.768
1.04,1.172,1.047,0.997,1.115,0.715,1.006,0.924,0.768,0.771
1.172,1.047,0.997,1.115,0.715,1.006,0.924,0.768,0.771,0.916
1.047,0.997,1.115,0.715,1.006,0.924,0.768,0.771,0.916,1.027
0.997,1.115,0.715,1.006,0.924,0.768,0.771,0.916,1.027,0.991
1.115,0.715,1.006,0.924,0.768,0.771,0.916,1.027,0.991,2.715
0.715,1.006,0.924,0.768,0.771,0.916,1.027,0.991,2.715,2.654
1.006,0.924,0.768,0.771,0.916,1.027,0.991,2.715,2.654,1.709
0.924,0.768,0.771,0.916,1.027,0.991,2.715,2.654,1.709,1.777
0.768,0.771,0.916,1.027,0.991,2.715,2.654,1.709,1.777,1.811
0.771,0.916,1.027,0.991,2.715,2.654,1.709,1.777,1.811,1.644
0.916,1.027,0.991,2.715,2.654,1.709,1.777,1.811,1.644,1.494
1.027,0.991,2.715,2.654,1.709,1.777,1.811,1.644,1.494,1.421
0.991,2.715,2.654,1.709,1.777,1.811,1.644,1.494,1.421,1.375
2.715,2.654,1.709,1.777,1.811,1.644,1.494,1.421,1.375,1.374
2.654,1.709,1.777,1.811,1.644,1.494,1.421,1.375,1.374,0.989
1.709,1.777,1.811,1.644,1.494,1.421,1.375,1.374,0.989,1.178
1.777,1.811,1.644,1.494,1.421,1.375,1.374,0.989,1.178,1.17
1.811,1.644,1.494,1.421,1.375,1.374,0.989,1.178,1.17,1.13
1.644,1.494,1.421,1.375,1.374,0.989,1.178,1.17,1.13,1.045
1.494,1.421,1.375,1.374,0.989,1.178,1.17,1.13,1.045,0.907
1.421,1.375,1.374,0.989,1.178,1.17,1.13,1.045,0.907,1.345
1.375,1.374,0.989,1.178,1.17,1.13,1.045,0.907,1.345,0.93
1.374,0.989,1.178,1.17,1.13,1.045,0.907,1.345,0.93,0.937
0.989,1.178,1.17,1.13,1.045,0.907,1.345,0.93,0.937,1.076
1.178,1.17,1.13,1.045,0.907,1.345,0.93,0.937,1.076,0.925
1.17,1.13,1.045,0.907,1.345,0.93,0.937,1.076,0.925,0.706
1.13,1.045,0.907,1.345,0.93,0.937,1.076,0.925,0.706,0.58
1.045,0.907,1.345,0.93,0.937,1.076,0.925,0.706,0.58,0.995
0.907,1.345,0.93,0.937,1.076,0.925,0.706,0.58,0.995,0.739
1.345,0.93,0.937,1.076,0.925,0.706,0.58,0.995,0.739,0.847
0.93,0.937,1.076,0.925,0.706,0.58,0.995,0.739,0.847,0.751
0.937,1.076,0.925,0.706,0.58,0.995,0.739,0.847,0.751,0.748
1.076,0.925,0.706,0.58,0.995,0.739,0.847,0.751,0.748,0.759
0.925,0.706,0.58,0.995,0.739,0.847,0.751,0.748,0.759,0.872
0.706,0.58,0.995,0.739,0.847,0.751,0.748,0.759,0.872,2.675
0.58,0.995,0.739,0.847,0.751,0.748,0.759,0.872,2.675,6.107
0.995,0.739,0.847,0.751,0.748,0.759,0.872,2.675,6.107,6.537
0.739,0.847,0.751,0.748,0.759,0.872,2.675,6.107,6.537,4.28
0.847,0.751,0.748,0.759,0.872,2.675,6.107,6.537,4.28,3.354
0.751,0.748,0.759,0.872,2.675,6.107,6.537,4.28,3.354,3.413
0.748,0.759,0.872,2.675,6.107,6.537,4.28,3.354,3.413,10.677
0.759,0.872,2.675,6.107,6.537,4.28,3.354,3.413,10.677,16.272
0.872,2.675,6.107,6.537,4.28,3.354,3.413,10.677,16.272,10.352
2.675,6.107,6.537,4.28,3.354,3.413,10.677,16.272,10.352,6.636
6.107,6.537,4.28,3.354,3.413,10.677,16.272,10.352,6.636,5.12
6.537,4.28,3.354,3.413,10.677,16.272,10.352,6.636,5.12,3.831
4.28,3.354,3.413,10.677,16.272,10.352,6.636,5.12,3.831,3.225
3.354,3.413,10.677,16.272,10.352,6.636,5.12,3.831,3.225,2.629
3.413,10.677,16.272,10.352,6.636,5.12,3.831,3.225,2.629,2.143
10.677,16.272,10.352,6.636,5.12,3.831,3.225,2.629,2.143,1.407
16.272,10.352,6.636,5.12,3.831,3.225,2.629,2.143,1.407,1.653
10.352,6.636,5.12,3.831,3.225,2.629,2.143,1.407,1.653,1.395
6.636,5.12,3.831,3.225,2.629,2.143,1.407,1.653,1.395,1.89
5.12,3.831,3.225,2.629,2.143,1.407,1.653,1.395,1.89,1.738
3.831,3.225,2.629,2.143,1.407,1.653,1.395,1.89,1.738,1.574
3.225,2.629,2.143,1.407,1.653,1.395,1.89,1.738,1.574,1.291
2.629,2.143,1.407,1.653,1.395,1.89,1.738,1.574,1.291,1.254
2.143,1.407,1.653,1.395,1.89,1.738,1.574,1.291,1.254,1.116
1.407,1.653,1.395,1.89,1.738,1.574,1.291,1.254,1.116,0.994
1.653,1.395,1.89,1.738,1.574,1.291,1.254,1.116,0.994,0.85
1.395,1.89,1.738,1.574,1.291,1.254,1.116,0.994,0.85,0.975
1.89,1.738,1.574,1.291,1.254,1.116,0.994,0.85,0.975,1.03
1.738,1.574,1.291,1.254,1.116,0.994,0.85,0.975,1.03,1.306
1.574,1.291,1.254,1.116,0.994,0.85,0.975,1.03,1.306,2.524
1.291,1.254,1.116,0.994,0.85,0.975,1.03,1.306,2.524,1.91
1.254,1.116,0.994,0.85,0.975,1.03,1.306,2.524,1.91,1.466
1.116,0.994,0.85,0.975,1.03,1.306,2.524,1.91,1.466,1.246
0.994,0.85,0.975,1.03,1.306,2.524,1.91,1.466,1.246,1.143
0.85,0.975,1.03,1.306,2.524,1.91,1.466,1.246,1.143,1.147
0.975,1.03,1.306,2.524,1.91,1.466,1.246,1.143,1.147,1.943
1.03,1.306,2.524,1.91,1.466,1.246,1.143,1.147,1.943,1.709
1.306,2.524,1.91,1.466,1.246,1.143,1.147,1.943,1.709,1.178
2.524,1.91,1.466,1.246,1.143,1.147,1.943,1.709,1.178,1.199
1.91,1.466,1.246,1.143,1.147,1.943,1.709,1.178,1.199,1.039
1.466,1.246,1.143,1.147,1.943,1.709,1.178,1.199,1.039,1.05
1.246,1.143,1.147,1.943,1.709,1.178,1.199,1.039,1.05,0.91
1.143,1.147,1.943,1.709,1.178,1.199,1.039,1.05,0.91,0.907
1.147,1.943,1.709,1.178,1.199,1.039,1.05,0.91,0.907,0.907
1.943,1.709,1.178,1.199,1.039,1.05,0.91,0.907,0.907,0.766
1.709,1.178,1.199,1.039,1.05,0.91,0.907,0.907,0.766,0.504
1.178,1.199,1.039,1.05,0.91,0.907,0.907,0.766,0.504,0.609
1.199,1.039,1.05,0.91,0.907,0.907,0.766,0.504,0.609,0.482
1.039,1.05,0.91,0.907,0.907,0.766,0.504,0.609,0.482,0.456
1.05,0.91,0.907,0.907,0.766,0.504,0.609,0.482,0.456,0.413
0.91,0.907,0.907,0.766,0.504,0.609,0.482,0.456,0.413,0.429
0.907,0.907,0.766,0.504,0.609,0.482,0.456,0.413,0.429,0.474
0.907,0.766,0.504,0.609,0.482,0.456,0.413,0.429,0.474,0.611
0.766,0.504,0.609,0.482,0.456,0.413,0.429,0.474,0.611,0.611
0.504,0.609,0.482,0.456,0.413,0.429,0.474,0.611,0.611,0.608
0.609,0.482,0.456,0.413,0.429,0.474,0.611,0.611,0.608,0.352
0.482,0.456,0.413,0.429,0.474,0.611,0.611,0.608,0.352,0.511
0.456,0.413,0.429,0.474,0.611,0.611,0.608,0.352,0.511,0.537
0.413,0.429,0.474,0.611,0.611,0.608,0.352,0.511,0.537,0.515
0.429,0.474,0.611,0.611,0.608,0.352,0.511,0.537,0.515,0.397
0.474,0.611,0.611,0.608,0.352,0.511,0.537,0.515,0.397,0.396
0.611,0.611,0.608,0.352,0.511,0.537,0.515,0.397,0.396,0.51
0.611,0.608,0.352,0.511,0.537,0.515,0.397,0.396,0.51,0.6
0.608,0.352,0.511,0.537,0.515,0.397,0.396,0.51,0.6,0.582
0.352,0.511,0.537,0.515,0.397,0.396,0.51,0.6,0.582,0.571
0.511,0.537,0.515,0.397,0.396,0.51,0.6,0.582,0.571,0.583
0.537,0.515,0.397,0.396,0.51,0.6,0.582,0.571,0.583,0.573
0.515,0.397,0.396,0.51,0.6,0.582,0.571,0.583,0.573,0.73
0.397,0.396,0.51,0.6,0.582,0.571,0.583,0.573,0.73,0.733
0.396,0.51,0.6,0.582,0.571,0.583,0.573,0.73,0.733,1.136
0.51,0.6,0.582,0.571,0.583,0.573,0.73,0.733,1.136,1.389
0.6,0.582,0.571,0.583,0.573,0.73,0.733,1.136,1.389,0.865
0.582,0.571,0.583,0.573,0.73,0.733,1.136,1.389,0.865,0.726
0.571,0.583,0.573,0.73,0.733,1.136,1.389,0.865,0.726,0.711
0.583,0.573,0.73,0.733,1.136,1.389,0.865,0.726,0.711,0.564
0.573,0.73,0.733,1.136,1.389,0.865,0.726,0.711,0.564,0.505
0.73,0.733,1.136,1.389,0.865,0.726,0.711,0.564,0.505,0.521
0.733,1.136,1.389,0.865,0.726,0.711,0.564,0.505,0.521,0.508
1.136,1.389,0.865,0.726,0.711,0.564,0.505,0.521,0.508,0.677
1.389,0.865,0.726,0.711,0.564,0.505,0.521,0.508,0.677,0.474
0.865,0.726,0.711,0.564,0.505,0.521,0.508,0.677,0.474,0.704
0.726,0.711,0.564,0.505,0.521,0.508,0.677,0.474,0.704,0.459
0.711,0.564,0.505,0.521,0.508,0.677,0.474,0.704,0.459,0.518
0.564,0.505,0.521,0.508,0.677,0.474,0.704,0.459,0.518,0.482
0.505,0.521,0.508,0.677,0.474,0.704,0.459,0.518,0.482,0.388
0.521,0.508,0.677,0.474,0.704,0.459,0.518,0.482,0.388,0.44
0.508,0.677,0.474,0.704,0.459,0.518,0.482,0.388,0.44,0.317
0.677,0.474,0.704,0.459,0.518,0.482,0.388,0.44,0.317,0.703
0.474,0.704,0.459,0.518,0.482,0.388,0.44,0.317,0.703,0.606
0.704,0.459,0.518,0.482,0.388,0.44,0.317,0.703,0.606,0.585
0.459,0.518,0.482,0.388,0.44,0.317,0.703,0.606,0.585,0.437
0.518,0.482,0.388,0.44,0.317,0.703,0.606,0.585,0.437,0.369
0.482,0.388,0.44,0.317,0.703,0.606,0.585,0.437,0.369,0.401
0.388,0.44,0.317,0.703,0.606,0.585,0.437,0.369,0.401,0.291
0.44,0.317,0.703,0.606,0.585,0.437,0.369,0.401,0.291,0.17
0.317,0.703,0.606,0.585,0.437,0.369,0.401,0.291,0.17,0.327
0.703,0.606,0.585,0.437,0.369,0.401,0.291,0.17,0.327,0.3
0.606,0.585,0.437,0.369,0.401,0.291,0.17,0.327,0.3,0.437
0.585,0.437,0.369,0.401,0.291,0.17,0.327,0.3,0.437,0.303
0.437,0.369,0.401,0.291,0.17,0.327,0.3,0.437,0.303,0.32
0.369,0.401,0.291,0.17,0.327,0.3,0.437,0.303,0.32,0.304
0.401,0.291,0.17,0.327,0.3,0.437,0.303,0.32,0.304,0.169
0.291,0.17,0.327,0.3,0.437,0.303,0.32,0.304,0.169,0.171
0.17,0.327,0.3,0.437,0.303,0.32,0.304,0.169,0.171,0.205
0.327,0.3,0.437,0.303,0.32,0.304,0.169,0.171,0.205,0.141
0.3,0.437,0.303,0.32,0.304,0.169,0.171,0.205,0.141,0.185
0.437,0.303,0.32,0.304,0.169,0.171,0.205,0.141,0.185,0.178
0.303,0.32,0.304,0.169,0.171,0.205,0.141,0.185,0.178,0.037
0.32,0.304,0.169,0.171,0.205,0.141,0.185,0.178,0.037,0.175
0.304,0.169,0.171,0.205,0.141,0.185,0.178,0.037,0.175,0.189
0.169,0.171,0.205,0.141,0.185,0.178,0.037,0.175,0.189,0.173
0.171,0.205,0.141,0.185,0.178,0.037,0.175,0.189,0.173,0.304
0.205,0.141,0.185,0.178,0.037,0.175,0.189,0.173,0.304,0.181
0.141,0.185,0.178,0.037,0.175,0.189,0.173,0.304,0.181,0.307
0.185,0.178,0.037,0.175,0.189,0.173,0.304,0.181,0.307,0.176
0.178,0.037,0.175,0.189,0.173,0.304,0.181,0.307,0.176,0.332
0.037,0.175,0.189,0.173,0.304,0.181,0.307,0.176,0.332,0.482
0.175,0.189,0.173,0.304,0.181,0.307,0.176,0.332,0.482,0.337
0.189,0.173,0.304,0.181,0.307,0.176,0.332,0.482,0.337,0.216
0.173,0.304,0.181,0.307,0.176,0.332,0.482,0.337,0.216,0.214
0.304,0.181,0.307,0.176,0.332,0.482,0.337,0.216,0.214,0.216
0.181,0.307,0.176,0.332,0.482,0.337,0.216,0.214,0.216,0.219
0.307,0.176,0.332,0.482,0.337,0.216,0.214,0.216,0.219,0.224
0.176,0.332,0.482,0.337,0.216,0.214,0.216,0.219,0.224,0.079
0.332,0.482,0.337,0.216,0.214,0.216,0.219,0.224,0.079,0.164
0.482,0.337,0.216,0.214,0.216,0.219,0.224,0.079,0.164,0.185
0.337,0.216,0.214,0.216,0.219,0.224,0.079,0.164,0.185,0.146
0.216,0.214,0.216,0.219,0.224,0.079,0.164,0.185,0.146,0.245
0.214,0.216,0.219,0.224,0.079,0.164,0.185,0.146,0.245,0.112
0.216,0.219,0.224,0.079,0.164,0.185,0.146,0.245,0.112,0.02
0.219,0.224,0.079,0.164,0.185,0.146,0.245,0.112,0.02,0.106
0.224,0.079,0.164,0.185,0.146,0.245,0.112,0.02,0.106,0.081
0.079,0.164,0.185,0.146,0.245,0.112,0.02,0.106,0.081,0.026
0.164,0.185,0.146,0.245,0.112,0.02,0.106,0.081,0.026,0.674
0.185,0.146,0.245,0.112,0.02,0.106,0.081,0.026,0.674,0.42
0.146,0.245,0.112,0.02,0.106,0.081,0.026,0.674,0.42,0.429
0.245,0.112,0.02,0.106,0.081,0.026,0.674,0.42,0.429,0.237
0.112,0.02,0.106,0.081,0.026,0.674,0.42,0.429,0.237,0.161
0.02,0.106,0.081,0.026,0.674,0.42,0.429,0.237,0.161,0.07
0.106,0.081,0.026,0.674,0.42,0.429,0.237,0.161,0.07,0.071
0.081,0.026,0.674,0.42,0.429,0.237,0.161,0.07,0.071,0.049
0.026,0.674,0.42,0.429,0.237,0.161,0.07,0.071,0.049,0.001
0.674,0.42,0.429,0.237,0.161,0.07,0.071,0.049,0.001,0.024
0.42,0.429,0.237,0.161,0.07,0.071,0.049,0.001,0.024,0.005
0.429,0.237,0.161,0.07,0.071,0.049,0.001,0.024,0.005,0.204
0.237,0.161,0.07,0.071,0.049,0.001,0.024,0.005,0.204,0.339
0.161,0.07,0.071,0.049,0.001,0.024,0.005,0.204,0.339,0.213
0.07,0.071,0.049,0.001,0.024,0.005,0.204,0.339,0.213,0.058
0.071,0.049,0.001,0.024,0.005,0.204,0.339,0.213,0.058,0.061
0.049,0.001,0.024,0.005,0.204,0.339,0.213,0.058,0.061,0.067
0.001,0.024,0.005,0.204,0.339,0.213,0.058,0.061,0.067,0.325
0.024,0.005,0.204,0.339,0.213,0.058,0.061,0.067,0.325,0.309
0.005,0.204,0.339,0.213,0.058,0.061,0.067,0.325,0.309,0.092
0.204,0.339,0.213,0.058,0.061,0.067,0.325,0.309,0.092,0.01
0.339,0.213,0.058,0.061,0.067,0.325,0.309,0.092,0.01,0.089
0.213,0.058,0.061,0.067,0.325,0.309,0.092,0.01,0.089,0.089
0.058,0.061,0.067,0.325,0.309,0.092,0.01,0.089,0.089,0.09
0.061,0.067,0.325,0.309,0.092,0.01,0.089,0.089,0.09,0.098
0.067,0.325,0.309,0.092,0.01,0.089,0.089,0.09,0.098,0.088
0.325,0.309,0.092,0.01,0.089,0.089,0.09,0.098,0.088,0.079
0.309,0.092,0.01,0.089,0.089,0.09,0.098,0.088,0.079,0.076
0.092,0.01,0.089,0.089,0.09,0.098,0.088,0.079,0.076,0.107
0.01,0.089,0.089,0.09,0.098,0.088,0.079,0.076,0.107,0.01
0.089,0.089,0.09,0.098,0.088,0.079,0.076,0.107,0.01,0.069
0.089,0.09,0.098,0.088,0.079,0.076,0.107,0.01,0.069,0.07
0.09,0.098,0.088,0.079,0.076,0.107,0.01,0.069,0.07,0.183
0.098,0.088,0.079,0.076,0.107,0.01,0.069,0.07,0.183,0.11
0.088,0.079,0.076,0.107,0.01,0.069,0.07,0.183,0.11,0.098
0.079,0.076,0.107,0.01,0.069,0.07,0.183,0.11,0.098,0.102
0.076,0.107,0.01,0.069,0.07,0.183,0.11,0.098,0.102,0.01
0.107,0.01,0.069,0.07,0.183,0.11,0.098,0.102,0.01,0.069
0.01,0.069,0.07,0.183,0.11,0.098,0.102,0.01,0.069,0.073
0.069,0.07,0.183,0.11,0.098,0.102,0.01,0.069,0.073,0.09
0.07,0.183,0.11,0.098,0.102,0.01,0.069,0.073,0.09,0.09
0.183,0.11,0.098,0.102,0.01,0.069,0.073,0.09,0.09,0.085
0.11,0.098,0.102,0.01,0.069,0.073,0.09,0.09,0.085,0.09
0.098,0.102,0.01,0.069,0.073,0.09,0.09,0.085,0.09,0.025
0.102,0.01,0.069,0.073,0.09,0.09,0.085,0.09,0.025,0.019
0.01,0.069,0.073,0.09,0.09,0.085,0.09,0.025,0.019,0.202
0.069,0.073,0.09,0.09,0.085,0.09,0.025,0.019,0.202,0.082
0.073,0.09,0.09,0.085,0.09,0.025,0.019,0.202,0.082,0.01
0.09,0.09,0.085,0.09,0.025,0.019,0.202,0.082,0.01,0.211
0.09,0.085,0.09,0.025,0.019,0.202,0.082,0.01,0.211,0.351
0.085,0.09,0.025,0.019,0.202,0.082,0.01,0.211,0.351,0.112
0.09,0.025,0.019,0.202,0.082,0.01,0.211,0.351,0.112,0.102
0.025,0.019,0.202,0.082,0.01,0.211,0.351,0.112,0.102,0.213
0.019,0.202,0.082,0.01,0.211,0.351,0.112,0.102,0.213,0.03
0.202,0.082,0.01,0.211,0.351,0.112,0.102,0.213,0.03,0.105
0.082,0.01,0.211,0.351,0.112,0.102,0.213,0.03,0.105,0.01
0.01,0.211,0.351,0.112,0.102,0.213,0.03,0.105,0.01,0.075
0.211,0.351,0.112,0.102,0.213,0.03,0.105,0.01,0.075,0.01
0.351,0.112,0.102,0.213,0.03,0.105,0.01,0.075,0.01,0.22
0.112,0.102,0.213,0.03,0.105,0.01,0.075,0.01,0.22,0.088
0.102,0.213,0.03,0.105,0.01,0.075,0.01,0.22,0.088,0.007
0.213,0.03,0.105,0.01,0.075,0.01,0.22,0.088,0.007,1.096
0.03,0.105,0.01,0.075,0.01,0.22,0.088,0.007,1.096,0.342
0.105,0.01,0.075,0.01,0.22,0.088,0.007,1.096,0.342,0.229
0.01,0.075,0.01,0.22,0.088,0.007,1.096,0.342,0.229,0.083
0.075,0.01,0.22,0.088,0.007,1.096,0.342,0.229,0.083,0.095
0.01,0.22,0.088,0.007,1.096,0.342,0.229,0.083,0.095,0.089
0.22,0.088,0.007,1.096,0.342,0.229,0.083,0.095,0.089,0.094
0.088,0.007,1.096,0.342,0.229,0.083,0.095,0.089,0.094,0.01
0.007,1.096,0.342,0.229,0.083,0.095,0.089,0.094,0.01,0.104
1.096,0.342,0.229,0.083,0.095,0.089,0.094,0.01,0.104,0.1
0.342,0.229,0.083,0.095,0.089,0.094,0.01,0.104,0.1,0.466
0.229,0.083,0.095,0.089,0.094,0.01,0.104,0.1,0.466,0.545
0.083,0.095,0.089,0.094,0.01,0.104,0.1,0.466,0.545,0.324
0.095,0.089,0.094,0.01,0.104,0.1,0.466,0.545,0.324,0.189
0.089,0.094,0.01,0.104,0.1,0.466,0.545,0.324,0.189,0.097
0.094,0.01,0.104,0.1,0.466,0.545,0.324,0.189,0.097,0.843
0.01,0.104,0.1,0.466,0.545,0.324,0.189,0.097,0.843,1.104
0.104,0.1,0.466,0.545,0.324,0.189,0.097,0.843,1.104,1.047
0.1,0.466,0.545,0.324,0.189,0.097,0.843,1.104,1.047,0.701
0.466,0.545,0.324,0.189,0.097,0.843,1.104,1.047,0.701,0.569
0.545,0.324,0.189,0.097,0.843,1.104,1.047,0.701,0.569,0.452
0.324,0.189,0.097,0.843,1.104,1.047,0.701,0.569,0.452,0.229
0.189,0.097,0.843,1.104,1.047,0.701,0.569,0.452,0.229,0.213
0.097,0.843,1.104,1.047,0.701,0.569,0.452,0.229,0.213,0.229
0.843,1.104,1.047,0.701,0.569,0.452,0.229,0.213,0.229,0.204
1.104,1.047,0.701,0.569,0.452,0.229,0.213,0.229,0.204,0.326
1.047,0.701,0.569,0.452,0.229,0.213,0.229,0.204,0.326,0.236
0.701,0.569,0.452,0.229,0.213,0.229,0.204,0.326,0.236,0.215
0.569,0.452,0.229,0.213,0.229,0.204,0.326,0.236,0.215,0.107
0.452,0.229,0.213,0.229,0.204,0.326,0.236,0.215,0.107,0.112
0.229,0.213,0.229,0.204,0.326,0.236,0.215,0.107,0.112,1.074
0.213,0.229,0.204,0.326,0.236,0.215,0.107,0.112,1.074,0.344
0.229,0.204,0.326,0.236,0.215,0.107,0.112,1.074,0.344,0.33
0.204,0.326,0.236,0.215,0.107,0.112,1.074,0.344,0.33,0.334
0.326,0.236,0.215,0.107,0.112,1.074,0.344,0.33,0.334,0.11
0.236,0.215,0.107,0.112,1.074,0.344,0.33,0.334,0.11,0.353
0.215,0.107,0.112,1.074,0.344,0.33,0.334,0.11,0.353,0.158
0.107,0.112,1.074,0.344,0.33,0.334,0.11,0.353,0.158,0.138
0.112,1.074,0.344,0.33,0.334,0.11,0.353,0.158,0.138,0.216
1.074,0.344,0.33,0.334,0.11,0.353,0.158,0.138,0.216,0.214
0.344,0.33,0.334,0.11,0.353,0.158,0.138,0.216,0.214,0.078
0.33,0.334,0.11,0.353,0.158,0.138,0.216,0.214,0.078,0.08
0.334,0.11,0.353,0.158,0.138,0.216,0.214,0.078,0.08,0.111
0.11,0.353,0.158,0.138,0.216,0.214,0.078,0.08,0.111,0.022
0.353,0.158,0.138,0.216,0.214,0.078,0.08,0.111,0.022,0.094
0.158,0.138,0.216,0.214,0.078,0.08,0.111,0.022,0.094,0.275
0.138,0.216,0.214,0.078,0.08,0.111,0.022,0.094,0.275,0.229
0.216,0.214,0.078,0.08,0.111,0.022,0.094,0.275,0.229,0.338
0.214,0.078,0.08,0.111,0.022,0.094,0.275,0.229,0.338,0.131
0.078,0.08,0.111,0.022,0.094,0.275,0.229,0.338,0.131,0.293
0.08,0.111,0.022,0.094,0.275,0.229,0.338,0.131,0.293,0.206
0.111,0.022,0.094,0.275,0.229,0.338,0.131,0.293,0.206,0.327
0.022,0.094,0.275,0.229,0.338,0.131,0.293,0.206,0.327,0.217
0.094,0.275,0.229,0.338,0.131,0.293,0.206,0.327,0.217,0.108
0.275,0.229,0.338,0.131,0.293,0.206,0.327,0.217,0.108,0.222
0.229,0.338,0.131,0.293,0.206,0.327,0.217,0.108,0.222,0.113
0.338,0.131,0.293,0.206,0.327,0.217,0.108,0.222,0.113,0.091
0.131,0.293,0.206,0.327,0.217,0.108,0.222,0.113,0.091,0.052
0.293,0.206,0.327,0.217,0.108,0.222,0.113,0.091,0.052,0.094
0.206,0.327,0.217,0.108,0.222,0.113,0.091,0.052,0.094,0.235
0.327,0.217,0.108,0.222,0.113,0.091,0.052,0.094,0.235,0.575
0.217,0.108,0.222,0.113,0.091,0.052,0.094,0.235,0.575,0.59
0.108,0.222,0.113,0.091,0.052,0.094,0.235,0.575,0.59,0.286
0.222,0.113,0.091,0.052,0.094,0.235,0.575,0.59,0.286,0.249
0.113,0.091,0.052,0.094,0.235,0.575,0.59,0.286,0.249,0.226
0.091,0.052,0.094,0.235,0.575,0.59,0.286,0.249,0.226,0.1
0.052,0.094,0.235,0.575,0.59,0.286,0.249,0.226,0.1,0.054
0.094,0.235,0.575,0.59,0.286,0.249,0.226,0.1,0.054,0.214
0.235,0.575,0.59,0.286,0.249,0.226,0.1,0.054,0.214,0.2
0.575,0.59,0.286,0.249,0.226,0.1,0.054,0.214,0.2,0.326
0.59,0.286,0.249,0.226,0.1,0.054,0.214,0.2,0.326,0.088
0.286,0.249,0.226,0.1,0.054,0.214,0.2,0.326,0.088,0.152
0.249,0.226,0.1,0.054,0.214,0.2,0.326,0.088,0.152,0.169
0.226,0.1,0.054,0.214,0.2,0.326,0.088,0.152,0.169,0.203
0.1,0.054,0.214,0.2,0.326,0.088,0.152,0.169,0.203,0.099
0.054,0.214,0.2,0.326,0.088,0.152,0.169,0.203,0.099,0.098
0.214,0.2,0.326,0.088,0.152,0.169,0.203,0.099,0.098,0.11
0.2,0.326,0.088,0.152,0.169,0.203,0.099,0.098,0.11,0.11
0.326,0.088,0.152,0.169,0.203,0.099,0.098,0.11,0.11,0.097
0.088,0.152,0.169,0.203,0.099,0.098,0.11,0.11,0.097,0.102
0.152,0.169,0.203,0.099,0.098,0.11,0.11,0.097,0.102,0.271
0.169,0.203,0.099,0.098,0.11,0.11,0.097,0.102,0.271,0.084
0.203,0.099,0.098,0.11,0.11,0.097,0.102,0.271,0.084,0.169
0.099,0.098,0.11,0.11,0.097,0.102,0.271,0.084,0.169,0.41
0.098,0.11,0.11,0.097,0.102,0.271,0.084,0.169,0.41,0.702
0.11,0.11,0.097,0.102,0.271,0.084,0.169,0.41,0.702,0.205
0.11,0.097,0.102,0.271,0.084,0.169,0.41,0.702,0.205,0.298
0.097,0.102,0.271,0.084,0.169,0.41,0.702,0.205,0.298,0.181
0.102,0.271,0.084,0.169,0.41,0.702,0.205,0.298,0.181,0.114
0.271,0.084,0.169,0.41,0.702,0.205,0.298,0.181,0.114,0.207
0.084,0.169,0.41,0.702,0.205,0.298,0.181,0.114,0.207,0.225
0.169,0.41,0.702,0.205,0.298,0.181,0.114,0.207,0.225,0.215
0.41,0.702,0.205,0.298,0.181,0.114,0.207,0.225,0.215,0.231
0.702,0.205,0.298,0.181,0.114,0.207,0.225,0.215,0.231,0.09
0.205,0.298,0.181,0.114,0.207,0.225,0.215,0.231,0.09,0.107
0.298,0.181,0.114,0.207,0.225,0.215,0.231,0.09,0.107,0.108
0.181,0.114,0.207,0.225,0.215,0.231,0.09,0.107,0.108,0.239
0.114,0.207,0.225,0.215,0.231,0.09,0.107,0.108,0.239,0.22
0.207,0.225,0.215,0.231,0.09,0.107,0.108,0.239,0.22,0.286
0.225,0.215,0.231,0.09,0.107,0.108,0.239,0.22,0.286,0.22
0.215,0.231,0.09,0.107,0.108,0.239,0.22,0.286,0.22,0.1
0.231,0.09,0.107,0.108,0.239,0.22,0.286,0.22,0.1,0.198
0.09,0.107,0.108,0.239,0.22,0.286,0.22,0.1,0.198,0.092
0.107,0.108,0.239,0.22,0.286,0.22,0.1,0.198,0.092,0.211
0.108,0.239,0.22,0.286,0.22,0.1,0.198,0.092,0.211,0.143
0.239,0.22,0.286,0.22,0.1,0.198,0.092,0.211,0.143,0.218
0.22,0.286,0.22,0.1,0.198,0.092,0.211,0.143,0.218,0.156
0.286,0.22,0.1,0.198,0.092,0.211,0.143,0.218,0.156,0.143
0.22,0.1,0.198,0.092,0.211,0.143,0.218,0.156,0.143,0.227
0.1,0.198,0.092,0.211,0.143,0.218,0.156,0.143,0.227,0.249
0.198,0.092,0.211,0.143,0.218,0.156,0.143,0.227,0.249,0.114
0.092,0.211,0.143,0.218,0.156,0.143,0.227,0.249,0.114,0.262
0.211,0.143,0.218,0.156,0.143,0.227,0.249,0.114,0.262,0.257
0.143,0.218,0.156,0.143,0.227,0.249,0.114,0.262,0.257,0.144
0.218,0.156,0.143,0.227,0.249,0.114,0.262,0.257,0.144,0.14
0.156,0.143,0.227,0.249,0.114,0.262,0.257,0.144,0.14,0.246
0.143,0.227,0.249,0.114,0.262,0.257,0.144,0.14,0.246,0.139
0.227,0.249,0.114,0.262,0.257,0.144,0.14,0.246,0.139,0.253
0.249,0.114,0.262,0.257,0.144,0.14,0.246,0.139,0.253,0.047
0.114,0.262,0.257,0.144,0.14,0.246,0.139,0.253,0.047,0.049
0.262,0.257,0.144,0.14,0.246,0.139,0.253,0.047,0.049,0.151
0.257,0.144,0.14,0.246,0.139,0.253,0.047,0.049,0.151,0.154
0.144,0.14,0.246,0.139,0.253,0.047,0.049,0.151,0.154,0.172
0.14,0.246,0.139,0.253,0.047,0.049,0.151,0.154,0.172,0.054
0.246,0.139,0.253,0.047,0.049,0.151,0.154,0.172,0.054,0.172
0.139,0.253,0.047,0.049,0.151,0.154,0.172,0.054,0.172,0.054
0.253,0.047,0.049,0.151,0.154,0.172,0.054,0.172,0.054,0.175
0.047,0.049,0.151,0.154,0.172,0.054,0.172,0.054,0.175,0.053
0.049,0.151,0.154,0.172,0.054,0.172,0.054,0.175,0.053,0.068
0.151,0.154,0.172,0.054,0.172,0.054,0.175,0.053,0.068,0.175
0.154,0.172,0.054,0.172,0.054,0.175,0.053,0.068,0.175,0.227
0.172,0.054,0.172,0.054,0.175,0.053,0.068,0.175,0.227,0.278
0.054,0.172,0.054,0.175,0.053,0.068,0.175,0.227,0.278,0.01
0.172,0.054,0.175,0.053,0.068,0.175,0.227,0.278,0.01,0.092
0.054,0.175,0.053,0.068,0.175,0.227,0.278,0.01,0.092,0.057
0.175,0.053,0.068,0.175,0.227,0.278,0.01,0.092,0.057,0.113
0.053,0.068,0.175,0.227,0.278,0.01,0.092,0.057,0.113,0.096
0.068,0.175,0.227,0.278,0.01,0.092,0.057,0.113,0.096,0.644
0.175,0.227,0.278,0.01,0.092,0.057,0.113,0.096,0.644,1.532
0.227,0.278,0.01,0.092,0.057,0.113,0.096,0.644,1.532,0.628
0.278,0.01,0.092,0.057,0.113,0.096,0.644,1.532,0.628,0.569
0.01,0.092,0.057,0.113,0.096,0.644,1.532,0.628,0.569,0.508
0.092,0.057,0.113,0.096,0.644,1.532,0.628,0.569,0.508,0.762
0.057,0.113,0.096,0.644,1.532,0.628,0.569,0.508,0.762,0.6
0.113,0.096,0.644,1.532,0.628,0.569,0.508,0.762,0.6,0.38
0.096,0.644,1.532,0.628,0.569,0.508,0.762,0.6,0.38,0.507
0.644,1.532,0.628,0.569,0.508,0.762,0.6,0.38,0.507,0.396
1.532,0.628,0.569,0.508,0.762,0.6,0.38,0.507,0.396,0.848
0.628,0.569,0.508,0.762,0.6,0.38,0.507,0.396,0.848,0.748
0.569,0.508,0.762,0.6,0.38,0.507,0.396,0.848,0.748,2.391
0.508,0.762,0.6,0.38,0.507,0.396,0.848,0.748,2.391,2.018
0.762,0.6,0.38,0.507,0.396,0.848,0.748,2.391,2.018,1.303
0.6,0.38,0.507,0.396,0.848,0.748,2.391,2.018,1.303,0.965
0.38,0.507,0.396,0.848,0.748,2.391,2.018,1.303,0.965,1.062
0.507,0.396,0.848,0.748,2.391,2.018,1.303,0.965,1.062,0.815
0.396,0.848,0.748,2.391,2.018,1.303,0.965,1.062,0.815,0.822
0.848,0.748,2.391,2.018,1.303,0.965,1.062,0.815,0.822,1.552
0.748,2.391,2.018,1.303,0.965,1.062,0.815,0.822,1.552,2.684
2.391,2.018,1.303,0.965,1.062,0.815,0.822,1.552,2.684,2.017
2.018,1.303,0.965,1.062,0.815,0.822,1.552,2.684,2.017,2.581
1.303,0.965,1.062,0.815,0.822,1.552,2.684,2.017,2.581,2.435
0.965,1.062,0.815,0.822,1.552,2.684,2.017,2.581,2.435,1.947
1.062,0.815,0.822,1.552,2.684,2.017,2.581,2.435,1.947,1.595
0.815,0.822,1.552,2.684,2.017,2.581,2.435,1.947,1.595,1.625
0.822,1.552,2.684,2.017,2.581,2.435,1.947,1.595,1.625,1.28
1.552,2.684,2.017,2.581,2.435,1.947,1.595,1.625,1.28,2.759
2.684,2.017,2.581,2.435,1.947,1.595,1.625,1.28,2.759,2.93
2.017,2.581,2.435,1.947,1.595,1.625,1.28,2.759,2.93,2.187
2.581,2.435,1.947,1.595,1.625,1.28,2.759,2.93,2.187,2.067
2.435,1.947,1.595,1.625,1.28,2.759,2.93,2.187,2.067,2.546
1.947,1.595,1.625,1.28,2.759,2.93,2.187,2.067,2.546,2.042
1.595,1.625,1.28,2.759,2.93,2.187,2.067,2.546,2.042,1.943
1.625,1.28,2.759,2.93,2.187,2.067,2.546,2.042,1.943,2.261
1.28,2.759,2.93,2.187,2.067,2.546,2.042,1.943,2.261,2.274
2.759,2.93,2.187,2.067,2.546,2.042,1.943,2.261,2.274,3.017
2.93,2.187,2.067,2.546,2.042,1.943,2.261,2.274,3.017,2.851
2.187,2.067,2.546,2.042,1.943,2.261,2.274,3.017,2.851,3.342
2.067,2.546,2.042,1.943,2.261,2.274,3.017,2.851,3.342,2.515
2.546,2.042,1.943,2.261,2.274,3.017,2.851,3.342,2.515,1.793
2.042,1.943,2.261,2.274,3.017,2.851,3.342,2.515,1.793,1.789
1.943,2.261,2.274,3.017,2.851,3.342,2.515,1.793,1.789,1.523
2.261,2.274,3.017,2.851,3.342,2.515,1.793,1.789,1.523,1.52
2.274,3.017,2.851,3.342,2.515,1.793,1.789,1.523,1.52,1.395
3.017,2.851,3.342,2.515,1.793,1.789,1.523,1.52,1.395,3.999
2.851,3.342,2.515,1.793,1.789,1.523,1.52,1.395,3.999,3.038
3.342,2.515,1.793,1.789,1.523,1.52,1.395,3.999,3.038,3.989
2.515,1.793,1.789,1.523,1.52,1.395,3.999,3.038,3.989,4.986
1.793,1.789,1.523,1.52,1.395,3.999,3.038,3.989,4.986,4.337
1.789,1.523,1.52,1.395,3.999,3.038,3.989,4.986,4.337,3.288
1.523,1.52,1.395,3.999,3.038,3.989,4.986,4.337,3.288,2.66
1.52,1.395,3.999,3.038,3.989,4.986,4.337,3.288,2.66,1.902
1.395,3.999,3.038,3.989,4.986,4.337,3.288,2.66,1.902,2.029
3.999,3.038,3.989,4.986,4.337,3.288,2.66,1.902,2.029,1.95
3.038,3.989,4.986,4.337,3.288,2.66,1.902,2.029,1.95,1.533
3.989,4.986,4.337,3.288,2.66,1.902,2.029,1.95,1.533,1.061
4.986,4.337,3.288,2.66,1.902,2.029,1.95,1.533,1.061,0.983
4.337,3.288,2.66,1.902,2.029,1.95,1.533,1.061,0.983,0.736
3.288,2.66,1.902,2.029,1.95,1.533,1.061,0.983,0.736,0.711
2.66,1.902,2.029,1.95,1.533,1.061,0.983,0.736,0.711,0.597
1.902,2.029,1.95,1.533,1.061,0.983,0.736,0.711,0.597,0.601
2.029,1.95,1.533,1.061,0.983,0.736,0.711,0.597,0.601,0.624
1.95,1.533,1.061,0.983,0.736,0.711,0.597,0.601,0.624,0.478
1.533,1.061,0.983,0.736,0.711,0.597,0.601,0.624,0.478,0.451
1.061,0.983,0.736,0.711,0.597,0.601,0.624,0.478,0.451,0.454
0.983,0.736,0.711,0.597,0.601,0.624,0.478,0.451,0.454,0.429
0.736,0.711,0.597,0.601,0.624,0.478,0.451,0.454,0.429,0.44
0.711,0.597,0.601,0.624,0.478,0.451,0.454,0.429,0.44,0.311
0.597,0.601,0.624,0.478,0.451,0.454,0.429,0.44,0.311,0.288
0.601,0.624,0.478,0.451,0.454,0.429,0.44,0.311,0.288,0.328
0.624,0.478,0.451,0.454,0.429,0.44,0.311,0.288,0.328,0.436
0.478,0.451,0.454,0.429,0.44,0.311,0.288,0.328,0.436,0.495
0.451,0.454,0.429,0.44,0.311,0.288,0.328,0.436,0.495,0.496
0.454,0.429,0.44,0.311,0.288,0.328,0.436,0.495,0.496,0.485
0.429,0.44,0.311,0.288,0.328,0.436,0.495,0.496,0.485,0.516
0.44,0.311,0.288,0.328,0.436,0.495,0.496,0.485,0.516,1.042
0.311,0.288,0.328,0.436,0.495,0.496,0.485,0.516,1.042,0.784
0.288,0.328,0.436,0.495,0.496,0.485,0.516,1.042,0.784,0.769
0.328,0.436,0.495,0.496,0.485,0.516,1.042,0.784,0.769,0.519
0.436,0.495,0.496,0.485,0.516,1.042,0.784,0.769,0.519,0.765
0.495,0.496,0.485,0.516,1.042,0.784,0.769,0.519,0.765,3.858
0.496,0.485,0.516,1.042,0.784,0.769,0.519,0.765,3.858,4.343
0.485,0.516,1.042,0.784,0.769,0.519,0.765,3.858,4.343,2.19
0.516,1.042,0.784,0.769,0.519,0.765,3.858,4.343,2.19,1.286
1.042,0.784,0.769,0.519,0.765,3.858,4.343,2.19,1.286,1.906
0.784,0.769,0.519,0.765,3.858,4.343,2.19,1.286,1.906,4.328
0.769,0.519,0.765,3.858,4.343,2.19,1.286,1.906,4.328,3.641
0.519,0.765,3.858,4.343,2.19,1.286,1.906,4.328,3.641,2.701
0.765,3.858,4.343,2.19,1.286,1.906,4.328,3.641,2.701,2.117
3.858,4.343,2.19,1.286,1.906,4.328,3.641,2.701,2.117,1.994
4.343,2.19,1.286,1.906,4.328,3.641,2.701,2.117,1.994,1.431
2.19,1.286,1.906,4.328,3.641,2.701,2.117,1.994,1.431,1.426
1.286,1.906,4.328,3.641,2.701,2.117,1.994,1.431,1.426,1.311
1.906,4.328,3.641,2.701,2.117,1.994,1.431,1.426,1.311,1.307
4.328,3.641,2.701,2.117,1.994,1.431,1.426,1.311,1.307,1.16
3.641,2.701,2.117,1.994,1.431,1.426,1.311,1.307,1.16,1.04
2.701,2.117,1.994,1.431,1.426,1.311,1.307,1.16,1.04,1.291
2.117,1.994,1.431,1.426,1.311,1.307,1.16,1.04,1.291,1.468
1.994,1.431,1.426,1.311,1.307,1.16,1.04,1.291,1.468,1.31
1.431,1.426,1.311,1.307,1.16,1.04,1.291,1.468,1.31,1.052
1.426,1.311,1.307,1.16,1.04,1.291,1.468,1.31,1.052,1.03
1.311,1.307,1.16,1.04,1.291,1.468,1.31,1.052,1.03,1.031
1.307,1.16,1.04,1.291,1.468,1.31,1.052,1.03,1.031,0.848
1.16,1.04,1.291,1.468,1.31,1.052,1.03,1.031,0.848,1.06
1.04,1.291,1.468,1.31,1.052,1.03,1.031,0.848,1.06,0.96
1.291,1.468,1.31,1.052,1.03,1.031,0.848,1.06,0.96,0.837
1.468,1.31,1.052,1.03,1.031,0.848,1.06,0.96,0.837,0.838
1.31,1.052,1.03,1.031,0.848,1.06,0.96,0.837,0.838,0.811
1.052,1.03,1.031,0.848,1.06,0.96,0.837,0.838,0.811,0.956
1.03,1.031,0.848,1.06,0.96,0.837,0.838,0.811,0.956,0.832
1.031,0.848,1.06,0.96,0.837,0.838,0.811,0.956,0.832,0.831
0.848,1.06,0.96,0.837,0.838,0.811,0.956,0.832,0.831,0.554
1.06,0.96,0.837,0.838,0.811,0.956,0.832,0.831,0.554,0.667
0.96,0.837,0.838,0.811,0.956,0.832,0.831,0.554,0.667,0.395
0.837,0.838,0.811,0.956,0.832,0.831,0.554,0.667,0.395,0.524
0.838,0.811,0.956,0.832,0.831,0.554,0.667,0.395,0.524,0.813
0.811,0.956,0.832,0.831,0.554,0.667,0.395,0.524,0.813,0.5
0.956,0.832,0.831,0.554,0.667,0.395,0.524,0.813,0.5,0.513
0.832,0.831,0.554,0.667,0.395,0.524,0.813,0.5,0.513,0.492
0.831,0.554,0.667,0.395,0.524,0.813,0.5,0.513,0.492,0.49
0.554,0.667,0.395,0.524,0.813,0.5,0.513,0.492,0.49,0.393
0.667,0.395,0.524,0.813,0.5,0.513,0.492,0.49,0.393,0.186
0.395,0.524,0.813,0.5,0.513,0.492,0.49,0.393,0.186,0.361
0.524,0.813,0.5,0.513,0.492,0.49,0.393,0.186,0.361,0.484
0.813,0.5,0.513,0.492,0.49,0.393,0.186,0.361,0.484,0.343
0.5,0.513,0.492,0.49,0.393,0.186,0.361,0.484,0.343,0.346
0.513,0.492,0.49,0.393,0.186,0.361,0.484,0.343,0.346,0.354
0.492,0.49,0.393,0.186,0.361,0.484,0.343,0.346,0.354,0.629
0.49,0.393,0.186,0.361,0.484,0.343,0.346,0.354,0.629,1.596
0.393,0.186,0.361,0.484,0.343,0.346,0.354,0.629,1.596,0.87
0.186,0.361,0.484,0.343,0.346,0.354,0.629,1.596,0.87,0.483
0.361,0.484,0.343,0.346,0.354,0.629,1.596,0.87,0.483,0.639
0.484,0.343,0.346,0.354,0.629,1.596,0.87,0.483,0.639,0.65
0.343,0.346,0.354,0.629,1.596,0.87,0.483,0.639,0.65,0.507
0.346,0.354,0.629,1.596,0.87,0.483,0.639,0.65,0.507,0.367
0.354,0.629,1.596,0.87,0.483,0.639,0.65,0.507,0.367,0.492
0.629,1.596,0.87,0.483,0.639,0.65,0.507,0.367,0.492,0.507
1.596,0.87,0.483,0.639,0.65,0.507,0.367,0.492,0.507,0.405
0.87,0.483,0.639,0.65,0.507,0.367,0.492,0.507,0.405,0.382
0.483,0.639,0.65,0.507,0.367,0.492,0.507,0.405,0.382,0.446
0.639,0.65,0.507,0.367,0.492,0.507,0.405,0.382,0.446,0.445
0.65,0.507,0.367,0.492,0.507,0.405,0.382,0.446,0.445,0.448
0.507,0.367,0.492,0.507,0.405,0.382,0.446,0.445,0.448,0.334
0.367,0.492,0.507,0.405,0.382,0.446,0.445,0.448,0.334,0.43
0.492,0.507,0.405,0.382,0.446,0.445,0.448,0.334,0.43,0.316
0.507,0.405,0.382,0.446,0.445,0.448,0.334,0.43,0.316,0.134
0.405,0.382,0.446,0.445,0.448,0.334,0.43,0.316,0.134,0.379
0.382,0.446,0.445,0.448,0.334,0.43,0.316,0.134,0.379,0.391
0.446,0.445,0.448,0.334,0.43,0.316,0.134,0.379,0.391,0.183
0.445,0.448,0.334,0.43,0.316,0.134,0.379,0.391,0.183,0.183
0.448,0.334,0.43,0.316,0.134,0.379,0.391,0.183,0.183,0.492
0.334,0.43,0.316,0.134,0.379,0.391,0.183,0.183,0.492,0.175
0.43,0.316,0.134,0.379,0.391,0.183,0.183,0.492,0.175,0.816
0.316,0.134,0.379,0.391,0.183,0.183,0.492,0.175,0.816,0.507
0.134,0.379,0.391,0.183,0.183,0.492,0.175,0.816,0.507,0.458
0.379,0.391,0.183,0.183,0.492,0.175,0.816,0.507,0.458,0.34
0.391,0.183,0.183,0.492,0.175,0.816,0.507,0.458,0.34,0.293
0.183,0.183,0.492,0.175,0.816,0.507,0.458,0.34,0.293,0.336
0.183,0.492,0.175,0.816,0.507,0.458,0.34,0.293,0.336,0.236
0.492,0.175,0.816,0.507,0.458,0.34,0.293,0.336,0.236,0.288
0.175,0.816,0.507,0.458,0.34,0.293,0.336,0.236,0.288,0.243
0.816,0.507,0.458,0.34,0.293,0.336,0.236,0.288,0.243,0.185
0.507,0.458,0.34,0.293,0.336,0.236,0.288,0.243,0.185,0.211
0.458,0.34,0.293,0.336,0.236,0.288,0.243,0.185,0.211,0.233
0.34,0.293,0.336,0.236,0.288,0.243,0.185,0.211,0.233,0.21
0.293,0.336,0.236,0.288,0.243,0.185,0.211,0.233,0.21,0.028
0.336,0.236,0.288,0.243,0.185,0.211,0.233,0.21,0.028,0.129
0.236,0.288,0.243,0.185,0.211,0.233,0.21,0.028,0.129,0.012
0.288,0.243,0.185,0.211,0.233,0.21,0.028,0.129,0.012,0.099
0.243,0.185,0.211,0.233,0.21,0.028,0.129,0.012,0.099,0.01
0.185,0.211,0.233,0.21,0.028,0.129,0.012,0.099,0.01,0.088
0.211,0.233,0.21,0.028,0.129,0.012,0.099,0.01,0.088,0.001
0.233,0.21,0.028,0.129,0.012,0.099,0.01,0.088,0.001,0.01
0.21,0.028,0.129,0.012,0.099,0.01,0.088,0.001,0.01,0.117
0.028,0.129,0.012,0.099,0.01,0.088,0.001,0.01,0.117,0.049
0.129,0.012,0.099,0.01,0.088,0.001,0.01,0.117,0.049,0.102
0.012,0.099,0.01,0.088,0.001,0.01,0.117,0.049,0.102,0.1
0.099,0.01,0.088,0.001,0.01,0.117,0.049,0.102,0.1,0.15
0.01,0.088,0.001,0.01,0.117,0.049,0.102,0.1,0.15,0.301
0.088,0.001,0.01,0.117,0.049,0.102,0.1,0.15,0.301,0.001
0.001,0.01,0.117,0.049,0.102,0.1,0.15,0.301,0.001,0.249
0.01,0.117,0.049,0.102,0.1,0.15,0.301,0.001,0.249,0.206
0.117,0.049,0.102,0.1,0.15,0.301,0.001,0.249,0.206,0.019
0.049,0.102,0.1,0.15,0.301,0.001,0.249,0.206,0.019,0.076
0.102,0.1,0.15,0.301,0.001,0.249,0.206,0.019,0.076,0.148
0.1,0.15,0.301,0.001,0.249,0.206,0.019,0.076,0.148,0.21
0.15,0.301,0.001,0.249,0.206,0.019,0.076,0.148,0.21,0.11
0.301,0.001,0.249,0.206,0.019,0.076,0.148,0.21,0.11,0.114
0.001,0.249,0.206,0.019,0.076,0.148,0.21,0.11,0.114,0.173
0.249,0.206,0.019,0.076,0.148,0.21,0.11,0.114,0.173,0.205
0.206,0.019,0.076,0.148,0.21,0.11,0.114,0.173,0.205,0.184
0.019,0.076,0.148,0.21,0.11,0.114,0.173,0.205,0.184,0.185
0.076,0.148,0.21,0.11,0.114,0.173,0.205,0.184,0.185,0.16
0.148,0.21,0.11,0.114,0.173,0.205,0.184,0.185,0.16,0.102
0.21,0.11,0.114,0.173,0.205,0.184,0.185,0.16,0.102,0.069
0.11,0.114,0.173,0.205,0.184,0.185,0.16,0.102,0.069,0.131
0.114,0.173,0.205,0.184,0.185,0.16,0.102,0.069,0.131,0.003
0.173,0.205,0.184,0.185,0.16,0.102,0.069,0.131,0.003,0.247
0.205,0.184,0.185,0.16,0.102,0.069,0.131,0.003,0.247,0.106
0.184,0.185,0.16,0.102,0.069,0.131,0.003,0.247,0.106,0.014
0.185,0.16,0.102,0.069,0.131,0.003,0.247,0.106,0.014,0.082
0.16,0.102,0.069,0.131,0.003,0.247,0.106,0.014,0.082,0.245
0.102,0.069,0.131,0.003,0.247,0.106,0.014,0.082,0.245,0.148
0.069,0.131,0.003,0.247,0.106,0.014,0.082,0.245,0.148,0.03
0.131,0.003,0.247,0.106,0.014,0.082,0.245,0.148,0.03,0.01
0.003,0.247,0.106,0.014,0.082,0.245,0.148,0.03,0.01,0.173
0.247,0.106,0.014,0.082,0.245,0.148,0.03,0.01,0.173,0.088
0.106,0.014,0.082,0.245,0.148,0.03,0.01,0.173,0.088,0.233
0.014,0.082,0.245,0.148,0.03,0.01,0.173,0.088,0.233,0.248
0.082,0.245,0.148,0.03,0.01,0.173,0.088,0.233,0.248,0.623
0.245,0.148,0.03,0.01,0.173,0.088,0.233,0.248,0.623,0.682
0.148,0.03,0.01,0.173,0.088,0.233,0.248,0.623,0.682,0.428
0.03,0.01,0.173,0.088,0.233,0.248,0.623,0.682,0.428,0.12
0.01,0.173,0.088,0.233,0.248,0.623,0.682,0.428,0.12,0.701
0.173,0.088,0.233,0.248,0.623,0.682,0.428,0.12,0.701,0.447
0.088,0.233,0.248,0.623,0.682,0.428,0.12,0.701,0.447,0.398
0.233,0.248,0.623,0.682,0.428,0.12,0.701,0.447,0.398,0.044
0.248,0.623,0.682,0.428,0.12,0.701,0.447,0.398,0.044,0.01
0.623,0.682,0.428,0.12,0.701,0.447,0.398,0.044,0.01,0.048
0.682,0.428,0.12,0.701,0.447,0.398,0.044,0.01,0.048,0.274
0.428,0.12,0.701,0.447,0.398,0.044,0.01,0.048,0.274,0.159
0.12,0.701,0.447,0.398,0.044,0.01,0.048,0.274,0.159,0.147
0.701,0.447,0.398,0.044,0.01,0.048,0.274,0.159,0.147,0.169
0.447,0.398,0.044,0.01,0.048,0.274,0.159,0.147,0.169,0.015
0.398,0.044,0.01,0.048,0.274,0.159,0.147,0.169,0.015,0.152
0.044,0.01,0.048,0.274,0.159,0.147,0.169,0.015,0.152,0.29
0.01,0.048,0.274,0.159,0.147,0.169,0.015,0.152,0.29,0.085
0.048,0.274,0.159,0.147,0.169,0.015,0.152,0.29,0.085,0.286
0.274,0.159,0.147,0.169,0.015,0.152,0.29,0.085,0.286,0.157
0.159,0.147,0.169,0.015,0.152,0.29,0.085,0.286,0.157,0.098
0.147,0.169,0.015,0.152,0.29,0.085,0.286,0.157,0.098,0.3
0.169,0.015,0.152,0.29,0.085,0.286,0.157,0.098,0.3,0.278
0.015,0.152,0.29,0.085,0.286,0.157,0.098,0.3,0.278,0.087
0.152,0.29,0.085,0.286,0.157,0.098,0.3,0.278,0.087,0.033
0.29,0.085,0.286,0.157,0.098,0.3,0.278,0.087,0.033,0.01
0.085,0.286,0.157,0.098,0.3,0.278,0.087,0.033,0.01,0.215
0.286,0.157,0.098,0.3,0.278,0.087,0.033,0.01,0.215,0.195
0.157,0.098,0.3,0.278,0.087,0.033,0.01,0.215,0.195,0.196
0.098,0.3,0.278,0.087,0.033,0.01,0.215,0.195,0.196,0.084
0.3,0.278,0.087,0.033,0.01,0.215,0.195,0.196,0.084,0.068
0.278,0.087,0.033,0.01,0.215,0.195,0.196,0.084,0.068,0.186
0.087,0.033,0.01,0.215,0.195,0.196,0.084,0.068,0.186,0.099
0.033,0.01,0.215,0.195,0.196,0.084,0.068,0.186,0.099,0.202
0.01,0.215,0.195,0.196,0.084,0.068,0.186,0.099,0.202,0.077
0.215,0.195,0.196,0.084,0.068,0.186,0.099,0.202,0.077,0.191
0.195,0.196,0.084,0.068,0.186,0.099,0.202,0.077,0.191,0.089
0.196,0.084,0.068,0.186,0.099,0.202,0.077,0.191,0.089,0.088
0.084,0.068,0.186,0.099,0.202,0.077,0.191,0.089,0.088,0.073
0.068,0.186,0.099,0.202,0.077,0.191,0.089,0.088,0.073,0.075
0.186,0.099,0.202,0.077,0.191,0.089,0.088,0.073,0.075,0.19
0.099,0.202,0.077,0.191,0.089,0.088,0.073,0.075,0.19,0.04
0.202,0.077,0.191,0.089,0.088,0.073,0.075,0.19,0.04,0.01
0.077,0.191,0.089,0.088,0.073,0.075,0.19,0.04,0.01,0.183
0.191,0.089,0.088,0.073,0.075,0.19,0.04,0.01,0.183,0.091
0.089,0.088,0.073,0.075,0.19,0.04,0.01,0.183,0.091,0.215
0.088,0.073,0.075,0.19,0.04,0.01,0.183,0.091,0.215,0.01
0.073,0.075,0.19,0.04,0.01,0.183,0.091,0.215,0.01,0.158
0.075,0.19,0.04,0.01,0.183,0.091,0.215,0.01,0.158,0.026
0.19,0.04,0.01,0.183,0.091,0.215,0.01,0.158,0.026,0.027
0.04,0.01,0.183,0.091,0.215,0.01,0.158,0.026,0.027,0.028
0.01,0.183,0.091,0.215,0.01,0.158,0.026,0.027,0.028,0.01
0.183,0.091,0.215,0.01,0.158,0.026,0.027,0.028,0.01,0.161
0.091,0.215,0.01,0.158,0.026,0.027,0.028,0.01,0.161,0.01
0.215,0.01,0.158,0.026,0.027,0.028,0.01,0.161,0.01,0.01
0.01,0.158,0.026,0.027,0.028,0.01,0.161,0.01,0.01,0.02
0.158,0.026,0.027,0.028,0.01,0.161,0.01,0.01,0.02,0.07
0.026,0.027,0.028,0.01,0.161,0.01,0.01,0.02,0.07,0.07
0.027,0.028,0.01,0.161,0.01,0.01,0.02,0.07,0.07,0.001
0.028,0.01,0.161,0.01,0.01,0.02,0.07,0.07,0.001,0.084
0.01,0.161,0.01,0.01,0.02,0.07,0.07,0.001,0.084,0.051
0.161,0.01,0.01,0.02,0.07,0.07,0.001,0.084,0.051,0.066
0.01,0.01,0.02,0.07,0.07,0.001,0.084,0.051,0.066,0.01
0.01,0.02,0.07,0.07,0.001,0.084,0.051,0.066,0.01,0.02
0.02,0.07,0.07,0.001,0.084,0.051,0.066,0.01,0.02,0.01
0.07,0.07,0.001,0.084,0.051,0.066,0.01,0.02,0.01,0.07
0.07,0.001,0.084,0.051,0.066,0.01,0.02,0.01,0.07,0.07
0.001,0.084,0.051,0.066,0.01,0.02,0.01,0.07,0.07,0.06
0.084,0.051,0.066,0.01,0.02,0.01,0.07,0.07,0.06,0.07
0.051,0.066,0.01,0.02,0.01,0.07,0.07,0.06,0.07,0.07
0.066,0.01,0.02,0.01,0.07,0.07,0.06,0.07,0.07,0.001
0.01,0.02,0.01,0.07,0.07,0.06,0.07,0.07,0.001,0.01
0.02,0.01,0.07,0.07,0.06,0.07,0.07,0.001,0.01,0.255
0.01,0.07,0.07,0.06,0.07,0.07,0.001,0.01,0.255,0.07
0.07,0.07,0.06,0.07,0.07,0.001,0.01,0.255,0.07,0.03
0.07,0.06,0.07,0.07,0.001,0.01,0.255,0.07,0.03,0.082
0.06,0.07,0.07,0.001,0.01,0.255,0.07,0.03,0.082,0.04
0.07,0.07,0.001,0.01,0.255,0.07,0.03,0.082,0.04,0.07
0.07,0.001,0.01,0.255,0.07,0.03,0.082,0.04,0.07,0.083
0.001,0.01,0.255,0.07,0.03,0.082,0.04,0.07,0.083,0.083
0.01,0.255,0.07,0.03,0.082,0.04,0.07,0.083,0.083,0.07
0.255,0.07,0.03,0.082,0.04,0.07,0.083,0.083,0.07,0.07
0.07,0.03,0.082,0.04,0.07,0.083,0.083,0.07,0.07,0.001
0.03,0.082,0.04,0.07,0.083,0.083,0.07,0.07,0.001,0.01
0.082,0.04,0.07,0.083,0.083,0.07,0.07,0.001,0.01,0.01
0.04,0.07,0.083,0.083,0.07,0.07,0.001,0.01,0.01,0.01
0.07,0.083,0.083,0.07,0.07,0.001,0.01,0.01,0.01,0.087
0.083,0.083,0.07,0.07,0.001,0.01,0.01,0.01,0.087,0.01
0.083,0.07,0.07,0.001,0.01,0.01,0.01,0.087,0.01,0.238
0.07,0.07,0.001,0.01,0.01,0.01,0.087,0.01,0.238,0.07
0.07,0.001,0.01,0.01,0.01,0.087,0.01,0.238,0.07,0.081
0.001,0.01,0.01,0.01,0.087,0.01,0.238,0.07,0.081,0.03
0.01,0.01,0.01,0.087,0.01,0.238,0.07,0.081,0.03,0.02
0.01,0.01,0.087,0.01,0.238,0.07,0.081,0.03,0.02,0.07
0.01,0.087,0.01,0.238,0.07,0.081,0.03,0.02,0.07,0.084
0.087,0.01,0.238,0.07,0.081,0.03,0.02,0.07,0.084,0.01
0.01,0.238,0.07,0.081,0.03,0.02,0.07,0.084,0.01,0.086
0.238,0.07,0.081,0.03,0.02,0.07,0.084,0.01,0.086,0.2
0.07,0.081,0.03,0.02,0.07,0.084,0.01,0.086,0.2,0.084
0.081,0.03,0.02,0.07,0.084,0.01,0.086,0.2,0.084,0.207
0.03,0.02,0.07,0.084,0.01,0.086,0.2,0.084,0.207,0.02
0.02,0.07,0.084,0.01,0.086,0.2,0.084,0.207,0.02,0.01
0.07,0.084,0.01,0.086,0.2,0.084,0.207,0.02,0.01,0.197
0.084,0.01,0.086,0.2,0.084,0.207,0.02,0.01,0.197,0.01
0.01,0.086,0.2,0.084,0.207,0.02,0.01,0.197,0.01,0.093
0.086,0.2,0.084,0.207,0.02,0.01,0.197,0.01,0.093,0.07
0.2,0.084,0.207,0.02,0.01,0.197,0.01,0.093,0.07,0.02
0.084,0.207,0.02,0.01,0.197,0.01,0.093,0.07,0.02,0.084
0.207,0.02,0.01,0.197,0.01,0.093,0.07,0.02,0.084,0.085
0.02,0.01,0.197,0.01,0.093,0.07,0.02,0.084,0.085,0.07
0.01,0.197,0.01,0.093,0.07,0.02,0.084,0.085,0.07,0.073
0.197,0.01,0.093,0.07,0.02,0.084,0.085,0.07,0.073,0.03
0.01,0.093,0.07,0.02,0.084,0.085,0.07,0.073,0.03,0.02
0.093,0.07,0.02,0.084,0.085,0.07,0.073,0.03,0.02,0.07
0.07,0.02,0.084,0.085,0.07,0.073,0.03,0.02,0.07,0.084
0.02,0.084,0.085,0.07,0.073,0.03,0.02,0.07,0.084,0.025
0.084,0.085,0.07,0.073,0.03,0.02,0.07,0.084,0.025,0.095
0.085,0.07,0.073,0.03,0.02,0.07,0.084,0.025,0.095,0.192
0.07,0.073,0.03,0.02,0.07,0.084,0.025,0.095,0.192,0.083
0.073,0.03,0.02,0.07,0.084,0.025,0.095,0.192,0.083,0.01
0.03,0.02,0.07,0.084,0.025,0.095,0.192,0.083,0.01,0.278
0.02,0.07,0.084,0.025,0.095,0.192,0.083,0.01,0.278,0.096
0.07,0.084,0.025,0.095,0.192,0.083,0.01,0.278,0.096,0.201
0.084,0.025,0.095,0.192,0.083,0.01,0.278,0.096,0.201,0.191
0.025,0.095,0.192,0.083,0.01,0.278,0.096,0.201,0.191,0.09
0.095,0.192,0.083,0.01,0.278,0.096,0.201,0.191,0.09,0.425
0.192,0.083,0.01,0.278,0.096,0.201,0.191,0.09,0.425,0.422
0.083,0.01,0.278,0.096,0.201,0.191,0.09,0.425,0.422,0.426
0.01,0.278,0.096,0.201,0.191,0.09,0.425,0.422,0.426,0.426
0.278,0.096,0.201,0.191,0.09,0.425,0.422,0.426,0.426,0.438
0.096,0.201,0.191,0.09,0.425,0.422,0.426,0.426,0.438,0.203
0.201,0.191,0.09,0.425,0.422,0.426,0.426,0.438,0.203,0.309
0.191,0.09,0.425,0.422,0.426,0.426,0.438,0.203,0.309,0.432
0.09,0.425,0.422,0.426,0.426,0.438,0.203,0.309,0.432,0.414
0.425,0.422,0.426,0.426,0.438,0.203,0.309,0.432,0.414,0.309
0.422,0.426,0.426,0.438,0.203,0.309,0.432,0.414,0.309,0.206
0.426,0.426,0.438,0.203,0.309,0.432,0.414,0.309,0.206,0.206
0.426,0.438,0.203,0.309,0.432,0.414,0.309,0.206,0.206,0.194
0.438,0.203,0.309,0.432,0.414,0.309,0.206,0.206,0.194,0.089
0.203,0.309,0.432,0.414,0.309,0.206,0.206,0.194,0.089,0.182
0.309,0.432,0.414,0.309,0.206,0.206,0.194,0.089,0.182,0.1
0.432,0.414,0.309,0.206,0.206,0.194,0.089,0.182,0.1,0.097
0.414,0.309,0.206,0.206,0.194,0.089,0.182,0.1,0.097,0.19
0.309,0.206,0.206,0.194,0.089,0.182,0.1,0.097,0.19,0.01
0.206,0.206,0.194,0.089,0.182,0.1,0.097,0.19,0.01,0.2
0.206,0.194,0.089,0.182,0.1,0.097,0.19,0.01,0.2,0.085
0.194,0.089,0.182,0.1,0.097,0.19,0.01,0.2,0.085,0.01
0.089,0.182,0.1,0.097,0.19,0.01,0.2,0.085,0.01,0.097
0.182,0.1,0.097,0.19,0.01,0.2,0.085,0.01,0.097,0.084
0.1,0.097,0.19,0.01,0.2,0.085,0.01,0.097,0.084,0.317
0.097,0.19,0.01,0.2,0.085,0.01,0.097,0.084,0.317,0.423
0.19,0.01,0.2,0.085,0.01,0.097,0.084,0.317,0.423,0.312
0.01,0.2,0.085,0.01,0.097,0.084,0.317,0.423,0.312,0.209
0.2,0.085,0.01,0.097,0.084,0.317,0.423,0.312,0.209,0.311
0.085,0.01,0.097,0.084,0.317,0.423,0.312,0.209,0.311,0.206
0.01,0.097,0.084,0.317,0.423,0.312,0.209,0.311,0.206,0.193
0.097,0.084,0.317,0.423,0.312,0.209,0.311,0.206,0.193,0.296
0.084,0.317,0.423,0.312,0.209,0.311,0.206,0.193,0.296,0.185
0.317,0.423,0.312,0.209,0.311,0.206,0.193,0.296,0.185,0.184
0.423,0.312,0.209,0.311,0.206,0.193,0.296,0.185,0.184,0.079
0.312,0.209,0.311,0.206,0.193,0.296,0.185,0.184,0.079,0.196
0.209,0.311,0.206,0.193,0.296,0.185,0.184,0.079,0.196,0.299
0.311,0.206,0.193,0.296,0.185,0.184,0.079,0.196,0.299,0.194
0.206,0.193,0.296,0.185,0.184,0.079,0.196,0.299,0.194,0.091
0.193,0.296,0.185,0.184,0.079,0.196,0.299,0.194,0.091,0.16
0.296,0.185,0.184,0.079,0.196,0.299,0.194,0.091,0.16,0.201
0.185,0.184,0.079,0.196,0.299,0.194,0.091,0.16,0.201,0.185
0.184,0.079,0.196,0.299,0.194,0.091,0.16,0.201,0.185,0.299
0.079,0.196,0.299,0.194,0.091,0.16,0.201,0.185,0.299,0.597
0.196,0.299,0.194,0.091,0.16,0.201,0.185,0.299,0.597,0.992
0.299,0.194,0.091,0.16,0.201,0.185,0.299,0.597,0.992,0.853
0.194,0.091,0.16,0.201,0.185,0.299,0.597,0.992,0.853,0.732
0.091,0.16,0.201,0.185,0.299,0.597,0.992,0.853,0.732,0.638
0.16,0.201,0.185,0.299,0.597,0.992,0.853,0.732,0.638,0.639
0.201,0.185,0.299,0.597,0.992,0.853,0.732,0.638,0.639,4.677
0.185,0.299,0.597,0.992,0.853,0.732,0.638,0.639,4.677,6.337
0.299,0.597,0.992,0.853,0.732,0.638,0.639,4.677,6.337,3.498
0.597,0.992,0.853,0.732,0.638,0.639,4.677,6.337,3.498,2.9
0.992,0.853,0.732,0.638,0.639,4.677,6.337,3.498,2.9,2.795
0.853,0.732,0.638,0.639,4.677,6.337,3.498,2.9,2.795,2.794
0.732,0.638,0.639,4.677,6.337,3.498,2.9,2.795,2.794,1.858
0.638,0.639,4.677,6.337,3.498,2.9,2.795,2.794,1.858,1.88
0.639,4.677,6.337,3.498,2.9,2.795,2.794,1.858,1.88,1.545
4.677,6.337,3.498,2.9,2.795,2.794,1.858,1.88,1.545,1.481
6.337,3.498,2.9,2.795,2.794,1.858,1.88,1.545,1.481,1.266
3.498,2.9,2.795,2.794,1.858,1.88,1.545,1.481,1.266,1.111
2.9,2.795,2.794,1.858,1.88,1.545,1.481,1.266,1.111,1.477
2.795,2.794,1.858,1.88,1.545,1.481,1.266,1.111,1.477,1.666
2.794,1.858,1.88,1.545,1.481,1.266,1.111,1.477,1.666,1.562
1.858,1.88,1.545,1.481,1.266,1.111,1.477,1.666,1.562,1.408
1.88,1.545,1.481,1.266,1.111,1.477,1.666,1.562,1.408,1.063
1.545,1.481,1.266,1.111,1.477,1.666,1.562,1.408,1.063,1.141
1.481,1.266,1.111,1.477,1.666,1.562,1.408,1.063,1.141,1.221
1.266,1.111,1.477,1.666,1.562,1.408,1.063,1.141,1.221,0.92
1.111,1.477,1.666,1.562,1.408,1.063,1.141,1.221,0.92,0.761
1.477,1.666,1.562,1.408,1.063,1.141,1.221,0.92,0.761,0.792
1.666,1.562,1.408,1.063,1.141,1.221,0.92,0.761,0.792,0.786
1.562,1.408,1.063,1.141,1.221,0.92,0.761,0.792,0.786,0.602
1.408,1.063,1.141,1.221,0.92,0.761,0.792,0.786,0.602,0.811
1.063,1.141,1.221,0.92,0.761,0.792,0.786,0.602,0.811,0.663
1.141,1.221,0.92,0.761,0.792,0.786,0.602,0.811,0.663,0.54
1.221,0.92,0.761,0.792,0.786,0.602,0.811,0.663,0.54,0.488
0.92,0.761,0.792,0.786,0.602,0.811,0.663,0.54,0.488,0.593
0.761,0.792,0.786,0.602,0.811,0.663,0.54,0.488,0.593,0.435
0.792,0.786,0.602,0.811,0.663,0.54,0.488,0.593,0.435,0.533
0.786,0.602,0.811,0.663,0.54,0.488,0.593,0.435,0.533,0.495
0.602,0.811,0.663,0.54,0.488,0.593,0.435,0.533,0.495,0.463
0.811,0.663,0.54,0.488,0.593,0.435,0.533,0.495,0.463,0.334
0.663,0.54,0.488,0.593,0.435,0.533,0.495,0.463,0.334,0.359
0.54,0.488,0.593,0.435,0.533,0.495,0.463,0.334,0.359,0.331
0.488,0.593,0.435,0.533,0.495,0.463,0.334,0.359,0.331,0.543
0.593,0.435,0.533,0.495,0.463,0.334,0.359,0.331,0.543,1.045
0.435,0.533,0.495,0.463,0.334,0.359,0.331,0.543,1.045,3.772
0.533,0.495,0.463,0.334,0.359,0.331,0.543,1.045,3.772,2.619
0.495,0.463,0.334,0.359,0.331,0.543,1.045,3.772,2.619,2.136
0.463,0.334,0.359,0.331,0.543,1.045,3.772,2.619,2.136,2.226
0.334,0.359,0.331,0.543,1.045,3.772,2.619,2.136,2.226,1.477
0.359,0.331,0.543,1.045,3.772,2.619,2.136,2.226,1.477,1.532
0.331,0.543,1.045,3.772,2.619,2.136,2.226,1.477,1.532,2.157
0.543,1.045,3.772,2.619,2.136,2.226,1.477,1.532,2.157,1.761
1.045,3.772,2.619,2.136,2.226,1.477,1.532,2.157,1.761,1.317
3.772,2.619,2.136,2.226,1.477,1.532,2.157,1.761,1.317,1.243
2.619,2.136,2.226,1.477,1.532,2.157,1.761,1.317,1.243,1.26
2.136,2.226,1.477,1.532,2.157,1.761,1.317,1.243,1.26,0.938
2.226,1.477,1.532,2.157,1.761,1.317,1.243,1.26,0.938,0.869
1.477,1.532,2.157,1.761,1.317,1.243,1.26,0.938,0.869,0.974
1.532,2.157,1.761,1.317,1.243,1.26,0.938,0.869,0.974,0.906
2.157,1.761,1.317,1.243,1.26,0.938,0.869,0.974,0.906,0.594
1.761,1.317,1.243,1.26,0.938,0.869,0.974,0.906,0.594,0.721
1.317,1.243,1.26,0.938,0.869,0.974,0.906,0.594,0.721,0.895
1.243,1.26,0.938,0.869,0.974,0.906,0.594,0.721,0.895,0.731
1.26,0.938,0.869,0.974,0.906,0.594,0.721,0.895,0.731,0.876
0.938,0.869,0.974,0.906,0.594,0.721,0.895,0.731,0.876,0.63
0.869,0.974,0.906,0.594,0.721,0.895,0.731,0.876,0.63,0.725
0.974,0.906,0.594,0.721,0.895,0.731,0.876,0.63,0.725,0.67
0.906,0.594,0.721,0.895,0.731,0.876,0.63,0.725,0.67,0.553
0.594,0.721,0.895,0.731,0.876,0.63,0.725,0.67,0.553,0.847
0.721,0.895,0.731,0.876,0.63,0.725,0.67,0.553,0.847,0.726
0.895,0.731,0.876,0.63,0.725,0.67,0.553,0.847,0.726,0.874
0.731,0.876,0.63,0.725,0.67,0.553,0.847,0.726,0.874,0.954
0.876,0.63,0.725,0.67,0.553,0.847,0.726,0.874,0.954,0.967
0.63,0.725,0.67,0.553,0.847,0.726,0.874,0.954,0.967,0.845
0.725,0.67,0.553,0.847,0.726,0.874,0.954,0.967,0.845,0.994
0.67,0.553,0.847,0.726,0.874,0.954,0.967,0.845,0.994,0.762
0.553,0.847,0.726,0.874,0.954,0.967,0.845,0.994,0.762,0.651
0.847,0.726,0.874,0.954,0.967,0.845,0.994,0.762,0.651,0.454
0.726,0.874,0.954,0.967,0.845,0.994,0.762,0.651,0.454,0.861
0.874,0.954,0.967,0.845,0.994,0.762,0.651,0.454,0.861,0.816
0.954,0.967,0.845,0.994,0.762,0.651,0.454,0.861,0.816,1.096
0.967,0.845,0.994,0.762,0.651,0.454,0.861,0.816,1.096,2.805
0.845,0.994,0.762,0.651,0.454,0.861,0.816,1.096,2.805,3.056
0.994,0.762,0.651,0.454,0.861,0.816,1.096,2.805,3.056,2.906
0.762,0.651,0.454,0.861,0.816,1.096,2.805,3.056,2.906,2.226
0.651,0.454,0.861,0.816,1.096,2.805,3.056,2.906,2.226,1.839
0.454,0.861,0.816,1.096,2.805,3.056,2.906,2.226,1.839,1.568
0.861,0.816,1.096,2.805,3.056,2.906,2.226,1.839,1.568,1.297
0.816,1.096,2.805,3.056,2.906,2.226,1.839,1.568,1.297,1.161
1.096,2.805,3.056,2.906,2.226,1.839,1.568,1.297,1.161,1.453
2.805,3.056,2.906,2.226,1.839,1.568,1.297,1.161,1.453,1.165
3.056,2.906,2.226,1.839,1.568,1.297,1.161,1.453,1.165,1.351
2.906,2.226,1.839,1.568,1.297,1.161,1.453,1.165,1.351,0.845
2.226,1.839,1.568,1.297,1.161,1.453,1.165,1.351,0.845,1.32
1.839,1.568,1.297,1.161,1.453,1.165,1.351,0.845,1.32,1.17
1.568,1.297,1.161,1.453,1.165,1.351,0.845,1.32,1.17,1.002
1.297,1.161,1.453,1.165,1.351,0.845,1.32,1.17,1.002,0.798
1.161,1.453,1.165,1.351,0.845,1.32,1.17,1.002,0.798,0.614
1.453,1.165,1.351,0.845,1.32,1.17,1.002,0.798,0.614,0.757
1.165,1.351,0.845,1.32,1.17,1.002,0.798,0.614,0.757,0.627
1.351,0.845,1.32,1.17,1.002,0.798,0.614,0.757,0.627,0.562
0.845,1.32,1.17,1.002,0.798,0.614,0.757,0.627,0.562,0.582
1.32,1.17,1.002,0.798,0.614,0.757,0.627,0.562,0.582,0.779
1.17,1.002,0.798,0.614,0.757,0.627,0.562,0.582,0.779,0.35
1.002,0.798,0.614,0.757,0.627,0.562,0.582,0.779,0.35,0.613
0.798,0.614,0.757,0.627,0.562,0.582,0.779,0.35,0.613,0.619
0.614,0.757,0.627,0.562,0.582,0.779,0.35,0.613,0.619,0.48
0.757,0.627,0.562,0.582,0.779,0.35,0.613,0.619,0.48,0.743
0.627,0.562,0.582,0.779,0.35,0.613,0.619,0.48,0.743,0.485
0.562,0.582,0.779,0.35,0.613,0.619,0.48,0.743,0.485,0.471
0.582,0.779,0.35,0.613,0.619,0.48,0.743,0.485,0.471,0.682
0.779,0.35,0.613,0.619,0.48,0.743,0.485,0.471,0.682,0.456
0.35,0.613,0.619,0.48,0.743,0.485,0.471,0.682,0.456,0.595
0.613,0.619,0.48,0.743,0.485,0.471,0.682,0.456,0.595,0.876
0.619,0.48,0.743,0.485,0.471,0.682,0.456,0.595,0.876,1.154
0.48,0.743,0.485,0.471,0.682,0.456,0.595,0.876,1.154,1.275
0.743,0.485,0.471,0.682,0.456,0.595,0.876,1.154,1.275,1.698
0.485,0.471,0.682,0.456,0.595,0.876,1.154,1.275,1.698,1.239
0.471,0.682,0.456,0.595,0.876,1.154,1.275,1.698,1.239,1.045
0.682,0.456,0.595,0.876,1.154,1.275,1.698,1.239,1.045,0.917
0.456,0.595,0.876,1.154,1.275,1.698,1.239,1.045,0.917,1.047
0.595,0.876,1.154,1.275,1.698,1.239,1.045,0.917,1.047,0.915
0.876,1.154,1.275,1.698,1.239,1.045,0.917,1.047,0.915,0.751
1.154,1.275,1.698,1.239,1.045,0.917,1.047,0.915,0.751,0.751
1.275,1.698,1.239,1.045,0.917,1.047,0.915,0.751,0.751,0.752
1.698,1.239,1.045,0.917,1.047,0.915,0.751,0.751,0.752,0.841
1.239,1.045,0.917,1.047,0.915,0.751,0.751,0.752,0.841,0.612
1.045,0.917,1.047,0.915,0.751,0.751,0.752,0.841,0.612,0.61
0.917,1.047,0.915,0.751,0.751,0.752,0.841,0.612,0.61,0.47
1.047,0.915,0.751,0.751,0.752,0.841,0.612,0.61,0.47,0.469
0.915,0.751,0.751,0.752,0.841,0.612,0.61,0.47,0.469,0.362
0.751,0.751,0.752,0.841,0.612,0.61,0.47,0.469,0.362,0.351
0.751,0.752,0.841,0.612,0.61,0.47,0.469,0.362,0.351,0.479
0.752,0.841,0.612,0.61,0.47,0.469,0.362,0.351,0.479,0.352
0.841,0.612,0.61,0.47,0.469,0.362,0.351,0.479,0.352,0.463
0.612,0.61,0.47,0.469,0.362,0.351,0.479,0.352,0.463,0.333
0.61,0.47,0.469,0.362,0.351,0.479,0.352,0.463,0.333,0.732
0.47,0.469,0.362,0.351,0.479,0.352,0.463,0.333,0.732,0.478
0.469,0.362,0.351,0.479,0.352,0.463,0.333,0.732,0.478,0.615
0.362,0.351,0.479,0.352,0.463,0.333,0.732,0.478,0.615,0.337
0.351,0.479,0.352,0.463,0.333,0.732,0.478,0.615,0.337,0.359
0.479,0.352,0.463,0.333,0.732,0.478,0.615,0.337,0.359,0.53
0.352,0.463,0.333,0.732,0.478,0.615,0.337,0.359,0.53,0.26
0.463,0.333,0.732,0.478,0.615,0.337,0.359,0.53,0.26,0.691
0.333,0.732,0.478,0.615,0.337,0.359,0.53,0.26,0.691,0.628
0.732,0.478,0.615,0.337,0.359,0.53,0.26,0.691,0.628,0.475
0.478,0.615,0.337,0.359,0.53,0.26,0.691,0.628,0.475,0.613
0.615,0.337,0.359,0.53,0.26,0.691,0.628,0.475,0.613,0.472
0.337,0.359,0.53,0.26,0.691,0.628,0.475,0.613,0.472,0.48
0.359,0.53,0.26,0.691,0.628,0.475,0.613,0.472,0.48,0.348
0.53,0.26,0.691,0.628,0.475,0.613,0.472,0.48,0.348,0.356
0.26,0.691,0.628,0.475,0.613,0.472,0.48,0.348,0.356,0.71
0.691,0.628,0.475,0.613,0.472,0.48,0.348,0.356,0.71,1.66
0.628,0.475,0.613,0.472,0.48,0.348,0.356,0.71,1.66,1.448
0.475,0.613,0.472,0.48,0.348,0.356,0.71,1.66,1.448,1.173
0.613,0.472,0.48,0.348,0.356,0.71,1.66,1.448,1.173,0.902
0.472,0.48,0.348,0.356,0.71,1.66,1.448,1.173,0.902,1.017
0.48,0.348,0.356,0.71,1.66,1.448,1.173,0.902,1.017,0.958
0.348,0.356,0.71,1.66,1.448,1.173,0.902,1.017,0.958,0.564
0.356,0.71,1.66,1.448,1.173,0.902,1.017,0.958,0.564,0.608
0.71,1.66,1.448,1.173,0.902,1.017,0.958,0.564,0.608,1.175
1.66,1.448,1.173,0.902,1.017,0.958,0.564,0.608,1.175,1.092
1.448,1.173,0.902,1.017,0.958,0.564,0.608,1.175,1.092,0.907
1.173,0.902,1.017,0.958,0.564,0.608,1.175,1.092,0.907,0.687
0.902,1.017,0.958,0.564,0.608,1.175,1.092,0.907,0.687,1.807
1.017,0.958,0.564,0.608,1.175,1.092,0.907,0.687,1.807,3.617
0.958,0.564,0.608,1.175,1.092,0.907,0.687,1.807,3.617,7.33
0.564,0.608,1.175,1.092,0.907,0.687,1.807,3.617,7.33,15.382
0.608,1.175,1.092,0.907,0.687,1.807,3.617,7.33,15.382,11.46
1.175,1.092,0.907,0.687,1.807,3.617,7.33,15.382,11.46,6.571
1.092,0.907,0.687,1.807,3.617,7.33,15.382,11.46,6.571,4.423
0.907,0.687,1.807,3.617,7.33,15.382,11.46,6.571,4.423,2.752
0.687,1.807,3.617,7.33,15.382,11.46,6.571,4.423,2.752,2.4
1.807,3.617,7.33,15.382,11.46,6.571,4.423,2.752,2.4,1.473
3.617,7.33,15.382,11.46,6.571,4.423,2.752,2.4,1.473,1.723
7.33,15.382,11.46,6.571,4.423,2.752,2.4,1.473,1.723,2.904
15.382,11.46,6.571,4.423,2.752,2.4,1.473,1.723,2.904,2.251
11.46,6.571,4.423,2.752,2.4,1.473,1.723,2.904,2.251,1.822
6.571,4.423,2.752,2.4,1.473,1.723,2.904,2.251,1.822,1.494
4.423,2.752,2.4,1.473,1.723,2.904,2.251,1.822,1.494,1.53
2.752,2.4,1.473,1.723,2.904,2.251,1.822,1.494,1.53,1.137
2.4,1.473,1.723,2.904,2.251,1.822,1.494,1.53,1.137,0.851
1.473,1.723,2.904,2.251,1.822,1.494,1.53,1.137,0.851,0.856
1.723,2.904,2.251,1.822,1.494,1.53,1.137,0.851,0.856,0.643
2.904,2.251,1.822,1.494,1.53,1.137,0.851,0.856,0.643,0.638
2.251,1.822,1.494,1.53,1.137,0.851,0.856,0.643,0.638,1.044
1.822,1.494,1.53,1.137,0.851,0.856,0.643,0.638,1.044,0.967
1.494,1.53,1.137,0.851,0.856,0.643,0.638,1.044,0.967,0.716
1.53,1.137,0.851,0.856,0.643,0.638,1.044,0.967,0.716,0.543
1.137,0.851,0.856,0.643,0.638,1.044,0.967,0.716,0.543,0.568
0.851,0.856,0.643,0.638,1.044,0.967,0.716,0.543,0.568,2.255
0.856,0.643,0.638,1.044,0.967,0.716,0.543,0.568,2.255,1.142
0.643,0.638,1.044,0.967,0.716,0.543,0.568,2.255,1.142,0.875
0.638,1.044,0.967,0.716,0.543,0.568,2.255,1.142,0.875,0.683
1.044,0.967,0.716,0.543,0.568,2.255,1.142,0.875,0.683,0.647
0.967,0.716,0.543,0.568,2.255,1.142,0.875,0.683,0.647,0.448
0.716,0.543,0.568,2.255,1.142,0.875,0.683,0.647,0.448,0.373
0.543,0.568,2.255,1.142,0.875,0.683,0.647,0.448,0.373,0.251
0.568,2.255,1.142,0.875,0.683,0.647,0.448,0.373,0.251,0.372
2.255,1.142,0.875,0.683,0.647,0.448,0.373,0.251,0.372,0.262
1.142,0.875,0.683,0.647,0.448,0.373,0.251,0.372,0.262,0.251
0.875,0.683,0.647,0.448,0.373,0.251,0.372,0.262,0.251,0.224
0.683,0.647,0.448,0.373,0.251,0.372,0.262,0.251,0.224,0.184
0.647,0.448,0.373,0.251,0.372,0.262,0.251,0.224,0.184,0.097
0.448,0.373,0.251,0.372,0.262,0.251,0.224,0.184,0.097,0.116
0.373,0.251,0.372,0.262,0.251,0.224,0.184,0.097,0.116,0.09
0.251,0.372,0.262,0.251,0.224,0.184,0.097,0.116,0.09,0.194
0.372,0.262,0.251,0.224,0.184,0.097,0.116,0.09,0.194,0.153
0.262,0.251,0.224,0.184,0.097,0.116,0.09,0.194,0.153,0.019
0.251,0.224,0.184,0.097,0.116,0.09,0.194,0.153,0.019,0.029
0.224,0.184,0.097,0.116,0.09,0.194,0.153,0.019,0.029,0.134
0.184,0.097,0.116,0.09,0.194,0.153,0.019,0.029,0.134,0.06
0.097,0.116,0.09,0.194,0.153,0.019,0.029,0.134,0.06,0.01
0.116,0.09,0.194,0.153,0.019,0.029,0.134,0.06,0.01,0.105
0.09,0.194,0.153,0.019,0.029,0.134,0.06,0.01,0.105,0.36
0.194,0.153,0.019,0.029,0.134,0.06,0.01,0.105,0.36,0.066
0.153,0.019,0.029,0.134,0.06,0.01,0.105,0.36,0.066,0.014
0.019,0.029,0.134,0.06,0.01,0.105,0.36,0.066,0.014,0.081
0.029,0.134,0.06,0.01,0.105,0.36,0.066,0.014,0.081,0.085
0.134,0.06,0.01,0.105,0.36,0.066,0.014,0.081,0.085,0.088
0.06,0.01,0.105,0.36,0.066,0.014,0.081,0.085,0.088,0.01
0.01,0.105,0.36,0.066,0.014,0.081,0.085,0.088,0.01,0.15
0.105,0.36,0.066,0.014,0.081,0.085,0.088,0.01,0.15,0.02
0.36,0.066,0.014,0.081,0.085,0.088,0.01,0.15,0.02,0.04
0.066,0.014,0.081,0.085,0.088,0.01,0.15,0.02,0.04,0.29
0.014,0.081,0.085,0.088,0.01,0.15,0.02,0.04,0.29,0.057
0.081,0.085,0.088,0.01,0.15,0.02,0.04,0.29,0.057,0.037
0.085,0.088,0.01,0.15,0.02,0.04,0.29,0.057,0.037,0.162
0.088,0.01,0.15,0.02,0.04,0.29,0.057,0.037,0.162,0.01
0.01,0.15,0.02,0.04,0.29,0.057,0.037,0.162,0.01,0.082
0.15,0.02,0.04,0.29,0.057,0.037,0.162,0.01,0.082,0.07
0.02,0.04,0.29,0.057,0.037,0.162,0.01,0.082,0.07,0.163
0.04,0.29,0.057,0.037,0.162,0.01,0.082,0.07,0.163,0.712
0.29,0.057,0.037,0.162,0.01,0.082,0.07,0.163,0.712,0.149
0.057,0.037,0.162,0.01,0.082,0.07,0.163,0.712,0.149,0.145
0.037,0.162,0.01,0.082,0.07,0.163,0.712,0.149,0.145,0.414
0.162,0.01,0.082,0.07,0.163,0.712,0.149,0.145,0.414,0.207
0.01,0.082,0.07,0.163,0.712,0.149,0.145,0.414,0.207,0.171
0.082,0.07,0.163,0.712,0.149,0.145,0.414,0.207,0.171,0.087
0.07,0.163,0.712,0.149,0.145,0.414,0.207,0.171,0.087,0.057
0.163,0.712,0.149,0.145,0.414,0.207,0.171,0.087,0.057,0.026
0.712,0.149,0.145,0.414,0.207,0.171,0.087,0.057,0.026,0.037
0.149,0.145,0.414,0.207,0.171,0.087,0.057,0.026,0.037,0.01
0.145,0.414,0.207,0.171,0.087,0.057,0.026,0.037,0.01,0.01
0.414,0.207,0.171,0.087,0.057,0.026,0.037,0.01,0.01,0.07
0.207,0.171,0.087,0.057,0.026,0.037,0.01,0.01,0.07,0.495
0.171,0.087,0.057,0.026,0.037,0.01,0.01,0.07,0.495,0.2
0.087,0.057,0.026,0.037,0.01,0.01,0.07,0.495,0.2,0.068
0.057,0.026,0.037,0.01,0.01,0.07,0.495,0.2,0.068,0.073
0.026,0.037,0.01,0.01,0.07,0.495,0.2,0.068,0.073,0.161
0.037,0.01,0.01,0.07,0.495,0.2,0.068,0.073,0.161,0.01
0.01,0.01,0.07,0.495,0.2,0.068,0.073,0.161,0.01,0.209
0.01,0.07,0.495,0.2,0.068,0.073,0.161,0.01,0.209,0.16
0.07,0.495,0.2,0.068,0.073,0.161,0.01,0.209,0.16,0.137
0.495,0.2,0.068,0.073,0.161,0.01,0.209,0.16,0.137,0.05
0.2,0.068,0.073,0.161,0.01,0.209,0.16,0.137,0.05,0.049
0.068,0.073,0.161,0.01,0.209,0.16,0.137,0.05,0.049,0.05
0.073,0.161,0.01,0.209,0.16,0.137,0.05,0.049,0.05,0.05
0.161,0.01,0.209,0.16,0.137,0.05,0.049,0.05,0.05,0.012
0.01,0.209,0.16,0.137,0.05,0.049,0.05,0.05,0.012,0.053
0.209,0.16,0.137,0.05,0.049,0.05,0.05,0.012,0.053,0.424
0.16,0.137,0.05,0.049,0.05,0.05,0.012,0.053,0.424,0.196
0.137,0.05,0.049,0.05,0.05,0.012,0.053,0.424,0.196,0.06
0.05,0.049,0.05,0.05,0.012,0.053,0.424,0.196,0.06,0.035
0.049,0.05,0.05,0.012,0.053,0.424,0.196,0.06,0.035,0.01
0.05,0.05,0.012,0.053,0.424,0.196,0.06,0.035,0.01,0.381
0.05,0.012,0.053,0.424,0.196,0.06,0.035,0.01,0.381,0.442
0.012,0.053,0.424,0.196,0.06,0.035,0.01,0.381,0.442,0.428
0.053,0.424,0.196,0.06,0.035,0.01,0.381,0.442,0.428,0.055
0.424,0.196,0.06,0.035,0.01,0.381,0.442,0.428,0.055,0.272
0.196,0.06,0.035,0.01,0.381,0.442,0.428,0.055,0.272,0.15
0.06,0.035,0.01,0.381,0.442,0.428,0.055,0.272,0.15,0.123
0.035,0.01,0.381,0.442,0.428,0.055,0.272,0.15,0.123,0.41
0.01,0.381,0.442,0.428,0.055,0.272,0.15,0.123,0.41,0.115
0.381,0.442,0.428,0.055,0.272,0.15,0.123,0.41,0.115,0.219
0.442,0.428,0.055,0.272,0.15,0.123,0.41,0.115,0.219,0.508
0.428,0.055,0.272,0.15,0.123,0.41,0.115,0.219,0.508,0.559
0.055,0.272,0.15,0.123,0.41,0.115,0.219,0.508,0.559,0.443
0.272,0.15,0.123,0.41,0.115,0.219,0.508,0.559,0.443,0.202
0.15,0.123,0.41,0.115,0.219,0.508,0.559,0.443,0.202,0.311
0.123,0.41,0.115,0.219,0.508,0.559,0.443,0.202,0.311,0.014
0.41,0.115,0.219,0.508,0.559,0.443,0.202,0.311,0.014,0.291
0.115,0.219,0.508,0.559,0.443,0.202,0.311,0.014,0.291,0.162
0.219,0.508,0.559,0.443,0.202,0.311,0.014,0.291,0.162,0.206
0.508,0.559,0.443,0.202,0.311,0.014,0.291,0.162,0.206,0.329
0.559,0.443,0.202,0.311,0.014,0.291,0.162,0.206,0.329,0.35
0.443,0.202,0.311,0.014,0.291,0.162,0.206,0.329,0.35,0.35
0.202,0.311,0.014,0.291,0.162,0.206,0.329,0.35,0.35,0.125
0.311,0.014,0.291,0.162,0.206,0.329,0.35,0.35,0.125,0.256
0.014,0.291,0.162,0.206,0.329,0.35,0.35,0.125,0.256,0.273
0.291,0.162,0.206,0.329,0.35,0.35,0.125,0.256,0.273,0.114
0.162,0.206,0.329,0.35,0.35,0.125,0.256,0.273,0.114,0.217
0.206,0.329,0.35,0.35,0.125,0.256,0.273,0.114,0.217,0.295
0.329,0.35,0.35,0.125,0.256,0.273,0.114,0.217,0.295,0.185
0.35,0.35,0.125,0.256,0.273,0.114,0.217,0.295,0.185,0.058
0.35,0.125,0.256,0.273,0.114,0.217,0.295,0.185,0.058,0.04
0.125,0.256,0.273,0.114,0.217,0.295,0.185,0.058,0.04,0.215
0.256,0.273,0.114,0.217,0.295,0.185,0.058,0.04,0.215,0.447
0.273,0.114,0.217,0.295,0.185,0.058,0.04,0.215,0.447,0.575
0.114,0.217,0.295,0.185,0.058,0.04,0.215,0.447,0.575,0.433
0.217,0.295,0.185,0.058,0.04,0.215,0.447,0.575,0.433,0.104
0.295,0.185,0.058,0.04,0.215,0.447,0.575,0.433,0.104,0.408
0.185,0.058,0.04,0.215,0.447,0.575,0.433,0.104,0.408,0.438
0.058,0.04,0.215,0.447,0.575,0.433,0.104,0.408,0.438,0.149
0.04,0.215,0.447,0.575,0.433,0.104,0.408,0.438,0.149,0.462
0.215,0.447,0.575,0.433,0.104,0.408,0.438,0.149,0.462,0.742
0.447,0.575,0.433,0.104,0.408,0.438,0.149,0.462,0.742,0.325
0.575,0.433,0.104,0.408,0.438,0.149,0.462,0.742,0.325,0.325
0.433,0.104,0.408,0.438,0.149,0.462,0.742,0.325,0.325,0.079
0.104,0.408,0.438,0.149,0.462,0.742,0.325,0.325,0.079,0.245
0.408,0.438,0.149,0.462,0.742,0.325,0.325,0.079,0.245,0.235
0.438,0.149,0.462,0.742,0.325,0.325,0.079,0.245,0.235,0.363
0.149,0.462,0.742,0.325,0.325,0.079,0.245,0.235,0.363,0.172
0.462,0.742,0.325,0.325,0.079,0.245,0.235,0.363,0.172,0.164
0.742,0.325,0.325,0.079,0.245,0.235,0.363,0.172,0.164,0.292
0.325,0.325,0.079,0.245,0.235,0.363,0.172,0.164,0.292,0.164
0.325,0.079,0.245,0.235,0.363,0.172,0.164,0.292,0.164,0.163
0.079,0.245,0.235,0.363,0.172,0.164,0.292,0.164,0.163,0.161
0.245,0.235,0.363,0.172,0.164,0.292,0.164,0.163,0.161,0.01
0.235,0.363,0.172,0.164,0.292,0.164,0.163,0.161,0.01,0.344
0.363,0.172,0.164,0.292,0.164,0.163,0.161,0.01,0.344,0.161
0.172,0.164,0.292,0.164,0.163,0.161,0.01,0.344,0.161,0.165
0.164,0.292,0.164,0.163,0.161,0.01,0.344,0.161,0.165,0.141
0.292,0.164,0.163,0.161,0.01,0.344,0.161,0.165,0.141,0.446
0.164,0.163,0.161,0.01,0.344,0.161,0.165,0.141,0.446,0.427
0.163,0.161,0.01,0.344,0.161,0.165,0.141,0.446,0.427,0.308
0.161,0.01,0.344,0.161,0.165,0.141,0.446,0.427,0.308,0.531
0.01,0.344,0.161,0.165,0.141,0.446,0.427,0.308,0.531,0.304
0.344,0.161,0.165,0.141,0.446,0.427,0.308,0.531,0.304,0.447
0.161,0.165,0.141,0.446,0.427,0.308,0.531,0.304,0.447,0.286
0.165,0.141,0.446,0.427,0.308,0.531,0.304,0.447,0.286,0.283
0.141,0.446,0.427,0.308,0.531,0.304,0.447,0.286,0.283,0.336
0.446,0.427,0.308,0.531,0.304,0.447,0.286,0.283,0.336,0.455
0.427,0.308,0.531,0.304,0.447,0.286,0.283,0.336,0.455,0.302
0.308,0.531,0.304,0.447,0.286,0.283,0.336,0.455,0.302,0.314
0.531,0.304,0.447,0.286,0.283,0.336,0.455,0.302,0.314,0.042
0.304,0.447,0.286,0.283,0.336,0.455,0.302,0.314,0.042,0.457
0.447,0.286,0.283,0.336,0.455,0.302,0.314,0.042,0.457,0.317
0.286,0.283,0.336,0.455,0.302,0.314,0.042,0.457,0.317,0.179
0.283,0.336,0.455,0.302,0.314,0.042,0.457,0.317,0.179,0.566
0.336,0.455,0.302,0.314,0.042,0.457,0.317,0.179,0.566,0.313
0.455,0.302,0.314,0.042,0.457,0.317,0.179,0.566,0.313,0.313
0.302,0.314,0.042,0.457,0.317,0.179,0.566,0.313,0.313,0.028
0.314,0.042,0.457,0.317,0.179,0.566,0.313,0.313,0.028,0.501
0.042,0.457,0.317,0.179,0.566,0.313,0.313,0.028,0.501,0.167
0.457,0.317,0.179,0.566,0.313,0.313,0.028,0.501,0.167,0.177
0.317,0.179,0.566,0.313,0.313,0.028,0.501,0.167,0.177,0.286
0.179,0.566,0.313,0.313,0.028,0.501,0.167,0.177,0.286,0.3
0.566,0.313,0.313,0.028,0.501,0.167,0.177,0.286,0.3,0.314
0.313,0.313,0.028,0.501,0.167,0.177,0.286,0.3,0.314,0.313
0.313,0.028,0.501,0.167,0.177,0.286,0.3,0.314,0.313,0.324
0.028,0.501,0.167,0.177,0.286,0.3,0.314,0.313,0.324,0.042
0.501,0.167,0.177,0.286,0.3,0.314,0.313,0.324,0.042,0.481
0.167,0.177,0.286,0.3,0.314,0.313,0.324,0.042,0.481,0.235
0.177,0.286,0.3,0.314,0.313,0.324,0.042,0.481,0.235,0.297
0.286,0.3,0.314,0.313,0.324,0.042,0.481,0.235,0.297,0.147
0.3,0.314,0.313,0.324,0.042,0.481,0.235,0.297,0.147,0.548
0.314,0.313,0.324,0.042,0.481,0.235,0.297,0.147,0.548,1.38
0.313,0.324,0.042,0.481,0.235,0.297,0.147,0.548,1.38,1.263
0.324,0.042,0.481,0.235,0.297,0.147,0.548,1.38,1.263,0.758
0.042,0.481,0.235,0.297,0.147,0.548,1.38,1.263,0.758,0.983
0.481,0.235,0.297,0.147,0.548,1.38,1.263,0.758,0.983,0.723
0.235,0.297,0.147,0.548,1.38,1.263,0.758,0.983,0.723,0.453
0.297,0.147,0.548,1.38,1.263,0.758,0.983,0.723,0.453,0.868
0.147,0.548,1.38,1.263,0.758,0.983,0.723,0.453,0.868,0.482
0.548,1.38,1.263,0.758,0.983,0.723,0.453,0.868,0.482,0.311
1.38,1.263,0.758,0.983,0.723,0.453,0.868,0.482,0.311,0.651
1.263,0.758,0.983,0.723,0.453,0.868,0.482,0.311,0.651,0.323
0.758,0.983,0.723,0.453,0.868,0.482,0.311,0.651,0.323,0.754
0.983,0.723,0.453,0.868,0.482,0.311,0.651,0.323,0.754,0.353
0.723,0.453,0.868,0.482,0.311,0.651,0.323,0.754,0.353,0.597
0.453,0.868,0.482,0.311,0.651,0.323,0.754,0.353,0.597,0.597
0.868,0.482,0.311,0.651,0.323,0.754,0.353,0.597,0.597,0.595
0.482,0.311,0.651,0.323,0.754,0.353,0.597,0.597,0.595,0.363
0.311,0.651,0.323,0.754,0.353,0.597,0.597,0.595,0.363,0.591
0.651,0.323,0.754,0.353,0.597,0.597,0.595,0.363,0.591,0.469
0.323,0.754,0.353,0.597,0.597,0.595,0.363,0.591,0.469,0.573
0.754,0.353,0.597,0.597,0.595,0.363,0.591,0.469,0.573,0.348
0.353,0.597,0.597,0.595,0.363,0.591,0.469,0.573,0.348,0.342
0.597,0.597,0.595,0.363,0.591,0.469,0.573,0.348,0.342,0.469
0.597,0.595,0.363,0.591,0.469,0.573,0.348,0.342,0.469,0.168
0.595,0.363,0.591,0.469,0.573,0.348,0.342,0.469,0.168,0.509
0.363,0.591,0.469,0.573,0.348,0.342,0.469,0.168,0.509,0.181
0.591,0.469,0.573,0.348,0.342,0.469,0.168,0.509,0.181,0.608
0.469,0.573,0.348,0.342,0.469,0.168,0.509,0.181,0.608,0.336
0.573,0.348,0.342,0.469,0.168,0.509,0.181,0.608,0.336,0.408
0.348,0.342,0.469,0.168,0.509,0.181,0.608,0.336,0.408,0.379
0.342,0.469,0.168,0.509,0.181,0.608,0.336,0.408,0.379,0.099
0.469,0.168,0.509,0.181,0.608,0.336,0.408,0.379,0.099,0.407
0.168,0.509,0.181,0.608,0.336,0.408,0.379,0.099,0.407,0.547
0.509,0.181,0.608,0.336,0.408,0.379,0.099,0.407,0.547,0.387
0.181,0.608,0.336,0.408,0.379,0.099,0.407,0.547,0.387,0.269
0.608,0.336,0.408,0.379,0.099,0.407,0.547,0.387,0.269,0.386
0.336,0.408,0.379,0.099,0.407,0.547,0.387,0.269,0.386,0.502
0.408,0.379,0.099,0.407,0.547,0.387,0.269,0.386,0.502,0.494
0.379,0.099,0.407,0.547,0.387,0.269,0.386,0.502,0.494,0.388
0.099,0.407,0.547,0.387,0.269,0.386,0.502,0.494,0.388,0.505
0.407,0.547,0.387,0.269,0.386,0.502,0.494,0.388,0.505,0.504
0.547,0.387,0.269,0.386,0.502,0.494,0.388,0.505,0.504,0.503
0.387,0.269,0.386,0.502,0.494,0.388,0.505,0.504,0.503,0.618
0.269,0.386,0.502,0.494,0.388,0.505,0.504,0.503,0.618,0.501
0.386,0.502,0.494,0.388,0.505,0.504,0.503,0.618,0.501,0.502
0.502,0.494,0.388,0.505,0.504,0.503,0.618,0.501,0.502,0.387
0.494,0.388,0.505,0.504,0.503,0.618,0.501,0.502,0.387,0.385
0.388,0.505,0.504,0.503,0.618,0.501,0.502,0.387,0.385,0.378
0.505,0.504,0.503,0.618,0.501,0.502,0.387,0.385,0.378,0.391
0.504,0.503,0.618,0.501,0.502,0.387,0.385,0.378,0.391,0.226
0.503,0.618,0.501,0.502,0.387,0.385,0.378,0.391,0.226,0.388
0.618,0.501,0.502,0.387,0.385,0.378,0.391,0.226,0.388,0.386
0.501,0.502,0.387,0.385,0.378,0.391,0.226,0.388,0.386,0.268
0.502,0.387,0.385,0.378,0.391,0.226,0.388,0.386,0.268,0.385
0.387,0.385,0.378,0.391,0.226,0.388,0.386,0.268,0.385,0.105
0.385,0.378,0.391,0.226,0.388,0.386,0.268,0.385,0.105,0.543
0.378,0.391,0.226,0.388,0.386,0.268,0.385,0.105,0.543,0.307
0.391,0.226,0.388,0.386,0.268,0.385,0.105,0.543,0.307,0.284
0.226,0.388,0.386,0.268,0.385,0.105,0.543,0.307,0.284,0.287
0.388,0.386,0.268,0.385,0.105,0.543,0.307,0.284,0.287,0.289
0.386,0.268,0.385,0.105,0.543,0.307,0.284,0.287,0.289,0.406
0.268,0.385,0.105,0.543,0.307,0.284,0.287,0.289,0.406,0.407
0.385,0.105,0.543,0.307,0.284,0.287,0.289,0.406,0.407,0.522
0.105,0.543,0.307,0.284,0.287,0.289,0.406,0.407,0.522,0.395
0.543,0.307,0.284,0.287,0.289,0.406,0.407,0.522,0.395,0.405
0.307,0.284,0.287,0.289,0.406,0.407,0.522,0.395,0.405,0.287
0.284,0.287,0.289,0.406,0.407,0.522,0.395,0.405,0.287,0.424
0.287,0.289,0.406,0.407,0.522,0.395,0.405,0.287,0.424,0.407
0.289,0.406,0.407,0.522,0.395,0.405,0.287,0.424,0.407,0.402
0.406,0.407,0.522,0.395,0.405,0.287,0.424,0.407,0.402,0.401
0.407,0.522,0.395,0.405,0.287,0.424,0.407,0.402,0.401,0.337
0.522,0.395,0.405,0.287,0.424,0.407,0.402,0.401,0.337,0.376
0.395,0.405,0.287,0.424,0.407,0.402,0.401,0.337,0.376,0.268
0.405,0.287,0.424,0.407,0.402,0.401,0.337,0.376,0.268,0.423
0.287,0.424,0.407,0.402,0.401,0.337,0.376,0.268,0.423,0.359
0.424,0.407,0.402,0.401,0.337,0.376,0.268,0.423,0.359,0.335
0.407,0.402,0.401,0.337,0.376,0.268,0.423,0.359,0.335,0.294
0.402,0.401,0.337,0.376,0.268,0.423,0.359,0.335,0.294,0.368
0.401,0.337,0.376,0.268,0.423,0.359,0.335,0.294,0.368,0.26
0.337,0.376,0.268,0.423,0.359,0.335,0.294,0.368,0.26,0.285
0.376,0.268,0.423,0.359,0.335,0.294,0.368,0.26,0.285,0.35
0.268,0.423,0.359,0.335,0.294,0.368,0.26,0.285,0.35,0.379
0.423,0.359,0.335,0.294,0.368,0.26,0.285,0.35,0.379,0.288
0.359,0.335,0.294,0.368,0.26,0.285,0.35,0.379,0.288,0.265
0.335,0.294,0.368,0.26,0.285,0.35,0.379,0.288,0.265,0.16
0.294,0.368,0.26,0.285,0.35,0.379,0.288,0.265,0.16,0.297
0.368,0.26,0.285,0.35,0.379,0.288,0.265,0.16,0.297,0.271
0.26,0.285,0.35,0.379,0.288,0.265,0.16,0.297,0.271,0.288
0.285,0.35,0.379,0.288,0.265,0.16,0.297,0.271,0.288,0.531
0.35,0.379,0.288,0.265,0.16,0.297,0.271,0.288,0.531,0.267
0.379,0.288,0.265,0.16,0.297,0.271,0.288,0.531,0.267,0.316
0.288,0.265,0.16,0.297,0.271,0.288,0.531,0.267,0.316,0.247
0.265,0.16,0.297,0.271,0.288,0.531,0.267,0.316,0.247,0.203
0.16,0.297,0.271,0.288,0.531,0.267,0.316,0.247,0.203,0.149
0.297,0.271,0.288,0.531,0.267,0.316,0.247,0.203,0.149,0.228
0.271,0.288,0.531,0.267,0.316,0.247,0.203,0.149,0.228,0.095
0.288,0.531,0.267,0.316,0.247,0.203,0.149,0.228,0.095,0.274
0.531,0.267,0.316,0.247,0.203,0.149,0.228,0.095,0.274,0.301
0.267,0.316,0.247,0.203,0.149,0.228,0.095,0.274,0.301,0.22
0.316,0.247,0.203,0.149,0.228,0.095,0.274,0.301,0.22,0.299
0.247,0.203,0.149,0.228,0.095,0.274,0.301,0.22,0.299,0.315
0.203,0.149,0.228,0.095,0.274,0.301,0.22,0.299,0.315,0.276
0.149,0.228,0.095,0.274,0.301,0.22,0.299,0.315,0.276,0.224
0.228,0.095,0.274,0.301,0.22,0.299,0.315,0.276,0.224,0.294
0.095,0.274,0.301,0.22,0.299,0.315,0.276,0.224,0.294,0.346
0.274,0.301,0.22,0.299,0.315,0.276,0.224,0.294,0.346,0.302
0.301,0.22,0.299,0.315,0.276,0.224,0.294,0.346,0.302,0.39
0.22,0.299,0.315,0.276,0.224,0.294,0.346,0.302,0.39,0.319
0.299,0.315,0.276,0.224,0.294,0.346,0.302,0.39,0.319,0.347
0.315,0.276,0.224,0.294,0.346,0.302,0.39,0.319,0.347,0.24
0.276,0.224,0.294,0.346,0.302,0.39,0.319,0.347,0.24,0.257
0.224,0.294,0.346,0.302,0.39,0.319,0.347,0.24,0.257,0.283
0.294,0.346,0.302,0.39,0.319,0.347,0.24,0.257,0.283,0.204
0.346,0.302,0.39,0.319,0.347,0.24,0.257,0.283,0.204,0.183
0.302,0.39,0.319,0.347,0.24,0.257,0.283,0.204,0.183,0.163
0.39,0.319,0.347,0.24,0.257,0.283,0.204,0.183,0.163,0.158
0.319,0.347,0.24,0.257,0.283,0.204,0.183,0.163,0.158,0.13
0.347,0.24,0.257,0.283,0.204,0.183,0.163,0.158,0.13,0.174
0.24,0.257,0.283,0.204,0.183,0.163,0.158,0.13,0.174,0.148
0.257,0.283,0.204,0.183,0.163,0.158,0.13,0.174,0.148,0.103
0.283,0.204,0.183,0.163,0.158,0.13,0.174,0.148,0.103,0.155
0.204,0.183,0.163,0.158,0.13,0.174,0.148,0.103,0.155,0.173
0.183,0.163,0.158,0.13,0.174,0.148,0.103,0.155,0.173,0.13
0.163,0.158,0.13,0.174,0.148,0.103,0.155,0.173,0.13,0.178
0.158,0.13,0.174,0.148,0.103,0.155,0.173,0.13,0.178,0.137
0.13,0.174,0.148,0.103,0.155,0.173,0.13,0.178,0.137,0.091
0.174,0.148,0.103,0.155,0.173,0.13,0.178,0.137,0.091,0.27
0.148,0.103,0.155,0.173,0.13,0.178,0.137,0.091,0.27,0.184
0.103,0.155,0.173,0.13,0.178,0.137,0.091,0.27,0.184,0.156
0.155,0.173,0.13,0.178,0.137,0.091,0.27,0.184,0.156,0.113
0.173,0.13,0.178,0.137,0.091,0.27,0.184,0.156,0.113,0.355
0.13,0.178,0.137,0.091,0.27,0.184,0.156,0.113,0.355,0.219
0.178,0.137,0.091,0.27,0.184,0.156,0.113,0.355,0.219,0.201
0.137,0.091,0.27,0.184,0.156,0.113,0.355,0.219,0.201,0.132
0.091,0.27,0.184,0.156,0.113,0.355,0.219,0.201,0.132,0.183
0.27,0.184,0.156,0.113,0.355,0.219,0.201,0.132,0.183,0.133
0.184,0.156,0.113,0.355,0.219,0.201,0.132,0.183,0.133,0.062
0.156,0.113,0.355,0.219,0.201,0.132,0.183,0.133,0.062,0.149
0.113,0.355,0.219,0.201,0.132,0.183,0.133,0.062,0.149,0.187
0.355,0.219,0.201,0.132,0.183,0.133,0.062,0.149,0.187,0.118
0.219,0.201,0.132,0.183,0.133,0.062,0.149,0.187,0.118,0.768
0.201,0.132,0.183,0.133,0.062,0.149,0.187,0.118,0.768,0.533
0.132,0.183,0.133,0.062,0.149,0.187,0.118,0.768,0.533,0.263
0.183,0.133,0.062,0.149,0.187,0.118,0.768,0.533,0.263,0.25
0.133,0.062,0.149,0.187,0.118,0.768,0.533,0.263,0.25,1.339
0.062,0.149,0.187,0.118,0.768,0.533,0.263,0.25,1.339,0.815
0.149,0.187,0.118,0.768,0.533,0.263,0.25,1.339,0.815,0.466
0.187,0.118,0.768,0.533,0.263,0.25,1.339,0.815,0.466,0.376
0.118,0.768,0.533,0.263,0.25,1.339,0.815,0.466,0.376,0.289
0.768,0.533,0.263,0.25,1.339,0.815,0.466,0.376,0.289,0.325
0.533,0.263,0.25,1.339,0.815,0.466,0.376,0.289,0.325,0.296
0.263,0.25,1.339,0.815,0.466,0.376,0.289,0.325,0.296,0.254
0.25,1.339,0.815,0.466,0.376,0.289,0.325,0.296,0.254,0.297
1.339,0.815,0.466,0.376,0.289,0.325,0.296,0.254,0.297,0.208
0.815,0.466,0.376,0.289,0.325,0.296,0.254,0.297,0.208,0.239
0.466,0.376,0.289,0.325,0.296,0.254,0.297,0.208,0.239,0.235
0.376,0.289,0.325,0.296,0.254,0.297,0.208,0.239,0.235,0.075
0.289,0.325,0.296,0.254,0.297,0.208,0.239,0.235,0.075,0.171
0.325,0.296,0.254,0.297,0.208,0.239,0.235,0.075,0.171,0.17
0.296,0.254,0.297,0.208,0.239,0.235,0.075,0.171,0.17,0.045
0.254,0.297,0.208,0.239,0.235,0.075,0.171,0.17,0.045,1.024
0.297,0.208,0.239,0.235,0.075,0.171,0.17,0.045,1.024,0.786
0.208,0.239,0.235,0.075,0.171,0.17,0.045,1.024,0.786,0.484
0.239,0.235,0.075,0.171,0.17,0.045,1.024,0.786,0.484,0.317
0.235,0.075,0.171,0.17,0.045,1.024,0.786,0.484,0.317,0.176
0.075,0.171,0.17,0.045,1.024,0.786,0.484,0.317,0.176,0.254
0.171,0.17,0.045,1.024,0.786,0.484,0.317,0.176,0.254,0.529
0.17,0.045,1.024,0.786,0.484,0.317,0.176,0.254,0.529,0.378
0.045,1.024,0.786,0.484,0.317,0.176,0.254,0.529,0.378,0.461
1.024,0.786,0.484,0.317,0.176,0.254,0.529,0.378,0.461,3.184
0.786,0.484,0.317,0.176,0.254,0.529,0.378,0.461,3.184,2.264
0.484,0.317,0.176,0.254,0.529,0.378,0.461,3.184,2.264,1.42
0.317,0.176,0.254,0.529,0.378,0.461,3.184,2.264,1.42,1.069
0.176,0.254,0.529,0.378,0.461,3.184,2.264,1.42,1.069,0.71
0.254,0.529,0.378,0.461,3.184,2.264,1.42,1.069,0.71,0.546
0.529,0.378,0.461,3.184,2.264,1.42,1.069,0.71,0.546,0.505
0.378,0.461,3.184,2.264,1.42,1.069,0.71,0.546,0.505,0.437
0.461,3.184,2.264,1.42,1.069,0.71,0.546,0.505,0.437,0.509
3.184,2.264,1.42,1.069,0.71,0.546,0.505,0.437,0.509,0.465
2.264,1.42,1.069,0.71,0.546,0.505,0.437,0.509,0.465,0.353
1.42,1.069,0.71,0.546,0.505,0.437,0.509,0.465,0.353,0.29
1.069,0.71,0.546,0.505,0.437,0.509,0.465,0.353,0.29,0.078
0.71,0.546,0.505,0.437,0.509,0.465,0.353,0.29,0.078,0.136
0.546,0.505,0.437,0.509,0.465,0.353,0.29,0.078,0.136,0.142
0.505,0.437,0.509,0.465,0.353,0.29,0.078,0.136,0.142,0.542
0.437,0.509,0.465,0.353,0.29,0.078,0.136,0.142,0.542,0.207
0.509,0.465,0.353,0.29,0.078,0.136,0.142,0.542,0.207,0.16
0.465,0.353,0.29,0.078,0.136,0.142,0.542,0.207,0.16,0.12
0.353,0.29,0.078,0.136,0.142,0.542,0.207,0.16,0.12,0.147
0.29,0.078,0.136,0.142,0.542,0.207,0.16,0.12,0.147,0.101
0.078,0.136,0.142,0.542,0.207,0.16,0.12,0.147,0.101,0.154
0.136,0.142,0.542,0.207,0.16,0.12,0.147,0.101,0.154,0.062
0.142,0.542,0.207,0.16,0.12,0.147,0.101,0.154,0.062,0.056
0.542,0.207,0.16,0.12,0.147,0.101,0.154,0.062,0.056,0.088
0.207,0.16,0.12,0.147,0.101,0.154,0.062,0.056,0.088,0.073
0.16,0.12,0.147,0.101,0.154,0.062,0.056,0.088,0.073,0.037
0.12,0.147,0.101,0.154,0.062,0.056,0.088,0.073,0.037,0.1
0.147,0.101,0.154,0.062,0.056,0.088,0.073,0.037,0.1,0.132
0.101,0.154,0.062,0.056,0.088,0.073,0.037,0.1,0.132,0.197
0.154,0.062,0.056,0.088,0.073,0.037,0.1,0.132,0.197,0.173
0.062,0.056,0.088,0.073,0.037,0.1,0.132,0.197,0.173,0.012
0.056,0.088,0.073,0.037,0.1,0.132,0.197,0.173,0.012,0.188
0.088,0.073,0.037,0.1,0.132,0.197,0.173,0.012,0.188,0.175
0.073,0.037,0.1,0.132,0.197,0.173,0.012,0.188,0.175,0.226
0.037,0.1,0.132,0.197,0.173,0.012,0.188,0.175,0.226,0.059
0.1,0.132,0.197,0.173,0.012,0.188,0.175,0.226,0.059,0.083
0.132,0.197,0.173,0.012,0.188,0.175,0.226,0.059,0.083,0.01
0.197,0.173,0.012,0.188,0.175,0.226,0.059,0.083,0.01,0.052
0.173,0.012,0.188,0.175,0.226,0.059,0.083,0.01,0.052,0.088
0.012,0.188,0.175,0.226,0.059,0.083,0.01,0.052,0.088,0.059
0.188,0.175,0.226,0.059,0.083,0.01,0.052,0.088,0.059,0.03
0.175,0.226,0.059,0.083,0.01,0.052,0.088,0.059,0.03,0.393
0.226,0.059,0.083,0.01,0.052,0.088,0.059,0.03,0.393,0.5
0.059,0.083,0.01,0.052,0.088,0.059,0.03,0.393,0.5,0.576
0.083,0.01,0.052,0.088,0.059,0.03,0.393,0.5,0.576,0.573
0.01,0.052,0.088,0.059,0.03,0.393,0.5,0.576,0.573,0.21
0.052,0.088,0.059,0.03,0.393,0.5,0.576,0.573,0.21,0.277
0.088,0.059,0.03,0.393,0.5,0.576,0.573,0.21,0.277,0.196
0.059,0.03,0.393,0.5,0.576,0.573,0.21,0.277,0.196,0.074
0.03,0.393,0.5,0.576,0.573,0.21,0.277,0.196,0.074,0.083
0.393,0.5,0.576,0.573,0.21,0.277,0.196,0.074,0.083,0.17
0.5,0.576,0.573,0.21,0.277,0.196,0.074,0.083,0.17,0.062
0.576,0.573,0.21,0.277,0.196,0.074,0.083,0.17,0.062,0.009
0.573,0.21,0.277,0.196,0.074,0.083,0.17,0.062,0.009,0.01
0.21,0.277,0.196,0.074,0.083,0.17,0.062,0.009,0.01,0.18
0.277,0.196,0.074,0.083,0.17,0.062,0.009,0.01,0.18,0.084
0.196,0.074,0.083,0.17,0.062,0.009,0.01,0.18,0.084,0.065
0.074,0.083,0.17,0.062,0.009,0.01,0.18,0.084,0.065,0.04
0.083,0.17,0.062,0.009,0.01,0.18,0.084,0.065,0.04,0.13
0.17,0.062,0.009,0.01,0.18,0.084,0.065,0.04,0.13,0.011
0.062,0.009,0.01,0.18,0.084,0.065,0.04,0.13,0.011,0.06
0.009,0.01,0.18,0.084,0.065,0.04,0.13,0.011,0.06,0.027
0.01,0.18,0.084,0.065,0.04,0.13,0.011,0.06,0.027,0.175
0.18,0.084,0.065,0.04,0.13,0.011,0.06,0.027,0.175,0.01
0.084,0.065,0.04,0.13,0.011,0.06,0.027,0.175,0.01,0.134
0.065,0.04,0.13,0.011,0.06,0.027,0.175,0.01,0.134,0.038
0.04,0.13,0.011,0.06,0.027,0.175,0.01,0.134,0.038,0.169
0.13,0.011,0.06,0.027,0.175,0.01,0.134,0.038,0.169,0.208
0.011,0.06,0.027,0.175,0.01,0.134,0.038,0.169,0.208,0.078
0.06,0.027,0.175,0.01,0.134,0.038,0.169,0.208,0.078,0.101
0.027,0.175,0.01,0.134,0.038,0.169,0.208,0.078,0.101,0.026
0.175,0.01,0.134,0.038,0.169,0.208,0.078,0.101,0.026,0.056
0.01,0.134,0.038,0.169,0.208,0.078,0.101,0.026,0.056,0.01
0.134,0.038,0.169,0.208,0.078,0.101,0.026,0.056,0.01,0.01
0.038,0.169,0.208,0.078,0.101,0.026,0.056,0.01,0.01,0.103
0.169,0.208,0.078,0.101,0.026,0.056,0.01,0.01,0.103,0.01
0.208,0.078,0.101,0.026,0.056,0.01,0.01,0.103,0.01,0.043
0.078,0.101,0.026,0.056,0.01,0.01,0.103,0.01,0.043,0.053
0.101,0.026,0.056,0.01,0.01,0.103,0.01,0.043,0.053,0.06
0.026,0.056,0.01,0.01,0.103,0.01,0.043,0.053,0.06,0.111
0.056,0.01,0.01,0.103,0.01,0.043,0.053,0.06,0.111,0.063
0.01,0.01,0.103,0.01,0.043,0.053,0.06,0.111,0.063,0.03
0.01,0.103,0.01,0.043,0.053,0.06,0.111,0.063,0.03,0.115
0.103,0.01,0.043,0.053,0.06,0.111,0.063,0.03,0.115,0.013
0.01,0.043,0.053,0.06,0.111,0.063,0.03,0.115,0.013,0.01
0.043,0.053,0.06,0.111,0.063,0.03,0.115,0.013,0.01,0.01
0.053,0.06,0.111,0.063,0.03,0.115,0.013,0.01,0.01,0.015
0.06,0.111,0.063,0.03,0.115,0.013,0.01,0.01,0.015,0.01
0.111,0.063,0.03,0.115,0.013,0.01,0.01,0.015,0.01,0.119
0.063,0.03,0.115,0.013,0.01,0.01,0.015,0.01,0.119,0.01
0.03,0.115,0.013,0.01,0.01,0.015,0.01,0.119,0.01,0.324
0.115,0.013,0.01,0.01,0.015,0.01,0.119,0.01,0.324,0.237
0.013,0.01,0.01,0.015,0.01,0.119,0.01,0.324,0.237,0.02
0.01,0.01,0.015,0.01,0.119,0.01,0.324,0.237,0.02,0.02
0.01,0.015,0.01,0.119,0.01,0.324,0.237,0.02,0.02,0.118
0.015,0.01,0.119,0.01,0.324,0.237,0.02,0.02,0.118,0.306
0.01,0.119,0.01,0.324,0.237,0.02,0.02,0.118,0.306,0.171
0.119,0.01,0.324,0.237,0.02,0.02,0.118,0.306,0.171,0.026
0.01,0.324,0.237,0.02,0.02,0.118,0.306,0.171,0.026,0.061
0.324,0.237,0.02,0.02,0.118,0.306,0.171,0.026,0.061,0.034
0.237,0.02,0.02,0.118,0.306,0.171,0.026,0.061,0.034,0.059
0.02,0.02,0.118,0.306,0.171,0.026,0.061,0.034,0.059,0.01
0.02,0.118,0.306,0.171,0.026,0.061,0.034,0.059,0.01,0.1
0.118,0.306,0.171,0.026,0.061,0.034,0.059,0.01,0.1,0.15
0.306,0.171,0.026,0.061,0.034,0.059,0.01,0.1,0.15,0.059
0.171,0.026,0.061,0.034,0.059,0.01,0.1,0.15,0.059,0.077
0.026,0.061,0.034,0.059,0.01,0.1,0.15,0.059,0.077,0.177
0.061,0.034,0.059,0.01,0.1,0.15,0.059,0.077,0.177,2.417
0.034,0.059,0.01,0.1,0.15,0.059,0.077,0.177,2.417,1.059
0.059,0.01,0.1,0.15,0.059,0.077,0.177,2.417,1.059,0.629
0.01,0.1,0.15,0.059,0.077,0.177,2.417,1.059,0.629,0.538
0.1,0.15,0.059,0.077,0.177,2.417,1.059,0.629,0.538,0.296
0.15,0.059,0.077,0.177,2.417,1.059,0.629,0.538,0.296,0.318
0.059,0.077,0.177,2.417,1.059,0.629,0.538,0.296,0.318,0.167
0.077,0.177,2.417,1.059,0.629,0.538,0.296,0.318,0.167,0.223
0.177,2.417,1.059,0.629,0.538,0.296,0.318,0.167,0.223,0.187
2.417,1.059,0.629,0.538,0.296,0.318,0.167,0.223,0.187,0.242
1.059,0.629,0.538,0.296,0.318,0.167,0.223,0.187,0.242,0.378
0.629,0.538,0.296,0.318,0.167,0.223,0.187,0.242,0.378,0.43
0.538,0.296,0.318,0.167,0.223,0.187,0.242,0.378,0.43,0.13
0.296,0.318,0.167,0.223,0.187,0.242,0.378,0.43,0.13,0.168
0.318,0.167,0.223,0.187,0.242,0.378,0.43,0.13,0.168,0.176
0.167,0.223,0.187,0.242,0.378,0.43,0.13,0.168,0.176,0.212
0.223,0.187,0.242,0.378,0.43,0.13,0.168,0.176,0.212,0.098
0.187,0.242,0.378,0.43,0.13,0.168,0.176,0.212,0.098,0.06
0.242,0.378,0.43,0.13,0.168,0.176,0.212,0.098,0.06,0.109
0.378,0.43,0.13,0.168,0.176,0.212,0.098,0.06,0.109,0.206
0.43,0.13,0.168,0.176,0.212,0.098,0.06,0.109,0.206,0.238
0.13,0.168,0.176,0.212,0.098,0.06,0.109,0.206,0.238,0.213
0.168,0.176,0.212,0.098,0.06,0.109,0.206,0.238,0.213,0.097
0.176,0.212,0.098,0.06,0.109,0.206,0.238,0.213,0.097,0.168
0.212,0.098,0.06,0.109,0.206,0.238,0.213,0.097,0.168,0.146
0.098,0.06,0.109,0.206,0.238,0.213,0.097,0.168,0.146,0.139
0.06,0.109,0.206,0.238,0.213,0.097,0.168,0.146,0.139,0.123
0.109,0.206,0.238,0.213,0.097,0.168,0.146,0.139,0.123,0.105
0.206,0.238,0.213,0.097,0.168,0.146,0.139,0.123,0.105,0.077
0.238,0.213,0.097,0.168,0.146,0.139,0.123,0.105,0.077,0.211
0.213,0.097,0.168,0.146,0.139,0.123,0.105,0.077,0.211,0.113
0.097,0.168,0.146,0.139,0.123,0.105,0.077,0.211,0.113,0.344
0.168,0.146,0.139,0.123,0.105,0.077,0.211,0.113,0.344,0.273
0.146,0.139,0.123,0.105,0.077,0.211,0.113,0.344,0.273,0.474
0.139,0.123,0.105,0.077,0.211,0.113,0.344,0.273,0.474,0.384
0.123,0.105,0.077,0.211,0.113,0.344,0.273,0.474,0.384,0.554
0.105,0.077,0.211,0.113,0.344,0.273,0.474,0.384,0.554,0.393
0.077,0.211,0.113,0.344,0.273,0.474,0.384,0.554,0.393,0.341
0.211,0.113,0.344,0.273,0.474,0.384,0.554,0.393,0.341,0.275
0.113,0.344,0.273,0.474,0.384,0.554,0.393,0.341,0.275,0.371
0.344,0.273,0.474,0.384,0.554,0.393,0.341,0.275,0.371,0.618
0.273,0.474,0.384,0.554,0.393,0.341,0.275,0.371,0.618,0.649
0.474,0.384,0.554,0.393,0.341,0.275,0.371,0.618,0.649,0.417
0.384,0.554,0.393,0.341,0.275,0.371,0.618,0.649,0.417,0.468
0.554,0.393,0.341,0.275,0.371,0.618,0.649,0.417,0.468,0.357
0.393,0.341,0.275,0.371,0.618,0.649,0.417,0.468,0.357,0.356
0.341,0.275,0.371,0.618,0.649,0.417,0.468,0.357,0.356,0.234
0.275,0.371,0.618,0.649,0.417,0.468,0.357,0.356,0.234,0.332
0.371,0.618,0.649,0.417,0.468,0.357,0.356,0.234,0.332,0.294
0.618,0.649,0.417,0.468,0.357,0.356,0.234,0.332,0.294,0.261
0.649,0.417,0.468,0.357,0.356,0.234,0.332,0.294,0.261,0.301
0.417,0.468,0.357,0.356,0.234,0.332,0.294,0.261,0.301,0.195
0.468,0.357,0.356,0.234,0.332,0.294,0.261,0.301,0.195,0.171
0.357,0.356,0.234,0.332,0.294,0.261,0.301,0.195,0.171,0.255
0.356,0.234,0.332,0.294,0.261,0.301,0.195,0.171,0.255,0.204
0.234,0.332,0.294,0.261,0.301,0.195,0.171,0.255,0.204,0.298
0.332,0.294,0.261,0.301,0.195,0.171,0.255,0.204,0.298,0.264
0.294,0.261,0.301,0.195,0.171,0.255,0.204,0.298,0.264,0.125
0.261,0.301,0.195,0.171,0.255,0.204,0.298,0.264,0.125,0.255
0.301,0.195,0.171,0.255,0.204,0.298,0.264,0.125,0.255,0.153
0.195,0.171,0.255,0.204,0.298,0.264,0.125,0.255,0.153,0.195
0.171,0.255,0.204,0.298,0.264,0.125,0.255,0.153,0.195,0.2
0.255,0.204,0.298,0.264,0.125,0.255,0.153,0.195,0.2,0.2
0.204,0.298,0.264,0.125,0.255,0.153,0.195,0.2,0.2,0.23
0.298,0.264,0.125,0.255,0.153,0.195,0.2,0.2,0.23,0.247
0.264,0.125,0.255,0.153,0.195,0.2,0.2,0.23,0.247,0.163
0.125,0.255,0.153,0.195,0.2,0.2,0.23,0.247,0.163,0.213
0.255,0.153,0.195,0.2,0.2,0.23,0.247,0.163,0.213,0.804
0.153,0.195,0.2,0.2,0.23,0.247,0.163,0.213,0.804,0.999
0.195,0.2,0.2,0.23,0.247,0.163,0.213,0.804,0.999,0.615
0.2,0.2,0.23,0.247,0.163,0.213,0.804,0.999,0.615,0.592
0.2,0.23,0.247,0.163,0.213,0.804,0.999,0.615,0.592,0.362
0.23,0.247,0.163,0.213,0.804,0.999,0.615,0.592,0.362,0.408
0.247,0.163,0.213,0.804,0.999,0.615,0.592,0.362,0.408,0.355
0.163,0.213,0.804,0.999,0.615,0.592,0.362,0.408,0.355,0.305
0.213,0.804,0.999,0.615,0.592,0.362,0.408,0.355,0.305,0.281
0.804,0.999,0.615,0.592,0.362,0.408,0.355,0.305,0.281,0.282
0.999,0.615,0.592,0.362,0.408,0.355,0.305,0.281,0.282,0.231
0.615,0.592,0.362,0.408,0.355,0.305,0.281,0.282,0.231,0.309
0.592,0.362,0.408,0.355,0.305,0.281,0.282,0.231,0.309,0.255
0.362,0.408,0.355,0.305,0.281,0.282,0.231,0.309,0.255,0.363
0.408,0.355,0.305,0.281,0.282,0.231,0.309,0.255,0.363,0.361
0.355,0.305,0.281,0.282,0.231,0.309,0.255,0.363,0.361,1.343
0.305,0.281,0.282,0.231,0.309,0.255,0.363,0.361,1.343,0.45
0.281,0.282,0.231,0.309,0.255,0.363,0.361,1.343,0.45,0.905
0.282,0.231,0.309,0.255,0.363,0.361,1.343,0.45,0.905,0.64
0.231,0.309,0.255,0.363,0.361,1.343,0.45,0.905,0.64,0.605
0.309,0.255,0.363,0.361,1.343,0.45,0.905,0.64,0.605,0.421
0.255,0.363,0.361,1.343,0.45,0.905,0.64,0.605,0.421,0.429
0.363,0.361,1.343,0.45,0.905,0.64,0.605,0.421,0.429,0.394
0.361,1.343,0.45,0.905,0.64,0.605,0.421,0.429,0.394,0.509
1.343,0.45,0.905,0.64,0.605,0.421,0.429,0.394,0.509,0.643
0.45,0.905,0.64,0.605,0.421,0.429,0.394,0.509,0.643,0.544
0.905,0.64,0.605,0.421,0.429,0.394,0.509,0.643,0.544,0.574
0.64,0.605,0.421,0.429,0.394,0.509,0.643,0.544,0.574,0.61
0.605,0.421,0.429,0.394,0.509,0.643,0.544,0.574,0.61,0.505
0.421,0.429,0.394,0.509,0.643,0.544,0.574,0.61,0.505,0.611
0.429,0.394,0.509,0.643,0.544,0.574,0.61,0.505,0.611,0.627
0.394,0.509,0.643,0.544,0.574,0.61,0.505,0.611,0.627,0.906
0.509,0.643,0.544,0.574,0.61,0.505,0.611,0.627,0.906,0.937
0.643,0.544,0.574,0.61,0.505,0.611,0.627,0.906,0.937,0.864
0.544,0.574,0.61,0.505,0.611,0.627,0.906,0.937,0.864,0.684
0.574,0.61,0.505,0.611,0.627,0.906,0.937,0.864,0.684,0.646
0.61,0.505,0.611,0.627,0.906,0.937,0.864,0.684,0.646,0.62
0.505,0.611,0.627,0.906,0.937,0.864,0.684,0.646,0.62,0.747
0.611,0.627,0.906,0.937,0.864,0.684,0.646,0.62,0.747,0.544
0.627,0.906,0.937,0.864,0.684,0.646,0.62,0.747,0.544,0.453
0.906,0.937,0.864,0.684,0.646,0.62,0.747,0.544,0.453,0.31
0.937,0.864,0.684,0.646,0.62,0.747,0.544,0.453,0.31,0.369
0.864,0.684,0.646,0.62,0.747,0.544,0.453,0.31,0.369,0.395
0.684,0.646,0.62,0.747,0.544,0.453,0.31,0.369,0.395,0.428
0.646,0.62,0.747,0.544,0.453,0.31,0.369,0.395,0.428,0.504
0.62,0.747,0.544,0.453,0.31,0.369,0.395,0.428,0.504,0.471
0.747,0.544,0.453,0.31,0.369,0.395,0.428,0.504,0.471,0.526
0.544,0.453,0.31,0.369,0.395,0.428,0.504,0.471,0.526,0.475
0.453,0.31,0.369,0.395,0.428,0.504,0.471,0.526,0.475,0.454
0.31,0.369,0.395,0.428,0.504,0.471,0.526,0.475,0.454,0.47
0.369,0.395,0.428,0.504,0.471,0.526,0.475,0.454,0.47,0.462
0.395,0.428,0.504,0.471,0.526,0.475,0.454,0.47,0.462,0.946
0.428,0.504,0.471,0.526,0.475,0.454,0.47,0.462,0.946,3.951
0.504,0.471,0.526,0.475,0.454,0.47,0.462,0.946,3.951,6.365
0.471,0.526,0.475,0.454,0.47,0.462,0.946,3.951,6.365,3.32
0.526,0.475,0.454,0.47,0.462,0.946,3.951,6.365,3.32,2.319
0.475,0.454,0.47,0.462,0.946,3.951,6.365,3.32,2.319,1.716
0.454,0.47,0.462,0.946,3.951,6.365,3.32,2.319,1.716,2.116
0.47,0.462,0.946,3.951,6.365,3.32,2.319,1.716,2.116,1.619
0.462,0.946,3.951,6.365,3.32,2.319,1.716,2.116,1.619,1.493
0.946,3.951,6.365,3.32,2.319,1.716,2.116,1.619,1.493,1.399
3.951,6.365,3.32,2.319,1.716,2.116,1.619,1.493,1.399,1.185
6.365,3.32,2.319,1.716,2.116,1.619,1.493,1.399,1.185,0.959
3.32,2.319,1.716,2.116,1.619,1.493,1.399,1.185,0.959,1.06
2.319,1.716,2.116,1.619,1.493,1.399,1.185,0.959,1.06,0.809
1.716,2.116,1.619,1.493,1.399,1.185,0.959,1.06,0.809,0.698
2.116,1.619,1.493,1.399,1.185,0.959,1.06,0.809,0.698,1.056
1.619,1.493,1.399,1.185,0.959,1.06,0.809,0.698,1.056,0.823
1.493,1.399,1.185,0.959,1.06,0.809,0.698,1.056,0.823,0.795
1.399,1.185,0.959,1.06,0.809,0.698,1.056,0.823,0.795,0.845
1.185,0.959,1.06,0.809,0.698,1.056,0.823,0.795,0.845,0.767
0.959,1.06,0.809,0.698,1.056,0.823,0.795,0.845,0.767,0.766
1.06,0.809,0.698,1.056,0.823,0.795,0.845,0.767,0.766,0.806
0.809,0.698,1.056,0.823,0.795,0.845,0.767,0.766,0.806,0.708
0.698,1.056,0.823,0.795,0.845,0.767,0.766,0.806,0.708,0.669
1.056,0.823,0.795,0.845,0.767,0.766,0.806,0.708,0.669,0.58
0.823,0.795,0.845,0.767,0.766,0.806,0.708,0.669,0.58,0.662
0.795,0.845,0.767,0.766,0.806,0.708,0.669,0.58,0.662,0.512
0.845,0.767,0.766,0.806,0.708,0.669,0.58,0.662,0.512,0.321
0.767,0.766,0.806,0.708,0.669,0.58,0.662,0.512,0.321,0.558
0.766,0.806,0.708,0.669,0.58,0.662,0.512,0.321,0.558,0.411
0.806,0.708,0.669,0.58,0.662,0.512,0.321,0.558,0.411,0.356
0.708,0.669,0.58,0.662,0.512,0.321,0.558,0.411,0.356,0.364
0.669,0.58,0.662,0.512,0.321,0.558,0.411,0.356,0.364,0.603
0.58,0.662,0.512,0.321,0.558,0.411,0.356,0.364,0.603,0.573
0.662,0.512,0.321,0.558,0.411,0.356,0.364,0.603,0.573,0.539
0.512,0.321,0.558,0.411,0.356,0.364,0.603,0.573,0.539,0.438
0.321,0.558,0.411,0.356,0.364,0.603,0.573,0.539,0.438,0.569
0.558,0.411,0.356,0.364,0.603,0.573,0.539,0.438,0.569,0.309
0.411,0.356,0.364,0.603,0.573,0.539,0.438,0.569,0.309,0.506
0.356,0.364,0.603,0.573,0.539,0.438,0.569,0.309,0.506,0.456
0.364,0.603,0.573,0.539,0.438,0.569,0.309,0.506,0.456,0.455
0.603,0.573,0.539,0.438,0.569,0.309,0.506,0.456,0.455,0.375
0.573,0.539,0.438,0.569,0.309,0.506,0.456,0.455,0.375,0.51
0.539,0.438,0.569,0.309,0.506,0.456,0.455,0.375,0.51,0.475
0.438,0.569,0.309,0.506,0.456,0.455,0.375,0.51,0.475,0.552
0.569,0.309,0.506,0.456,0.455,0.375,0.51,0.475,0.552,0.653
0.309,0.506,0.456,0.455,0.375,0.51,0.475,0.552,0.653,0.6
0.506,0.456,0.455,0.375,0.51,0.475,0.552,0.653,0.6,0.548
0.456,0.455,0.375,0.51,0.475,0.552,0.653,0.6,0.548,0.699
0.455,0.375,0.51,0.475,0.552,0.653,0.6,0.548,0.699,0.388
0.375,0.51,0.475,0.552,0.653,0.6,0.548,0.699,0.388,0.575
0.51,0.475,0.552,0.653,0.6,0.548,0.699,0.388,0.575,0.502
0.475,0.552,0.653,0.6,0.548,0.699,0.388,0.575,0.502,0.563
0.552,0.653,0.6,0.548,0.699,0.388,0.575,0.502,0.563,0.892
0.653,0.6,0.548,0.699,0.388,0.575,0.502,0.563,0.892,1.014
0.6,0.548,0.699,0.388,0.575,0.502,0.563,0.892,1.014,0.646
0.548,0.699,0.388,0.575,0.502,0.563,0.892,1.014,0.646,0.527
0.699,0.388,0.575,0.502,0.563,0.892,1.014,0.646,0.527,0.631
0.388,0.575,0.502,0.563,0.892,1.014,0.646,0.527,0.631,0.584
0.575,0.502,0.563,0.892,1.014,0.646,0.527,0.631,0.584,0.518
0.502,0.563,0.892,1.014,0.646,0.527,0.631,0.584,0.518,0.761
0.563,0.892,1.014,0.646,0.527,0.631,0.584,0.518,0.761,0.671
0.892,1.014,0.646,0.527,0.631,0.584,0.518,0.761,0.671,0.767
1.014,0.646,0.527,0.631,0.584,0.518,0.761,0.671,0.767,0.643
0.646,0.527,0.631,0.584,0.518,0.761,0.671,0.767,0.643,0.745
0.527,0.631,0.584,0.518,0.761,0.671,0.767,0.643,0.745,0.522
0.631,0.584,0.518,0.761,0.671,0.767,0.643,0.745,0.522,0.644
0.584,0.518,0.761,0.671,0.767,0.643,0.745,0.522,0.644,0.659
0.518,0.761,0.671,0.767,0.643,0.745,0.522,0.644,0.659,0.583
0.761,0.671,0.767,0.643,0.745,0.522,0.644,0.659,0.583,0.247
0.671,0.767,0.643,0.745,0.522,0.644,0.659,0.583,0.247,0.466
0.767,0.643,0.745,0.522,0.644,0.659,0.583,0.247,0.466,0.417
0.643,0.745,0.522,0.644,0.659,0.583,0.247,0.466,0.417,0.376
0.745,0.522,0.644,0.659,0.583,0.247,0.466,0.417,0.376,0.439
0.522,0.644,0.659,0.583,0.247,0.466,0.417,0.376,0.439,0.437
0.644,0.659,0.583,0.247,0.466,0.417,0.376,0.439,0.437,0.343
0.659,0.583,0.247,0.466,0.417,0.376,0.439,0.437,0.343,0.624
0.583,0.247,0.466,0.417,0.376,0.439,0.437,0.343,0.624,0.351
0.247,0.466,0.417,0.376,0.439,0.437,0.343,0.624,0.351,0.401
0.466,0.417,0.376,0.439,0.437,0.343,0.624,0.351,0.401,0.364
0.417,0.376,0.439,0.437,0.343,0.624,0.351,0.401,0.364,0.642
0.376,0.439,0.437,0.343,0.624,0.351,0.401,0.364,0.642,0.948
0.439,0.437,0.343,0.624,0.351,0.401,0.364,0.642,0.948,2.291
0.437,0.343,0.624,0.351,0.401,0.364,0.642,0.948,2.291,1.389
0.343,0.624,0.351,0.401,0.364,0.642,0.948,2.291,1.389,1.531
0.624,0.351,0.401,0.364,0.642,0.948,2.291,1.389,1.531,1.389
0.351,0.401,0.364,0.642,0.948,2.291,1.389,1.531,1.389,1.486
0.401,0.364,0.642,0.948,2.291,1.389,1.531,1.389,1.486,1.381
0.364,0.642,0.948,2.291,1.389,1.531,1.389,1.486,1.381,1.149
0.642,0.948,2.291,1.389,1.531,1.389,1.486,1.381,1.149,1.29
0.948,2.291,1.389,1.531,1.389,1.486,1.381,1.149,1.29,1.367
2.291,1.389,1.531,1.389,1.486,1.381,1.149,1.29,1.367,1.067
1.389,1.531,1.389,1.486,1.381,1.149,1.29,1.367,1.067,0.971
1.531,1.389,1.486,1.381,1.149,1.29,1.367,1.067,0.971,0.924
1.389,1.486,1.381,1.149,1.29,1.367,1.067,0.971,0.924,0.785
1.486,1.381,1.149,1.29,1.367,1.067,0.971,0.924,0.785,0.609
1.381,1.149,1.29,1.367,1.067,0.971,0.924,0.785,0.609,0.86
1.149,1.29,1.367,1.067,0.971,0.924,0.785,0.609,0.86,0.518
1.29,1.367,1.067,0.971,0.924,0.785,0.609,0.86,0.518,0.417
1.367,1.067,0.971,0.924,0.785,0.609,0.86,0.518,0.417,0.556
1.067,0.971,0.924,0.785,0.609,0.86,0.518,0.417,0.556,0.55
0.971,0.924,0.785,0.609,0.86,0.518,0.417,0.556,0.55,0.437
0.924,0.785,0.609,0.86,0.518,0.417,0.556,0.55,0.437,0.332
0.785,0.609,0.86,0.518,0.417,0.556,0.55,0.437,0.332,0.35
0.609,0.86,0.518,0.417,0.556,0.55,0.437,0.332,0.35,0.414
0.86,0.518,0.417,0.556,0.55,0.437,0.332,0.35,0.414,0.437
0.518,0.417,0.556,0.55,0.437,0.332,0.35,0.414,0.437,0.37
0.417,0.556,0.55,0.437,0.332,0.35,0.414,0.437,0.37,0.311
0.556,0.55,0.437,0.332,0.35,0.414,0.437,0.37,0.311,0.302
0.55,0.437,0.332,0.35,0.414,0.437,0.37,0.311,0.302,0.527
0.437,0.332,0.35,0.414,0.437,0.37,0.311,0.302,0.527,1.238
0.332,0.35,0.414,0.437,0.37,0.311,0.302,0.527,1.238,0.644
0.35,0.414,0.437,0.37,0.311,0.302,0.527,1.238,0.644,0.393
0.414,0.437,0.37,0.311,0.302,0.527,1.238,0.644,0.393,0.377
0.437,0.37,0.311,0.302,0.527,1.238,0.644,0.393,0.377,0.458
0.37,0.311,0.302,0.527,1.238,0.644,0.393,0.377,0.458,0.548
0.311,0.302,0.527,1.238,0.644,0.393,0.377,0.458,0.548,0.612
0.302,0.527,1.238,0.644,0.393,0.377,0.458,0.548,0.612,0.412
0.527,1.238,0.644,0.393,0.377,0.458,0.548,0.612,0.412,0.409
1.238,0.644,0.393,0.377,0.458,0.548,0.612,0.412,0.409,0.354
0.644,0.393,0.377,0.458,0.548,0.612,0.412,0.409,0.354,0.253
0.393,0.377,0.458,0.548,0.612,0.412,0.409,0.354,0.253,0.314
0.377,0.458,0.548,0.612,0.412,0.409,0.354,0.253,0.314,0.19
0.458,0.548,0.612,0.412,0.409,0.354,0.253,0.314,0.19,0.134
0.548,0.612,0.412,0.409,0.354,0.253,0.314,0.19,0.134,0.168
0.612,0.412,0.409,0.354,0.253,0.314,0.19,0.134,0.168,0.165
0.412,0.409,0.354,0.253,0.314,0.19,0.134,0.168,0.165,0.137
0.409,0.354,0.253,0.314,0.19,0.134,0.168,0.165,0.137,0.093
0.354,0.253,0.314,0.19,0.134,0.168,0.165,0.137,0.093,0.175
0.253,0.314,0.19,0.134,0.168,0.165,0.137,0.093,0.175,0.009
0.314,0.19,0.134,0.168,0.165,0.137,0.093,0.175,0.009,0.188
0.19,0.134,0.168,0.165,0.137,0.093,0.175,0.009,0.188,0.025
0.134,0.168,0.165,0.137,0.093,0.175,0.009,0.188,0.025,0.091
0.168,0.165,0.137,0.093,0.175,0.009,0.188,0.025,0.091,0.184
0.165,0.137,0.093,0.175,0.009,0.188,0.025,0.091,0.184,0.016
0.137,0.093,0.175,0.009,0.188,0.025,0.091,0.184,0.016,0.042
0.093,0.175,0.009,0.188,0.025,0.091,0.184,0.016,0.042,0.12
0.175,0.009,0.188,0.025,0.091,0.184,0.016,0.042,0.12,0.102
0.009,0.188,0.025,0.091,0.184,0.016,0.042,0.12,0.102,0.025
0.188,0.025,0.091,0.184,0.016,0.042,0.12,0.102,0.025,0.046
0.025,0.091,0.184,0.016,0.042,0.12,0.102,0.025,0.046,0.002
0.091,0.184,0.016,0.042,0.12,0.102,0.025,0.046,0.002,0.12
0.184,0.016,0.042,0.12,0.102,0.025,0.046,0.002,0.12,0.247
0.016,0.042,0.12,0.102,0.025,0.046,0.002,0.12,0.247,0.18
0.042,0.12,0.102,0.025,0.046,0.002,0.12,0.247,0.18,0.113
0.12,0.102,0.025,0.046,0.002,0.12,0.247,0.18,0.113,0.07
0.102,0.025,0.046,0.002,0.12,0.247,0.18,0.113,0.07,0.204
0.025,0.046,0.002,0.12,0.247,0.18,0.113,0.07,0.204,0.125
0.046,0.002,0.12,0.247,0.18,0.113,0.07,0.204,0.125,0.045
0.002,0.12,0.247,0.18,0.113,0.07,0.204,0.125,0.045,0.028
0.12,0.247,0.18,0.113,0.07,0.204,0.125,0.045,0.028,0.01
0.247,0.18,0.113,0.07,0.204,0.125,0.045,0.028,0.01,0.33
0.18,0.113,0.07,0.204,0.125,0.045,0.028,0.01,0.33,0.233
0.113,0.07,0.204,0.125,0.045,0.028,0.01,0.33,0.233,0.092
0.07,0.204,0.125,0.045,0.028,0.01,0.33,0.233,0.092,0.016
0.204,0.125,0.045,0.028,0.01,0.33,0.233,0.092,0.016,0.088
0.125,0.045,0.028,0.01,0.33,0.233,0.092,0.016,0.088,0.47
0.045,0.028,0.01,0.33,0.233,0.092,0.016,0.088,0.47,0.366
0.028,0.01,0.33,0.233,0.092,0.016,0.088,0.47,0.366,0.111
0.01,0.33,0.233,0.092,0.016,0.088,0.47,0.366,0.111,0.114
0.33,0.233,0.092,0.016,0.088,0.47,0.366,0.111,0.114,0.164
0.233,0.092,0.016,0.088,0.47,0.366,0.111,0.114,0.164,0.213
0.092,0.016,0.088,0.47,0.366,0.111,0.114,0.164,0.213,0.203
0.016,0.088,0.47,0.366,0.111,0.114,0.164,0.213,0.203,0.01
0.088,0.47,0.366,0.111,0.114,0.164,0.213,0.203,0.01,0.06
0.47,0.366,0.111,0.114,0.164,0.213,0.203,0.01,0.06,0.256
0.366,0.111,0.114,0.164,0.213,0.203,0.01,0.06,0.256,0.216
0.111,0.114,0.164,0.213,0.203,0.01,0.06,0.256,0.216,0.175
0.114,0.164,0.213,0.203,0.01,0.06,0.256,0.216,0.175,0.011
0.164,0.213,0.203,0.01,0.06,0.256,0.216,0.175,0.011,0.01
0.213,0.203,0.01,0.06,0.256,0.216,0.175,0.011,0.01,0.335
0.203,0.01,0.06,0.256,0.216,0.175,0.011,0.01,0.335,0.022
0.01,0.06,0.256,0.216,0.175,0.011,0.01,0.335,0.022,0.015
0.06,0.256,0.216,0.175,0.011,0.01,0.335,0.022,0.015,0.07
0.256,0.216,0.175,0.011,0.01,0.335,0.022,0.015,0.07,0.01
0.216,0.175,0.011,0.01,0.335,0.022,0.015,0.07,0.01,0.032
0.175,0.011,0.01,0.335,0.022,0.015,0.07,0.01,0.032,0.01
0.011,0.01,0.335,0.022,0.015,0.07,0.01,0.032,0.01,0.01
0.01,0.335,0.022,0.015,0.07,0.01,0.032,0.01,0.01,0.036
0.335,0.022,0.015,0.07,0.01,0.032,0.01,0.01,0.036,0.062
0.022,0.015,0.07,0.01,0.032,0.01,0.01,0.036,0.062,0.326
0.015,0.07,0.01,0.032,0.01,0.01,0.036,0.062,0.326,0.206
0.07,0.01,0.032,0.01,0.01,0.036,0.062,0.326,0.206,0.052
0.01,0.032,0.01,0.01,0.036,0.062,0.326,0.206,0.052,0.061
0.032,0.01,0.01,0.036,0.062,0.326,0.206,0.052,0.061,0.001
0.01,0.01,0.036,0.062,0.326,0.206,0.052,0.061,0.001,0.556
0.01,0.036,0.062,0.326,0.206,0.052,0.061,0.001,0.556,0.128
0.036,0.062,0.326,0.206,0.052,0.061,0.001,0.556,0.128,0.01
0.062,0.326,0.206,0.052,0.061,0.001,0.556,0.128,0.01,0.063
0.326,0.206,0.052,0.061,0.001,0.556,0.128,0.01,0.063,0.06
0.206,0.052,0.061,0.001,0.556,0.128,0.01,0.063,0.06,0.01
0.052,0.061,0.001,0.556,0.128,0.01,0.063,0.06,0.01,0.04
0.061,0.001,0.556,0.128,0.01,0.063,0.06,0.01,0.04,0.059
0.001,0.556,0.128,0.01,0.063,0.06,0.01,0.04,0.059,0.06
0.556,0.128,0.01,0.063,0.06,0.01,0.04,0.059,0.06,0.01
0.128,0.01,0.063,0.06,0.01,0.04,0.059,0.06,0.01,0.07
0.01,0.063,0.06,0.01,0.04,0.059,0.06,0.01,0.07,0.06
0.063,0.06,0.01,0.04,0.059,0.06,0.01,0.07,0.06,0.12
0.06,0.01,0.04,0.059,0.06,0.01,0.07,0.06,0.12,0.05
0.01,0.04,0.059,0.06,0.01,0.07,0.06,0.12,0.05,0.09
0.04,0.059,0.06,0.01,0.07,0.06,0.12,0.05,0.09,0.02
0.059,0.06,0.01,0.07,0.06,0.12,0.05,0.09,0.02,0.01
0.06,0.01,0.07,0.06,0.12,0.05,0.09,0.02,0.01,0.01
0.01,0.07,0.06,0.12,0.05,0.09,0.02,0.01,0.01,0.04
0.07,0.06,0.12,0.05,0.09,0.02,0.01,0.01,0.04,0.05
0.06,0.12,0.05,0.09,0.02,0.01,0.01,0.04,0.05,0.01
0.12,0.05,0.09,0.02,0.01,0.01,0.04,0.05,0.01,0.01
0.05,0.09,0.02,0.01,0.01,0.04,0.05,0.01,0.01,0.01
0.09,0.02,0.01,0.01,0.04,0.05,0.01,0.01,0.01,0.116
0.02,0.01,0.01,0.04,0.05,0.01,0.01,0.01,0.116,0.01
0.01,0.01,0.04,0.05,0.01,0.01,0.01,0.116,0.01,0.027
0.01,0.04,0.05,0.01,0.01,0.01,0.116,0.01,0.027,0.121
0.04,0.05,0.01,0.01,0.01,0.116,0.01,0.027,0.121,0.027
0.05,0.01,0.01,0.01,0.116,0.01,0.027,0.121,0.027,0.001
0.01,0.01,0.01,0.116,0.01,0.027,0.121,0.027,0.001,0.01
0.01,0.01,0.116,0.01,0.027,0.121,0.027,0.001,0.01,0.01
0.01,0.116,0.01,0.027,0.121,0.027,0.001,0.01,0.01,0.151
0.116,0.01,0.027,0.121,0.027,0.001,0.01,0.01,0.151,0.01
0.01,0.027,0.121,0.027,0.001,0.01,0.01,0.151,0.01,0.112
0.027,0.121,0.027,0.001,0.01,0.01,0.151,0.01,0.112,0.138
0.121,0.027,0.001,0.01,0.01,0.151,0.01,0.112,0.138,0.171
0.027,0.001,0.01,0.01,0.151,0.01,0.112,0.138,0.171,0.47
0.001,0.01,0.01,0.151,0.01,0.112,0.138,0.171,0.47,0.318
0.01,0.01,0.151,0.01,0.112,0.138,0.171,0.47,0.318,0.069
0.01,0.151,0.01,0.112,0.138,0.171,0.47,0.318,0.069,0.073
0.151,0.01,0.112,0.138,0.171,0.47,0.318,0.069,0.073,0.057
0.01,0.112,0.138,0.171,0.47,0.318,0.069,0.073,0.057,0.01
0.112,0.138,0.171,0.47,0.318,0.069,0.073,0.057,0.01,0.053
0.138,0.171,0.47,0.318,0.069,0.073,0.057,0.01,0.053,0.139
0.171,0.47,0.318,0.069,0.073,0.057,0.01,0.053,0.139,0.1
0.47,0.318,0.069,0.073,0.057,0.01,0.053,0.139,0.1,0.065
0.318,0.069,0.073,0.057,0.01,0.053,0.139,0.1,0.065,0.01
0.069,0.073,0.057,0.01,0.053,0.139,0.1,0.065,0.01,0.011
0.073,0.057,0.01,0.053,0.139,0.1,0.065,0.01,0.011,0.08
0.057,0.01,0.053,0.139,0.1,0.065,0.01,0.011,0.08,0.001
0.01,0.053,0.139,0.1,0.065,0.01,0.011,0.08,0.001,0.042
0.053,0.139,0.1,0.065,0.01,0.011,0.08,0.001,0.042,0.072
0.139,0.1,0.065,0.01,0.011,0.08,0.001,0.042,0.072,0.07
0.1,0.065,0.01,0.011,0.08,0.001,0.042,0.072,0.07,0.045
0.065,0.01,0.011,0.08,0.001,0.042,0.072,0.07,0.045,0.057
0.01,0.011,0.08,0.001,0.042,0.072,0.07,0.045,0.057,0.01
0.011,0.08,0.001,0.042,0.072,0.07,0.045,0.057,0.01,0.008
0.08,0.001,0.042,0.072,0.07,0.045,0.057,0.01,0.008,0.106
0.001,0.042,0.072,0.07,0.045,0.057,0.01,0.008,0.106,0.128
0.042,0.072,0.07,0.045,0.057,0.01,0.008,0.106,0.128,0.01
0.072,0.07,0.045,0.057,0.01,0.008,0.106,0.128,0.01,0.01
0.07,0.045,0.057,0.01,0.008,0.106,0.128,0.01,0.01,0.01
0.045,0.057,0.01,0.008,0.106,0.128,0.01,0.01,0.01,0.01
0.057,0.01,0.008,0.106,0.128,0.01,0.01,0.01,0.01,0.01
0.01,0.008,0.106,0.128,0.01,0.01,0.01,0.01,0.01,0.023
0.008,0.106,0.128,0.01,0.01,0.01,0.01,0.01,0.023,0.095
0.106,0.128,0.01,0.01,0.01,0.01,0.01,0.023,0.095,0.01
0.128,0.01,0.01,0.01,0.01,0.01,0.023,0.095,0.01,0.06
0.01,0.01,0.01,0.01,0.01,0.023,0.095,0.01,0.06,0.273
0.01,0.01,0.01,0.01,0.023,0.095,0.01,0.06,0.273,0.08
0.01,0.01,0.01,0.023,0.095,0.01,0.06,0.273,0.08,0.049
0.01,0.01,0.023,0.095,0.01,0.06,0.273,0.08,0.049,0.01
0.01,0.023,0.095,0.01,0.06,0.273,0.08,0.049,0.01,0.084
0.023,0.095,0.01,0.06,0.273,0.08,0.049,0.01,0.084,0.01
0.095,0.01,0.06,0.273,0.08,0.049,0.01,0.084,0.01,0.043
0.01,0.06,0.273,0.08,0.049,0.01,0.084,0.01,0.043,0.01
0.06,0.273,0.08,0.049,0.01,0.084,0.01,0.043,0.01,0.067
0.273,0.08,0.049,0.01,0.084,0.01,0.043,0.01,0.067,0.08
0.08,0.049,0.01,0.084,0.01,0.043,0.01,0.067,0.08,0.01
0.049,0.01,0.084,0.01,0.043,0.01,0.067,0.08,0.01,0.008
0.01,0.084,0.01,0.043,0.01,0.067,0.08,0.01,0.008,0.08
0.084,0.01,0.043,0.01,0.067,0.08,0.01,0.008,0.08,0.039
0.01,0.043,0.01,0.067,0.08,0.01,0.008,0.08,0.039,0.01
0.043,0.01,0.067,0.08,0.01,0.008,0.08,0.039,0.01,0.01
0.01,0.067,0.08,0.01,0.008,0.08,0.039,0.01,0.01,0.04
0.067,0.08,0.01,0.008,0.08,0.039,0.01,0.01,0.04,0.01
0.08,0.01,0.008,0.08,0.039,0.01,0.01,0.04,0.01,0.194
0.01,0.008,0.08,0.039,0.01,0.01,0.04,0.01,0.194,0.221
0.008,0.08,0.039,0.01,0.01,0.04,0.01,0.194,0.221,0.157
0.08,0.039,0.01,0.01,0.04,0.01,0.194,0.221,0.157,0.085
0.039,0.01,0.01,0.04,0.01,0.194,0.221,0.157,0.085,0.095
0.01,0.01,0.04,0.01,0.194,0.221,0.157,0.085,0.095,0.021
0.01,0.04,0.01,0.194,0.221,0.157,0.085,0.095,0.021,0.029
0.04,0.01,0.194,0.221,0.157,0.085,0.095,0.021,0.029,0.183
0.01,0.194,0.221,0.157,0.085,0.095,0.021,0.029,0.183,0.268
0.194,0.221,0.157,0.085,0.095,0.021,0.029,0.183,0.268,0.285
